# https://github.com/mikedh/trimesh
v -16.35051918 -5.26137179 10.31550107 0.00784314 0.51764706 0.78039216
v -17.58026075 -5.47158748 12.02501166 0.00784314 0.51764706 0.78039216
v -18.08256960 -5.50211103 13.70713612 0.00784314 0.51764706 0.78039216
v -18.68197250 -4.05503202 13.70713635 0.00784314 0.51764706 0.78039216
v -18.41306782 -4.48987284 15.32426964 0.00784314 0.51764706 0.78039216
v -18.08256960 -3.11252611 16.64438036 0.00784314 0.51764706 0.78039216
v -17.58026075 -4.89551368 16.95675307 0.00784314 0.51764706 0.78039216
v -17.12905788 -3.36537048 17.86102313 0.00784314 0.51764706 0.78039216
v -15.88641739 -3.55937650 18.79458999 0.00784314 0.51764706 0.78039216
v -16.20546627 -1.73910521 18.30278895 0.00784314 0.51764706 0.78039216
v -75.97927856 18.69392516 0.00000355 0.00784314 0.51764706 0.78039216
v -76.01141739 18.89116453 0.00000344 0.00784314 0.51764706 0.78039216
v -76.01141739 21.71871230 0.00000078 0.00784314 0.51764706 0.78039216
v -75.77531433 18.66254507 0.00000241 0.00784314 0.51764706 0.78039216
v -75.97927856 18.12420596 2.74142852 0.00784314 0.51764706 0.78039216
v -76.01141739 18.32144533 2.74142841 0.00784314 0.51764706 0.78039216
v -76.01141739 21.14899271 2.74142954 0.00784314 0.51764706 0.78039216
v -75.77531433 18.09282966 2.74142777 0.00784314 0.51764706 0.78039216
v -76.15824890 22.64576104 0.00000114 0.00784314 0.51764706 0.78039216
v -76.55396271 23.43943897 0.00000281 0.00784314 0.51764706 0.78039216
v -77.99016571 25.53020945 0.00000040 0.00784314 0.51764706 0.78039216
v -77.85968399 25.30420488 0.00000362 0.00784314 0.51764706 0.78039216
v -76.15824890 22.07604525 2.74143030 0.00784314 0.51764706 0.78039216
v -76.55396271 22.86972356 2.74142817 0.00784314 0.51764706 0.78039216
v -77.99016571 24.96048986 2.74142917 0.00784314 0.51764706 0.78039216
v -79.02129745 27.17175737 2.74142874 0.00784314 0.51764706 0.78039216
v -77.85968399 24.73448568 2.74142859 0.00784314 0.51764706 0.78039216
v -70.55503082 18.68573425 0.00000126 0.00784314 0.51764706 0.78039216
v -69.76524734 18.58354046 0.00000200 0.00784314 0.51764706 0.78039216
v -67.32948303 17.93087956 0.00000284 0.00784314 0.51764706 0.78039216
v -67.07247925 17.88556363 0.00000316 0.00784314 0.51764706 0.78039216
v -70.55503082 18.11601466 2.74143003 0.00784314 0.51764706 0.78039216
v -69.76524734 18.01382125 2.74142697 0.00784314 0.51764706 0.78039216
v -64.64190292 17.67291605 0.00000292 0.00784314 0.51764706 0.78039216
v -64.38093185 17.67291605 0.00000292 0.00784314 0.51764706 0.78039216
v -67.32948303 17.36116036 2.74142781 0.00784314 0.51764706 0.78039216
v -67.07247925 17.31584443 2.74142813 0.00784314 0.51764706 0.78039216
v -64.64190292 17.10319685 2.74142789 0.00784314 0.51764706 0.78039216
v -64.38093185 17.10319685 2.74142789 0.00784314 0.51764706 0.78039216
v -63.74201202 19.06831180 2.74143004 0.00784314 0.51764706 0.78039216
v -64.03179932 19.01877698 3.14427238 0.00784314 0.51764706 0.78039216
v -64.03179932 19.51394325 2.74142750 0.00784314 0.51764706 0.78039216
v -64.42602921 20.33465283 2.74142809 0.00784314 0.51764706 0.78039216
v -64.65640640 20.25916843 3.19301576 0.00784314 0.51764706 0.78039216
v -64.63634872 21.59177845 2.74142972 0.00784314 0.51764706 0.78039216
v -64.85808182 21.48286059 3.26554374 0.00784314 0.51764706 0.78039216
v -64.54334641 20.91803010 2.74142921 0.00784314 0.51764706 0.78039216
v -69.26141739 24.53104552 2.74142777 0.00784314 0.51764706 0.78039216
v -67.80010223 23.84962362 2.74142830 0.00784314 0.51764706 0.78039216
v -69.60102844 24.76884167 2.74142890 0.00784314 0.51764706 0.78039216
v -67.82099533 25.92246244 2.74142687 0.00784314 0.51764706 0.78039216
v -69.57029343 26.03308855 2.74143023 0.00784314 0.51764706 0.78039216
v -67.86332703 26.65982617 2.74142939 0.00784314 0.51764706 0.78039216
v -66.53360367 23.62630382 2.74142760 0.00784314 0.51764706 0.78039216
v -66.24266434 23.43230869 2.74142763 0.00784314 0.51764706 0.78039216
v -64.54334641 22.26553060 2.74143063 0.00784314 0.51764706 0.78039216
v -64.42602921 22.84890826 2.74142796 0.00784314 0.51764706 0.78039216
v -64.36461639 22.97676039 2.74143066 0.00784314 0.51764706 0.78039216
v -64.63671112 23.31225613 2.74142917 0.00784314 0.51764706 0.78039216
v -64.54726410 23.29177827 2.74142913 0.00784314 0.51764706 0.78039216
v -64.42523956 23.29177827 2.74142913 0.00784314 0.51764706 0.78039216
v -64.42522049 23.30164541 2.74142736 0.00784314 0.51764706 0.78039216
v -64.42522812 23.29812102 2.74142932 0.00784314 0.51764706 0.78039216
v -64.20569992 23.30758922 2.74142871 0.00784314 0.51764706 0.78039216
v -64.65640640 22.73669778 3.19301708 0.00784314 0.51764706 0.78039216
v -64.58337402 22.88409544 3.18731748 0.00784314 0.51764706 0.78039216
v -64.62056351 22.84646706 3.36838235 0.00784314 0.51764706 0.78039216
v -65.55557251 23.37219416 2.74142891 0.00784314 0.51764706 0.78039216
v -65.57209015 23.48553578 2.74142768 0.00784314 0.51764706 0.78039216
v -65.63486481 23.91625322 2.74142958 0.00784314 0.51764706 0.78039216
v -65.14609528 23.48489544 2.74142704 0.00784314 0.51764706 0.78039216
v -65.20145798 23.49896905 2.74142824 0.00784314 0.51764706 0.78039216
v -65.25170898 24.07333477 2.74142706 0.00784314 0.51764706 0.78039216
v -65.19134521 24.05767717 2.74142791 0.00784314 0.51764706 0.78039216
v -64.64190292 23.33352768 2.74143027 0.00784314 0.51764706 0.78039216
v -64.63930893 23.35606893 2.74142770 0.00784314 0.51764706 0.78039216
v -64.64190292 23.74792061 2.74142965 0.00784314 0.51764706 0.78039216
v -64.39478683 23.70602545 2.74142886 0.00784314 0.51764706 0.78039216
v -64.36517715 23.84339967 2.74142883 0.00784314 0.51764706 0.78039216
v -63.85638809 23.33815246 2.74143023 0.00784314 0.51764706 0.78039216
v -64.20402145 23.67368654 2.74142885 0.00784314 0.51764706 0.78039216
v -63.74201202 24.11524890 2.74142980 0.00784314 0.51764706 0.78039216
v -63.89388657 24.30804001 2.74142870 0.00784314 0.51764706 0.78039216
v -63.75257492 24.51135377 2.74142802 0.00784314 0.51764706 0.78039216
v -64.40853119 18.99587853 4.40586608 0.00784314 0.51764706 0.78039216
v -64.03179932 18.49441150 5.66746216 0.00784314 0.51764706 0.78039216
v -64.85808182 20.08119347 4.40586684 0.00784314 0.51764706 0.78039216
v -65.01141739 21.24588122 4.40586752 0.00784314 0.51764706 0.78039216
v -64.65640640 19.75506086 5.61871756 0.00784314 0.51764706 0.78039216
v -64.85808182 21.00889845 5.54618711 0.00784314 0.51764706 0.78039216
v -64.40853119 20.78806921 6.60879851 0.00784314 0.51764706 0.78039216
v -64.03179932 19.45083393 6.84308148 0.00784314 0.51764706 0.78039216
v -64.85808182 22.41056517 4.40586780 0.00784314 0.51764706 0.78039216
v -64.76683426 22.63085936 4.40586806 0.00784314 0.51764706 0.78039216
v -64.65640640 22.23259022 5.61871888 0.00784314 0.51764706 0.78039216
v -64.62056351 22.41525205 5.44334998 0.00784314 0.51764706 0.78039216
v -64.58337402 22.37762328 5.62441864 0.00784314 0.51764706 0.78039216
v -64.03179932 22.14398413 6.74866520 0.00784314 0.51764706 0.78039216
v -64.03179932 22.02793041 6.84308044 0.00784314 0.51764706 0.78039216
v -63.96388245 22.12272985 6.85092095 0.00784314 0.51764706 0.78039216
v -61.95035553 17.88556363 0.00000316 0.00784314 0.51764706 0.78039216
v -61.69335175 17.93087956 0.00000284 0.00784314 0.51764706 0.78039216
v -59.33469009 18.56287850 0.00000221 0.00784314 0.51764706 0.78039216
v -59.25916672 18.58907394 0.00000335 0.00784314 0.51764706 0.78039216
v -58.33277893 18.74001960 0.00000274 0.00784314 0.51764706 0.78039216
v -59.61981583 22.16878404 0.00000225 0.00784314 0.51764706 0.78039216
v -59.61742020 22.13845841 0.00000214 0.00784314 0.51764706 0.78039216
v -63.00070190 17.98767830 3.14427366 0.00784314 0.51764706 0.78039216
v -61.95035553 17.31584443 2.74142813 0.00784314 0.51764706 0.78039216
v -61.69335175 17.36116036 2.74142781 0.00784314 0.51764706 0.78039216
v -61.76854324 17.67716742 2.74142828 0.00784314 0.51764706 0.78039216
v -63.03488541 18.36118525 2.74143003 0.00784314 0.51764706 0.78039216
v -62.58925247 18.07139678 2.74142925 0.00784314 0.51764706 0.78039216
v -60.45895386 17.80371419 2.20347304 0.00784314 0.51764706 0.78039216
v -60.51141739 17.78151221 2.24266001 0.00784314 0.51764706 0.78039216
v -61.18516922 17.55984934 2.74142718 0.00784314 0.51764706 0.78039216
v -61.03116608 17.53859297 2.74142763 0.00784314 0.51764706 0.78039216
v -58.33277893 18.43395569 1.47274602 0.00784314 0.51764706 0.78039216
v -55.98021889 18.47484557 1.32627661 0.00784314 0.51764706 0.78039216
v -59.25916672 18.23208699 1.71777441 0.00784314 0.51764706 0.78039216
v -59.33469009 18.19806226 1.75546978 0.00784314 0.51764706 0.78039216
v -63.47173309 23.61167373 2.74143055 0.00784314 0.51764706 0.78039216
v -63.52309418 24.24440527 2.74142854 0.00784314 0.51764706 0.78039216
v -63.43022537 24.42703392 2.74142953 0.00784314 0.51764706 0.78039216
v -61.76854324 25.50639367 2.74142776 0.00784314 0.51764706 0.78039216
v -61.77282715 26.03308476 2.74142984 0.00784314 0.51764706 0.78039216
v -61.76576233 26.33187379 2.74142795 0.00784314 0.51764706 0.78039216
v -61.52658081 24.99484205 2.74142909 0.00784314 0.51764706 0.78039216
v -61.19223785 25.93251329 2.74142864 0.00784314 0.51764706 0.78039216
v -59.64815140 25.66503945 2.74142884 0.00784314 0.51764706 0.78039216
v -60.90597916 27.22182068 2.74142948 0.00784314 0.51764706 0.78039216
v -60.52685547 26.00548564 2.74143011 0.00784314 0.51764706 0.78039216
v -60.49428940 25.99690338 2.74142977 0.00784314 0.51764706 0.78039216
v -60.47570419 27.14713415 2.74142818 0.00784314 0.51764706 0.78039216
v -59.60365677 25.76226723 2.74142756 0.00784314 0.51764706 0.78039216
v -59.20584488 25.65746193 2.74142825 0.00784314 0.51764706 0.78039216
v -59.11302185 25.63301103 2.74143007 0.00784314 0.51764706 0.78039216
v -58.28100586 25.61549389 2.74142764 0.00784314 0.51764706 0.78039216
v -58.31147003 25.58503009 2.74142867 0.00784314 0.51764706 0.78039216
v -54.49204636 22.00637247 0.00000133 0.00784314 0.51764706 0.78039216
v -54.24946213 22.21267731 0.00000139 0.00784314 0.51764706 0.78039216
v -52.88641739 26.09936554 2.74142977 0.00784314 0.51764706 0.78039216
v -61.75018311 17.35294591 3.19301741 0.00784314 0.51764706 0.78039216
v -62.76141739 17.34876456 4.40586616 0.00784314 0.51764706 0.78039216
v -61.67610168 16.89921397 4.40586841 0.00784314 0.51764706 0.78039216
v -63.69339752 18.06389831 4.40586490 0.00784314 0.51764706 0.78039216
v -60.51141739 17.13619334 3.26554463 0.00784314 0.51764706 0.78039216
v -60.51141739 16.74587963 4.40586504 0.00784314 0.51764706 0.78039216
v -63.00070190 17.46331321 5.66745965 0.00784314 0.51764706 0.78039216
v -61.75018311 16.84883834 5.61871921 0.00784314 0.51764706 0.78039216
v -60.51141739 16.66223498 5.54618840 0.00784314 0.51764706 0.78039216
v -61.79996872 17.21900050 6.84308049 0.00784314 0.51764706 0.78039216
v -63.10949326 18.11916878 6.94959386 0.00784314 0.51764706 0.78039216
v -61.79996872 18.04029938 7.85260807 0.00784314 0.51764706 0.78039216
v -60.51141739 16.89095634 6.60879754 0.00784314 0.51764706 0.78039216
v -60.51141739 17.41646003 7.52128445 0.00784314 0.51764706 0.78039216
v -60.51141739 18.20293052 8.22145544 0.00784314 0.51764706 0.78039216
v -63.00070190 19.24103452 7.85260655 0.00784314 0.51764706 0.78039216
v -63.69339752 20.59843954 7.52128288 0.00784314 0.51764706 0.78039216
v -61.75018311 19.16373141 8.46414487 0.00784314 0.51764706 0.78039216
v -62.76141739 20.45292942 8.22145649 0.00784314 0.51764706 0.78039216
v -61.67610168 20.36146016 8.66160666 0.00784314 0.51764706 0.78039216
v -60.51141739 19.19677242 8.66160598 0.00784314 0.51764706 0.78039216
v -60.51141739 20.33026099 8.81172989 0.00784314 0.51764706 0.78039216
v -63.00871658 21.92838073 7.78610917 0.00784314 0.51764706 0.78039216
v -63.00070190 21.81813479 7.85260590 0.00784314 0.51764706 0.78039216
v -62.90427399 21.91456469 7.85260696 0.00784314 0.51764706 0.78039216
v -61.75018311 21.64126077 8.46414618 0.00784314 0.51764706 0.78039216
v -61.75600433 21.80233398 8.39264379 0.00784314 0.51764706 0.78039216
v -61.57106781 21.79476714 8.42905577 0.00784314 0.51764706 0.78039216
v -60.51141739 21.52614451 8.66160315 0.00784314 0.51764706 0.78039216
v -60.51141739 21.76500379 8.57226291 0.00784314 0.51764706 0.78039216
v -52.88641739 17.28510279 8.02270179 0.00784314 0.51764706 0.78039216
v -52.88641739 18.12400472 8.76955265 0.00784314 0.51764706 0.78039216
v -52.88641739 19.18410573 9.23904482 0.00784314 0.51764706 0.78039216
v -52.88641739 20.39315752 9.39918080 0.00784314 0.51764706 0.78039216
v -54.11545944 21.64577944 9.14597125 0.00784314 0.51764706 0.78039216
v -52.88641739 21.62530302 9.24450284 0.00784314 0.51764706 0.78039216
v -51.81500244 21.62286614 9.25623223 0.00784314 0.51764706 0.78039216
v -79.02129745 27.74147657 0.00000377 0.00784314 0.51764706 0.78039216
v -79.11055374 27.98670487 0.00000204 0.00784314 0.51764706 0.78039216
v -79.74203491 30.34343049 0.00000053 0.00784314 0.51764706 0.78039216
v -79.78735352 30.60043518 0.00000157 0.00784314 0.51764706 0.78039216
v -79.74203491 29.77371469 2.74142968 0.00784314 0.51764706 0.78039216
v -79.11055374 27.41698566 2.74142701 0.00784314 0.51764706 0.78039216
v -79.78735352 30.03071559 2.74143034 0.00784314 0.51764706 0.78039216
v -80.00000000 32.46129570 2.74142896 0.00784314 0.51764706 0.78039216
v -73.32857513 29.37809342 2.74142749 0.00784314 0.51764706 0.78039216
v -73.74588776 30.93553435 2.74142693 0.00784314 0.51764706 0.78039216
v -73.82083130 31.79214897 2.74142986 0.00784314 0.51764706 0.78039216
v -73.88641739 32.54178067 2.74142817 0.00784314 0.51764706 0.78039216
v -80.00000000 33.29198126 0.00000201 0.00784314 0.51764706 0.78039216
v -80.00000000 33.03101529 0.00000019 0.00784314 0.51764706 0.78039216
v -79.78735352 35.72256118 0.00000252 0.00784314 0.51764706 0.78039216
v -79.74203491 35.97956607 0.00000167 0.00784314 0.51764706 0.78039216
v -80.00000000 32.72226586 2.74142737 0.00784314 0.51764706 0.78039216
v -79.78735352 35.15284179 2.74142939 0.00784314 0.51764706 0.78039216
v -79.74203491 35.40984648 2.74143044 0.00784314 0.51764706 0.78039216
v -79.11055374 37.76657210 2.74142893 0.00784314 0.51764706 0.78039216
v -73.88641739 32.64178089 2.74142816 0.00784314 0.51764706 0.78039216
v -73.58881760 32.54957303 2.74142783 0.00784314 0.51764706 0.78039216
v -73.56057358 32.64178089 2.74142816 0.00784314 0.51764706 0.78039216
v -73.09251404 34.16977795 2.74142995 0.00784314 0.51764706 0.78039216
v -72.67690659 35.52655116 2.74142983 0.00784314 0.51764706 0.78039216
v -72.17866516 37.15307986 2.74143018 0.00784314 0.51764706 0.78039216
v -72.64715195 37.26677829 2.74142729 0.00784314 0.51764706 0.78039216
v -68.11375046 32.17974968 0.00000266 0.00784314 0.51764706 0.78039216
v -66.43641663 29.99380722 0.00000295 0.00784314 0.51764706 0.78039216
v -65.56816483 29.63416387 0.00000292 0.00784314 0.51764706 0.78039216
v -64.63641739 29.51150020 0.00000061 0.00784314 0.51764706 0.78039216
v -64.38641739 29.51150020 0.00000061 0.00784314 0.51764706 0.78039216
v -67.18200302 30.56591407 0.00000346 0.00784314 0.51764706 0.78039216
v -67.75410843 31.31149984 0.00000380 0.00784314 0.51764706 0.78039216
v -69.47848511 29.80947056 2.74142819 0.00784314 0.51764706 0.78039216
v -69.53759384 27.37813129 2.74142823 0.00784314 0.51764706 0.78039216
v -69.50510788 28.71443045 2.74142847 0.00784314 0.51764706 0.78039216
v -71.52965927 31.85000843 2.74143065 0.00784314 0.51764706 0.78039216
v -69.47259140 30.05190706 2.74142705 0.00784314 0.51764706 0.78039216
v -69.46023941 30.55990734 2.74142875 0.00784314 0.51764706 0.78039216
v -68.77349854 31.05762297 2.74142764 0.00784314 0.51764706 0.78039216
v -68.09831238 30.75290911 2.74143013 0.00784314 0.51764706 0.78039216
v -68.10356522 30.84435401 2.74142871 0.00784314 0.51764706 0.78039216
v -67.96118164 30.80593692 2.74142887 0.00784314 0.51764706 0.78039216
v -67.95738602 30.74835341 2.74142960 0.00784314 0.51764706 0.78039216
v -69.42899704 31.84510391 2.74142877 0.00784314 0.51764706 0.78039216
v -68.12588501 31.23314174 2.74143011 0.00784314 0.51764706 0.78039216
v -68.11375046 31.61003047 2.74142763 0.00784314 0.51764706 0.78039216
v -68.23641586 32.54178067 2.74142817 0.00784314 0.51764706 0.78039216
v -66.43641663 29.42408802 2.74142792 0.00784314 0.51764706 0.78039216
v -65.56816483 29.06444846 2.74142828 0.00784314 0.51764706 0.78039216
v -65.69083023 29.09251142 2.74142969 0.00784314 0.51764706 0.78039216
v -66.25187302 28.14974398 2.74142772 0.00784314 0.51764706 0.78039216
v -65.53621292 27.32519572 2.74142747 0.00784314 0.51764706 0.78039216
v -65.50439453 28.01999699 2.74142962 0.00784314 0.51764706 0.78039216
v -63.85425568 28.32537017 2.74142973 0.00784314 0.51764706 0.78039216
v -65.66553116 28.80332117 2.74142905 0.00784314 0.51764706 0.78039216
v -65.56416702 28.77657345 2.74142865 0.00784314 0.51764706 0.78039216
v -64.64190292 28.66055124 2.74143040 0.00784314 0.51764706 0.78039216
v -64.63785553 28.78668578 2.74142908 0.00784314 0.51764706 0.78039216
v -64.36846161 28.89596630 2.74142831 0.00784314 0.51764706 0.78039216
v -64.64190292 28.94250181 2.74142683 0.00784314 0.51764706 0.78039216
v -64.63641739 28.94178061 2.74142938 0.00784314 0.51764706 0.78039216
v -64.41513824 28.94178061 2.74142938 0.00784314 0.51764706 0.78039216
v -64.38641739 28.94178061 2.74142938 0.00784314 0.51764706 0.78039216
v -64.10587692 28.84890545 2.74142948 0.00784314 0.51764706 0.78039216
v -63.86410522 28.69481917 2.74142932 0.00784314 0.51764706 0.78039216
v -67.18200302 29.99619487 2.74142843 0.00784314 0.51764706 0.78039216
v -67.75410843 30.74178064 2.74142877 0.00784314 0.51764706 0.78039216
v -68.11375046 34.14324649 0.00000334 0.00784314 0.51764706 0.78039216
v -68.23641586 33.11149987 0.00000320 0.00784314 0.51764706 0.78039216
v -68.23641586 33.21150009 0.00000319 0.00784314 0.51764706 0.78039216
v -67.75410843 35.01150012 0.00000258 0.00784314 0.51764706 0.78039216
v -67.18200302 35.75708210 0.00000253 0.00784314 0.51764706 0.78039216
v -66.43641663 36.32918914 0.00000115 0.00784314 0.51764706 0.78039216
v -65.56816483 36.68883249 0.00000117 0.00784314 0.51764706 0.78039216
v -64.63641739 36.81150015 0.00000198 0.00784314 0.51764706 0.78039216
v -64.38641739 36.81150015 0.00000198 0.00784314 0.51764706 0.78039216
v -71.26272583 33.52407738 2.74142927 0.00784314 0.51764706 0.78039216
v -69.38328171 33.72556575 2.74142883 0.00784314 0.51764706 0.78039216
v -68.23641586 32.64178089 2.74142816 0.00784314 0.51764706 0.78039216
v -68.21576309 32.79867035 2.74142890 0.00784314 0.51764706 0.78039216
v -68.26393890 33.63780996 2.74142989 0.00784314 0.51764706 0.78039216
v -68.11375046 33.57352729 2.74142831 0.00784314 0.51764706 0.78039216
v -68.14374161 33.57712037 2.74142957 0.00784314 0.51764706 0.78039216
v -69.36510086 34.47329539 2.74142717 0.00784314 0.51764706 0.78039216
v -68.21836090 34.70981463 2.74142740 0.00784314 0.51764706 0.78039216
v -67.75410843 34.44178092 2.74142755 0.00784314 0.51764706 0.78039216
v -67.18200302 35.18736290 2.74142750 0.00784314 0.51764706 0.78039216
v -66.43641663 35.75946974 2.74142802 0.00784314 0.51764706 0.78039216
v -66.12601471 35.88804307 2.74142817 0.00784314 0.51764706 0.78039216
v -66.16312408 36.35775305 2.74142772 0.00784314 0.51764706 0.78039216
v -66.19977570 36.82163384 2.74143003 0.00784314 0.51764706 0.78039216
v -66.22467804 37.13687036 2.74142798 0.00784314 0.51764706 0.78039216
v -66.39863586 37.18277273 2.74143042 0.00784314 0.51764706 0.78039216
v -65.56816483 36.11911310 2.74142804 0.00784314 0.51764706 0.78039216
v -64.63641739 36.24178095 2.74142695 0.00784314 0.51764706 0.78039216
v -64.64190292 36.24105595 2.74142911 0.00784314 0.51764706 0.78039216
v -64.64190292 36.28353415 2.74142848 0.00784314 0.51764706 0.78039216
v -64.63943863 36.32268763 2.74142733 0.00784314 0.51764706 0.78039216
v -64.64190292 36.39852846 2.74142843 0.00784314 0.51764706 0.78039216
v -64.37323761 36.24004362 2.74142857 0.00784314 0.51764706 0.78039216
v -64.40209198 36.24178095 2.74142695 0.00784314 0.51764706 0.78039216
v -64.40208435 36.24678910 2.74142798 0.00784314 0.51764706 0.78039216
v -64.38641739 36.24178095 2.74142695 0.00784314 0.51764706 0.78039216
v -64.64190292 37.35856784 2.74143062 0.00784314 0.51764706 0.78039216
v -64.60247040 37.75209575 2.74142851 0.00784314 0.51764706 0.78039216
v -79.11055374 38.33629150 0.00000206 0.00784314 0.51764706 0.78039216
v -79.02129745 38.58151959 0.00000223 0.00784314 0.51764706 0.78039216
v -77.99016571 40.79278711 0.00000179 0.00784314 0.51764706 0.78039216
v -77.85968399 41.01879508 0.00000277 0.00784314 0.51764706 0.78039216
v -76.55396271 42.88355739 0.00000128 0.00784314 0.51764706 0.78039216
v -79.02129745 38.01180419 2.74142759 0.00784314 0.51764706 0.78039216
v -77.99016571 40.22306791 2.74142677 0.00784314 0.51764706 0.78039216
v -77.85968399 40.44907588 2.74142774 0.00784314 0.51764706 0.78039216
v -76.55396271 42.31383800 2.74142815 0.00784314 0.51764706 0.78039216
v -76.14250183 43.72717223 0.00000220 0.00784314 0.51764706 0.78039216
v -76.01141739 44.60428616 0.00000162 0.00784314 0.51764706 0.78039216
v -76.01141739 47.59229920 0.00000110 0.00784314 0.51764706 0.78039216
v -75.97913361 47.79612273 0.00000299 0.00784314 0.51764706 0.78039216
v -76.01141739 47.02258170 2.74142817 0.00784314 0.51764706 0.78039216
v -75.97913361 47.22640333 2.74142985 0.00784314 0.51764706 0.78039216
v -75.77531052 47.82840413 0.00000284 0.00784314 0.51764706 0.78039216
v -75.77531052 47.25868493 2.74142781 0.00784314 0.51764706 0.78039216
v -76.14250183 43.15745283 2.74142907 0.00784314 0.51764706 0.78039216
v -76.01141739 44.03456656 2.74143038 0.00784314 0.51764706 0.78039216
v -71.72232819 38.58756561 2.74142802 0.00784314 0.51764706 0.78039216
v -71.15226746 39.15762842 2.74142930 0.00784314 0.51764706 0.78039216
v -69.24592209 39.37564855 2.74142969 0.00784314 0.51764706 0.78039216
v -68.04343414 40.44224195 2.74143074 0.00784314 0.51764706 0.78039216
v -69.26141739 40.65251604 2.74142855 0.00784314 0.51764706 0.78039216
v -69.21507263 40.64451263 2.74143020 0.00784314 0.51764706 0.78039216
v -68.68216324 40.92262453 2.74142696 0.00784314 0.51764706 0.78039216
v -68.66070175 40.54880773 2.74142698 0.00784314 0.51764706 0.78039216
v -67.67062759 37.88428532 2.74142847 0.00784314 0.51764706 0.78039216
v -66.44395065 39.91222234 2.74142775 0.00784314 0.51764706 0.78039216
v -64.55685806 38.14031602 2.74142909 0.00784314 0.51764706 0.78039216
v -64.63982391 38.16217060 2.74142878 0.00784314 0.51764706 0.78039216
v -64.60606003 38.69247832 2.74142687 0.00784314 0.51764706 0.78039216
v -64.64190292 38.69868670 2.74142858 0.00784314 0.51764706 0.78039216
v -64.64190292 39.85499525 2.74143062 0.00784314 0.51764706 0.78039216
v -63.93192673 40.32214005 2.74142721 0.00784314 0.51764706 0.78039216
v -66.53002548 41.00172479 2.74142954 0.00784314 0.51764706 0.78039216
v -66.24266434 41.75125286 2.74142870 0.00784314 0.51764706 0.78039216
v -64.64190292 40.79193429 2.74142775 0.00784314 0.51764706 0.78039216
v -64.18452835 40.71344324 2.74143029 0.00784314 0.51764706 0.78039216
v -63.80112839 40.64764567 2.74143019 0.00784314 0.51764706 0.78039216
v -64.64190292 41.47988304 2.74142716 0.00784314 0.51764706 0.78039216
v -63.98068619 41.16457743 2.74142978 0.00784314 0.51764706 0.78039216
v -64.64190292 41.89130008 2.74142737 0.00784314 0.51764706 0.78039216
v -64.63641739 41.89177949 2.74142681 0.00784314 0.51764706 0.78039216
v -64.58888626 41.88401369 2.74142987 0.00784314 0.51764706 0.78039216
v -64.58895493 41.89177949 2.74142681 0.00784314 0.51764706 0.78039216
v -64.39206696 41.85185129 2.74142883 0.00784314 0.51764706 0.78039216
v -64.37690735 41.89010365 2.74142708 0.00784314 0.51764706 0.78039216
v -64.38641739 41.89177949 2.74142681 0.00784314 0.51764706 0.78039216
v -64.21513748 41.86158026 2.74142819 0.00784314 0.51764706 0.78039216
v -64.21554565 41.87683132 2.74142773 0.00784314 0.51764706 0.78039216
v -64.01902008 41.82699804 2.74142763 0.00784314 0.51764706 0.78039216
v -64.02091980 41.85980459 2.74142970 0.00784314 0.51764706 0.78039216
v -69.82824707 47.82840413 0.00000284 0.00784314 0.51764706 0.78039216
v -69.05179214 47.93062678 0.00000123 0.00784314 0.51764706 0.78039216
v -69.82824707 47.25868493 2.74142781 0.00784314 0.51764706 0.78039216
v -69.05179214 47.36090909 2.74143019 0.00784314 0.51764706 0.78039216
v -67.32948303 48.39211680 0.00000125 0.00784314 0.51764706 0.78039216
v -67.07247925 48.43743463 0.00000113 0.00784314 0.51764706 0.78039216
v -64.64190292 48.65008221 0.00000137 0.00784314 0.51764706 0.78039216
v -64.38093185 48.65008221 0.00000137 0.00784314 0.51764706 0.78039216
v -67.32948303 47.82239931 2.74142832 0.00784314 0.51764706 0.78039216
v -67.07247925 47.86771523 2.74142800 0.00784314 0.51764706 0.78039216
v -64.64190292 48.08036471 2.74142843 0.00784314 0.51764706 0.78039216
v -64.38093185 48.08036471 2.74142843 0.00784314 0.51764706 0.78039216
v -63.45466995 29.63416387 0.00000292 0.00784314 0.51764706 0.78039216
v -62.58641815 29.99380722 0.00000295 0.00784314 0.51764706 0.78039216
v -61.84083176 30.56591407 0.00000346 0.00784314 0.51764706 0.78039216
v -61.26872635 31.31149984 0.00000380 0.00784314 0.51764706 0.78039216
v -60.90908432 32.17974968 0.00000266 0.00784314 0.51764706 0.78039216
v -63.45466995 29.06444846 2.74142828 0.00784314 0.51764706 0.78039216
v -62.58641815 29.42408802 2.74142792 0.00784314 0.51764706 0.78039216
v -62.20462799 29.27463790 2.74142890 0.00784314 0.51764706 0.78039216
v -61.26482391 29.10334497 2.74142756 0.00784314 0.51764706 0.78039216
v -60.71737671 29.56873686 2.74142801 0.00784314 0.51764706 0.78039216
v -60.26325607 29.77637250 2.74142683 0.00784314 0.51764706 0.78039216
v -63.19676590 27.61944803 2.74142700 0.00784314 0.51764706 0.78039216
v -63.24016571 28.36938225 2.74142957 0.00784314 0.51764706 0.78039216
v -63.24957275 28.53188226 2.74142808 0.00784314 0.51764706 0.78039216
v -62.81858826 28.05208272 2.74143044 0.00784314 0.51764706 0.78039216
v -62.84576416 28.40048259 2.74142880 0.00784314 0.51764706 0.78039216
v -61.76090622 27.77298583 2.74142829 0.00784314 0.51764706 0.78039216
v -61.78702927 27.77988086 2.74142773 0.00784314 0.51764706 0.78039216
v -62.05905533 28.01674135 2.74142853 0.00784314 0.51764706 0.78039216
v -62.07117844 28.12150072 2.74142696 0.00784314 0.51764706 0.78039216
v -61.78948593 28.08206710 2.74142998 0.00784314 0.51764706 0.78039216
v -61.78868484 27.98359697 2.74143007 0.00784314 0.51764706 0.78039216
v -61.76006699 28.02201786 2.74143031 0.00784314 0.51764706 0.78039216
v -61.75884628 28.38424994 2.74142804 0.00784314 0.51764706 0.78039216
v -61.79205322 28.39756820 2.74142828 0.00784314 0.51764706 0.78039216
v -62.15806580 28.87230948 2.74142740 0.00784314 0.51764706 0.78039216
v -61.75683975 28.98024363 2.74143011 0.00784314 0.51764706 0.78039216
v -61.79696274 29.00171105 2.74142834 0.00784314 0.51764706 0.78039216
v -61.23117065 27.63320317 2.74142997 0.00784314 0.51764706 0.78039216
v -61.23431396 27.77050072 2.74142972 0.00784314 0.51764706 0.78039216
v -61.23726273 27.89925435 2.74142924 0.00784314 0.51764706 0.78039216
v -61.24363327 28.17759209 2.74143004 0.00784314 0.51764706 0.78039216
v -60.61510086 27.65589398 2.74142743 0.00784314 0.51764706 0.78039216
v -60.61713409 27.69396185 2.74142972 0.00784314 0.51764706 0.78039216
v -60.46420670 27.60764429 2.74142908 0.00784314 0.51764706 0.78039216
v -60.35768127 28.23165919 2.74142826 0.00784314 0.51764706 0.78039216
v -60.65437317 28.39039721 2.74142731 0.00784314 0.51764706 0.78039216
v -60.43191147 28.90120447 2.74142998 0.00784314 0.51764706 0.78039216
v -60.31843567 28.87366305 2.74142851 0.00784314 0.51764706 0.78039216
v -61.84083176 29.99619487 2.74142843 0.00784314 0.51764706 0.78039216
v -61.75352859 29.96297761 2.74143015 0.00784314 0.51764706 0.78039216
v -61.26872635 30.74178064 2.74142877 0.00784314 0.51764706 0.78039216
v -60.77362061 30.62066223 2.74142811 0.00784314 0.51764706 0.78039216
v -60.39850235 30.23935597 2.74142892 0.00784314 0.51764706 0.78039216
v -60.21992493 30.48520904 2.74143007 0.00784314 0.51764706 0.78039216
v -60.90908432 31.61003047 2.74142763 0.00784314 0.51764706 0.78039216
v -60.85036469 32.05604870 2.74143035 0.00784314 0.51764706 0.78039216
v -60.78641891 32.54178067 2.74142817 0.00784314 0.51764706 0.78039216
v -60.35507202 31.97892339 2.74142758 0.00784314 0.51764706 0.78039216
v -60.34102249 32.54178067 2.74142817 0.00784314 0.51764706 0.78039216
v -60.10633087 32.34350581 2.74142920 0.00784314 0.51764706 0.78039216
v -60.09421158 32.54178067 2.74142817 0.00784314 0.51764706 0.78039216
v -56.37568283 27.91677947 2.74142865 0.00784314 0.51764706 0.78039216
v -60.90908432 34.14324649 0.00000334 0.00784314 0.51764706 0.78039216
v -61.26872635 35.01150012 0.00000258 0.00784314 0.51764706 0.78039216
v -60.78641891 33.11149987 0.00000320 0.00784314 0.51764706 0.78039216
v -60.78641891 33.21150009 0.00000319 0.00784314 0.51764706 0.78039216
v -63.45466995 36.68883249 0.00000117 0.00784314 0.51764706 0.78039216
v -61.84083176 35.75708210 0.00000253 0.00784314 0.51764706 0.78039216
v -62.58641815 36.32918914 0.00000115 0.00784314 0.51764706 0.78039216
v -60.84775162 33.10765599 2.74142843 0.00784314 0.51764706 0.78039216
v -60.78641891 32.64178089 2.74142816 0.00784314 0.51764706 0.78039216
v -60.93482208 33.63566649 2.74142810 0.00784314 0.51764706 0.78039216
v -60.90908432 33.57352729 2.74142831 0.00784314 0.51764706 0.78039216
v -60.32831192 33.05086238 2.74142984 0.00784314 0.51764706 0.78039216
v -60.04063034 33.41830986 2.74142691 0.00784314 0.51764706 0.78039216
v -61.26872635 34.44178092 2.74142755 0.00784314 0.51764706 0.78039216
v -60.97742081 34.43235865 2.74142905 0.00784314 0.51764706 0.78039216
v -61.40266800 35.12466002 2.74142728 0.00784314 0.51764706 0.78039216
v -61.01144409 35.06867188 2.74142714 0.00784314 0.51764706 0.78039216
v -60.00081635 34.06961301 2.74142836 0.00784314 0.51764706 0.78039216
v -59.98061371 34.40012716 2.74142857 0.00784314 0.51764706 0.78039216
v -63.69047546 36.15015574 2.74142900 0.00784314 0.51764706 0.78039216
v -63.44775009 36.11752911 2.74143009 0.00784314 0.51764706 0.78039216
v -63.45466995 36.11911310 2.74142804 0.00784314 0.51764706 0.78039216
v -63.69279480 36.19021034 2.74142847 0.00784314 0.51764706 0.78039216
v -62.97365189 35.91986803 2.74142903 0.00784314 0.51764706 0.78039216
v -62.58641815 35.75946974 2.74142802 0.00784314 0.51764706 0.78039216
v -61.84083176 35.18736290 2.74142750 0.00784314 0.51764706 0.78039216
v -61.85066986 35.60733524 2.74142912 0.00784314 0.51764706 0.78039216
v -61.73458862 35.58333339 2.74142725 0.00784314 0.51764706 0.78039216
v -61.85372925 35.98348000 2.74142685 0.00784314 0.51764706 0.78039216
v -61.73334885 35.95171614 2.74142844 0.00784314 0.51764706 0.78039216
v -63.10935974 37.09255539 2.74142767 0.00784314 0.51764706 0.78039216
v -63.18890762 37.77992869 2.74142927 0.00784314 0.51764706 0.78039216
v -61.41164017 35.51655004 2.74142934 0.00784314 0.51764706 0.78039216
v -61.03804398 35.56618026 2.74142773 0.00784314 0.51764706 0.78039216
v -60.27263260 35.28102795 2.74142809 0.00784314 0.51764706 0.78039216
v -59.92490005 35.31149175 2.74142706 0.00784314 0.51764706 0.78039216
v -61.44108963 36.80298137 2.74142976 0.00784314 0.51764706 0.78039216
v -61.12736893 37.23681667 2.74143009 0.00784314 0.51764706 0.78039216
v -55.69426155 35.80546435 2.74142844 0.00784314 0.51764706 0.78039216
v -56.37568283 37.26677829 2.74142729 0.00784314 0.51764706 0.78039216
v -55.13641739 32.54178067 2.74142817 0.00784314 0.51764706 0.78039216
v -55.31748390 34.25382564 2.74142731 0.00784314 0.51764706 0.78039216
v -55.31906891 34.25914049 2.74142919 0.00784314 0.51764706 0.78039216
v -55.31830406 34.25657871 2.74143041 0.00784314 0.51764706 0.78039216
v -63.34132767 39.09700791 2.74142842 0.00784314 0.51764706 0.78039216
v -61.87190247 38.21885679 2.74142783 0.00784314 0.51764706 0.78039216
v -61.72418213 38.67209991 2.74142939 0.00784314 0.51764706 0.78039216
v -63.46909714 40.20107895 2.74142860 0.00784314 0.51764706 0.78039216
v -61.88133240 39.37840581 2.74142939 0.00784314 0.51764706 0.78039216
v -61.72057343 39.74371702 2.74142924 0.00784314 0.51764706 0.78039216
v -61.47191620 38.14956937 2.74142940 0.00784314 0.51764706 0.78039216
v -61.49853516 39.31232051 2.74143038 0.00784314 0.51764706 0.78039216
v -61.25489044 39.62191234 2.74142704 0.00784314 0.51764706 0.78039216
v -61.52014160 40.25618874 2.74143047 0.00784314 0.51764706 0.78039216
v -60.72537231 40.32026834 2.74143035 0.00784314 0.51764706 0.78039216
v -59.68648911 39.21166477 2.74142819 0.00784314 0.51764706 0.78039216
v -60.15427399 40.02178261 2.74142891 0.00784314 0.51764706 0.78039216
v -63.59658051 41.30267286 2.74142720 0.00784314 0.51764706 0.78039216
v -63.64602661 41.72993500 2.74143050 0.00784314 0.51764706 0.78039216
v -62.78017044 41.75125286 2.74142870 0.00784314 0.51764706 0.78039216
v -61.71776199 40.57765680 2.74142867 0.00784314 0.51764706 0.78039216
v -61.89610291 41.19516762 2.74143025 0.00784314 0.51764706 0.78039216
v -61.89820099 41.45303928 2.74142839 0.00784314 0.51764706 0.78039216
v -61.53956223 41.10453237 2.74142671 0.00784314 0.51764706 0.78039216
v -61.33133316 41.05160020 2.74143013 0.00784314 0.51764706 0.78039216
v -61.52636337 40.52801520 2.74142910 0.00784314 0.51764706 0.78039216
v -61.54602432 41.38676609 2.74142924 0.00784314 0.51764706 0.78039216
v -60.13614655 40.74777646 2.74142826 0.00784314 0.51764706 0.78039216
v -60.13693619 40.71617394 2.74142726 0.00784314 0.51764706 0.78039216
v -59.63599396 40.03772374 2.74143037 0.00784314 0.51764706 0.78039216
v -57.30050659 38.58756561 2.74142802 0.00784314 0.51764706 0.78039216
v -61.95035553 48.43743463 0.00000113 0.00784314 0.51764706 0.78039216
v -61.69335175 48.39211680 0.00000125 0.00784314 0.51764706 0.78039216
v -59.97104263 47.93062678 0.00000123 0.00784314 0.51764706 0.78039216
v -61.95035553 47.86771523 2.74142800 0.00784314 0.51764706 0.78039216
v -61.69335175 47.82239931 2.74142832 0.00784314 0.51764706 0.78039216
v -59.97104263 47.36090909 2.74143019 0.00784314 0.51764706 0.78039216
v -59.19458771 47.82840413 0.00000284 0.00784314 0.51764706 0.78039216
v -59.19458771 47.25868493 2.74142781 0.00784314 0.51764706 0.78039216
v -40.88641739 26.09936554 2.74142977 0.00784314 0.51764706 0.78039216
v -38.04625702 18.67900363 0.72716295 0.00784314 0.51764706 0.78039216
v -29.80315638 16.01291907 2.70685616 0.00784314 0.51764706 0.78039216
v -29.60802698 16.12122608 2.52031476 0.00784314 0.51764706 0.78039216
v -23.06332946 7.59521415 6.89785353 0.00784314 0.51764706 0.78039216
v -23.24892557 7.22188237 8.15401298 0.00784314 0.51764706 0.78039216
v -30.12290144 15.42616031 3.66127030 0.00784314 0.51764706 0.78039216
v -30.33273792 15.34174652 3.93965749 0.00784314 0.51764706 0.78039216
v -30.43040276 15.02274097 4.88643055 0.00784314 0.51764706 0.78039216
v -30.69536304 14.99196082 5.50875724 0.00784314 0.51764706 0.78039216
v -30.61787844 14.94335816 6.11204481 0.00784314 0.51764706 0.78039216
v -30.76712990 15.15466446 7.05105475 0.00784314 0.51764706 0.78039216
v -30.69833422 15.19436749 7.25518309 0.00784314 0.51764706 0.78039216
v -30.66284180 15.70485876 8.14587878 0.00784314 0.51764706 0.78039216
v -30.60939789 15.75550707 8.24026437 0.00784314 0.51764706 0.78039216
v -30.56913948 15.86060178 8.35807564 0.00784314 0.51764706 0.78039216
v -22.06184387 8.08765555 5.21319035 0.00784314 0.51764706 0.78039216
v -20.46131134 8.44998959 4.10950716 0.00784314 0.51764706 0.78039216
v -18.88641739 8.83613294 3.65868928 0.00784314 0.51764706 0.78039216
v -18.88641739 10.27442473 3.12073314 0.00784314 0.51764706 0.78039216
v -22.57795787 7.30722456 6.56084712 0.00784314 0.51764706 0.78039216
v -23.38687682 18.89523323 0.00000375 0.00784314 0.51764706 0.78039216
v -29.27663183 17.31209656 1.38731445 0.00784314 0.51764706 0.78039216
v -27.93673444 18.17957592 0.78876291 0.00784314 0.51764706 0.78039216
v -28.29279375 18.12403286 0.83411675 0.00784314 0.51764706 0.78039216
v -27.93673444 18.75590177 0.57320179 0.00784314 0.51764706 0.78039216
v -27.59843111 18.76279379 0.54726997 0.00784314 0.51764706 0.78039216
v -29.19790888 17.07700424 1.53803837 0.00784314 0.51764706 0.78039216
v -23.38687682 18.79379454 0.48811092 0.00784314 0.51764706 0.78039216
v -25.55720276 26.02742488 2.74142700 0.00784314 0.51764706 0.78039216
v -24.31901526 25.82672261 2.74142773 0.00784314 0.51764706 0.78039216
v -24.32834595 25.93337607 2.74142915 0.00784314 0.51764706 0.78039216
v -24.23641741 25.82593651 2.74142744 0.00784314 0.51764706 0.78039216
v -24.33607292 26.02169552 2.74142852 0.00784314 0.51764706 0.78039216
v -24.23641741 26.02002348 2.74142918 0.00784314 0.51764706 0.78039216
v -24.23641741 26.02122750 2.74143026 0.00784314 0.51764706 0.78039216
v -22.59709501 18.79303982 0.00000070 0.00784314 0.51764706 0.78039216
v -22.34265971 18.72486457 0.00000157 0.00784314 0.51764706 0.78039216
v -22.08565545 18.67954865 0.00000189 0.00784314 0.51764706 0.78039216
v -19.74190187 18.47449414 0.00000000 0.00784314 0.51764706 0.78039216
v -19.48093271 18.47449414 0.00000000 0.00784314 0.51764706 0.78039216
v -17.13717937 18.67954865 0.00000189 0.00784314 0.51764706 0.78039216
v -16.88017464 18.72486457 0.00000157 0.00784314 0.51764706 0.78039216
v -16.49891472 18.82702382 0.00000111 0.00784314 0.51764706 0.78039216
v -15.73578167 18.92921762 0.00000037 0.00784314 0.51764706 0.78039216
v -22.59709501 18.68649884 0.51267059 0.00784314 0.51764706 0.78039216
v -22.08565545 18.56638420 0.54453298 0.00784314 0.51764706 0.78039216
v -22.34265971 18.61420549 0.53247284 0.00784314 0.51764706 0.78039216
v -19.74190187 18.35307031 0.58428485 0.00784314 0.51764706 0.78039216
v -19.48093271 18.35375204 0.58101099 0.00784314 0.51764706 0.78039216
v -17.67730331 18.52731448 0.50515162 0.00784314 0.51764706 0.78039216
v -17.24792290 18.56752904 0.49240529 0.00784314 0.51764706 0.78039216
v -17.13717937 18.57422381 0.50681069 0.00784314 0.51764706 0.78039216
v -16.88017464 18.61353682 0.53569436 0.00784314 0.51764706 0.78039216
v -16.49891472 18.70823658 0.57158388 0.00784314 0.51764706 0.78039216
v -16.14286518 18.74697809 0.61460524 0.00784314 0.51764706 0.78039216
v -15.73578167 18.78615130 0.68841462 0.00784314 0.51764706 0.78039216
v -14.92936897 18.75615004 0.85001203 0.00784314 0.51764706 0.78039216
v -22.94644618 24.28110439 2.74142816 0.00784314 0.51764706 0.78039216
v -22.75835252 24.26968061 2.74142712 0.00784314 0.51764706 0.78039216
v -22.77464008 24.27066979 2.74142911 0.00784314 0.51764706 0.78039216
v -22.77510381 24.20120625 2.74142792 0.00784314 0.51764706 0.78039216
v -21.21766305 23.78389133 2.74142724 0.00784314 0.51764706 0.78039216
v -21.20789385 23.93308409 2.74143048 0.00784314 0.51764706 0.78039216
v -21.19148755 23.93234012 2.74143069 0.00784314 0.51764706 0.78039216
v -21.22881532 24.12876682 2.74142756 0.00784314 0.51764706 0.78039216
v -21.16578770 24.07808973 2.74142890 0.00784314 0.51764706 0.78039216
v -21.19519615 24.12700254 2.74143024 0.00784314 0.51764706 0.78039216
v -20.35835981 24.12392720 2.74142851 0.00784314 0.51764706 0.78039216
v -19.61141729 23.86063327 2.74142895 0.00784314 0.51764706 0.78039216
v -19.57105684 24.01167458 2.74143050 0.00784314 0.51764706 0.78039216
v -19.61141729 24.01335421 2.74143062 0.00784314 0.51764706 0.78039216
v -22.66881776 25.87122548 2.74142818 0.00784314 0.51764706 0.78039216
v -22.54479599 25.80979191 2.74142807 0.00784314 0.51764706 0.78039216
v -22.38073730 25.81329314 2.74142756 0.00784314 0.51764706 0.78039216
v -22.35429025 25.80797411 2.74142909 0.00784314 0.51764706 0.78039216
v -22.35870862 25.90334196 2.74142833 0.00784314 0.51764706 0.78039216
v -22.32828617 26.02770083 2.74142853 0.00784314 0.51764706 0.78039216
v -22.32273412 26.05039504 2.74143018 0.00784314 0.51764706 0.78039216
v -22.40092778 26.81464125 2.74142777 0.00784314 0.51764706 0.78039216
v -22.35357761 27.14535848 2.74142969 0.00784314 0.51764706 0.78039216
v -20.93921900 25.36302553 2.74142896 0.00784314 0.51764706 0.78039216
v -19.61141729 24.94551513 2.74142736 0.00784314 0.51764706 0.78039216
v -19.47347736 24.90214340 2.74142816 0.00784314 0.51764706 0.78039216
v -18.00585651 23.78777214 2.74142741 0.00784314 0.51764706 0.78039216
v -17.99288034 23.78718151 2.74142805 0.00784314 0.51764706 0.78039216
v -18.04030704 23.98315158 2.74142782 0.00784314 0.51764706 0.78039216
v -16.19426155 23.87104092 2.74142906 0.00784314 0.51764706 0.78039216
v -16.87779713 24.08597015 2.74142995 0.00784314 0.51764706 0.78039216
v -16.44773102 24.20120625 2.74142792 0.00784314 0.51764706 0.78039216
v -15.91511440 24.44956719 2.74142997 0.00784314 0.51764706 0.78039216
v -15.81382179 23.68829726 2.74142775 0.00784314 0.51764706 0.78039216
v -15.34484291 24.71548818 2.74142736 0.00784314 0.51764706 0.78039216
v -14.98641777 25.50054172 2.74142818 0.00784314 0.51764706 0.78039216
v -15.13727474 26.06162752 2.74142688 0.00784314 0.51764706 0.78039216
v -14.98641777 26.37427911 2.74142750 0.00784314 0.51764706 0.78039216
v -30.41054773 16.71165446 9.12713677 0.00784314 0.51764706 0.78039216
v -30.44911098 16.87216522 9.19654014 0.00784314 0.51764706 0.78039216
v -29.53565502 20.05558117 9.69051327 0.00784314 0.51764706 0.78039216
v -28.88641739 20.64053123 9.62400418 0.00784314 0.51764706 0.78039216
v -28.88641739 21.62278460 9.25661500 0.00784314 0.51764706 0.78039216
v -28.54356027 21.62063014 9.26697756 0.00784314 0.51764706 0.78039216
v -28.23498893 21.62063014 9.26697756 0.00784314 0.51764706 0.78039216
v -25.50391740 21.63586076 9.19369571 0.00784314 0.51764706 0.78039216
v -17.61141729 20.90737471 9.33076833 0.00784314 0.51764706 0.78039216
v -16.17969608 21.25841909 8.92093301 0.00784314 0.51764706 0.78039216
v -21.48877859 21.67696634 8.99589277 0.00784314 0.51764706 0.78039216
v -15.16942883 21.90857755 7.88141204 0.00784314 0.51764706 0.78039216
v -15.44390869 21.85760064 8.12670272 0.00784314 0.51764706 0.78039216
v -16.98725748 21.73569898 8.71328534 0.00784314 0.51764706 0.78039216
v -17.61141729 21.71666492 8.80487467 0.00784314 0.51764706 0.78039216
v -16.17969608 21.78087843 8.49588739 0.00784314 0.51764706 0.78039216
v -23.49897778 7.50535948 8.46784574 0.00784314 0.51764706 0.78039216
v -23.51552522 7.55216557 8.98930970 0.00784314 0.51764706 0.78039216
v -23.46382725 7.54048453 9.76216033 0.00784314 0.51764706 0.78039216
v -23.60580671 7.96339102 10.15003585 0.00784314 0.51764706 0.78039216
v -23.24171388 8.01761862 10.98051594 0.00784314 0.51764706 0.78039216
v -23.17595851 8.39180426 11.31426625 0.00784314 0.51764706 0.78039216
v -23.04681230 8.63150524 11.62420042 0.00784314 0.51764706 0.78039216
v -22.55582476 8.80719582 12.28922560 0.00784314 0.51764706 0.78039216
v -22.51936960 9.22728701 12.38989923 0.00784314 0.51764706 0.78039216
v -21.63641739 9.64781508 12.98569111 0.00784314 0.51764706 0.78039216
v -21.36931491 10.03999246 13.09878811 0.00784314 0.51764706 0.78039216
v -20.90557408 10.12803436 13.28832103 0.00784314 0.51764706 0.78039216
v -20.40046310 11.10021952 13.28230882 0.00784314 0.51764706 0.78039216
v -19.03049803 11.09900786 13.46746285 0.00784314 0.51764706 0.78039216
v -18.88641739 12.39781543 12.98568830 0.00784314 0.51764706 0.78039216
v -30.02477551 17.77614077 9.61544468 0.00784314 0.51764706 0.78039216
v -30.05877542 18.11358509 9.65930278 0.00784314 0.51764706 0.78039216
v -29.79097462 18.95927231 9.77790103 0.00784314 0.51764706 0.78039216
v -29.74222565 19.00084211 9.78460995 0.00784314 0.51764706 0.78039216
v -29.57597876 19.34283927 9.77955918 0.00784314 0.51764706 0.78039216
v -22.99431086 32.23180729 0.00000135 0.00784314 0.51764706 0.78039216
v -22.99431086 31.66208770 2.74143012 0.00784314 0.51764706 0.78039216
v -23.15672529 32.26822865 2.74142853 0.00784314 0.51764706 0.78039216
v -23.21141744 33.46307872 0.00000242 0.00784314 0.51764706 0.78039216
v -23.15672529 34.08821337 0.00000167 0.00784314 0.51764706 0.78039216
v -22.99431086 34.69435034 0.00000159 0.00784314 0.51764706 0.78039216
v -23.15672529 32.83794785 0.00000356 0.00784314 0.51764706 0.78039216
v -23.21141744 32.89335952 2.74142739 0.00784314 0.51764706 0.78039216
v -23.15672529 33.51849378 2.74143044 0.00784314 0.51764706 0.78039216
v -22.99431086 34.12463474 2.74142885 0.00784314 0.51764706 0.78039216
v -23.48100483 36.78102735 2.74142752 0.00784314 0.51764706 0.78039216
v -23.87309039 36.75124982 2.74143007 0.00784314 0.51764706 0.78039216
v -20.84268999 30.08018628 0.00000224 0.00784314 0.51764706 0.78039216
v -20.23655081 29.91777092 0.00000093 0.00784314 0.51764706 0.78039216
v -19.61141729 29.86307865 0.00000363 0.00784314 0.51764706 0.78039216
v -18.98628378 29.91777092 0.00000093 0.00784314 0.51764706 0.78039216
v -22.36917734 31.14904614 0.00000239 0.00784314 0.51764706 0.78039216
v -21.92545271 30.70532094 0.00000149 0.00784314 0.51764706 0.78039216
v -21.41141748 30.34538986 0.00000256 0.00784314 0.51764706 0.78039216
v -22.72910881 31.66307868 0.00000303 0.00784314 0.51764706 0.78039216
v -18.38014507 30.08018628 0.00000224 0.00784314 0.51764706 0.78039216
v -17.81141758 30.34538986 0.00000256 0.00784314 0.51764706 0.78039216
v -17.29738188 30.70532094 0.00000149 0.00784314 0.51764706 0.78039216
v -16.85365772 31.14904614 0.00000239 0.00784314 0.51764706 0.78039216
v -16.49372578 31.66307868 0.00000303 0.00784314 0.51764706 0.78039216
v -16.22852421 32.23180729 0.00000135 0.00784314 0.51764706 0.78039216
v -21.41141748 29.77567066 2.74142753 0.00784314 0.51764706 0.78039216
v -21.19145560 29.67310108 2.74142799 0.00784314 0.51764706 0.78039216
v -20.84268999 29.51046708 2.74142721 0.00784314 0.51764706 0.78039216
v -20.23655081 29.34805133 2.74142969 0.00784314 0.51764706 0.78039216
v -19.61141729 29.29335945 2.74142860 0.00784314 0.51764706 0.78039216
v -19.07786369 29.34004033 2.74143056 0.00784314 0.51764706 0.78039216
v -18.98628378 29.34805133 2.74142969 0.00784314 0.51764706 0.78039216
v -20.98873472 27.28007528 2.74142871 0.00784314 0.51764706 0.78039216
v -22.48848891 28.70463999 2.74143046 0.00784314 0.51764706 0.78039216
v -19.83612108 28.52262132 2.74142699 0.00784314 0.51764706 0.78039216
v -22.58994746 30.89461698 2.74142697 0.00784314 0.51764706 0.78039216
v -22.72910881 31.09335948 2.74142800 0.00784314 0.51764706 0.78039216
v -22.36917734 30.57932694 2.74142736 0.00784314 0.51764706 0.78039216
v -21.80219936 30.04929936 2.74142738 0.00784314 0.51764706 0.78039216
v -21.92545271 30.13560135 2.74143026 0.00784314 0.51764706 0.78039216
v -18.38014507 29.51046708 2.74142721 0.00784314 0.51764706 0.78039216
v -17.81141758 29.77567066 2.74142753 0.00784314 0.51764706 0.78039216
v -17.29738188 30.13560135 2.74143026 0.00784314 0.51764706 0.78039216
v -16.85365772 30.57932694 2.74142736 0.00784314 0.51764706 0.78039216
v -16.49372578 31.09335948 2.74142800 0.00784314 0.51764706 0.78039216
v -16.22852421 31.66208770 2.74143012 0.00784314 0.51764706 0.78039216
v -16.06610966 32.26822865 2.74142853 0.00784314 0.51764706 0.78039216
v -22.72910881 35.26307875 0.00000182 0.00784314 0.51764706 0.78039216
v -22.36917734 35.77711509 0.00000285 0.00784314 0.51764706 0.78039216
v -21.92545271 36.22084048 0.00000185 0.00784314 0.51764706 0.78039216
v -21.41141748 36.58077137 0.00000267 0.00784314 0.51764706 0.78039216
v -20.84268999 36.84597115 0.00000261 0.00784314 0.51764706 0.78039216
v -20.23655081 37.00838671 0.00000202 0.00784314 0.51764706 0.78039216
v -19.61141729 37.06307878 0.00000121 0.00784314 0.51764706 0.78039216
v -18.98628378 37.00838671 0.00000202 0.00784314 0.51764706 0.78039216
v -16.01141739 33.46307872 0.00000242 0.00784314 0.51764706 0.78039216
v -16.06610966 34.08821337 0.00000167 0.00784314 0.51764706 0.78039216
v -16.22852421 34.69435034 0.00000159 0.00784314 0.51764706 0.78039216
v -16.49372578 35.26307875 0.00000182 0.00784314 0.51764706 0.78039216
v -16.06610966 32.83794785 0.00000356 0.00784314 0.51764706 0.78039216
v -17.81141758 36.58077137 0.00000267 0.00784314 0.51764706 0.78039216
v -17.29738188 36.22084048 0.00000185 0.00784314 0.51764706 0.78039216
v -18.38014507 36.84597115 0.00000261 0.00784314 0.51764706 0.78039216
v -16.85365772 35.77711509 0.00000285 0.00784314 0.51764706 0.78039216
v -22.76260972 34.62151794 2.74143037 0.00784314 0.51764706 0.78039216
v -22.72910881 34.69335955 2.74142679 0.00784314 0.51764706 0.78039216
v -22.36917734 35.20739589 2.74142782 0.00784314 0.51764706 0.78039216
v -22.34927034 35.22730209 2.74143044 0.00784314 0.51764706 0.78039216
v -22.23720813 35.33936682 2.74142831 0.00784314 0.51764706 0.78039216
v -21.92545271 35.65112109 2.74142872 0.00784314 0.51764706 0.78039216
v -21.66843510 35.83108852 2.74142837 0.00784314 0.51764706 0.78039216
v -21.41141748 36.01105216 2.74142764 0.00784314 0.51764706 0.78039216
v -21.00126505 36.20230900 2.74142986 0.00784314 0.51764706 0.78039216
v -22.89546025 37.48908955 2.74142784 0.00784314 0.51764706 0.78039216
v -22.20904708 37.63188984 2.74142962 0.00784314 0.51764706 0.78039216
v -20.84268999 36.27625574 2.74142797 0.00784314 0.51764706 0.78039216
v -20.23655081 36.43866731 2.74142889 0.00784314 0.51764706 0.78039216
v -19.67542982 36.48776042 2.74142958 0.00784314 0.51764706 0.78039216
v -19.61141729 36.49336299 2.74143037 0.00784314 0.51764706 0.78039216
v -18.98628378 36.43866731 2.74142889 0.00784314 0.51764706 0.78039216
v -20.89254022 37.03756401 2.74143030 0.00784314 0.51764706 0.78039216
v -20.93983006 37.75977690 2.74142824 0.00784314 0.51764706 0.78039216
v -19.61141729 36.74295908 2.74142902 0.00784314 0.51764706 0.78039216
v -16.01141739 32.89335952 2.74142739 0.00784314 0.51764706 0.78039216
v -16.06610966 33.51849378 2.74143044 0.00784314 0.51764706 0.78039216
v -15.69540691 32.98641079 2.74143006 0.00784314 0.51764706 0.78039216
v -16.22852421 34.12463474 2.74142885 0.00784314 0.51764706 0.78039216
v -16.49372578 34.69335955 2.74142679 0.00784314 0.51764706 0.78039216
v -18.38014507 36.27625574 2.74142797 0.00784314 0.51764706 0.78039216
v -17.29738188 35.65112109 2.74142872 0.00784314 0.51764706 0.78039216
v -17.81141758 36.01105216 2.74142764 0.00784314 0.51764706 0.78039216
v -16.85365772 35.20739589 2.74142782 0.00784314 0.51764706 0.78039216
v -26.69732845 38.83914803 2.74142765 0.00784314 0.51764706 0.78039216
v -25.55720276 39.97927366 2.74143021 0.00784314 0.51764706 0.78039216
v -24.23641741 40.90409467 2.74142779 0.00784314 0.51764706 0.78039216
v -23.42646897 41.28178050 2.74143057 0.00784314 0.51764706 0.78039216
v -23.23678708 41.37023054 2.74142803 0.00784314 0.51764706 0.78039216
v -24.12926501 47.82840413 0.00000284 0.00784314 0.51764706 0.78039216
v -23.35280788 47.93062678 0.00000123 0.00784314 0.51764706 0.78039216
v -24.12926501 47.25868493 2.74142781 0.00784314 0.51764706 0.78039216
v -23.35280788 47.36090909 2.74143019 0.00784314 0.51764706 0.78039216
v -22.18986821 39.19319641 2.74142767 0.00784314 0.51764706 0.78039216
v -22.34681487 39.83476299 2.74142899 0.00784314 0.51764706 0.78039216
v -20.65878963 38.83330366 2.74142885 0.00784314 0.51764706 0.78039216
v -20.75093508 39.35588772 2.74143051 0.00784314 0.51764706 0.78039216
v -21.21766305 42.00283149 2.74142793 0.00784314 0.51764706 0.78039216
v -20.23502350 42.08880402 2.74142761 0.00784314 0.51764706 0.78039216
v -19.61141729 42.14336152 2.74143023 0.00784314 0.51764706 0.78039216
v -17.95439863 40.43269747 2.74142734 0.00784314 0.51764706 0.78039216
v -18.48087025 42.04445071 2.74142720 0.00784314 0.51764706 0.78039216
v -18.00517178 42.00283149 2.74142793 0.00784314 0.51764706 0.78039216
v -16.44773102 41.58551657 2.74142726 0.00784314 0.51764706 0.78039216
v -14.98641777 40.90409467 2.74142779 0.00784314 0.51764706 0.78039216
v -22.34265971 48.20129495 0.00000157 0.00784314 0.51764706 0.78039216
v -22.08565569 48.24661278 0.00000145 0.00784314 0.51764706 0.78039216
v -19.74190187 48.45166368 0.00000105 0.00784314 0.51764706 0.78039216
v -19.48093271 48.45166368 0.00000105 0.00784314 0.51764706 0.78039216
v -22.34265971 47.63157746 2.74142864 0.00784314 0.51764706 0.78039216
v -22.08565569 47.67689338 2.74142831 0.00784314 0.51764706 0.78039216
v -19.74190187 47.88194598 2.74143001 0.00784314 0.51764706 0.78039216
v -19.48093271 47.88194598 2.74143001 0.00784314 0.51764706 0.78039216
v -17.13717937 48.24661278 0.00000145 0.00784314 0.51764706 0.78039216
v -16.88017464 48.20129495 0.00000157 0.00784314 0.51764706 0.78039216
v -15.87002659 47.93062678 0.00000123 0.00784314 0.51764706 0.78039216
v -15.09356976 47.82840413 0.00000284 0.00784314 0.51764706 0.78039216
v -17.13717937 47.67689338 2.74142831 0.00784314 0.51764706 0.78039216
v -16.88017464 47.63157746 2.74142864 0.00784314 0.51764706 0.78039216
v -15.87002659 47.36090909 2.74143019 0.00784314 0.51764706 0.78039216
v -15.09356976 47.25868493 2.74142781 0.00784314 0.51764706 0.78039216
v -0.81374359 -34.82007334 5.97577419 0.00784314 0.51764706 0.78039216
v -1.29029274 -34.06562727 6.05333939 0.00784314 0.51764706 0.78039216
v -0.18037605 -35.45012171 5.91099843 0.00784314 0.51764706 0.78039216
v 0.57804680 -35.92417018 5.86226113 0.00784314 0.51764706 0.78039216
v 1.42349815 -36.21845636 5.83200534 0.00784314 0.51764706 0.78039216
v -1.58612823 -33.22460904 6.13980513 0.00784314 0.51764706 0.78039216
v -1.68641663 -32.33919288 6.23083546 0.00784314 0.51764706 0.78039216
v 1.01358223 -31.87507016 9.29436569 0.00784314 0.51764706 0.78039216
v 1.01358223 -29.43065969 15.58548775 0.00784314 0.51764706 0.78039216
v -0.78572464 -29.68867311 16.89925623 0.00784314 0.51764706 0.78039216
v 0.35499001 -30.15015279 16.23486770 0.00784314 0.51764706 0.78039216
v 0.35499001 -29.57201048 15.76452482 0.00784314 0.51764706 0.78039216
v -0.31432343 -29.67553295 16.22776762 0.00784314 0.51764706 0.78039216
v 1.01358223 -30.35420155 16.33683314 0.00784314 0.51764706 0.78039216
v 1.01358223 -29.94188486 15.90036780 0.00784314 0.51764706 0.78039216
v -0.25871849 -30.21291780 16.84535822 0.00784314 0.51764706 0.78039216
v 0.38043594 -30.53308284 16.83801995 0.00784314 0.51764706 0.78039216
v 1.01358223 -30.63949557 16.86514385 0.00784314 0.51764706 0.78039216
v 0.38043594 -28.90355968 15.51232160 0.00784314 0.51764706 0.78039216
v 0.41829872 -28.26318915 15.47453450 0.00784314 0.51764706 0.78039216
v -0.13641739 -28.28668819 15.70310036 0.00784314 0.51764706 0.78039216
v 1.01358223 -28.85535130 15.41365384 0.00784314 0.51764706 0.78039216
v 1.01358223 -28.25517421 15.39657628 0.00784314 0.51764706 0.78039216
v 0.38043594 -27.64390312 15.64182788 0.00784314 0.51764706 0.78039216
v 1.01358223 -27.67102701 15.53541515 0.00784314 0.51764706 0.78039216
v 1.01358223 -27.14271669 15.82071296 0.00784314 0.51764706 0.78039216
v -0.78572464 -29.01541758 16.35153072 0.00784314 0.51764706 0.78039216
v -0.61276245 -28.32406981 16.06669664 0.00784314 0.51764706 0.78039216
v -0.97827530 -28.37278643 16.54054399 0.00784314 0.51764706 0.78039216
v -1.10496712 -29.05547418 16.98993406 0.00784314 0.51764706 0.78039216
v -1.20804596 -28.42951838 17.09235334 0.00784314 0.51764706 0.78039216
v -0.78572464 -27.70513978 16.48624141 0.00784314 0.51764706 0.78039216
v -1.10496712 -27.79581761 17.11944034 0.00784314 0.51764706 0.78039216
v -0.78572464 -27.15741428 17.15949694 0.00784314 0.51764706 0.78039216
v -0.25871849 -28.96151996 15.82728983 0.00784314 0.51764706 0.78039216
v -0.25871849 -27.65124217 15.96200052 0.00784314 0.51764706 0.78039216
v 0.35499001 -27.04075165 16.02476552 0.00784314 0.51764706 0.78039216
v -0.31432343 -27.03365118 16.49938156 0.00784314 0.51764706 0.78039216
v -1.68641663 -22.39162785 7.25355244 0.00784314 0.51764706 0.78039216
v -1.58612823 -21.50621169 7.34458277 0.00784314 0.51764706 0.78039216
v -1.29029274 -20.66519345 7.43104852 0.00784314 0.51764706 0.78039216
v 1.01358223 -23.46938075 10.15856123 0.00784314 0.51764706 0.78039216
v -0.81374359 -19.91074739 7.50861371 0.00784314 0.51764706 0.78039216
v -0.18037605 -19.28069901 7.57338948 0.00784314 0.51764706 0.78039216
v 0.57804680 -18.80665055 7.62212677 0.00784314 0.51764706 0.78039216
v 1.42349815 -18.51236437 7.65238257 0.00784314 0.51764706 0.78039216
v -6.88641739 -17.72583405 13.58067216 0.00784314 0.51764706 0.78039216
v -6.88641739 -16.02603048 12.94490590 0.00784314 0.51764706 0.78039216
v -8.74765587 -18.18219090 14.11345740 0.00784314 0.51764706 0.78039216
v -11.97141457 -18.83812938 17.26977939 0.00784314 0.51764706 0.78039216
v -10.63919449 -18.61039875 15.41780799 0.00784314 0.51764706 0.78039216
v 0.35499001 -26.57040458 16.60290443 0.00784314 0.51764706 0.78039216
v 1.01358223 -26.70625476 16.23302547 0.00784314 0.51764706 0.78039216
v 1.01358223 -26.39137130 16.74425483 0.00784314 0.51764706 0.78039216
v -0.25871849 -26.63316959 17.21339495 0.00784314 0.51764706 0.78039216
v 0.38043594 -26.31820136 17.27135523 0.00784314 0.51764706 0.78039216
v 1.01358223 -26.21954119 17.31956283 0.00784314 0.51764706 0.78039216
v -1.68641663 -23.32069785 16.29025028 0.00784314 0.51764706 0.78039216
v -1.29029274 -21.48459362 15.40103106 0.00784314 0.51764706 0.78039216
v -1.58612823 -22.37903663 15.83420704 0.00784314 0.51764706 0.78039216
v -0.81374359 -20.68222213 15.01244454 0.00784314 0.51764706 0.78039216
v 1.42349815 -19.19500836 14.29219173 0.00784314 0.51764706 0.78039216
v -0.18037605 -20.01215053 14.68793015 0.00784314 0.51764706 0.78039216
v 0.57804680 -19.50798867 14.44376633 0.00784314 0.51764706 0.78039216
v 2.31358337 -36.31821889 5.82174867 0.00784314 0.51764706 0.78039216
v 14.31358337 -36.98298492 12.28766594 0.00784314 0.51764706 0.78039216
v 14.31358337 -32.23302110 12.77601345 0.00784314 0.51764706 0.78039216
v 2.31358337 -18.41260184 7.66263923 0.00784314 0.51764706 0.78039216
v 9.31358337 -23.88869455 14.23706137 0.00784314 0.51764706 0.78039216
v 2.31358337 -19.08890847 14.24080737 0.00784314 0.51764706 0.78039216
v 2.48134804 -19.08890847 14.24080737 0.00784314 0.51764706 0.78039216
v 4.69587708 -19.13133610 14.65348423 0.00784314 0.51764706 0.78039216
v 2.11358261 -17.72583405 13.58067216 0.00784314 0.51764706 0.78039216
v 2.11358261 -16.02603048 12.94490590 0.00784314 0.51764706 0.78039216
v 3.90291023 -16.19231017 13.23012358 0.00784314 0.51764706 0.78039216
v 9.31358337 -19.13873073 14.72540888 0.00784314 0.51764706 0.78039216
v 5.70921898 -16.44779296 14.11345761 0.00784314 0.51764706 0.78039216
v 6.45542908 -19.21352401 15.45289364 0.00784314 0.51764706 0.78039216
v 7.97020721 -19.35762254 16.85448318 0.00784314 0.51764706 0.78039216
v 8.96387863 -19.48587804 18.10197395 0.00784314 0.51764706 0.78039216
v -12.88641739 -4.44484676 8.61968111 0.00784314 0.51764706 0.78039216
v -12.88641739 -2.87579889 8.03281802 0.00784314 0.51764706 0.78039216
v -14.60448360 -4.86610464 9.11148379 0.00784314 0.51764706 0.78039216
v -2.88641739 -2.87579889 8.03281802 0.00784314 0.51764706 0.78039216
v -1.23473167 -3.02928497 8.29609676 0.00784314 0.51764706 0.78039216
v 0.43263054 -3.26511965 9.11148481 0.00784314 0.51764706 0.78039216
v 0.11358261 -1.44484836 8.61968376 0.00784314 0.51764706 0.78039216
v 1.35622406 -1.63886159 9.55324605 0.00784314 0.51764706 0.78039216
v -14.53810406 -1.97493951 19.11817320 0.00784314 0.51764706 0.78039216
v -12.88641739 -0.55937771 18.79458885 0.00784314 0.51764706 0.78039216
v 0.57768440 0.25714693 17.09877269 0.00784314 0.51764706 0.78039216
v -2.88641739 -0.55937771 18.79458885 0.00784314 0.51764706 0.78039216
v -1.16835213 -0.13812781 18.30278919 0.00784314 0.51764706 0.78039216
v 5.36358261 -14.47583682 13.58067269 0.00784314 0.51764706 0.78039216
v 6.70977592 -14.68600915 14.59203464 0.00784314 0.51764706 0.78039216
v 7.19857788 -13.02836013 15.57166406 0.00784314 0.51764706 0.78039216
v 7.74274826 -14.95992320 15.91007013 0.00784314 0.51764706 0.78039216
v 8.39210129 -15.27890243 17.44495161 0.00784314 0.51764706 0.78039216
v 8.10078812 -13.46779788 17.34018685 0.00784314 0.51764706 0.78039216
v 7.74274826 -12.37120522 19.09208131 0.00784314 0.51764706 0.78039216
v 1.80742645 -0.10871877 10.45751990 0.00784314 0.51764706 0.78039216
v 2.30973434 -1.89169875 10.76989340 0.00784314 0.51764706 0.78039216
v 2.64023209 -0.51435922 12.08999954 0.00784314 0.51764706 0.78039216
v 2.90913773 -0.94920043 13.70713662 0.00784314 0.51764706 0.78039216
v 1.80742645 1.16651379 12.02501132 0.00784314 0.51764706 0.78039216
v 2.30973434 0.49788616 13.70713764 0.00784314 0.51764706 0.78039216
v 1.80742645 0.46735503 15.38926131 0.00784314 0.51764706 0.78039216
v 46.31357956 -36.31821889 5.82174867 0.00784314 0.51764706 0.78039216
v 47.20366287 -36.21845636 5.83200534 0.00784314 0.51764706 0.78039216
v 48.04911423 -35.92417018 5.86226113 0.00784314 0.51764706 0.78039216
v 48.80754471 -35.45012171 5.91099843 0.00784314 0.51764706 0.78039216
v 49.44090652 -34.82007334 5.97577419 0.00784314 0.51764706 0.78039216
v 49.91746140 -34.06562727 6.05333939 0.00784314 0.51764706 0.78039216
v 50.21329117 -33.22460904 6.13980513 0.00784314 0.51764706 0.78039216
v 50.31357956 -32.33919288 6.23083546 0.00784314 0.51764706 0.78039216
v 47.61358261 -31.87507016 9.29436569 0.00784314 0.51764706 0.78039216
v 34.31358337 -36.98298492 12.28766594 0.00784314 0.51764706 0.78039216
v 34.31358337 -32.23302110 12.77601345 0.00784314 0.51764706 0.78039216
v 47.61358261 -29.43065969 15.58548775 0.00784314 0.51764706 0.78039216
v 47.61358261 -30.35420155 16.33683314 0.00784314 0.51764706 0.78039216
v 48.27217484 -30.15015279 16.23486770 0.00784314 0.51764706 0.78039216
v 47.61358261 -29.94188486 15.90036780 0.00784314 0.51764706 0.78039216
v 48.27217484 -29.57201048 15.76452482 0.00784314 0.51764706 0.78039216
v 47.61358261 -30.63949557 16.86514385 0.00784314 0.51764706 0.78039216
v 48.24673080 -30.53308284 16.83801995 0.00784314 0.51764706 0.78039216
v 48.94148636 -29.67553295 16.22776762 0.00784314 0.51764706 0.78039216
v 48.88588333 -30.21291780 16.84535822 0.00784314 0.51764706 0.78039216
v 49.41289139 -29.68867311 16.89925623 0.00784314 0.51764706 0.78039216
v 47.61358261 -28.85535130 15.41365384 0.00784314 0.51764706 0.78039216
v 48.24673080 -28.90355968 15.51232160 0.00784314 0.51764706 0.78039216
v 47.61358261 -28.25517421 15.39657628 0.00784314 0.51764706 0.78039216
v 48.20886612 -28.26318915 15.47453450 0.00784314 0.51764706 0.78039216
v 47.61358261 -27.67102701 15.53541515 0.00784314 0.51764706 0.78039216
v 48.24673080 -27.64390312 15.64182788 0.00784314 0.51764706 0.78039216
v 47.61358261 -27.14271669 15.82071296 0.00784314 0.51764706 0.78039216
v 48.76358414 -28.28668819 15.70310036 0.00784314 0.51764706 0.78039216
v 48.27217484 -27.04075165 16.02476552 0.00784314 0.51764706 0.78039216
v 48.88588333 -28.96151996 15.82728983 0.00784314 0.51764706 0.78039216
v 49.23992538 -28.32406981 16.06669664 0.00784314 0.51764706 0.78039216
v 49.41289139 -29.01541758 16.35153072 0.00784314 0.51764706 0.78039216
v 49.60544205 -28.37278643 16.54054399 0.00784314 0.51764706 0.78039216
v 49.73212814 -29.05547418 16.98993406 0.00784314 0.51764706 0.78039216
v 49.83520889 -28.42951838 17.09235334 0.00784314 0.51764706 0.78039216
v 48.88588333 -27.65124217 15.96200052 0.00784314 0.51764706 0.78039216
v 48.94148636 -27.03365118 16.49938156 0.00784314 0.51764706 0.78039216
v 49.41289139 -27.70513978 16.48624141 0.00784314 0.51764706 0.78039216
v 49.73212814 -27.79581761 17.11944034 0.00784314 0.51764706 0.78039216
v 49.41289139 -27.15741428 17.15949694 0.00784314 0.51764706 0.78039216
v 50.31357956 -22.39162785 7.25355244 0.00784314 0.51764706 0.78039216
v 50.21329117 -21.50621169 7.34458277 0.00784314 0.51764706 0.78039216
v 49.91746140 -20.66519345 7.43104852 0.00784314 0.51764706 0.78039216
v 47.61358261 -23.46938075 10.15856123 0.00784314 0.51764706 0.78039216
v 46.31357956 -18.41260184 7.66263923 0.00784314 0.51764706 0.78039216
v 47.20366287 -18.51236437 7.65238257 0.00784314 0.51764706 0.78039216
v 48.04911423 -18.80665055 7.62212677 0.00784314 0.51764706 0.78039216
v 49.44090652 -19.91074739 7.50861371 0.00784314 0.51764706 0.78039216
v 48.80754471 -19.28069901 7.57338948 0.00784314 0.51764706 0.78039216
v 39.31357956 -23.88869455 14.23706137 0.00784314 0.51764706 0.78039216
v 39.31357956 -19.13873073 14.72540888 0.00784314 0.51764706 0.78039216
v 47.61358261 -26.70625476 16.23302547 0.00784314 0.51764706 0.78039216
v 47.61358261 -26.39137130 16.74425483 0.00784314 0.51764706 0.78039216
v 48.27217484 -26.57040458 16.60290443 0.00784314 0.51764706 0.78039216
v 48.24673080 -26.31820136 17.27135523 0.00784314 0.51764706 0.78039216
v 47.61358261 -26.21954119 17.31956283 0.00784314 0.51764706 0.78039216
v 48.88588333 -26.63316959 17.21339495 0.00784314 0.51764706 0.78039216
v -2.74765587 -29.30128445 19.49840218 0.00784314 0.51764706 0.78039216
v -0.61276245 -30.10821409 17.51818665 0.00784314 0.51764706 0.78039216
v -0.97827530 -29.63437053 17.56690287 0.00784314 0.51764706 0.78039216
v -0.78572464 -29.82338380 18.20953403 0.00784314 0.51764706 0.78039216
v -0.13641739 -30.47181416 17.48080464 0.00784314 0.51764706 0.78039216
v 0.41829872 -30.70037623 17.45730599 0.00784314 0.51764706 0.78039216
v 1.01358223 -30.77834203 17.44929027 0.00784314 0.51764706 0.78039216
v -0.25871849 -30.34762849 18.15563602 0.00784314 0.51764706 0.78039216
v 0.38043594 -30.66258912 18.09767652 0.00784314 0.51764706 0.78039216
v 0.35499001 -30.41039350 18.76612653 0.00784314 0.51764706 0.78039216
v -0.31432343 -29.94714689 18.86964940 0.00784314 0.51764706 0.78039216
v 1.01358223 -30.76125688 18.04946813 0.00784314 0.51764706 0.78039216
v 1.01358223 -30.58942677 18.62477613 0.00784314 0.51764706 0.78039216
v -1.68641663 -29.92848898 19.77127809 0.00784314 0.51764706 0.78039216
v 0.35499001 -29.94004642 19.34426544 0.00784314 0.51764706 0.78039216
v 1.01358223 -30.27454331 19.13600549 0.00784314 0.51764706 0.78039216
v 1.01358223 -29.83808138 19.54831800 0.00784314 0.51764706 0.78039216
v -1.20804596 -29.08256118 17.62363483 0.00784314 0.51764706 0.78039216
v -1.28641701 -28.49039904 17.68451548 0.00784314 0.51764706 0.78039216
v -1.10496712 -29.18498046 18.24959062 0.00784314 0.51764706 0.78039216
v -0.78572464 -29.27565829 18.88278955 0.00784314 0.51764706 0.78039216
v -1.20804596 -28.55127969 18.27667762 0.00784314 0.51764706 0.78039216
v -0.97827530 -28.60801164 18.82848698 0.00784314 0.51764706 0.78039216
v -1.68641663 -27.36237944 18.24762633 0.00784314 0.51764706 0.78039216
v -1.20804596 -27.89823690 17.74539614 0.00784314 0.51764706 0.78039216
v -0.97827530 -27.34642754 17.80212809 0.00784314 0.51764706 0.78039216
v -1.10496712 -27.92532389 18.37909691 0.00784314 0.51764706 0.78039216
v -0.78572464 -27.96538049 19.01750024 0.00784314 0.51764706 0.78039216
v -0.78572464 -27.29212497 18.46977473 0.00784314 0.51764706 0.78039216
v -0.31432343 -27.30526512 19.14126334 0.00784314 0.51764706 0.78039216
v -1.68641663 -29.04107626 19.19462103 0.00784314 0.51764706 0.78039216
v -0.61276245 -28.65672826 19.30233433 0.00784314 0.51764706 0.78039216
v -0.25871849 -29.32955591 19.40703045 0.00784314 0.51764706 0.78039216
v 0.38043594 -29.33689496 19.72720308 0.00784314 0.51764706 0.78039216
v -0.13641739 -28.69410988 19.66593061 0.00784314 0.51764706 0.78039216
v 0.41829872 -28.71760892 19.89449647 0.00784314 0.51764706 0.78039216
v 1.01358223 -29.30977106 19.83361581 0.00784314 0.51764706 0.78039216
v 1.01358223 -28.72562386 19.97245468 0.00784314 0.51764706 0.78039216
v -0.25871849 -28.01927811 19.54174114 0.00784314 0.51764706 0.78039216
v 0.38043594 -28.07723839 19.85670936 0.00784314 0.51764706 0.78039216
v 0.35499001 -27.40878759 19.60450615 0.00784314 0.51764706 0.78039216
v 1.01358223 -27.55013839 19.78354322 0.00784314 0.51764706 0.78039216
v 1.01358223 -28.12544678 19.95537712 0.00784314 0.51764706 0.78039216
v -2.74765587 -31.09368160 20.95660977 0.00784314 0.51764706 0.78039216
v -2.67574501 -32.36342352 22.72513110 0.00784314 0.51764706 0.78039216
v -4.48205376 -31.44658465 22.65472549 0.00784314 0.51764706 0.78039216
v -4.63919449 -29.72949230 20.80275277 0.00784314 0.51764706 0.78039216
v -5.97141457 -29.95722293 22.65472418 0.00784314 0.51764706 0.78039216
v -1.68641663 -31.44405614 21.14955986 0.00784314 0.51764706 0.78039216
v -1.68641663 -30.69889953 20.39804385 0.00784314 0.51764706 0.78039216
v -1.68641663 -32.00113766 21.93441290 0.00784314 0.51764706 0.78039216
v -1.68641663 -32.59174973 22.83637724 0.00784314 0.51764706 0.78039216
v 0.27447891 -29.20402527 21.63223155 0.00784314 0.51764706 0.78039216
v 0.21358299 -28.89948583 21.66354149 0.00784314 0.51764706 0.78039216
v 0.44789696 -29.46220113 21.60568829 0.00784314 0.51764706 0.78039216
v 0.70743561 -29.63471555 21.58795195 0.00784314 0.51764706 0.78039216
v 1.01358223 -29.69529406 21.58172382 0.00784314 0.51764706 0.78039216
v 0.27447891 -28.59494638 21.69485143 0.00784314 0.51764706 0.78039216
v 0.44789696 -28.33676293 21.72139548 0.00784314 0.51764706 0.78039216
v 0.70743561 -28.16425610 21.73913104 0.00784314 0.51764706 0.78039216
v 1.01358223 -28.10367759 21.74535916 0.00784314 0.51764706 0.78039216
v -6.87362289 -28.89369298 26.22892027 0.00784314 0.51764706 0.78039216
v -2.56874084 -33.01881542 24.47702728 0.00784314 0.51764706 0.78039216
v -1.68641663 -33.22605064 24.58618900 0.00784314 0.51764706 0.78039216
v -1.68641663 -33.32457728 26.36264905 0.00784314 0.51764706 0.78039216
v -5.48261070 -31.33648647 24.47702763 0.00784314 0.51764706 0.78039216
v -4.13641739 -32.36946027 24.47702787 0.00784314 0.51764706 0.78039216
v -5.97141457 -30.71464119 26.29932935 0.00784314 0.51764706 0.78039216
v -4.48205376 -32.20399533 26.29933145 0.00784314 0.51764706 0.78039216
v -2.67574501 -33.09157780 26.22892440 0.00784314 0.51764706 0.78039216
v -6.51558304 -29.99029362 24.47702882 0.00784314 0.51764706 0.78039216
v -2.74765587 -32.55689837 27.99744717 0.00784314 0.51764706 0.78039216
v -4.63919449 -31.25664914 28.15129789 0.00784314 0.51764706 0.78039216
v -2.74765587 -31.37057967 29.45565135 0.00784314 0.51764706 0.78039216
v -5.97141457 -29.33313832 27.99744228 0.00784314 0.51764706 0.78039216
v -4.48205376 -29.63618134 29.45564777 0.00784314 0.51764706 0.78039216
v -1.68641663 -32.80326924 28.15313573 0.00784314 0.51764706 0.78039216
v -1.68641663 -31.60878641 29.62137513 0.00784314 0.51764706 0.78039216
v -13.16493511 -17.30353139 19.09208043 0.00784314 0.51764706 0.78039216
v -12.51558208 -18.87120727 19.09207946 0.00784314 0.51764706 0.78039216
v -12.87362194 -17.77460741 20.84397850 0.00784314 0.51764706 0.78039216
v -11.97141457 -18.21405275 22.61250051 0.00784314 0.51764706 0.78039216
v -0.61276245 -26.87258399 17.85084432 0.00784314 0.51764706 0.78039216
v -0.13641739 -26.50898391 17.88822633 0.00784314 0.51764706 0.78039216
v 0.41829872 -26.28042185 17.91172497 0.00784314 0.51764706 0.78039216
v 1.01358223 -26.20245604 17.91974070 0.00784314 0.51764706 0.78039216
v -0.25871849 -26.76788027 18.52367274 0.00784314 0.51764706 0.78039216
v 0.38043594 -26.44770764 18.53101179 0.00784314 0.51764706 0.78039216
v 0.35499001 -26.83064528 19.13416326 0.00784314 0.51764706 0.78039216
v 1.01358223 -26.62659652 19.03219782 0.00784314 0.51764706 0.78039216
v 1.01358223 -26.34130250 18.50388711 0.00784314 0.51764706 0.78039216
v 1.01358223 -27.03891321 19.46866316 0.00784314 0.51764706 0.78039216
v -5.48261070 -27.67548930 28.97707170 0.00784314 0.51764706 0.78039216
v -4.13641739 -27.88566203 29.98843744 0.00784314 0.51764706 0.78039216
v -4.48205376 -25.91370588 29.45565252 0.00784314 0.51764706 0.78039216
v -2.67574501 -26.16918868 30.33898656 0.00784314 0.51764706 0.78039216
v -1.68641663 -25.32129689 30.14516747 0.00784314 0.51764706 0.78039216
v -1.68641663 -24.72020035 29.90265956 0.00784314 0.51764706 0.78039216
v -1.58612823 -23.78831826 29.54173414 0.00784314 0.51764706 0.78039216
v -1.49318123 -23.51122428 29.44387323 0.00784314 0.51764706 0.78039216
v -1.29029274 -22.89780664 29.14679730 0.00784314 0.51764706 0.78039216
v -0.81374359 -22.09543477 28.75820699 0.00784314 0.51764706 0.78039216
v -0.18037605 -21.42536317 28.43369259 0.00784314 0.51764706 0.78039216
v 0.57804680 -20.92120169 28.18953257 0.00784314 0.51764706 0.78039216
v 1.42349815 -20.60822100 28.03795417 0.00784314 0.51764706 0.78039216
v 9.31358337 -19.57241206 18.94365625 0.00784314 0.51764706 0.78039216
v 9.31358337 -18.69425167 19.09899425 0.00784314 0.51764706 0.78039216
v 9.31358337 -17.96286318 19.51713165 0.00784314 0.51764706 0.78039216
v 9.31358337 -17.35423033 20.74612299 0.00784314 0.51764706 0.78039216
v 9.31358337 -20.15551492 24.61526798 0.00784314 0.51764706 0.78039216
v 9.31358337 -18.69101706 23.02092116 0.00784314 0.51764706 0.78039216
v 9.29145813 -20.16125147 24.67106518 0.00784314 0.51764706 0.78039216
v 5.97359085 -20.46838843 27.65846531 0.00784314 0.51764706 0.78039216
v 7.94863892 -20.34969787 26.50400907 0.00784314 0.51764706 0.78039216
v 2.31358337 -20.50212111 27.98656981 0.00784314 0.51764706 0.78039216
v 3.99832726 -20.50212111 27.98656981 0.00784314 0.51764706 0.78039216
v -2.67574501 -29.74784431 30.33898869 0.00784314 0.51764706 0.78039216
v -1.68641663 -29.95939507 30.49907778 0.00784314 0.51764706 0.78039216
v -0.81374359 -38.50185445 41.78700830 0.00784314 0.51764706 0.78039216
v -1.29029274 -37.74740839 41.86457349 0.00784314 0.51764706 0.78039216
v -0.18037605 -39.13190282 41.72223253 0.00784314 0.51764706 0.78039216
v 0.57804680 -39.60595129 41.67349523 0.00784314 0.51764706 0.78039216
v 1.42349815 -39.90023747 41.64323944 0.00784314 0.51764706 0.78039216
v -1.58612823 -36.90639015 41.95103923 0.00784314 0.51764706 0.78039216
v -1.68641663 -36.02097399 42.04206956 0.00784314 0.51764706 0.78039216
v 1.01358223 -35.25003618 42.12133029 0.00784314 0.51764706 0.78039216
v 0.27447891 -31.35173092 42.52211811 0.00784314 0.51764706 0.78039216
v 0.21358299 -31.04719147 42.55342805 0.00784314 0.51764706 0.78039216
v 0.44789696 -31.60990678 42.49557485 0.00784314 0.51764706 0.78039216
v 0.70743561 -31.78242120 42.47783851 0.00784314 0.51764706 0.78039216
v 1.01358223 -31.84299971 42.47161038 0.00784314 0.51764706 0.78039216
v 0.27447891 -30.74265203 42.58473799 0.00784314 0.51764706 0.78039216
v 0.44789696 -30.48446858 42.61128204 0.00784314 0.51764706 0.78039216
v 0.70743561 -30.31196175 42.62901760 0.00784314 0.51764706 0.78039216
v 1.01358223 -30.25138324 42.63524572 0.00784314 0.51764706 0.78039216
v -2.56874084 -28.01778932 30.62420087 0.00784314 0.51764706 0.78039216
v -1.68641663 -28.19643384 30.76851439 0.00784314 0.51764706 0.78039216
v -1.68641663 -27.13546247 30.62420511 0.00784314 0.51764706 0.78039216
v -1.68641663 -26.26112395 30.49668610 0.00784314 0.51764706 0.78039216
v -1.68641663 -26.07340896 43.06478654 0.00784314 0.51764706 0.78039216
v -1.58612823 -25.18799280 43.15581687 0.00784314 0.51764706 0.78039216
v -1.29029274 -24.34697456 43.24228262 0.00784314 0.51764706 0.78039216
v 1.01358223 -26.84434677 42.98552582 0.00784314 0.51764706 0.78039216
v -0.81374359 -23.59252850 43.31984781 0.00784314 0.51764706 0.78039216
v -0.18037605 -22.96248013 43.38462358 0.00784314 0.51764706 0.78039216
v 0.57804680 -22.48843166 43.43336087 0.00784314 0.51764706 0.78039216
v 1.42349815 -22.19414548 43.46361667 0.00784314 0.51764706 0.78039216
v 2.31358337 -40.00000000 41.63298277 0.00784314 0.51764706 0.78039216
v 14.31358337 -40.00000000 41.63298277 0.00784314 0.51764706 0.78039216
v 14.31358337 -35.25003618 42.12133029 0.00784314 0.51764706 0.78039216
v 9.31358337 -26.84434677 42.98552582 0.00784314 0.51764706 0.78039216
v 2.31358337 -22.09438295 43.47387333 0.00784314 0.51764706 0.78039216
v 9.31358337 -22.09438295 43.47387333 0.00784314 0.51764706 0.78039216
v -12.51558208 -16.28248209 22.27409522 0.00784314 0.51764706 0.78039216
v -11.48261166 -16.55639575 23.59212692 0.00784314 0.51764706 0.78039216
v -10.13641739 -16.76657607 24.60349188 0.00784314 0.51764706 0.78039216
v -10.48205376 -14.79461194 24.07070395 0.00784314 0.51764706 0.78039216
v -8.67574501 -15.05010272 24.95404099 0.00784314 0.51764706 0.78039216
v -6.88641739 -13.51657845 24.60348862 0.00784314 0.51764706 0.78039216
v 8.10078812 -14.19595177 20.84397636 0.00784314 0.51764706 0.78039216
v 8.39210129 -13.93888110 19.09208035 0.00784314 0.51764706 0.78039216
v 7.19857788 -12.40427592 20.91438596 0.00784314 0.51764706 0.78039216
v 2.11358261 -13.51657845 24.60348862 0.00784314 0.51764706 0.78039216
v 3.97482109 -13.06021400 24.07070416 0.00784314 0.51764706 0.78039216
v 5.86635971 -12.63200615 22.76635357 0.00784314 0.51764706 0.78039216
v 47.61358261 -30.77834203 17.44929027 0.00784314 0.51764706 0.78039216
v 48.20886612 -30.70037623 17.45730599 0.00784314 0.51764706 0.78039216
v 47.61358261 -30.76125688 18.04946813 0.00784314 0.51764706 0.78039216
v 48.24673080 -30.66258912 18.09767652 0.00784314 0.51764706 0.78039216
v 47.61358261 -30.58942677 18.62477613 0.00784314 0.51764706 0.78039216
v 48.27217484 -30.41039350 18.76612653 0.00784314 0.51764706 0.78039216
v 48.76358414 -30.47181416 17.48080464 0.00784314 0.51764706 0.78039216
v 49.23992538 -30.10821409 17.51818665 0.00784314 0.51764706 0.78039216
v 49.60544205 -29.63437053 17.56690287 0.00784314 0.51764706 0.78039216
v 48.88588333 -30.34762849 18.15563602 0.00784314 0.51764706 0.78039216
v 48.94148636 -29.94714689 18.86964940 0.00784314 0.51764706 0.78039216
v 49.41289139 -29.82338380 18.20953403 0.00784314 0.51764706 0.78039216
v 47.61358261 -30.27454331 19.13600549 0.00784314 0.51764706 0.78039216
v 47.61358261 -29.83808138 19.54831800 0.00784314 0.51764706 0.78039216
v 48.27217484 -29.94004642 19.34426544 0.00784314 0.51764706 0.78039216
v 49.83520889 -29.08256118 17.62363483 0.00784314 0.51764706 0.78039216
v 49.91358566 -28.49039904 17.68451548 0.00784314 0.51764706 0.78039216
v 49.73212814 -29.18498046 18.24959062 0.00784314 0.51764706 0.78039216
v 49.41289139 -29.27565829 18.88278955 0.00784314 0.51764706 0.78039216
v 49.83520889 -28.55127969 18.27667762 0.00784314 0.51764706 0.78039216
v 49.60544205 -28.60801164 18.82848698 0.00784314 0.51764706 0.78039216
v 49.83520889 -27.89823690 17.74539614 0.00784314 0.51764706 0.78039216
v 49.60544205 -27.34642754 17.80212809 0.00784314 0.51764706 0.78039216
v 48.94148636 -27.30526512 19.14126334 0.00784314 0.51764706 0.78039216
v 49.73212814 -27.92532389 18.37909691 0.00784314 0.51764706 0.78039216
v 49.41289139 -27.96538049 19.01750024 0.00784314 0.51764706 0.78039216
v 49.41289139 -27.29212497 18.46977473 0.00784314 0.51764706 0.78039216
v 48.24673080 -29.33689496 19.72720308 0.00784314 0.51764706 0.78039216
v 47.61358261 -29.30977106 19.83361581 0.00784314 0.51764706 0.78039216
v 47.61358261 -28.72562386 19.97245468 0.00784314 0.51764706 0.78039216
v 48.20886612 -28.71760892 19.89449647 0.00784314 0.51764706 0.78039216
v 48.24673080 -28.07723839 19.85670936 0.00784314 0.51764706 0.78039216
v 47.61358261 -27.55013839 19.78354322 0.00784314 0.51764706 0.78039216
v 48.27217484 -27.40878759 19.60450615 0.00784314 0.51764706 0.78039216
v 47.61358261 -28.12544678 19.95537712 0.00784314 0.51764706 0.78039216
v 48.88588333 -29.32955591 19.40703045 0.00784314 0.51764706 0.78039216
v 49.23992538 -28.65672826 19.30233433 0.00784314 0.51764706 0.78039216
v 48.76358414 -28.69410988 19.66593061 0.00784314 0.51764706 0.78039216
v 48.88588333 -28.01927811 19.54174114 0.00784314 0.51764706 0.78039216
v 47.61358261 -29.69529406 21.58172382 0.00784314 0.51764706 0.78039216
v 47.91972733 -29.63471555 21.58795195 0.00784314 0.51764706 0.78039216
v 48.17927170 -29.46220113 21.60568829 0.00784314 0.51764706 0.78039216
v 47.61358261 -28.10367759 21.74535916 0.00784314 0.51764706 0.78039216
v 47.91972733 -28.16425610 21.73913104 0.00784314 0.51764706 0.78039216
v 48.17927170 -28.33676293 21.72139548 0.00784314 0.51764706 0.78039216
v 48.35268784 -29.20402527 21.63223155 0.00784314 0.51764706 0.78039216
v 48.41358566 -28.89948583 21.66354149 0.00784314 0.51764706 0.78039216
v 48.35268784 -28.59494638 21.69485143 0.00784314 0.51764706 0.78039216
v 47.61358261 -26.20245604 17.91974070 0.00784314 0.51764706 0.78039216
v 48.20886612 -26.28042185 17.91172497 0.00784314 0.51764706 0.78039216
v 48.24673080 -26.44770764 18.53101179 0.00784314 0.51764706 0.78039216
v 47.61358261 -26.62659652 19.03219782 0.00784314 0.51764706 0.78039216
v 48.27217484 -26.83064528 19.13416326 0.00784314 0.51764706 0.78039216
v 47.61358261 -26.34130250 18.50388711 0.00784314 0.51764706 0.78039216
v 48.76358414 -26.50898391 17.88822633 0.00784314 0.51764706 0.78039216
v 49.23992538 -26.87258399 17.85084432 0.00784314 0.51764706 0.78039216
v 48.88588333 -26.76788027 18.52367274 0.00784314 0.51764706 0.78039216
v 47.61358261 -27.03891321 19.46866316 0.00784314 0.51764706 0.78039216
v 34.31358337 -40.00000000 41.63298277 0.00784314 0.51764706 0.78039216
v 34.31358337 -35.25003618 42.12133029 0.00784314 0.51764706 0.78039216
v 46.31357956 -40.00000000 41.63298277 0.00784314 0.51764706 0.78039216
v 47.20366287 -39.90023747 41.64323944 0.00784314 0.51764706 0.78039216
v 48.04911423 -39.60595129 41.67349523 0.00784314 0.51764706 0.78039216
v 48.80754471 -39.13190282 41.72223253 0.00784314 0.51764706 0.78039216
v 49.44090652 -38.50185445 41.78700830 0.00784314 0.51764706 0.78039216
v 49.91746140 -37.74740839 41.86457349 0.00784314 0.51764706 0.78039216
v 47.61358261 -35.25003618 42.12133029 0.00784314 0.51764706 0.78039216
v 50.21329117 -36.90639015 41.95103923 0.00784314 0.51764706 0.78039216
v 50.31357956 -36.02097399 42.04206956 0.00784314 0.51764706 0.78039216
v 47.61358261 -31.84299971 42.47161038 0.00784314 0.51764706 0.78039216
v 47.91972733 -31.78242120 42.47783851 0.00784314 0.51764706 0.78039216
v 48.17927170 -31.60990678 42.49557485 0.00784314 0.51764706 0.78039216
v 47.61358261 -30.25138324 42.63524572 0.00784314 0.51764706 0.78039216
v 47.91972733 -30.31196175 42.62901760 0.00784314 0.51764706 0.78039216
v 48.17927170 -30.48446858 42.61128204 0.00784314 0.51764706 0.78039216
v 48.35268784 -31.35173092 42.52211811 0.00784314 0.51764706 0.78039216
v 48.41358566 -31.04719147 42.55342805 0.00784314 0.51764706 0.78039216
v 48.35268784 -30.74265203 42.58473799 0.00784314 0.51764706 0.78039216
v 39.31357956 -26.84434677 42.98552582 0.00784314 0.51764706 0.78039216
v 39.31357956 -22.09438295 43.47387333 0.00784314 0.51764706 0.78039216
v 47.61358261 -26.84434677 42.98552582 0.00784314 0.51764706 0.78039216
v 50.31357956 -26.07340896 43.06478654 0.00784314 0.51764706 0.78039216
v 50.21329117 -25.18799280 43.15581687 0.00784314 0.51764706 0.78039216
v 49.91746140 -24.34697456 43.24228262 0.00784314 0.51764706 0.78039216
v 46.31357956 -22.09438295 43.47387333 0.00784314 0.51764706 0.78039216
v 47.20366287 -22.19414548 43.46361667 0.00784314 0.51764706 0.78039216
v 48.04911423 -22.48843166 43.43336087 0.00784314 0.51764706 0.78039216
v 49.44090652 -23.59252850 43.31984781 0.00784314 0.51764706 0.78039216
v 48.80754471 -22.96248013 43.38462358 0.00784314 0.51764706 0.78039216
v -9.88641739 10.27442473 3.12073314 0.00784314 0.51764706 0.78039216
v -8.37237167 10.13373226 3.36207295 0.00784314 0.51764706 0.78039216
v -8.46291351 11.69793118 3.12073346 0.00784314 0.51764706 0.78039216
v -7.13641739 11.58613670 3.65869065 0.00784314 0.51764706 0.78039216
v -6.84395599 13.06734001 4.10951007 0.00784314 0.51764706 0.78039216
v -6.71099091 14.43850697 5.21318945 0.00784314 0.51764706 0.78039216
v -5.99732971 11.40828978 4.51445785 0.00784314 0.51764706 0.78039216
v -5.58372688 12.81092259 5.34337574 0.00784314 0.51764706 0.78039216
v -4.82032204 12.43908665 6.83981680 0.00784314 0.51764706 0.78039216
v -5.12327766 13.36697414 8.32218977 0.00784314 0.51764706 0.78039216
v -5.58372688 13.97988144 6.78024147 0.00784314 0.51764706 0.78039216
v -5.99732971 14.50606088 8.32218906 0.00784314 0.51764706 0.78039216
v -8.34416962 18.96204732 0.00000099 0.00784314 0.51764706 0.78039216
v -8.14387894 18.99422490 0.00000359 0.00784314 0.51764706 0.78039216
v -8.11141777 19.19918376 0.00000332 0.00784314 0.51764706 0.78039216
v -13.70756435 18.65854231 1.34580303 0.00784314 0.51764706 0.78039216
v -11.96114254 18.47046287 2.28815502 0.00784314 0.51764706 0.78039216
v -11.48790932 18.37836534 2.74142849 0.00784314 0.51764706 0.78039216
v -13.42933369 21.41704958 2.74142794 0.00784314 0.51764706 0.78039216
v -8.34416962 18.39232773 2.74142975 0.00784314 0.51764706 0.78039216
v -8.14387894 18.42450570 2.74142856 0.00784314 0.51764706 0.78039216
v -8.11141777 18.62946456 2.74142829 0.00784314 0.51764706 0.78039216
v -8.11141777 22.88869971 0.00000177 0.00784314 0.51764706 0.78039216
v -7.98033142 23.76581534 0.00000328 0.00784314 0.51764706 0.78039216
v -7.56887436 24.60942678 0.00000001 0.00784314 0.51764706 0.78039216
v -14.38184452 22.62307261 2.74142936 0.00784314 0.51764706 0.78039216
v -14.73553085 22.97676039 2.74143066 0.00784314 0.51764706 0.78039216
v -14.76510334 23.00633066 2.74142980 0.00784314 0.51764706 0.78039216
v -13.69828129 25.78458945 2.74142931 0.00784314 0.51764706 0.78039216
v -13.64802361 25.82505816 2.74142917 0.00784314 0.51764706 0.78039216
v -13.66563225 25.86961493 2.74142750 0.00784314 0.51764706 0.78039216
v -13.15957260 26.31350866 2.74143038 0.00784314 0.51764706 0.78039216
v -8.11141777 22.31898012 2.74143054 0.00784314 0.51764706 0.78039216
v -7.98033142 23.19609614 2.74142825 0.00784314 0.51764706 0.78039216
v -7.56887436 24.03971098 2.74142917 0.00784314 0.51764706 0.78039216
v -6.69616508 25.85578415 0.00000282 0.00784314 0.51764706 0.78039216
v -6.56568146 26.08179212 0.00000379 0.00784314 0.51764706 0.78039216
v -6.69616508 25.28606495 2.74142779 0.00784314 0.51764706 0.78039216
v -6.56568146 25.51207292 2.74142876 0.00784314 0.51764706 0.78039216
v -14.13400745 22.77974205 3.68945182 0.00784314 0.51764706 0.78039216
v -13.69988155 22.34561523 3.68945220 0.00784314 0.51764706 0.78039216
v -13.91196537 22.61542942 4.48011880 0.00784314 0.51764706 0.78039216
v -13.72138786 22.45896645 5.23300317 0.00784314 0.51764706 0.78039216
v -14.09728050 22.13160013 6.80824651 0.00784314 0.51764706 0.78039216
v -14.76161480 21.99155431 7.48212677 0.00784314 0.51764706 0.78039216
v -14.72466564 21.58781204 7.91758693 0.00784314 0.51764706 0.78039216
v -6.71099091 13.14629622 11.43119142 0.00784314 0.51764706 0.78039216
v -6.84395599 14.59922148 9.86413974 0.00784314 0.51764706 0.78039216
v -8.31152344 14.30061170 11.30100782 0.00784314 0.51764706 0.78039216
v -9.88641739 12.39781543 12.98568830 0.00784314 0.51764706 0.78039216
v -8.31152344 12.78396636 12.53487120 0.00784314 0.51764706 0.78039216
v -5.58372688 13.33898977 9.86413705 0.00784314 0.51764706 0.78039216
v -13.66563225 29.11158219 2.74142695 0.00784314 0.51764706 0.78039216
v -11.71395493 29.56307280 2.74142857 0.00784314 0.51764706 0.78039216
v -11.60068226 29.61412187 2.74142712 0.00784314 0.51764706 0.78039216
v -10.91926098 29.72967605 2.74142711 0.00784314 0.51764706 0.78039216
v -13.85549355 27.97757649 2.74142851 0.00784314 0.51764706 0.78039216
v -12.52550602 27.65600899 2.74142775 0.00784314 0.51764706 0.78039216
v -12.52550602 30.89061698 2.74142988 0.00784314 0.51764706 0.78039216
v -11.81293869 30.69446282 2.74143036 0.00784314 0.51764706 0.78039216
v -11.01722908 30.84945820 2.74142811 0.00784314 0.51764706 0.78039216
v -10.55017281 31.83835083 2.74142858 0.00784314 0.51764706 0.78039216
v -10.43179035 32.08900139 2.74142827 0.00784314 0.51764706 0.78039216
v -14.41451645 34.36724355 2.74143008 0.00784314 0.51764706 0.78039216
v -11.98007774 32.60486692 2.74142946 0.00784314 0.51764706 0.78039216
v -11.60068226 32.91623782 2.74142879 0.00784314 0.51764706 0.78039216
v -10.91926098 34.80339124 2.74143039 0.00784314 0.51764706 0.78039216
v -12.52550602 36.40364023 2.74142861 0.00784314 0.51764706 0.78039216
v -11.56414700 37.44001163 2.74142871 0.00784314 0.51764706 0.78039216
v -10.36141777 32.89335952 2.74142739 0.00784314 0.51764706 0.78039216
v -10.50194550 34.49960583 2.74142863 0.00784314 0.51764706 0.78039216
v -10.70328236 35.25100522 2.74142844 0.00784314 0.51764706 0.78039216
v -5.57138443 28.21406680 0.00000032 0.00784314 0.51764706 0.78039216
v -5.48212814 28.45929849 0.00000278 0.00784314 0.51764706 0.78039216
v -4.87320137 30.73183864 0.00000125 0.00784314 0.51764706 0.78039216
v -4.82788467 30.98883954 0.00000191 0.00784314 0.51764706 0.78039216
v -5.57138443 27.64434721 2.74142909 0.00784314 0.51764706 0.78039216
v -5.48212814 27.88957929 2.74142775 0.00784314 0.51764706 0.78039216
v -4.87320137 30.16211905 2.74143002 0.00784314 0.51764706 0.78039216
v -4.82788467 30.41912413 2.74142727 0.00784314 0.51764706 0.78039216
v -4.62283325 33.33259573 0.00000151 0.00784314 0.51764706 0.78039216
v -4.62283325 33.59356549 0.00000372 0.00784314 0.51764706 0.78039216
v -4.82788467 35.93731809 0.00000104 0.00784314 0.51764706 0.78039216
v -4.87320137 36.19432278 0.00000209 0.00784314 0.51764706 0.78039216
v -4.62283325 33.02384629 2.74142869 0.00784314 0.51764706 0.78039216
v -4.62283325 32.76287614 2.74143028 0.00784314 0.51764706 0.78039216
v -4.82788467 35.36759869 2.74142791 0.00784314 0.51764706 0.78039216
v -4.87320137 35.62460338 2.74142896 0.00784314 0.51764706 0.78039216
v -7.96458626 43.11040897 0.00000271 0.00784314 0.51764706 0.78039216
v -7.56887436 42.31673105 0.00000104 0.00784314 0.51764706 0.78039216
v -13.66563225 39.97927366 2.74143021 0.00784314 0.51764706 0.78039216
v -12.52550602 38.83914803 2.74142765 0.00784314 0.51764706 0.78039216
v -7.56887436 41.74701146 2.74142980 0.00784314 0.51764706 0.78039216
v -7.96458626 42.54068977 2.74142768 0.00784314 0.51764706 0.78039216
v -8.11141777 44.03746171 0.00000156 0.00784314 0.51764706 0.78039216
v -8.34752274 47.82840413 0.00000284 0.00784314 0.51764706 0.78039216
v -8.11141777 47.59229920 0.00000110 0.00784314 0.51764706 0.78039216
v -8.14369965 47.79612273 0.00000299 0.00784314 0.51764706 0.78039216
v -8.11141777 47.02258170 2.74142817 0.00784314 0.51764706 0.78039216
v -8.34752274 47.25868493 2.74142781 0.00784314 0.51764706 0.78039216
v -8.14369965 47.22640333 2.74142985 0.00784314 0.51764706 0.78039216
v -8.11141777 43.46774231 2.74142843 0.00784314 0.51764706 0.78039216
v -5.48212814 38.46686273 0.00000245 0.00784314 0.51764706 0.78039216
v -5.57138443 38.71209083 0.00000262 0.00784314 0.51764706 0.78039216
v -6.69616508 41.07037328 0.00000203 0.00784314 0.51764706 0.78039216
v -6.56568146 40.84436911 0.00000144 0.00784314 0.51764706 0.78039216
v -5.48212814 37.89714353 2.74142743 0.00784314 0.51764706 0.78039216
v -5.57138443 38.14237523 2.74142988 0.00784314 0.51764706 0.78039216
v -6.56568146 40.27464952 2.74143021 0.00784314 0.51764706 0.78039216
v -6.69616508 40.50065788 2.74142739 0.00784314 0.51764706 0.78039216
v 43.13664436 -19.42704773 8.19999695 0.13333333 0.77254902 0.36862745
v 42.47294998 -18.76335526 8.19999695 0.13333333 0.77254902 0.36862745
v 42.04683113 -17.92704773 8.19999695 0.13333333 0.77254902 0.36862745
v 41.90000153 -17.00000000 8.19999695 0.13333333 0.77254902 0.36862745
v 43.97294998 -19.85316849 8.19999695 0.13333333 0.77254902 0.36862745
v 44.90000153 -20.00000000 8.19999695 0.13333333 0.77254902 0.36862745
v 41.48236275 -9.09999847 6.03185272 0.13333333 0.77254902 0.36862745
v 41.44943810 -9.65056229 5.94221497 0.13333333 0.77254902 0.36862745
v 41.44943810 -8.54943466 5.94221497 0.13333333 0.77254902 0.36862745
v 41.42731285 -10.20634842 5.66461182 0.13333333 0.77254902 0.36862745
v 41.00000000 -9.09999847 5.83204651 0.13333333 0.77254902 0.36862745
v 40.89365196 -9.67268753 5.66461182 0.13333333 0.77254902 0.36862745
v 40.89365196 -8.52730942 5.66461182 0.13333333 0.77254902 0.36862745
v 41.90000153 -9.09999847 6.08683014 0.13333333 0.77254902 0.36862745
v 41.90000153 -9.51763535 6.03185272 0.13333333 0.77254902 0.36862745
v 41.90000153 -8.68236160 6.03185272 0.13333333 0.77254902 0.36862745
v 41.90000153 -9.62361526 6.01557159 0.13333333 0.77254902 0.36862745
v 41.90000153 -8.57638168 6.01557159 0.13333333 0.77254902 0.36862745
v 41.90000153 -10.01836777 5.85205841 0.13333333 0.77254902 0.36862745
v 41.90000153 -10.11856842 5.80281067 0.13333333 0.77254902 0.36862745
v 40.58578682 -9.09999847 5.51421356 0.13333333 0.77254902 0.36862745
v 40.84530067 -10.25469971 5.25469971 0.13333333 0.77254902 0.36862745
v 41.42731285 -10.66461182 5.20634460 0.13333333 0.77254902 0.36862745
v 40.43538666 -9.67268753 5.20634460 0.13333333 0.77254902 0.36862745
v 40.43538666 -8.52730942 5.20634460 0.13333333 0.77254902 0.36862745
v 41.90000153 -10.46045303 5.54047394 0.13333333 0.77254902 0.36862745
v 41.90000153 -10.54047394 5.46045685 0.13333333 0.77254902 0.36862745
v 40.26795006 -9.09999847 5.09999847 0.13333333 0.77254902 0.36862745
v 40.43538666 -10.20634842 4.67268372 0.13333333 0.77254902 0.36862745
v 40.89365196 -10.66461182 4.67268372 0.13333333 0.77254902 0.36862745
v 41.44943810 -10.94221497 4.65055847 0.13333333 0.77254902 0.36862745
v 40.15778351 -9.65056229 4.65055847 0.13333333 0.77254902 0.36862745
v 40.06814957 -9.09999847 4.61763763 0.13333333 0.77254902 0.36862745
v 40.15778351 -8.54943466 4.65055847 0.13333333 0.77254902 0.36862745
v 41.90000153 -10.80281067 5.11856842 0.13333333 0.77254902 0.36862745
v 41.90000153 -10.85205841 5.01836395 0.13333333 0.77254902 0.36862745
v 41.90000153 -11.01556778 4.62361908 0.13333333 0.77254902 0.36862745
v 41.90000153 -11.03184891 4.51763916 0.13333333 0.77254902 0.36862745
v 41.42731285 -7.99364853 5.66461182 0.13333333 0.77254902 0.36862745
v 41.90000153 -8.18162918 5.85205841 0.13333333 0.77254902 0.36862745
v 41.90000153 -8.08142853 5.80281067 0.13333333 0.77254902 0.36862745
v 40.84530067 -7.94529724 5.25469971 0.13333333 0.77254902 0.36862745
v 41.42731285 -7.53538513 5.20634460 0.13333333 0.77254902 0.36862745
v 41.90000153 -7.73954391 5.54047394 0.13333333 0.77254902 0.36862745
v 41.90000153 -7.65952301 5.46045685 0.13333333 0.77254902 0.36862745
v 40.43538666 -7.99364853 4.67268372 0.13333333 0.77254902 0.36862745
v 40.89365196 -7.53538513 4.67268372 0.13333333 0.77254902 0.36862745
v 41.44943810 -7.25778198 4.65055847 0.13333333 0.77254902 0.36862745
v 41.90000153 -7.39718628 5.11856842 0.13333333 0.77254902 0.36862745
v 41.90000153 -7.34793854 5.01836395 0.13333333 0.77254902 0.36862745
v 41.90000153 -7.18442917 4.62361908 0.13333333 0.77254902 0.36862745
v 41.90000153 -7.16814804 4.51763916 0.13333333 0.77254902 0.36862745
v 55.65000153 -20.00000000 8.19999695 0.13333333 0.77254902 0.36862745
v 55.65000153 -3.00000000 8.19999695 0.13333333 0.77254902 0.36862745
v 55.79432678 -1.35034180 8.19999695 0.13333333 0.77254902 0.36862745
v 56.22291946 0.24919128 8.19999695 0.13333333 0.77254902 0.36862745
v 56.92276001 1.75000000 8.19999695 0.13333333 0.77254902 0.36862745
v 57.87257767 3.10648346 8.19999695 0.13333333 0.77254902 0.36862745
v 41.90000153 11.00000000 8.19999695 0.13333333 0.77254902 0.36862745
v 42.04683113 11.92705536 8.19999695 0.13333333 0.77254902 0.36862745
v 42.47294998 12.76335907 8.19999695 0.13333333 0.77254902 0.36862745
v 43.13664436 13.42705536 8.19999695 0.13333333 0.77254902 0.36862745
v 43.97294998 13.85317230 8.19999695 0.13333333 0.77254902 0.36862745
v 44.90000153 14.00000000 8.19999695 0.13333333 0.77254902 0.36862745
v 47.41794968 14.00000000 8.19999695 0.13333333 0.77254902 0.36862745
v 47.15000153 15.00000000 8.19999695 0.13333333 0.77254902 0.36862745
v 47.15000153 25.00000000 8.19999695 0.13333333 0.77254902 0.36862745
v 47.41794968 26.00000000 8.19999695 0.13333333 0.77254902 0.36862745
v 48.15000153 26.73205566 8.19999695 0.13333333 0.77254902 0.36862745
v 49.15000153 27.00000000 8.19999695 0.13333333 0.77254902 0.36862745
v 59.04351807 4.27742004 8.19999695 0.13333333 0.77254902 0.36862745
v 60.40000153 5.22724152 8.19999695 0.13333333 0.77254902 0.36862745
v 61.90081024 5.92707825 8.19999695 0.13333333 0.77254902 0.36862745
v 63.50034332 6.35567474 8.19999695 0.13333333 0.77254902 0.36862745
v 40.58578682 -10.51421356 4.09999847 0.13333333 0.77254902 0.36862745
v 40.26795006 -10.09999847 4.09999847 0.13333333 0.77254902 0.36862745
v 41.00000000 -10.83205032 4.09999847 0.13333333 0.77254902 0.36862745
v 41.48236275 -11.03184891 4.09999847 0.13333333 0.77254902 0.36862745
v 40.06814957 -9.61763763 4.09999847 0.13333333 0.77254902 0.36862745
v 40.00000000 -9.09999847 4.09999847 0.13333333 0.77254902 0.36862745
v 40.06814957 -8.58235931 4.09999847 0.13333333 0.77254902 0.36862745
v 41.90000153 -11.08683395 4.09999847 0.13333333 0.77254902 0.36862745
v 41.90000153 -11.03184891 3.68235779 0.13333333 0.77254902 0.36862745
v 40.43538666 -10.20634842 3.52730560 0.13333333 0.77254902 0.36862745
v 40.89365196 -10.66461182 3.52730560 0.13333333 0.77254902 0.36862745
v 41.44943810 -10.94221497 3.54943848 0.13333333 0.77254902 0.36862745
v 40.15778351 -9.65056229 3.54943848 0.13333333 0.77254902 0.36862745
v 40.06814957 -9.09999847 3.58235931 0.13333333 0.77254902 0.36862745
v 40.15778351 -8.54943466 3.54943848 0.13333333 0.77254902 0.36862745
v 40.26795006 -9.09999847 3.09999847 0.13333333 0.77254902 0.36862745
v 41.90000153 -11.01556778 3.57637787 0.13333333 0.77254902 0.36862745
v 41.90000153 -10.85205841 3.18163300 0.13333333 0.77254902 0.36862745
v 41.90000153 -10.80281067 3.08142853 0.13333333 0.77254902 0.36862745
v 41.42731285 -10.66461182 2.99364471 0.13333333 0.77254902 0.36862745
v 40.84530067 -10.25469971 2.94529724 0.13333333 0.77254902 0.36862745
v 40.43538666 -9.67268753 2.99364471 0.13333333 0.77254902 0.36862745
v 40.43538666 -8.52730942 2.99364471 0.13333333 0.77254902 0.36862745
v 40.58578682 -9.09999847 2.68578339 0.13333333 0.77254902 0.36862745
v 41.90000153 -10.54047394 2.73954010 0.13333333 0.77254902 0.36862745
v 41.90000153 -10.46045303 2.65952301 0.13333333 0.77254902 0.36862745
v 41.42731285 -10.20634842 2.53538513 0.13333333 0.77254902 0.36862745
v 40.89365196 -9.67268753 2.53538513 0.13333333 0.77254902 0.36862745
v 40.89365196 -8.52730942 2.53538513 0.13333333 0.77254902 0.36862745
v 41.00000000 -9.09999847 2.36795044 0.13333333 0.77254902 0.36862745
v 41.44943810 -9.65056229 2.25778198 0.13333333 0.77254902 0.36862745
v 41.44943810 -8.54943466 2.25778198 0.13333333 0.77254902 0.36862745
v 41.48236275 -9.09999847 2.16814423 0.13333333 0.77254902 0.36862745
v 41.90000153 -10.11856842 2.39718628 0.13333333 0.77254902 0.36862745
v 41.90000153 -10.01836777 2.34793854 0.13333333 0.77254902 0.36862745
v 41.90000153 -9.62361526 2.18442535 0.13333333 0.77254902 0.36862745
v 41.90000153 -8.57638168 2.18442535 0.13333333 0.77254902 0.36862745
v 41.90000153 -9.51763535 2.16814423 0.13333333 0.77254902 0.36862745
v 41.90000153 -9.09999847 2.11316681 0.13333333 0.77254902 0.36862745
v 41.90000153 -8.68236160 2.16814423 0.13333333 0.77254902 0.36862745
v 40.26795006 -8.09999847 4.09999847 0.13333333 0.77254902 0.36862745
v 40.58578682 -7.68578339 4.09999847 0.13333333 0.77254902 0.36862745
v 41.00000000 -7.36794662 4.09999847 0.13333333 0.77254902 0.36862745
v 41.48236275 -7.16814804 4.09999847 0.13333333 0.77254902 0.36862745
v 41.90000153 -7.11316299 4.09999847 0.13333333 0.77254902 0.36862745
v 41.90000153 -7.16814804 3.68235779 0.13333333 0.77254902 0.36862745
v 40.43538666 -7.99364853 3.52730560 0.13333333 0.77254902 0.36862745
v 40.89365196 -7.53538513 3.52730560 0.13333333 0.77254902 0.36862745
v 41.44943810 -7.25778198 3.54943848 0.13333333 0.77254902 0.36862745
v 41.90000153 -7.18442917 3.57637787 0.13333333 0.77254902 0.36862745
v 41.90000153 -7.34793854 3.18163300 0.13333333 0.77254902 0.36862745
v 41.90000153 -7.39718628 3.08142853 0.13333333 0.77254902 0.36862745
v 41.42731285 -7.53538513 2.99364471 0.13333333 0.77254902 0.36862745
v 40.84530067 -7.94529724 2.94529724 0.13333333 0.77254902 0.36862745
v 41.90000153 -7.65952301 2.73954010 0.13333333 0.77254902 0.36862745
v 41.90000153 -7.73954391 2.65952301 0.13333333 0.77254902 0.36862745
v 41.42731285 -7.99364853 2.53538513 0.13333333 0.77254902 0.36862745
v 41.90000153 -8.08142853 2.39718628 0.13333333 0.77254902 0.36862745
v 41.90000153 -8.18162918 2.34793854 0.13333333 0.77254902 0.36862745
v 43.13664436 -19.42704773 0.00000000 0.13333333 0.77254902 0.36862745
v 42.47294998 -18.76335526 0.00000000 0.13333333 0.77254902 0.36862745
v 42.04683113 -17.92704773 0.00000000 0.13333333 0.77254902 0.36862745
v 41.90000153 -17.00000000 0.00000000 0.13333333 0.77254902 0.36862745
v 43.97294998 -19.85316849 0.00000000 0.13333333 0.77254902 0.36862745
v 44.90000153 -20.00000000 0.00000000 0.13333333 0.77254902 0.36862745
v 55.65000153 -20.00000000 0.00000000 0.13333333 0.77254902 0.36862745
v 55.65000153 -3.00000000 0.00000000 0.13333333 0.77254902 0.36862745
v 55.79432678 -1.35034180 0.00000000 0.13333333 0.77254902 0.36862745
v 56.22291946 0.24919128 0.00000000 0.13333333 0.77254902 0.36862745
v 56.92276001 1.75000000 0.00000000 0.13333333 0.77254902 0.36862745
v 57.87257767 3.10648346 0.00000000 0.13333333 0.77254902 0.36862745
v 41.90000153 11.00000000 0.00000000 0.13333333 0.77254902 0.36862745
v 42.04683113 11.92705536 0.00000000 0.13333333 0.77254902 0.36862745
v 42.47294998 12.76335907 0.00000000 0.13333333 0.77254902 0.36862745
v 43.13664436 13.42705536 0.00000000 0.13333333 0.77254902 0.36862745
v 43.97294998 13.85317230 0.00000000 0.13333333 0.77254902 0.36862745
v 44.90000153 14.00000000 0.00000000 0.13333333 0.77254902 0.36862745
v 47.41794968 14.00000000 0.00000000 0.13333333 0.77254902 0.36862745
v 47.15000153 15.00000000 0.00000000 0.13333333 0.77254902 0.36862745
v 47.15000153 25.00000000 0.00000000 0.13333333 0.77254902 0.36862745
v 47.41794968 26.00000000 0.00000000 0.13333333 0.77254902 0.36862745
v 48.15000153 26.73205566 0.00000000 0.13333333 0.77254902 0.36862745
v 49.15000153 27.00000000 0.00000000 0.13333333 0.77254902 0.36862745
v 59.04351807 4.27742004 0.00000000 0.13333333 0.77254902 0.36862745
v 60.40000153 5.22724152 0.00000000 0.13333333 0.77254902 0.36862745
v 61.90081024 5.92707825 0.00000000 0.13333333 0.77254902 0.36862745
v 63.50034332 6.35567474 0.00000000 0.13333333 0.77254902 0.36862745
v 74.65000153 -20.00000000 8.19999695 0.13333333 0.77254902 0.36862745
v 74.65000153 -3.00000000 8.19999695 0.13333333 0.77254902 0.36862745
v 74.50567627 -1.35034180 8.19999695 0.13333333 0.77254902 0.36862745
v 74.07707977 0.24919128 8.19999695 0.13333333 0.77254902 0.36862745
v 72.42742157 3.10648346 8.19999695 0.13333333 0.77254902 0.36862745
v 73.37724304 1.75000000 8.19999695 0.13333333 0.77254902 0.36862745
v 85.39999771 -20.00000000 8.19999695 0.13333333 0.77254902 0.36862745
v 86.32705307 -19.85316849 8.19999695 0.13333333 0.77254902 0.36862745
v 87.16335678 -19.42704773 8.19999695 0.13333333 0.77254902 0.36862745
v 87.82705307 -18.76335526 8.19999695 0.13333333 0.77254902 0.36862745
v 88.25317001 -17.92704773 8.19999695 0.13333333 0.77254902 0.36862745
v 88.39999771 -17.00000000 8.19999695 0.13333333 0.77254902 0.36862745
v 88.39999771 -9.09999847 6.08683014 0.13333333 0.77254902 0.36862745
v 88.39999771 -9.51763535 6.03185272 0.13333333 0.77254902 0.36862745
v 88.39999771 -8.68236160 6.03185272 0.13333333 0.77254902 0.36862745
v 88.39999771 -9.62361526 6.01557159 0.13333333 0.77254902 0.36862745
v 88.39999771 -8.57638168 6.01557159 0.13333333 0.77254902 0.36862745
v 88.39999771 -10.01836777 5.85205841 0.13333333 0.77254902 0.36862745
v 88.39999771 -10.11856842 5.80281067 0.13333333 0.77254902 0.36862745
v 88.81763840 -9.09999847 6.03185272 0.13333333 0.77254902 0.36862745
v 88.85055923 -9.65056229 5.94221497 0.13333333 0.77254902 0.36862745
v 88.85055923 -8.54943466 5.94221497 0.13333333 0.77254902 0.36862745
v 88.87269211 -10.20634842 5.66461182 0.13333333 0.77254902 0.36862745
v 89.29999924 -9.09999847 5.83204651 0.13333333 0.77254902 0.36862745
v 89.40635300 -9.67268753 5.66461182 0.13333333 0.77254902 0.36862745
v 89.40635300 -8.52730942 5.66461182 0.13333333 0.77254902 0.36862745
v 88.39999771 -10.46045303 5.54047394 0.13333333 0.77254902 0.36862745
v 88.39999771 -10.54047394 5.46045685 0.13333333 0.77254902 0.36862745
v 89.71421432 -9.09999847 5.51421356 0.13333333 0.77254902 0.36862745
v 89.45470047 -10.25469971 5.25469971 0.13333333 0.77254902 0.36862745
v 88.87269211 -10.66461182 5.20634460 0.13333333 0.77254902 0.36862745
v 89.86461258 -9.67268753 5.20634460 0.13333333 0.77254902 0.36862745
v 89.86461258 -8.52730942 5.20634460 0.13333333 0.77254902 0.36862745
v 88.39999771 -10.80281067 5.11856842 0.13333333 0.77254902 0.36862745
v 88.39999771 -10.85205841 5.01836395 0.13333333 0.77254902 0.36862745
v 88.39999771 -11.01556778 4.62361908 0.13333333 0.77254902 0.36862745
v 90.03205490 -9.09999847 5.09999847 0.13333333 0.77254902 0.36862745
v 88.85055923 -10.94221497 4.65055847 0.13333333 0.77254902 0.36862745
v 89.40635300 -10.66461182 4.67268372 0.13333333 0.77254902 0.36862745
v 89.86461258 -10.20634842 4.67268372 0.13333333 0.77254902 0.36862745
v 90.14221573 -9.65056229 4.65055847 0.13333333 0.77254902 0.36862745
v 90.23185349 -9.09999847 4.61763763 0.13333333 0.77254902 0.36862745
v 90.14221573 -8.54943466 4.65055847 0.13333333 0.77254902 0.36862745
v 88.39999771 -11.03184891 4.51763916 0.13333333 0.77254902 0.36862745
v 88.39999771 -8.18162918 5.85205841 0.13333333 0.77254902 0.36862745
v 88.39999771 -8.08142853 5.80281067 0.13333333 0.77254902 0.36862745
v 88.87269211 -7.99364853 5.66461182 0.13333333 0.77254902 0.36862745
v 88.39999771 -7.73954391 5.54047394 0.13333333 0.77254902 0.36862745
v 88.39999771 -7.65952301 5.46045685 0.13333333 0.77254902 0.36862745
v 89.45470047 -7.94529724 5.25469971 0.13333333 0.77254902 0.36862745
v 88.87269211 -7.53538513 5.20634460 0.13333333 0.77254902 0.36862745
v 88.39999771 -7.39718628 5.11856842 0.13333333 0.77254902 0.36862745
v 88.39999771 -7.34793854 5.01836395 0.13333333 0.77254902 0.36862745
v 88.39999771 -7.18442917 4.62361908 0.13333333 0.77254902 0.36862745
v 89.40635300 -7.53538513 4.67268372 0.13333333 0.77254902 0.36862745
v 88.85055923 -7.25778198 4.65055847 0.13333333 0.77254902 0.36862745
v 89.86461258 -7.99364853 4.67268372 0.13333333 0.77254902 0.36862745
v 88.39999771 -7.16814804 4.51763916 0.13333333 0.77254902 0.36862745
v 66.79965973 6.35567474 8.19999695 0.13333333 0.77254902 0.36862745
v 65.15000153 6.50000000 8.19999695 0.13333333 0.77254902 0.36862745
v 68.39919281 5.92707825 8.19999695 0.13333333 0.77254902 0.36862745
v 71.25648117 4.27742004 8.19999695 0.13333333 0.77254902 0.36862745
v 69.90000153 5.22724152 8.19999695 0.13333333 0.77254902 0.36862745
v 82.88205338 14.00000000 8.19999695 0.13333333 0.77254902 0.36862745
v 83.14999771 15.00000000 8.19999695 0.13333333 0.77254902 0.36862745
v 85.39999771 14.00000000 8.19999695 0.13333333 0.77254902 0.36862745
v 86.32705307 13.85317230 8.19999695 0.13333333 0.77254902 0.36862745
v 88.39999771 11.00000000 8.19999695 0.13333333 0.77254902 0.36862745
v 88.25317001 11.92705536 8.19999695 0.13333333 0.77254902 0.36862745
v 87.82705307 12.76335907 8.19999695 0.13333333 0.77254902 0.36862745
v 87.16335678 13.42705536 8.19999695 0.13333333 0.77254902 0.36862745
v 81.14999771 27.00000000 8.19999695 0.13333333 0.77254902 0.36862745
v 82.14999771 26.73205566 8.19999695 0.13333333 0.77254902 0.36862745
v 83.14999771 25.00000000 8.19999695 0.13333333 0.77254902 0.36862745
v 82.88205338 26.00000000 8.19999695 0.13333333 0.77254902 0.36862745
v 74.65000153 -20.00000000 0.00000000 0.13333333 0.77254902 0.36862745
v 74.65000153 -3.00000000 0.00000000 0.13333333 0.77254902 0.36862745
v 74.50567627 -1.35034180 0.00000000 0.13333333 0.77254902 0.36862745
v 74.07707977 0.24919128 0.00000000 0.13333333 0.77254902 0.36862745
v 72.42742157 3.10648346 0.00000000 0.13333333 0.77254902 0.36862745
v 73.37724304 1.75000000 0.00000000 0.13333333 0.77254902 0.36862745
v 88.39999771 -11.08683395 4.09999847 0.13333333 0.77254902 0.36862745
v 88.39999771 -11.03184891 3.68235779 0.13333333 0.77254902 0.36862745
v 88.81763840 -11.03184891 4.09999847 0.13333333 0.77254902 0.36862745
v 89.29999924 -10.83205032 4.09999847 0.13333333 0.77254902 0.36862745
v 89.71421432 -10.51421356 4.09999847 0.13333333 0.77254902 0.36862745
v 90.03205490 -10.09999847 4.09999847 0.13333333 0.77254902 0.36862745
v 90.23185349 -9.61763763 4.09999847 0.13333333 0.77254902 0.36862745
v 90.29999924 -9.09999847 4.09999847 0.13333333 0.77254902 0.36862745
v 90.23185349 -8.58235931 4.09999847 0.13333333 0.77254902 0.36862745
v 88.39999771 -11.01556778 3.57637787 0.13333333 0.77254902 0.36862745
v 88.39999771 -10.85205841 3.18163300 0.13333333 0.77254902 0.36862745
v 88.39999771 -10.80281067 3.08142853 0.13333333 0.77254902 0.36862745
v 88.85055923 -10.94221497 3.54943848 0.13333333 0.77254902 0.36862745
v 89.40635300 -10.66461182 3.52730560 0.13333333 0.77254902 0.36862745
v 89.86461258 -10.20634842 3.52730560 0.13333333 0.77254902 0.36862745
v 90.14221573 -9.65056229 3.54943848 0.13333333 0.77254902 0.36862745
v 90.23185349 -9.09999847 3.58235931 0.13333333 0.77254902 0.36862745
v 90.14221573 -8.54943466 3.54943848 0.13333333 0.77254902 0.36862745
v 90.03205490 -9.09999847 3.09999847 0.13333333 0.77254902 0.36862745
v 88.39999771 -10.54047394 2.73954010 0.13333333 0.77254902 0.36862745
v 88.39999771 -10.46045303 2.65952301 0.13333333 0.77254902 0.36862745
v 88.87269211 -10.66461182 2.99364471 0.13333333 0.77254902 0.36862745
v 89.45470047 -10.25469971 2.94529724 0.13333333 0.77254902 0.36862745
v 89.86461258 -9.67268753 2.99364471 0.13333333 0.77254902 0.36862745
v 89.86461258 -8.52730942 2.99364471 0.13333333 0.77254902 0.36862745
v 89.71421432 -9.09999847 2.68578339 0.13333333 0.77254902 0.36862745
v 88.39999771 -10.11856842 2.39718628 0.13333333 0.77254902 0.36862745
v 88.39999771 -10.01836777 2.34793854 0.13333333 0.77254902 0.36862745
v 88.39999771 -9.62361526 2.18442535 0.13333333 0.77254902 0.36862745
v 88.39999771 -8.57638168 2.18442535 0.13333333 0.77254902 0.36862745
v 88.39999771 -9.51763535 2.16814423 0.13333333 0.77254902 0.36862745
v 88.39999771 -9.09999847 2.11316681 0.13333333 0.77254902 0.36862745
v 88.39999771 -8.68236160 2.16814423 0.13333333 0.77254902 0.36862745
v 88.87269211 -10.20634842 2.53538513 0.13333333 0.77254902 0.36862745
v 89.40635300 -9.67268753 2.53538513 0.13333333 0.77254902 0.36862745
v 89.40635300 -8.52730942 2.53538513 0.13333333 0.77254902 0.36862745
v 89.29999924 -9.09999847 2.36795044 0.13333333 0.77254902 0.36862745
v 88.85055923 -9.65056229 2.25778198 0.13333333 0.77254902 0.36862745
v 88.85055923 -8.54943466 2.25778198 0.13333333 0.77254902 0.36862745
v 88.81763840 -9.09999847 2.16814423 0.13333333 0.77254902 0.36862745
v 88.39999771 -7.11316299 4.09999847 0.13333333 0.77254902 0.36862745
v 88.39999771 -7.16814804 3.68235779 0.13333333 0.77254902 0.36862745
v 88.81763840 -7.16814804 4.09999847 0.13333333 0.77254902 0.36862745
v 89.29999924 -7.36794662 4.09999847 0.13333333 0.77254902 0.36862745
v 89.71421432 -7.68578339 4.09999847 0.13333333 0.77254902 0.36862745
v 90.03205490 -8.09999847 4.09999847 0.13333333 0.77254902 0.36862745
v 88.39999771 -7.18442917 3.57637787 0.13333333 0.77254902 0.36862745
v 88.39999771 -7.34793854 3.18163300 0.13333333 0.77254902 0.36862745
v 88.39999771 -7.39718628 3.08142853 0.13333333 0.77254902 0.36862745
v 89.40635300 -7.53538513 3.52730560 0.13333333 0.77254902 0.36862745
v 88.85055923 -7.25778198 3.54943848 0.13333333 0.77254902 0.36862745
v 89.86461258 -7.99364853 3.52730560 0.13333333 0.77254902 0.36862745
v 88.39999771 -7.65952301 2.73954010 0.13333333 0.77254902 0.36862745
v 88.39999771 -7.73954391 2.65952301 0.13333333 0.77254902 0.36862745
v 88.87269211 -7.53538513 2.99364471 0.13333333 0.77254902 0.36862745
v 89.45470047 -7.94529724 2.94529724 0.13333333 0.77254902 0.36862745
v 88.39999771 -8.08142853 2.39718628 0.13333333 0.77254902 0.36862745
v 88.39999771 -8.18162918 2.34793854 0.13333333 0.77254902 0.36862745
v 88.87269211 -7.99364853 2.53538513 0.13333333 0.77254902 0.36862745
v 85.39999771 -20.00000000 0.00000000 0.13333333 0.77254902 0.36862745
v 86.32705307 -19.85316849 0.00000000 0.13333333 0.77254902 0.36862745
v 87.16335678 -19.42704773 0.00000000 0.13333333 0.77254902 0.36862745
v 87.82705307 -18.76335526 0.00000000 0.13333333 0.77254902 0.36862745
v 88.25317001 -17.92704773 0.00000000 0.13333333 0.77254902 0.36862745
v 88.39999771 -17.00000000 0.00000000 0.13333333 0.77254902 0.36862745
v 66.79965973 6.35567474 0.00000000 0.13333333 0.77254902 0.36862745
v 65.15000153 6.50000000 0.00000000 0.13333333 0.77254902 0.36862745
v 68.39919281 5.92707825 0.00000000 0.13333333 0.77254902 0.36862745
v 71.25648117 4.27742004 0.00000000 0.13333333 0.77254902 0.36862745
v 69.90000153 5.22724152 0.00000000 0.13333333 0.77254902 0.36862745
v 82.88205338 14.00000000 0.00000000 0.13333333 0.77254902 0.36862745
v 83.14999771 15.00000000 0.00000000 0.13333333 0.77254902 0.36862745
v 85.39999771 14.00000000 0.00000000 0.13333333 0.77254902 0.36862745
v 86.32705307 13.85317230 0.00000000 0.13333333 0.77254902 0.36862745
v 88.39999771 11.00000000 0.00000000 0.13333333 0.77254902 0.36862745
v 88.25317001 11.92705536 0.00000000 0.13333333 0.77254902 0.36862745
v 87.82705307 12.76335907 0.00000000 0.13333333 0.77254902 0.36862745
v 87.16335678 13.42705536 0.00000000 0.13333333 0.77254902 0.36862745
v 81.14999771 27.00000000 0.00000000 0.13333333 0.77254902 0.36862745
v 82.14999771 26.73205566 0.00000000 0.13333333 0.77254902 0.36862745
v 83.14999771 25.00000000 0.00000000 0.13333333 0.77254902 0.36862745
v 82.88205338 26.00000000 0.00000000 0.13333333 0.77254902 0.36862745
f 12 13 14
f 11 12 14
f 13 28 14
f 19 20 28
f 13 19 28
f 20 29 28
f 11 15 12
f 12 15 16
f 16 18 17
f 12 16 13
f 13 16 17
f 13 17 19
f 17 23 19
f 11 14 18
f 14 28 32
f 11 18 15
f 14 32 18
f 15 18 16
f 17 18 32
f 17 32 23
f 23 32 24
f 24 32 33
f 24 33 50
f 19 23 20
f 20 23 24
f 20 24 22
f 22 24 27
f 21 25 180
f 25 26 180
f 21 22 27
f 21 27 25
f 24 190 27
f 24 50 52
f 24 52 215
f 24 215 188
f 31 208 34
f 34 211 35
f 28 29 33
f 29 30 36
f 28 33 32
f 29 36 33
f 33 36 49
f 30 31 37
f 31 34 38
f 34 35 39
f 30 37 36
f 31 38 37
f 37 38 68
f 34 39 38
f 38 39 42
f 39 112 40
f 39 40 42
f 38 42 43
f 36 37 49
f 37 55 49
f 37 68 55
f 38 43 47
f 38 47 45
f 38 45 75
f 38 75 68
f 29 207 30
f 30 213 31
f 31 212 208
f 31 213 212
f 30 207 213
f 34 208 209
f 34 209 210
f 34 210 211
f 35 211 352
f 33 48 50
f 33 49 48
f 52 53 215
f 52 51 53
f 69 54 68
f 45 56 59
f 45 59 75
f 56 57 60
f 56 60 59
f 57 58 61
f 57 61 60
f 75 69 68
f 73 70 72
f 75 77 71
f 72 71 74
f 74 71 77
f 73 72 74
f 75 76 77
f 58 79 61
f 61 78 63
f 62 63 78
f 58 64 79
f 79 78 61
f 79 64 81
f 84 83 82
f 102 107 103
f 35 352 101
f 101 353 102
f 102 106 107
f 103 107 104
f 104 107 105
f 105 107 140
f 35 101 109
f 101 102 110
f 102 103 121
f 102 114 115
f 102 121 114
f 35 109 39
f 101 110 109
f 39 113 112
f 39 109 113
f 109 111 113
f 102 117 110
f 102 115 117
f 109 116 111
f 110 117 116
f 109 110 116
f 103 104 120
f 104 105 118
f 103 120 121
f 104 118 120
f 105 119 118
f 102 355 106
f 101 352 353
f 102 353 354
f 102 354 355
f 84 82 124
f 127 126 125
f 127 125 129
f 132 384 131
f 132 134 384
f 386 134 133
f 135 404 133
f 133 404 386
f 142 404 135
f 105 485 119
f 26 181 180
f 181 185 182
f 182 184 183
f 183 186 193
f 20 22 341
f 26 185 181
f 182 185 184
f 183 184 186
f 186 187 193
f 27 190 191
f 24 188 189
f 24 189 190
f 27 191 200
f 27 200 204
f 25 27 343
f 27 204 205
f 188 218 189
f 190 189 217
f 181 182 341
f 187 192 193
f 192 196 194
f 182 183 341
f 183 193 341
f 192 341 193
f 194 197 195
f 195 198 287
f 198 199 287
f 21 180 341
f 180 181 341
f 21 341 22
f 187 196 192
f 194 196 197
f 184 185 343
f 195 197 198
f 184 343 186
f 187 343 196
f 186 343 187
f 25 343 26
f 27 205 206
f 26 343 185
f 202 203 200
f 202 258 203
f 200 203 204
f 27 206 343
f 20 341 29
f 29 250 207
f 188 216 214
f 188 214 218
f 219 217 189
f 225 201 217
f 219 225 217
f 219 220 225
f 219 221 220
f 222 220 221
f 248 223 224
f 226 223 227
f 227 223 248
f 225 220 228
f 228 220 226
f 228 226 227
f 229 231 230
f 236 232 233
f 236 233 234
f 230 231 237
f 237 241 230
f 237 238 241
f 241 238 239
f 240 245 244
f 240 244 243
f 357 245 246
f 244 245 357
f 29 341 250
f 341 251 250
f 259 265 204
f 261 262 259
f 262 261 264
f 261 263 264
f 263 267 264
f 265 259 262
f 267 266 264
f 270 275 271
f 277 271 275
f 278 280 272
f 278 279 280
f 281 283 284
f 282 284 283
f 273 285 319
f 192 194 341
f 194 195 341
f 199 288 287
f 288 292 289
f 199 292 288
f 289 292 293
f 289 290 291
f 195 287 341
f 291 295 296
f 289 293 290
f 290 294 291
f 290 293 294
f 291 294 295
f 295 304 296
f 287 288 341
f 288 289 341
f 196 343 197
f 197 343 198
f 198 343 199
f 293 295 294
f 199 343 292
f 292 343 293
f 296 304 297
f 297 305 298
f 297 304 305
f 298 300 299
f 298 305 300
f 299 300 301
f 289 291 341
f 291 296 340
f 296 297 340
f 304 342 305
f 297 298 340
f 298 299 302
f 299 301 302
f 298 302 340
f 302 303 340
f 300 305 342
f 301 303 302
f 300 303 301
f 300 342 303
f 293 343 295
f 295 342 304
f 341 249 251
f 341 252 249
f 341 253 252
f 341 254 253
f 345 255 254
f 346 256 255
f 347 409 257
f 347 257 256
f 307 308 311
f 307 311 310
f 343 206 306
f 343 306 307
f 343 307 310
f 312 313 309
f 343 310 312
f 343 312 309
f 343 309 322
f 274 322 314
f 274 273 315
f 315 273 319
f 322 309 314
f 322 274 315
f 322 315 320
f 285 317 319
f 286 318 317
f 286 316 318
f 322 324 323
f 323 327 329
f 328 325 321
f 328 321 326
f 333 334 335
f 337 336 338
f 337 338 339
f 295 343 342
f 291 340 341
f 340 342 341
f 341 343 344
f 303 342 340
f 341 342 343
f 343 348 344
f 341 344 254
f 344 345 254
f 345 346 255
f 346 347 256
f 343 322 348
f 348 322 349
f 344 348 345
f 345 349 346
f 346 350 347
f 349 323 350
f 345 348 349
f 350 332 351
f 346 349 350
f 347 350 351
f 349 322 323
f 350 323 329
f 350 329 330
f 350 330 332
f 332 331 351
f 351 333 335
f 351 331 333
f 351 335 337
f 351 337 339
f 351 339 464
f 106 355 356
f 106 407 408
f 106 356 407
f 106 477 141
f 377 358 357
f 358 359 391
f 359 379 391
f 378 392 379
f 392 391 379
f 378 360 392
f 363 364 235
f 363 366 364
f 369 373 370
f 368 373 369
f 368 374 373
f 371 377 367
f 371 372 376
f 374 375 372
f 371 376 377
f 246 365 357
f 357 365 367
f 377 357 367
f 368 381 374
f 384 380 131
f 384 381 380
f 374 382 375
f 385 388 383
f 384 134 386
f 386 389 385
f 389 386 387
f 388 385 389
f 361 394 393
f 393 394 397
f 361 395 394
f 362 396 395
f 397 394 398
f 398 400 399
f 401 399 400
f 400 402 401
f 386 404 387
f 387 404 390
f 362 445 396
f 402 396 445
f 402 445 403
f 362 404 445
f 106 408 477
f 416 412 413
f 416 403 417
f 401 413 399
f 401 416 413
f 401 403 416
f 418 414 419
f 418 419 420
f 418 432 430
f 418 420 432
f 424 426 427
f 427 426 425
f 428 425 426
f 428 429 431
f 432 431 430
f 430 431 429
f 450 436 435
f 433 450 435
f 441 450 434
f 434 450 433
f 438 437 421
f 438 421 439
f 441 442 455
f 441 455 450
f 417 403 445
f 446 423 422
f 446 422 445
f 448 447 440
f 142 445 404
f 142 446 445
f 446 443 448
f 447 448 443
f 476 411 409
f 477 410 411
f 477 408 405
f 477 405 406
f 477 406 410
f 141 478 482
f 141 477 478
f 450 453 449
f 451 453 450
f 451 454 453
f 453 466 452
f 453 454 465
f 465 466 453
f 456 454 451
f 456 458 454
f 456 457 458
f 458 457 470
f 469 470 457
f 457 461 459
f 469 457 459
f 466 462 452
f 465 467 466
f 467 463 466
f 470 468 465
f 468 470 469
f 471 465 468
f 469 459 473
f 481 469 472
f 483 473 474
f 483 472 473
f 474 460 475
f 483 444 443
f 483 475 444
f 483 474 475
f 347 476 409
f 476 477 411
f 479 467 480
f 480 469 481
f 481 472 483
f 347 351 476
f 476 479 477
f 477 480 478
f 478 481 482
f 351 464 479
f 351 479 476
f 477 479 480
f 478 480 481
f 481 483 482
f 479 464 467
f 480 467 465
f 480 465 471
f 480 471 469
f 482 483 714
f 105 140 505
f 140 141 505
f 105 505 485
f 485 510 509
f 485 505 510
f 505 512 510
f 505 529 512
f 505 520 529
f 520 531 529
f 520 521 531
f 521 522 530
f 521 530 531
f 522 532 530
f 522 523 532
f 523 524 533
f 523 533 532
f 524 534 533
f 524 525 534
f 525 535 534
f 525 536 535
f 525 537 536
f 525 526 537
f 526 527 538
f 526 538 537
f 527 539 538
f 527 528 539
f 528 540 539
f 528 541 540
f 521 632 522
f 505 635 520
f 520 635 521
f 522 628 523
f 523 628 524
f 522 632 633
f 521 635 632
f 522 633 634
f 522 634 628
f 524 628 629
f 524 629 630
f 524 630 631
f 524 631 525
f 525 631 526
f 526 631 527
f 527 631 636
f 527 636 637
f 527 637 638
f 527 638 639
f 527 639 640
f 556 558 563
f 559 564 560
f 649 565 651
f 571 573 572
f 571 574 573
f 571 575 574
f 575 1192 576
f 575 576 574
f 1192 577 576
f 574 662 573
f 142 716 446
f 142 484 716
f 141 714 505
f 141 482 714
f 716 443 446
f 483 443 716
f 483 716 714
f 505 616 635
f 505 622 616
f 505 619 622
f 484 513 709
f 505 715 619
f 484 709 716
f 519 627 711
f 527 640 641
f 527 641 676
f 564 656 654
f 645 651 646
f 647 646 651
f 559 561 656
f 561 562 655
f 564 559 656
f 564 654 650
f 561 655 656
f 643 649 644
f 649 651 645
f 649 645 644
f 652 650 654
f 574 578 662
f 662 578 663
f 663 578 702
f 681 682 690
f 690 682 683
f 690 683 684
f 685 686 691
f 686 687 691
f 690 684 719
f 697 693 720
f 689 692 697
f 692 693 697
f 694 695 699
f 700 702 701
f 663 702 700
f 701 702 703
f 703 702 728
f 702 1228 728
f 505 714 715
f 715 620 619
f 715 621 620
f 715 664 621
f 712 626 713
f 716 709 710
f 716 710 711
f 717 713 690
f 716 712 717
f 714 716 715
f 715 717 730
f 715 716 717
f 716 711 712
f 717 712 713
f 715 665 664
f 715 666 665
f 715 667 666
f 715 668 667
f 715 669 668
f 732 670 669
f 732 671 670
f 733 679 671
f 739 680 678
f 738 678 677
f 738 677 679
f 740 674 675
f 740 675 680
f 721 722 698
f 695 727 699
f 721 720 723
f 717 690 719
f 735 719 718
f 735 718 722
f 736 722 721
f 1228 729 728
f 743 726 699
f 743 699 727
f 715 730 669
f 730 731 669
f 731 732 669
f 732 733 671
f 717 719 734
f 734 719 735
f 736 721 737
f 730 734 731
f 731 735 732
f 732 736 733
f 735 722 736
f 717 734 730
f 731 734 735
f 732 735 736
f 733 736 737
f 733 738 679
f 738 739 678
f 739 740 680
f 743 727 744
f 733 737 738
f 738 742 739
f 739 743 740
f 740 744 741
f 737 726 742
f 742 726 743
f 737 742 738
f 739 742 743
f 740 743 744
f 741 744 745
f 737 721 723
f 737 723 724
f 737 724 726
f 744 727 725
f 744 725 728
f 744 728 729
f 527 1189 528
f 528 1179 1177
f 1177 1179 1178
f 528 1187 1179
f 528 1188 1187
f 528 1180 541
f 528 1181 1180
f 528 1177 1184
f 528 1184 1181
f 1182 1184 1183
f 1177 1178 1185
f 1178 1179 1186
f 1181 1184 1182
f 1177 1185 1184
f 1178 1186 1185
f 1184 1185 1186
f 1179 1187 1197
f 1183 1184 1186
f 1183 1186 1197
f 1179 1197 1186
f 528 1189 1188
f 527 1200 1189
f 527 1201 1200
f 527 1237 1201
f 527 1239 1238
f 527 1238 1237
f 527 1240 1239
f 1191 1193 1192
f 1192 1193 577
f 1191 1194 1193
f 1191 1196 1194
f 1194 1195 1193
f 1191 1220 1196
f 1183 1243 1190
f 1187 1188 1198
f 1187 1198 1197
f 1188 1189 1199
f 1188 1199 1198
f 1189 1202 1199
f 1183 1197 1198
f 1183 1198 1199
f 1183 1199 1202
f 1183 1202 1203
f 1189 1200 1202
f 1183 1203 1241
f 1183 1241 1242
f 1183 1242 1243
f 1201 1237 1241
f 1200 1201 1203
f 1200 1203 1202
f 1201 1241 1203
f 527 676 1254
f 527 1245 1240
f 527 1246 1245
f 527 1247 1246
f 527 1267 1248
f 527 1268 1267
f 527 1270 1268
f 527 1248 1247
f 579 1221 1217
f 1222 1196 1220
f 1190 1272 1191
f 1222 1219 1218
f 1219 1222 1220
f 579 1217 1228
f 1219 1220 1225
f 1223 1224 1230
f 1223 1230 1229
f 1190 1250 1249
f 1190 1243 1244
f 1190 1244 1250
f 1191 1272 1220
f 1227 1226 1220
f 1190 1249 1251
f 1190 1251 1252
f 1190 1252 1271
f 1254 676 672
f 1254 672 673
f 1254 673 674
f 527 1269 1270
f 527 1254 1269
f 1233 1231 1236
f 1232 1233 1256
f 1272 1227 1220
f 1274 1234 1227
f 1190 1271 1272
f 1257 1235 1234
f 1257 1236 1235
f 1273 1274 1227
f 1272 1273 1227
f 1237 1238 1242
f 1238 1239 1243
f 1239 1240 1244
f 1240 1245 1250
f 1237 1242 1241
f 1238 1243 1242
f 1239 1244 1243
f 1240 1250 1244
f 1246 1247 1251
f 1245 1246 1249
f 1247 1248 1252
f 1247 1252 1251
f 1248 1271 1252
f 1248 1267 1271
f 1246 1251 1249
f 1245 1249 1250
f 740 1254 674
f 1253 1258 1254
f 1254 1257 1269
f 1257 1274 1269
f 1253 1266 1258
f 1254 1258 1257
f 1257 1255 1256
f 1257 729 1255
f 1257 1233 1236
f 1257 1256 1233
f 1257 1234 1274
f 744 1257 745
f 740 741 1254
f 741 745 1260
f 741 1253 1254
f 741 1259 1253
f 1253 1259 1266
f 1259 1263 1266
f 741 1261 1259
f 741 1260 1261
f 1259 1261 1263
f 1260 1262 1261
f 1260 1264 1262
f 1261 1262 1265
f 745 1266 1263
f 745 1264 1260
f 745 1263 1264
f 1261 1265 1263
f 1262 1264 1265
f 1263 1265 1264
f 744 729 1257
f 745 1257 1258
f 745 1258 1266
f 1267 1268 1272
f 1268 1273 1272
f 1267 1272 1271
f 1268 1270 1273
f 1270 1274 1273
f 1269 1274 1270
f 40 41 42
f 41 44 42
f 42 44 43
f 43 44 47
f 44 46 47
f 45 47 46
f 45 46 56
f 57 65 58
f 46 93 65
f 46 65 56
f 56 65 57
f 58 65 66
f 65 67 66
f 65 93 67
f 41 146 85
f 85 146 86
f 85 86 89
f 41 85 44
f 44 85 87
f 85 89 87
f 44 87 46
f 46 87 88
f 46 88 93
f 87 90 88
f 88 90 93
f 87 89 90
f 86 92 89
f 89 92 91
f 89 91 90
f 90 91 95
f 86 153 92
f 91 92 159
f 91 159 99
f 67 93 94
f 93 96 94
f 93 95 96
f 90 95 93
f 95 97 96
f 95 98 97
f 91 99 95
f 95 99 98
f 98 99 100
f 147 492 148
f 148 493 151
f 151 495 155
f 108 113 143
f 111 143 113
f 41 112 108
f 108 112 113
f 40 112 41
f 116 147 143
f 111 116 143
f 115 147 117
f 116 117 147
f 114 147 115
f 114 121 487
f 114 490 147
f 118 487 120
f 120 487 121
f 118 119 487
f 108 143 144
f 108 144 146
f 143 145 144
f 41 108 146
f 143 147 145
f 145 147 148
f 144 149 146
f 144 145 150
f 144 150 149
f 149 150 152
f 86 146 149
f 86 149 153
f 145 148 151
f 145 151 150
f 150 151 155
f 149 152 153
f 152 154 153
f 153 154 158
f 150 155 152
f 152 155 156
f 152 156 154
f 154 156 157
f 154 160 158
f 154 157 160
f 92 153 158
f 92 158 159
f 158 161 159
f 99 159 166
f 159 161 166
f 161 168 166
f 158 160 161
f 160 162 161
f 161 162 168
f 157 163 160
f 160 163 162
f 162 163 164
f 162 171 168
f 162 164 171
f 156 173 157
f 157 175 163
f 163 175 164
f 164 177 171
f 164 178 177
f 99 166 100
f 100 166 165
f 165 166 167
f 166 168 167
f 167 168 169
f 168 170 169
f 168 171 170
f 170 171 172
f 171 177 172
f 157 173 174
f 157 174 175
f 164 175 176
f 164 176 178
f 176 179 178
f 155 496 156
f 156 498 173
f 114 487 486
f 114 486 490
f 147 490 491
f 147 491 492
f 148 492 493
f 151 493 494
f 151 494 495
f 155 495 496
f 156 496 497
f 119 485 511
f 119 511 487
f 485 506 511
f 485 508 506
f 485 507 508
f 485 509 507
f 173 580 174
f 174 611 175
f 175 613 176
f 176 582 179
f 156 497 498
f 173 498 499
f 173 499 580
f 174 580 581
f 174 581 611
f 175 611 612
f 175 612 613
f 176 613 614
f 176 614 615
f 176 615 582
f 179 583 584
f 179 582 583
f 588 589 593
f 591 1210 1209
f 588 594 590
f 588 593 594
f 589 595 593
f 1190 1191 1205
f 1191 1204 1205
f 1204 1206 1205
f 487 511 501
f 503 510 512
f 502 508 507
f 501 511 506
f 501 506 508
f 503 507 510
f 502 507 503
f 503 512 529
f 503 529 531
f 503 531 530
f 503 530 532
f 503 532 533
f 503 535 1165
f 503 534 535
f 503 533 534
f 487 501 500
f 490 500 504
f 488 493 504
f 488 489 493
f 489 596 493
f 493 596 597
f 494 597 598
f 486 487 500
f 486 500 490
f 492 504 493
f 490 504 491
f 491 504 492
f 493 597 494
f 494 598 495
f 495 598 496
f 496 598 497
f 501 508 502
f 507 509 510
f 539 540 541
f 583 585 584
f 586 588 587
f 587 588 590
f 589 592 595
f 497 598 599
f 497 599 600
f 497 602 498
f 498 602 499
f 499 602 580
f 580 603 581
f 581 603 611
f 603 612 611
f 605 613 612
f 497 600 601
f 497 601 602
f 580 602 603
f 603 604 612
f 604 605 612
f 605 606 613
f 606 607 613
f 607 608 613
f 583 608 609
f 583 609 610
f 586 610 1214
f 608 614 613
f 608 615 614
f 582 615 608
f 582 608 583
f 583 610 585
f 585 610 586
f 586 1214 588
f 536 1166 1165
f 535 536 1165
f 536 537 1166
f 537 538 1166
f 538 539 1166
f 539 541 1166
f 541 1180 1167
f 1168 1180 1181
f 541 1167 1166
f 1167 1180 1168
f 1166 1167 1168
f 1168 1181 1169
f 1169 1181 1170
f 1170 1175 1172
f 1170 1183 1190
f 1175 1190 1205
f 1175 1205 1206
f 1176 1206 1207
f 1170 1181 1182
f 1170 1182 1183
f 1170 1190 1175
f 1207 1208 1212
f 591 592 1213
f 1208 1210 1211
f 591 1211 1210
f 1176 1207 1212
f 1175 1206 1176
f 1208 1211 1212
f 1208 1209 1210
f 588 1214 1215
f 588 1215 589
f 589 1215 592
f 591 1213 1211
f 592 1215 1213
f 502 826 828
f 502 503 827
f 500 501 828
f 2 504 500
f 502 827 826
f 501 502 828
f 1 500 828
f 1 2 500
f 2 3 488
f 3 4 596
f 4 5 597
f 2 488 504
f 3 489 488
f 3 596 489
f 4 597 596
f 5 598 597
f 5 599 598
f 7 600 599
f 7 601 600
f 6 602 601
f 6 603 602
f 6 604 603
f 5 7 599
f 6 601 7
f 6 8 604
f 8 9 604
f 9 10 605
f 10 834 608
f 608 834 835
f 9 605 604
f 10 606 605
f 10 607 606
f 10 608 607
f 608 835 609
f 609 835 610
f 503 1165 827
f 827 1165 829
f 830 1165 1166
f 829 1165 830
f 830 1168 832
f 832 1168 833
f 833 1171 846
f 846 1173 848
f 848 1175 850
f 850 1174 851
f 851 1174 852
f 835 837 1214
f 837 838 1214
f 836 852 1211
f 836 1211 838
f 833 846 847
f 848 851 849
f 830 1166 1168
f 833 1168 1171
f 846 1171 1172
f 846 1172 1173
f 848 1173 1175
f 1168 1169 1171
f 1169 1172 1171
f 1169 1170 1172
f 1172 1175 1173
f 1174 1175 1176
f 1174 1176 1216
f 1211 1213 1215
f 850 1175 1174
f 852 1174 1216
f 852 1216 1211
f 838 1211 1215
f 838 1215 1214
f 1176 1212 1216
f 1211 1216 1212
f 610 835 1214
f 1 795 2
f 2 795 3
f 3 989 4
f 4 989 5
f 5 992 7
f 6 7 1064
f 6 1064 8
f 818 819 820
f 792 794 828
f 792 826 793
f 793 826 827
f 793 827 829
f 1 828 794
f 792 828 826
f 793 829 819
f 819 829 820
f 820 829 830
f 820 830 831
f 1 794 796
f 1 796 795
f 3 795 990
f 3 990 989
f 5 989 991
f 830 832 831
f 820 831 822
f 822 832 839
f 832 840 839
f 822 831 832
f 832 833 840
f 833 847 840
f 842 847 846
f 840 847 842
f 841 842 846
f 841 846 844
f 844 848 1071
f 845 1071 851
f 845 852 1072
f 844 846 848
f 848 850 851
f 848 849 1071
f 849 851 1071
f 845 851 852
f 836 1075 852
f 836 838 1075
f 989 990 991
f 5 991 992
f 7 992 1064
f 8 1064 1065
f 9 1065 1066
f 9 1066 1067
f 10 1067 1068
f 8 1065 9
f 9 1067 10
f 10 1068 834
f 835 1068 1069
f 837 1073 1074
f 835 1069 1073
f 834 1068 835
f 835 1073 837
f 837 1074 838
f 845 1070 1071
f 852 1075 1072
f 838 1074 1075
f 795 796 957
f 794 957 796
f 794 934 911
f 792 803 934
f 792 804 805
f 792 806 804
f 792 808 806
f 792 793 819
f 792 809 808
f 792 807 809
f 792 819 818
f 792 818 807
f 792 934 794
f 792 805 803
f 807 818 815
f 815 818 816
f 816 818 817
f 817 818 820
f 817 820 823
f 820 822 823
f 822 840 824
f 822 824 823
f 824 840 842
f 824 842 825
f 825 842 1016
f 843 1017 1016
f 842 843 1016
f 822 839 840
f 841 844 842
f 842 844 843
f 843 844 1018
f 844 1071 1018
f 911 934 941
f 956 977 976
f 976 978 981
f 955 973 977
f 976 977 979
f 973 980 977
f 978 979 983
f 979 980 982
f 982 984 983
f 972 978 985
f 985 986 1003
f 983 984 986
f 986 1027 1004
f 795 957 958
f 795 981 990
f 795 958 981
f 972 991 981
f 981 991 990
f 992 1065 1064
f 985 992 991
f 794 911 957
f 972 985 991
f 985 1003 1065
f 985 1065 992
f 1003 1066 1065
f 1004 1067 1066
f 1006 1068 1067
f 1004 1006 1005
f 1003 1004 1066
f 1004 1005 1067
f 1006 1049 1007
f 1010 1069 1068
f 1010 1011 1069
f 1011 1012 1069
f 1012 1013 1069
f 1013 1014 1073
f 1014 1015 1073
f 1005 1006 1067
f 1007 1008 1068
f 1006 1007 1068
f 1008 1009 1068
f 1009 1010 1068
f 843 1018 1017
f 1022 1021 1070
f 1022 1020 1021
f 1022 1072 1024
f 1015 1025 1073
f 1025 1026 1073
f 1023 1074 1026
f 1023 1024 1075
f 1004 1027 1046
f 1013 1073 1069
f 1071 1019 1018
f 1070 1019 1071
f 1070 1021 1019
f 845 1072 1070
f 1023 1075 1074
f 1024 1072 1075
f 1022 1070 1072
f 1026 1074 1073
f 911 954 957
f 911 924 960
f 911 960 954
f 911 941 924
f 954 956 957
f 956 958 957
f 956 976 958
f 954 955 956
f 955 977 956
f 954 959 961
f 954 960 959
f 955 961 962
f 954 961 955
f 955 962 973
f 962 974 973
f 973 974 980
f 974 975 980
f 958 976 981
f 976 979 978
f 977 980 979
f 972 981 978
f 979 982 983
f 978 983 985
f 983 986 985
f 986 1004 1003
f 984 1027 986
f 975 982 980
f 975 987 982
f 982 987 984
f 984 987 988
f 984 988 1027
f 988 1028 1027
f 1027 1028 1047
f 1027 1047 1046
f 1004 1046 1006
f 1046 1047 1048
f 1006 1046 1048
f 1006 1048 1049
f 106 141 107
f 107 141 140
f 58 80 64
f 124 82 123
f 128 137 130
f 139 137 128
f 142 135 136
f 58 66 1191
f 58 1191 80
f 66 67 1191
f 67 94 1191
f 94 96 1191
f 96 97 1191
f 97 98 1191
f 98 100 1191
f 1191 122 80
f 1191 128 122
f 1191 139 128
f 136 138 550
f 142 136 550
f 1192 138 139
f 142 515 484
f 547 138 546
f 138 547 550
f 1192 546 138
f 142 514 515
f 142 542 514
f 142 545 542
f 142 550 545
f 100 165 1191
f 165 167 1191
f 167 169 1191
f 169 170 1191
f 170 172 1191
f 172 177 590
f 177 178 587
f 178 179 587
f 179 584 587
f 177 587 590
f 172 590 594
f 172 594 593
f 172 593 595
f 1191 1192 139
f 484 518 513
f 484 515 518
f 514 542 516
f 518 517 513
f 545 544 542
f 543 545 549
f 546 548 547
f 550 549 545
f 550 551 549
f 568 554 553
f 552 555 570
f 570 555 554
f 552 570 567
f 559 557 543
f 557 558 556
f 559 558 557
f 552 567 566
f 1192 553 546
f 1192 568 553
f 1192 569 568
f 571 572 569
f 571 569 575
f 575 569 1192
f 172 1204 1191
f 172 1206 1204
f 172 1207 1206
f 172 1208 1207
f 172 591 1209
f 172 592 591
f 172 1209 1208
f 172 595 592
f 584 585 587
f 585 586 587
f 752 962 961
f 752 934 803
f 752 960 924
f 752 941 934
f 752 924 941
f 752 959 960
f 752 961 959
f 752 803 784
f 784 805 785
f 785 804 786
f 790 791 813
f 786 806 788
f 788 808 789
f 789 809 790
f 790 807 791
f 784 803 805
f 785 805 804
f 786 804 806
f 788 806 808
f 789 808 809
f 790 809 807
f 750 856 810
f 749 857 750
f 748 858 749
f 746 859 748
f 746 747 860
f 751 752 895
f 747 751 894
f 791 815 813
f 791 807 815
f 813 815 816
f 752 784 896
f 784 785 901
f 785 786 902
f 786 788 900
f 788 789 899
f 789 790 898
f 790 813 898
f 813 816 817
f 813 817 823
f 813 823 821
f 823 824 821
f 824 825 821
f 825 1016 821
f 813 821 904
f 810 853 811
f 810 855 853
f 810 856 855
f 750 857 856
f 749 858 857
f 748 859 858
f 746 860 859
f 853 862 811
f 747 894 860
f 751 895 894
f 752 896 895
f 784 901 896
f 786 900 902
f 789 898 899
f 788 899 900
f 785 902 901
f 813 904 898
f 853 855 854
f 746 748 1029
f 746 1030 747
f 748 749 1031
f 749 750 1032
f 751 1035 752
f 747 1034 751
f 752 974 962
f 752 975 974
f 752 1035 975
f 750 810 1033
f 810 811 1059
f 746 1029 1030
f 747 1030 1034
f 749 1032 1031
f 748 1031 1029
f 750 1033 1032
f 751 1034 1035
f 975 1035 987
f 987 1035 988
f 988 1035 1028
f 1028 1035 1047
f 1030 1036 1034
f 1034 1036 1035
f 1035 1050 1047
f 1035 1036 1041
f 1035 1039 1037
f 1035 1040 1039
f 1035 1041 1040
f 1035 1037 1050
f 1047 1050 1048
f 1048 1050 1049
f 1007 1050 1008
f 1007 1049 1050
f 1008 1051 1009
f 1009 1052 1010
f 1010 1052 1011
f 1011 1054 1012
f 1012 1055 1013
f 1014 1057 1015
f 1013 1056 1014
f 1008 1050 1051
f 1009 1051 1052
f 1050 1037 1038
f 1050 1038 1042
f 1050 1042 1043
f 1050 1043 1044
f 1053 1044 1045
f 1050 1044 1053
f 1012 1054 1055
f 1013 1055 1056
f 1014 1056 1057
f 1011 1052 1054
f 1056 1062 1057
f 810 1058 1033
f 810 1059 1058
f 1029 1031 1060
f 1032 1033 1060
f 1031 1032 1060
f 1029 1060 1030
f 1030 1060 1036
f 1033 1058 1060
f 1058 1059 1060
f 1015 1062 1025
f 1025 1062 1026
f 1022 1063 1020
f 1022 1024 1063
f 1023 1026 1063
f 1023 1063 1024
f 1050 1063 1051
f 1050 1053 1063
f 1063 1053 1061
f 1015 1057 1062
f 1026 1062 1063
f 1051 1063 1052
f 1052 1063 1054
f 1054 1063 1055
f 1055 1063 1056
f 1056 1063 1062
f 853 854 1136
f 854 855 1137
f 855 856 1138
f 856 857 1139
f 857 858 1140
f 858 859 1141
f 859 860 1143
f 853 1136 862
f 860 894 1144
f 894 895 1157
f 895 896 1158
f 898 1161 899
f 899 1162 900
f 901 902 1163
f 896 901 1159
f 900 1164 902
f 898 904 1160
f 1136 1134 862
f 854 1137 1136
f 855 1138 1137
f 856 1139 1138
f 857 1140 1139
f 858 1141 1140
f 859 1143 1141
f 860 1144 1143
f 1144 1135 1134
f 1136 1138 1134
f 1138 1139 1134
f 1139 1140 1134
f 1140 1141 1134
f 1141 1143 1134
f 1143 1144 1134
f 1144 1142 1135
f 1136 1137 1138
f 1142 1146 1145
f 1144 1146 1142
f 1144 1147 1146
f 1144 1151 1147
f 1144 1152 1151
f 1144 1153 1152
f 1144 1157 1153
f 1160 904 1155
f 894 1157 1144
f 895 1158 1157
f 896 1159 1158
f 898 1160 1161
f 899 1161 1162
f 902 1164 1163
f 901 1163 1159
f 900 1162 1164
f 1160 1155 1154
f 1159 1154 1156
f 1159 1163 1154
f 1163 1164 1154
f 1157 1150 1153
f 1157 1149 1150
f 1157 1148 1149
f 1157 1156 1148
f 1157 1158 1156
f 1158 1159 1156
f 1160 1154 1161
f 1161 1154 1162
f 1162 1154 1164
f 814 821 1016
f 814 904 821
f 814 903 904
f 814 1016 1020
f 1016 1017 1019
f 1018 1019 1017
f 1019 1021 1016
f 1021 1020 1016
f 814 1020 1061
f 1020 1063 1061
f 903 1155 904
f 903 1154 1155
f 812 811 863
f 863 811 862
f 812 1059 811
f 812 1060 1059
f 863 862 1135
f 862 1134 1135
f 753 760 759
f 753 754 760
f 753 767 754
f 753 787 767
f 787 768 767
f 753 759 763
f 753 763 917
f 787 770 768
f 787 771 770
f 787 798 771
f 787 799 798
f 787 802 799
f 787 996 802
f 753 861 787
f 787 903 814
f 753 812 861
f 787 861 897
f 812 863 861
f 787 897 903
f 861 865 867
f 861 867 864
f 861 864 874
f 861 874 876
f 861 876 878
f 861 878 897
f 861 869 865
f 861 1076 869
f 897 878 880
f 897 880 905
f 897 905 906
f 897 906 909
f 897 909 1124
f 927 947 967
f 947 948 967
f 948 953 971
f 952 971 953
f 952 1002 971
f 753 917 1041
f 948 971 967
f 917 922 1041
f 922 923 1041
f 923 926 1041
f 926 927 1041
f 927 967 1041
f 787 1053 996
f 996 1053 1001
f 1000 1001 1053
f 1000 1053 1002
f 1002 1053 971
f 753 1036 812
f 787 814 1061
f 753 1041 1036
f 971 1053 1045
f 812 1036 1060
f 787 1061 1053
f 863 1135 861
f 1088 1115 1089
f 1089 1115 1104
f 1104 1115 1105
f 1105 1118 1110
f 1108 1110 1118
f 861 1142 1076
f 1105 1115 1118
f 1076 1142 1078
f 1078 1142 1080
f 1080 1142 1088
f 1088 1142 1115
f 1127 1133 1148
f 1108 1148 1133
f 1108 1118 1148
f 903 897 1156
f 897 1124 1148
f 1124 1129 1148
f 1127 1148 1129
f 861 1135 1142
f 1115 1142 1145
f 903 1156 1154
f 897 1148 1156
f 756 757 758
f 761 756 758
f 760 756 759
f 760 757 756
f 760 754 757
f 761 762 756
f 761 915 762
f 755 761 758
f 912 761 755
f 762 759 756
f 762 763 759
f 762 916 763
f 757 764 780
f 764 765 766
f 764 766 780
f 757 754 764
f 764 754 767
f 767 768 765
f 764 767 765
f 765 769 766
f 769 781 766
f 769 782 781
f 765 768 770
f 765 770 769
f 769 770 771
f 769 771 782
f 755 758 772
f 772 773 774
f 755 772 775
f 755 775 913
f 775 772 774
f 775 774 776
f 775 776 928
f 773 777 774
f 777 783 779
f 774 777 778
f 774 778 776
f 776 778 935
f 778 777 779
f 778 779 936
f 772 758 780
f 758 757 780
f 773 780 766
f 772 780 773
f 773 766 781
f 773 781 777
f 777 781 783
f 781 782 783
f 783 782 797
f 782 771 798
f 779 783 800
f 783 797 800
f 782 798 797
f 798 799 797
f 800 797 801
f 779 800 993
f 800 801 994
f 797 799 801
f 801 799 802
f 801 802 995
f 912 755 913
f 912 913 914
f 912 915 761
f 762 915 916
f 912 918 915
f 915 919 916
f 915 918 919
f 912 914 918
f 916 917 763
f 916 922 917
f 916 919 922
f 918 920 919
f 914 921 918
f 918 921 920
f 919 923 922
f 919 920 923
f 920 921 925
f 920 926 923
f 920 925 926
f 926 925 927
f 913 775 928
f 913 930 914
f 913 928 930
f 928 776 929
f 928 929 932
f 928 932 930
f 914 930 931
f 914 931 921
f 930 932 933
f 930 933 931
f 776 935 929
f 778 936 935
f 929 935 932
f 935 937 932
f 935 936 937
f 779 993 936
f 936 939 937
f 936 993 939
f 932 937 933
f 933 937 938
f 937 939 938
f 938 939 940
f 939 997 940
f 931 933 942
f 933 938 942
f 931 943 921
f 921 943 925
f 925 943 944
f 931 942 943
f 942 945 943
f 943 945 944
f 944 945 946
f 925 944 927
f 927 944 947
f 944 946 947
f 947 946 948
f 942 938 949
f 942 949 945
f 945 949 950
f 945 950 946
f 938 940 949
f 949 940 951
f 940 999 951
f 949 951 950
f 952 953 950
f 951 952 950
f 951 1002 952
f 946 950 953
f 946 953 948
f 993 800 994
f 801 995 994
f 993 994 997
f 993 997 939
f 994 995 998
f 994 998 997
f 995 802 996
f 995 996 1001
f 995 1001 998
f 997 998 999
f 940 997 999
f 998 1001 1000
f 998 1000 999
f 999 1000 1002
f 951 999 1002
f 867 865 866
f 867 866 868
f 867 868 864
f 865 870 866
f 865 869 870
f 869 1077 870
f 866 871 868
f 866 872 871
f 870 872 866
f 870 1082 872
f 872 873 871
f 872 1083 873
f 864 868 875
f 864 875 874
f 874 877 876
f 874 875 877
f 876 877 878
f 878 877 879
f 878 879 880
f 880 879 882
f 868 883 875
f 875 881 877
f 875 883 881
f 877 881 879
f 879 881 889
f 879 889 882
f 880 882 905
f 868 871 883
f 871 885 883
f 871 873 885
f 883 884 881
f 883 885 884
f 885 886 884
f 873 887 885
f 873 1084 887
f 885 887 886
f 887 888 886
f 887 1091 888
f 881 884 889
f 889 884 891
f 889 890 882
f 882 890 907
f 889 891 890
f 890 891 893
f 884 886 891
f 890 893 910
f 891 886 892
f 886 888 892
f 888 1097 892
f 891 892 893
f 892 1098 893
f 905 882 907
f 905 907 906
f 906 907 908
f 906 908 909
f 909 908 1125
f 890 910 907
f 907 910 908
f 908 910 1130
f 893 1131 910
f 869 1076 1077
f 1076 1078 1077
f 1077 1078 1079
f 1078 1080 1079
f 1080 1081 1079
f 870 1077 1082
f 872 1082 1083
f 1077 1079 1082
f 1082 1079 1085
f 1082 1085 1083
f 1083 1085 1087
f 1083 1084 873
f 1083 1087 1084
f 1079 1081 1085
f 1085 1086 1087
f 1085 1081 1086
f 1080 1088 1081
f 1088 1090 1081
f 1088 1089 1090
f 1081 1090 1086
f 1084 1091 887
f 1084 1087 1093
f 1084 1093 1091
f 1091 1092 888
f 1091 1093 1095
f 1091 1095 1092
f 1086 1094 1087
f 1087 1094 1093
f 1093 1096 1095
f 1093 1094 1096
f 892 1097 1098
f 888 1092 1097
f 1097 1095 1100
f 1097 1100 1098
f 1092 1095 1097
f 893 1098 1131
f 1098 1100 1102
f 1098 1102 1131
f 1099 1132 1102
f 1099 1102 1101
f 1095 1096 1100
f 1096 1101 1100
f 1100 1101 1102
f 1089 1103 1090
f 1089 1104 1103
f 1104 1105 1106
f 1104 1106 1103
f 1108 1107 1110
f 1108 1109 1107
f 1108 1133 1109
f 1105 1110 1106
f 1110 1107 1106
f 1090 1111 1086
f 1086 1111 1094
f 1090 1103 1111
f 1111 1112 1094
f 1103 1106 1113
f 1111 1103 1113
f 1111 1113 1112
f 1094 1112 1096
f 1114 1101 1112
f 1113 1106 1107
f 1113 1107 1114
f 1113 1114 1112
f 1114 1109 1099
f 1109 1128 1099
f 1114 1099 1101
f 1114 1107 1109
f 1096 1112 1101
f 909 1125 1124
f 1124 1125 1129
f 1125 1126 1129
f 1127 1129 1126
f 1127 1126 1128
f 908 1130 1125
f 910 1131 1130
f 1130 1126 1125
f 1130 1132 1126
f 1130 1131 1132
f 1131 1102 1132
f 1126 1132 1128
f 1099 1128 1132
f 1127 1128 1133
f 1133 1128 1109
f 963 968 964
f 965 969 963
f 965 966 970
f 966 967 971
f 963 969 968
f 965 970 969
f 966 971 970
f 965 963 1037
f 963 964 1038
f 965 1039 966
f 966 1040 967
f 964 968 1042
f 968 969 1043
f 969 970 1044
f 970 971 1045
f 965 1037 1039
f 963 1038 1037
f 964 1042 1038
f 966 1039 1040
f 967 1040 1041
f 968 1043 1042
f 969 1044 1043
f 970 1045 1044
f 1115 1116 1119
f 1116 1117 1120
f 1117 1123 1120
f 1115 1119 1118
f 1116 1120 1119
f 1117 1121 1123
f 1121 1122 1123
f 1115 1145 1116
f 1116 1146 1117
f 1117 1147 1121
f 1118 1119 1149
f 1119 1120 1150
f 1121 1151 1122
f 1122 1152 1123
f 1120 1123 1153
f 1116 1145 1146
f 1117 1146 1147
f 1118 1149 1148
f 1120 1153 1150
f 1119 1150 1149
f 1121 1147 1151
f 1122 1151 1152
f 1123 1152 1153
f 618 616 622
f 618 617 616
f 622 619 623
f 624 619 620
f 625 620 621
f 618 622 623
f 624 623 619
f 624 620 625
f 642 628 634
f 629 628 644
f 630 629 645
f 631 630 646
f 653 632 635
f 632 654 633
f 633 656 634
f 617 635 616
f 648 636 631
f 658 637 636
f 659 638 637
f 638 660 639
f 661 640 639
f 640 662 641
f 676 641 663
f 642 643 628
f 643 644 628
f 629 644 645
f 630 645 646
f 646 647 631
f 648 631 647
f 654 656 633
f 653 652 632
f 652 654 632
f 642 634 655
f 656 655 634
f 653 635 617
f 648 657 636
f 657 658 636
f 658 659 637
f 659 660 638
f 661 639 660
f 661 662 640
f 662 663 641
f 621 664 682
f 665 683 664
f 665 666 686
f 688 666 667
f 667 668 692
f 685 665 686
f 666 687 686
f 688 687 666
f 689 688 667
f 667 692 689
f 693 692 668
f 669 693 668
f 669 670 693
f 696 670 671
f 693 670 694
f 694 670 695
f 696 695 670
f 676 700 672
f 672 701 673
f 704 675 674
f 674 673 703
f 705 679 677
f 706 678 680
f 707 677 678
f 696 671 705
f 707 705 677
f 707 678 706
f 705 671 679
f 708 680 675
f 625 621 681
f 682 681 621
f 683 682 664
f 684 683 665
f 684 665 685
f 663 700 676
f 700 701 672
f 701 703 673
f 704 674 703
f 708 675 704
f 708 706 680
f 213 207 227
f 207 250 228
f 209 208 229
f 230 210 209
f 211 210 242
f 244 352 211
f 247 208 212
f 212 213 248
f 227 248 213
f 228 227 207
f 247 229 208
f 229 230 209
f 230 241 210
f 242 210 241
f 243 211 242
f 243 244 211
f 244 357 352
f 247 212 248
f 260 250 251
f 251 249 263
f 267 249 252
f 268 252 253
f 253 254 269
f 254 255 275
f 270 269 254
f 270 254 275
f 276 255 256
f 256 257 282
f 424 257 409
f 277 275 255
f 276 277 255
f 276 256 282
f 284 282 257
f 281 284 257
f 281 257 424
f 260 228 250
f 260 251 261
f 261 251 263
f 267 263 249
f 268 267 252
f 268 253 269
f 357 353 352
f 358 354 353
f 355 354 393
f 355 397 356
f 356 399 407
f 357 358 353
f 358 391 354
f 391 393 354
f 355 393 397
f 398 356 397
f 398 399 356
f 407 413 408
f 415 405 408
f 405 418 406
f 406 430 410
f 428 409 411
f 411 410 429
f 428 426 409
f 424 409 426
f 428 411 429
f 407 399 413
f 408 413 412
f 415 408 412
f 415 414 405
f 414 418 405
f 418 430 406
f 430 429 410
f 516 515 514
f 518 515 516
f 516 542 518
f 518 542 519
f 518 519 517
f 550 547 548
f 550 565 551
f 552 546 553
f 553 554 555
f 552 553 555
f 556 545 557
f 556 544 545
f 543 557 545
f 559 543 549
f 559 549 561
f 559 560 558
f 549 551 649
f 562 561 549
f 551 565 649
f 650 544 556
f 653 542 544
f 558 560 563
f 556 563 650
f 560 564 563
f 642 562 549
f 642 549 649
f 651 548 546
f 651 550 548
f 552 651 546
f 552 566 651
f 550 651 565
f 567 651 566
f 570 554 568
f 570 568 657
f 658 568 569
f 658 569 572
f 648 567 570
f 658 572 573
f 574 576 577
f 574 577 578
f 618 542 617
f 618 623 542
f 519 542 627
f 710 513 517
f 710 517 519
f 623 627 542
f 710 709 513
f 624 627 623
f 625 626 624
f 710 519 711
f 625 690 626
f 624 711 627
f 624 626 711
f 648 647 651
f 564 650 563
f 653 544 650
f 653 617 542
f 642 655 562
f 642 649 643
f 648 651 567
f 653 650 652
f 648 570 657
f 657 568 658
f 658 573 659
f 659 573 660
f 702 578 577
f 579 702 577
f 661 660 573
f 661 573 662
f 579 1228 702
f 625 681 690
f 684 685 691
f 688 691 687
f 688 689 697
f 684 691 719
f 688 697 698
f 688 718 691
f 707 725 705
f 707 706 728
f 704 703 728
f 708 704 728
f 708 728 706
f 713 626 690
f 626 712 711
f 718 719 691
f 688 722 718
f 688 698 722
f 698 697 720
f 698 720 721
f 724 720 693
f 724 693 694
f 724 694 699
f 724 699 726
f 724 723 720
f 696 727 695
f 696 705 727
f 705 725 727
f 707 728 725
f 579 577 1193
f 579 1193 1221
f 1195 1221 1193
f 1217 1195 1194
f 1223 1222 1218
f 1217 1221 1195
f 1223 1196 1222
f 1255 1194 1196
f 1255 1217 1194
f 1223 1218 1224
f 1232 1196 1223
f 1224 1218 1219
f 1230 1224 1219
f 1231 1225 1220
f 1231 1220 1226
f 1227 1234 1226
f 1255 1228 1217
f 1255 1196 1256
f 1223 1229 1232
f 1232 1256 1196
f 1233 1219 1225
f 1230 1219 1233
f 1230 1233 1229
f 1231 1233 1225
f 1232 1229 1233
f 1234 1235 1226
f 1236 1226 1235
f 1231 1226 1236
f 1255 729 1228
f 48 52 50
f 48 70 52
f 49 72 48
f 55 54 49
f 49 54 69
f 55 68 54
f 49 69 75
f 49 71 72
f 49 75 71
f 48 72 70
f 79 122 52
f 59 60 75
f 75 63 62
f 60 63 75
f 60 61 63
f 79 74 77
f 82 52 122
f 75 62 76
f 76 62 78
f 77 76 78
f 79 77 78
f 64 80 81
f 122 81 80
f 79 81 122
f 73 52 70
f 73 74 52
f 79 52 74
f 52 128 51
f 215 53 126
f 82 83 52
f 84 52 83
f 84 128 52
f 53 51 128
f 125 53 128
f 127 233 215
f 127 215 126
f 125 126 53
f 82 122 123
f 124 123 122
f 124 122 128
f 84 124 128
f 233 127 131
f 125 128 129
f 128 130 129
f 127 130 136
f 135 127 136
f 132 127 133
f 127 129 130
f 127 132 131
f 135 133 127
f 132 133 134
f 136 130 137
f 136 137 139
f 136 139 138
f 191 190 217
f 191 217 201
f 201 225 200
f 191 201 200
f 228 202 200
f 306 206 205
f 214 231 218
f 233 188 215
f 233 216 188
f 214 216 232
f 247 189 218
f 247 219 189
f 200 225 228
f 247 221 219
f 224 222 221
f 224 223 222
f 226 220 223
f 222 223 220
f 236 231 214
f 247 218 229
f 231 229 218
f 233 232 216
f 236 214 232
f 233 363 234
f 236 234 237
f 237 234 235
f 237 235 238
f 238 235 239
f 363 235 234
f 364 239 235
f 237 231 236
f 239 242 241
f 240 242 246
f 240 243 242
f 364 242 239
f 240 246 245
f 247 224 221
f 247 248 224
f 260 258 202
f 203 258 259
f 260 202 228
f 259 204 203
f 260 259 258
f 260 261 259
f 265 262 266
f 264 266 262
f 265 205 204
f 265 266 205
f 306 205 268
f 268 205 266
f 306 270 271
f 306 268 269
f 306 269 270
f 268 266 267
f 306 271 276
f 306 276 272
f 306 272 427
f 306 427 425
f 306 440 274
f 276 271 277
f 276 278 272
f 280 427 272
f 276 282 283
f 278 283 279
f 280 279 283
f 276 283 278
f 281 280 283
f 281 424 280
f 306 438 440
f 424 427 280
f 425 438 306
f 273 433 285
f 286 317 285
f 286 285 435
f 440 273 274
f 306 314 307
f 307 314 308
f 306 274 314
f 308 314 311
f 311 314 313
f 313 314 309
f 310 311 312
f 313 312 311
f 286 436 316
f 318 316 436
f 318 319 317
f 318 449 319
f 315 319 449
f 315 449 320
f 322 320 321
f 321 320 452
f 321 452 326
f 321 325 322
f 322 325 324
f 328 323 324
f 328 327 323
f 328 324 325
f 328 326 462
f 330 329 327
f 330 327 462
f 328 462 327
f 330 331 332
f 334 337 335
f 336 337 334
f 333 463 334
f 334 463 336
f 336 463 338
f 359 358 379
f 377 379 358
f 392 389 390
f 389 392 360
f 392 390 361
f 361 362 395
f 363 233 131
f 246 242 370
f 364 370 242
f 364 366 370
f 246 371 365
f 365 371 367
f 363 369 366
f 368 369 363
f 363 131 380
f 368 363 380
f 246 370 374
f 369 370 366
f 246 374 371
f 374 370 373
f 371 374 372
f 375 376 372
f 378 379 377
f 368 380 381
f 384 374 381
f 384 382 374
f 385 383 382
f 386 385 382
f 384 386 382
f 375 382 383
f 377 376 388
f 375 388 376
f 383 388 375
f 378 377 388
f 378 388 360
f 389 360 388
f 389 387 390
f 392 393 391
f 361 393 392
f 394 395 396
f 394 396 398
f 400 398 396
f 400 396 402
f 401 402 403
f 361 404 362
f 361 390 404
f 415 412 416
f 415 416 417
f 415 417 414
f 420 419 423
f 420 423 421
f 414 423 419
f 414 422 423
f 432 428 431
f 428 432 437
f 425 437 438
f 428 437 425
f 440 433 273
f 433 435 285
f 286 435 436
f 432 420 437
f 421 437 420
f 440 434 433
f 438 439 440
f 455 442 444
f 414 417 445
f 414 445 422
f 421 423 446
f 440 447 434
f 421 446 439
f 448 440 439
f 439 446 448
f 434 443 441
f 442 443 444
f 442 441 443
f 434 447 443
f 318 436 450
f 450 449 318
f 450 455 451
f 449 453 320
f 453 452 320
f 455 444 451
f 451 475 456
f 457 456 460
f 454 458 465
f 470 465 458
f 457 460 461
f 474 461 460
f 474 459 461
f 474 473 459
f 462 326 452
f 466 333 331
f 330 466 331
f 466 463 333
f 330 462 466
f 463 467 338
f 338 467 464
f 338 464 339
f 469 471 468
f 469 473 472
f 460 456 475
f 444 475 451
f 1278 1289 1291
f 1278 1291 1293
f 1278 1288 1289
f 1278 1290 1288
f 1278 1292 1290
f 1278 1293 1294
f 1278 1294 1300
f 1278 1300 1301
f 1278 1301 1309
f 1279 1280 1328
f 1280 1327 1328
f 1276 1328 1277
f 1276 1275 1328
f 1275 1279 1328
f 1277 1328 1278
f 1278 1333 1292
f 1333 1314 1292
f 1333 1315 1314
f 1333 1318 1315
f 1333 1319 1318
f 1333 1323 1319
f 1278 1328 1333
f 1328 1329 1333
f 1329 1330 1333
f 1408 1275 1276
f 1409 1276 1277
f 1410 1277 1278
f 1412 1279 1275
f 1413 1280 1279
f 1278 1309 1310
f 1278 1310 1311
f 1278 1311 1312
f 1278 1312 1356
f 1278 1356 1357
f 1278 1357 1365
f 1414 1327 1280
f 1333 1324 1323
f 1333 1325 1324
f 1333 1326 1325
f 1333 1393 1326
f 1333 1394 1393
f 1333 1398 1394
f 1333 1399 1398
f 1333 1400 1399
f 1333 1403 1400
f 1333 1404 1403
f 1415 1328 1327
f 1416 1329 1328
f 1417 1330 1329
f 1418 1331 1330
f 1419 1332 1331
f 1332 1334 1333
f 1332 1335 1334
f 1330 1331 1333
f 1331 1332 1333
f 1332 1336 1335
f 1332 1337 1336
f 1332 1338 1337
f 1332 1339 1338
f 1339 1347 1340
f 1340 1347 1341
f 1420 1333 1334
f 1421 1334 1335
f 1422 1335 1336
f 1423 1336 1337
f 1424 1337 1338
f 1425 1338 1339
f 1426 1339 1340
f 1427 1340 1341
f 1428 1341 1342
f 1429 1342 1343
f 1430 1343 1344
f 1332 1345 1339
f 1339 1345 1346
f 1339 1346 1347
f 1341 1347 1348
f 1341 1348 1342
f 1342 1348 1343
f 1343 1348 1344
f 1344 1348 1507
f 1332 1432 1345
f 1433 1346 1345
f 1434 1347 1346
f 1435 1348 1347
f 1348 1583 1495
f 1431 1344 1507
f 1411 1278 1365
f 1409 1408 1276
f 1409 1277 1410
f 1410 1278 1411
f 1408 1412 1275
f 1412 1413 1279
f 1411 1365 1366
f 1411 1366 1367
f 1413 1414 1280
f 1411 1367 1373
f 1411 1373 1374
f 1411 1374 1382
f 1411 1382 1383
f 1411 1383 1384
f 1411 1384 1386
f 1411 1386 1387
f 1411 1387 1388
f 1411 1388 1385
f 1412 1415 1413
f 1413 1415 1414
f 1409 1410 1415
f 1409 1415 1408
f 1408 1415 1412
f 1410 1411 1415
f 1420 1406 1404
f 1420 1407 1406
f 1420 1385 1407
f 1411 1385 1420
f 1411 1420 1415
f 1415 1420 1416
f 1416 1420 1417
f 1414 1415 1327
f 1415 1416 1328
f 1416 1417 1329
f 1417 1418 1330
f 1418 1419 1331
f 1419 1432 1332
f 1420 1404 1333
f 1420 1334 1421
f 1421 1335 1422
f 1422 1336 1423
f 1423 1337 1424
f 1424 1338 1425
f 1425 1339 1426
f 1426 1340 1427
f 1427 1341 1428
f 1428 1342 1429
f 1429 1343 1430
f 1430 1344 1431
f 1419 1420 1421
f 1419 1421 1422
f 1417 1420 1418
f 1418 1420 1419
f 1419 1422 1423
f 1419 1423 1424
f 1419 1424 1425
f 1419 1425 1426
f 1426 1427 1434
f 1427 1428 1434
f 1432 1433 1345
f 1433 1434 1346
f 1434 1435 1347
f 1435 1583 1348
f 1419 1426 1432
f 1426 1433 1432
f 1426 1434 1433
f 1428 1435 1434
f 1428 1429 1435
f 1429 1430 1435
f 1430 1431 1435
f 1431 1595 1435
f 1511 1436 1437
f 1512 1437 1438
f 1513 1438 1439
f 1515 1440 1497
f 1514 1439 1441
f 1516 1441 1440
f 1436 1442 1437
f 1437 1442 1443
f 1437 1443 1444
f 1437 1444 1445
f 1437 1445 1446
f 1437 1446 1447
f 1447 1451 1449
f 1447 1453 1451
f 1447 1449 1448
f 1447 1448 1450
f 1447 1450 1452
f 1447 1454 1453
f 1447 1462 1454
f 1447 1463 1462
f 1447 1469 1463
f 1437 1447 1503
f 1437 1503 1438
f 1438 1503 1439
f 1447 1452 1503
f 1503 1452 1480
f 1503 1480 1481
f 1503 1481 1483
f 1576 1442 1436
f 1577 1443 1442
f 1578 1444 1443
f 1579 1445 1444
f 1580 1446 1445
f 1581 1447 1446
f 1447 1470 1469
f 1447 1471 1470
f 1581 1471 1447
f 1348 1495 1507
f 1494 1507 1495
f 1494 1496 1500
f 1496 1498 1499
f 1498 1497 1499
f 1440 1499 1497
f 1494 1500 1509
f 1494 1509 1510
f 1494 1508 1507
f 1494 1510 1508
f 1582 1494 1495
f 1584 1496 1494
f 1586 1498 1496
f 1585 1497 1498
f 1441 1439 1503
f 1441 1503 1440
f 1440 1503 1504
f 1440 1504 1505
f 1496 1499 1500
f 1440 1501 1499
f 1440 1502 1501
f 1440 1506 1502
f 1440 1505 1506
f 1588 1500 1499
f 1587 1499 1501
f 1590 1502 1506
f 1589 1501 1502
f 1592 1504 1503
f 1594 1506 1505
f 1593 1505 1504
f 1591 1503 1483
f 1597 1509 1500
f 1595 1507 1508
f 1596 1508 1510
f 1598 1510 1509
f 1511 1437 1512
f 1512 1438 1513
f 1513 1439 1514
f 1516 1440 1515
f 1516 1514 1441
f 1511 1576 1436
f 1576 1577 1442
f 1577 1578 1443
f 1578 1579 1444
f 1579 1580 1445
f 1580 1581 1446
f 1581 1479 1471
f 1581 1517 1479
f 1581 1518 1517
f 1581 1526 1518
f 1581 1527 1526
f 1581 1528 1527
f 1591 1483 1484
f 1591 1484 1487
f 1591 1487 1488
f 1591 1488 1489
f 1591 1489 1493
f 1591 1493 1557
f 1591 1557 1558
f 1591 1558 1563
f 1591 1563 1564
f 1591 1564 1565
f 1511 1512 1576
f 1512 1577 1576
f 1512 1578 1577
f 1512 1579 1578
f 1512 1580 1579
f 1512 1581 1580
f 1581 1536 1528
f 1581 1537 1536
f 1581 1543 1537
f 1581 1544 1543
f 1581 1545 1544
f 1581 1547 1545
f 1581 1548 1547
f 1581 1549 1548
f 1581 1546 1549
f 1512 1591 1581
f 1512 1513 1591
f 1513 1514 1591
f 1591 1565 1569
f 1591 1569 1570
f 1591 1570 1573
f 1591 1573 1574
f 1591 1574 1546
f 1581 1591 1546
f 1582 1584 1494
f 1582 1495 1583
f 1584 1586 1496
f 1586 1585 1498
f 1515 1497 1585
f 1431 1507 1595
f 1435 1595 1583
f 1582 1583 1595
f 1582 1588 1584
f 1584 1587 1586
f 1586 1587 1585
f 1515 1585 1587
f 1582 1597 1588
f 1582 1598 1597
f 1582 1595 1596
f 1582 1596 1598
f 1587 1588 1499
f 1587 1501 1589
f 1590 1506 1594
f 1589 1502 1590
f 1591 1592 1503
f 1592 1593 1504
f 1594 1505 1593
f 1588 1597 1500
f 1595 1508 1596
f 1597 1598 1509
f 1596 1510 1598
f 1516 1591 1514
f 1516 1515 1591
f 1515 1592 1591
f 1515 1593 1592
f 1584 1588 1587
f 1515 1587 1589
f 1515 1589 1590
f 1515 1590 1594
f 1515 1594 1593
f 1282 1281 1285
f 1281 1283 1285
f 1284 1282 1286
f 1282 1285 1286
f 1285 1283 1287
f 1286 1285 1295
f 1285 1287 1295
f 1283 1313 1287
f 1282 1293 1291
f 1281 1289 1288
f 1281 1288 1290
f 1282 1291 1289
f 1282 1289 1281
f 1281 1290 1283
f 1283 1290 1292
f 1283 1292 1314
f 1284 1294 1293
f 1284 1293 1282
f 1284 1300 1294
f 1284 1286 1296
f 1286 1295 1298
f 1287 1299 1295
f 1296 1286 1298
f 1284 1296 1297
f 1298 1295 1302
f 1287 1316 1299
f 1295 1299 1302
f 1284 1301 1300
f 1284 1297 1301
f 1297 1309 1301
f 1296 1298 1303
f 1297 1296 1304
f 1298 1302 1306
f 1299 1308 1302
f 1298 1306 1303
f 1296 1303 1304
f 1297 1304 1305
f 1306 1302 1307
f 1299 1320 1308
f 1302 1308 1307
f 1297 1310 1309
f 1297 1305 1310
f 1305 1311 1310
f 1304 1303 1349
f 1303 1306 1350
f 1305 1304 1351
f 1306 1307 1353
f 1307 1308 1355
f 1306 1353 1350
f 1303 1350 1349
f 1304 1349 1351
f 1305 1351 1352
f 1307 1354 1353
f 1307 1355 1354
f 1308 1389 1355
f 1305 1312 1311
f 1305 1352 1312
f 1352 1356 1312
f 1283 1314 1313
f 1313 1314 1315
f 1313 1315 1318
f 1287 1313 1316
f 1313 1317 1316
f 1313 1318 1319
f 1313 1319 1317
f 1317 1319 1323
f 1299 1316 1320
f 1316 1317 1321
f 1316 1321 1320
f 1317 1322 1321
f 1317 1323 1324
f 1317 1324 1322
f 1322 1324 1325
f 1308 1320 1389
f 1320 1321 1390
f 1321 1322 1391
f 1320 1390 1389
f 1321 1391 1390
f 1322 1392 1391
f 1322 1325 1326
f 1322 1326 1392
f 1392 1326 1393
f 1350 1353 1361
f 1349 1350 1358
f 1351 1349 1359
f 1352 1351 1360
f 1353 1354 1362
f 1354 1355 1362
f 1355 1389 1363
f 1349 1358 1359
f 1358 1350 1361
f 1351 1359 1360
f 1353 1362 1361
f 1355 1363 1362
f 1352 1357 1356
f 1352 1360 1357
f 1360 1365 1357
f 1358 1361 1370
f 1359 1358 1369
f 1360 1359 1368
f 1361 1362 1364
f 1362 1363 1364
f 1363 1395 1371
f 1358 1370 1369
f 1359 1369 1368
f 1361 1364 1370
f 1363 1371 1364
f 1360 1366 1365
f 1360 1368 1366
f 1368 1367 1366
f 1369 1370 1376
f 1368 1369 1375
f 1370 1364 1372
f 1364 1371 1372
f 1371 1402 1377
f 1369 1376 1375
f 1370 1372 1376
f 1372 1371 1377
f 1368 1373 1367
f 1368 1375 1373
f 1375 1374 1373
f 1375 1376 1379
f 1376 1372 1378
f 1372 1377 1378
f 1377 1405 1380
f 1376 1378 1379
f 1378 1377 1380
f 1379 1378 1381
f 1378 1380 1381
f 1375 1382 1374
f 1375 1383 1382
f 1375 1379 1383
f 1379 1384 1383
f 1379 1386 1384
f 1379 1381 1386
f 1380 1407 1385
f 1381 1380 1388
f 1380 1385 1388
f 1381 1387 1386
f 1381 1388 1387
f 1389 1390 1395
f 1390 1391 1396
f 1391 1392 1397
f 1363 1389 1395
f 1390 1396 1395
f 1391 1397 1396
f 1392 1393 1394
f 1392 1394 1397
f 1397 1394 1398
f 1395 1396 1402
f 1396 1397 1401
f 1395 1402 1371
f 1396 1401 1402
f 1397 1398 1399
f 1397 1399 1401
f 1401 1399 1400
f 1402 1401 1405
f 1377 1402 1405
f 1401 1400 1403
f 1401 1403 1404
f 1401 1404 1405
f 1405 1404 1406
f 1405 1406 1407
f 1380 1405 1407
f 1456 1451 1453
f 1455 1448 1449
f 1455 1450 1448
f 1456 1449 1451
f 1456 1455 1449
f 1455 1457 1450
f 1457 1452 1450
f 1457 1480 1452
f 1458 1453 1454
f 1458 1456 1453
f 1458 1454 1462
f 1456 1459 1455
f 1455 1459 1457
f 1458 1460 1456
f 1456 1460 1459
f 1459 1461 1457
f 1460 1464 1459
f 1457 1461 1482
f 1459 1464 1461
f 1466 1462 1463
f 1458 1462 1466
f 1466 1463 1469
f 1458 1465 1460
f 1460 1467 1464
f 1461 1464 1468
f 1458 1466 1465
f 1465 1467 1460
f 1467 1472 1464
f 1461 1468 1485
f 1464 1472 1468
f 1466 1469 1470
f 1466 1470 1473
f 1473 1470 1471
f 1466 1474 1465
f 1465 1475 1467
f 1467 1476 1472
f 1468 1472 1478
f 1466 1473 1474
f 1465 1474 1475
f 1467 1475 1476
f 1476 1477 1472
f 1468 1478 1492
f 1472 1477 1478
f 1473 1471 1479
f 1473 1479 1519
f 1519 1479 1517
f 1473 1520 1474
f 1474 1521 1475
f 1475 1522 1476
f 1476 1523 1477
f 1477 1525 1478
f 1473 1519 1520
f 1474 1520 1521
f 1475 1521 1522
f 1476 1522 1523
f 1477 1523 1524
f 1477 1524 1525
f 1478 1525 1562
f 1457 1482 1480
f 1482 1481 1480
f 1482 1483 1481
f 1482 1484 1483
f 1482 1486 1484
f 1486 1487 1484
f 1461 1485 1482
f 1482 1485 1486
f 1486 1488 1487
f 1486 1491 1488
f 1491 1489 1488
f 1485 1490 1486
f 1468 1492 1485
f 1486 1490 1491
f 1485 1492 1490
f 1491 1493 1489
f 1491 1559 1493
f 1559 1557 1493
f 1490 1560 1491
f 1492 1561 1490
f 1478 1562 1492
f 1490 1561 1560
f 1491 1560 1559
f 1492 1562 1561
f 1519 1517 1518
f 1519 1518 1529
f 1529 1518 1526
f 1519 1529 1520
f 1520 1530 1521
f 1521 1531 1522
f 1522 1532 1523
f 1523 1533 1524
f 1524 1533 1525
f 1525 1534 1562
f 1520 1529 1530
f 1521 1530 1531
f 1531 1532 1522
f 1523 1532 1533
f 1525 1533 1534
f 1529 1526 1527
f 1529 1527 1538
f 1538 1527 1528
f 1529 1538 1530
f 1530 1539 1531
f 1531 1540 1532
f 1532 1535 1533
f 1533 1535 1534
f 1534 1541 1568
f 1530 1538 1539
f 1531 1539 1540
f 1532 1540 1535
f 1534 1535 1541
f 1538 1528 1536
f 1538 1536 1537
f 1538 1537 1550
f 1538 1550 1539
f 1539 1551 1540
f 1540 1542 1535
f 1535 1542 1541
f 1541 1552 1572
f 1539 1550 1551
f 1540 1551 1542
f 1542 1552 1541
f 1550 1537 1543
f 1550 1543 1544
f 1550 1544 1554
f 1554 1544 1545
f 1554 1545 1547
f 1554 1547 1556
f 1555 1546 1574
f 1556 1549 1555
f 1555 1549 1546
f 1556 1547 1548
f 1556 1548 1549
f 1550 1554 1551
f 1551 1553 1542
f 1552 1555 1575
f 1542 1553 1552
f 1551 1554 1553
f 1553 1555 1552
f 1554 1556 1553
f 1553 1556 1555
f 1559 1558 1557
f 1559 1567 1558
f 1567 1563 1558
f 1561 1566 1560
f 1560 1567 1559
f 1562 1568 1561
f 1560 1566 1567
f 1561 1568 1566
f 1534 1568 1562
f 1567 1564 1563
f 1567 1571 1564
f 1571 1565 1564
f 1566 1571 1567
f 1568 1572 1566
f 1566 1572 1571
f 1568 1541 1572
f 1571 1569 1565
f 1571 1570 1569
f 1571 1575 1570
f 1572 1575 1571
f 1552 1575 1572
f 1575 1573 1570
f 1575 1574 1573
f 1555 1574 1575

