# https://github.com/mikedh/trimesh
v 71.15000153 0.00000000 34.00000000 0.27843137 0.33333333 0.41176471
v 68.55000305 0.00000000 34.00000000 0.27843137 0.33333333 0.41176471
v 68.55000305 0.00000000 83.40000153 0.27843137 0.33333333 0.41176471
v 71.15000153 0.00000000 83.40000153 0.27843137 0.33333333 0.41176471
v -68.55000305 0.00000000 34.00000000 0.27843137 0.33333333 0.41176471
v -71.15000153 0.00000000 34.00000000 0.27843137 0.33333333 0.41176471
v -71.15000153 0.00000000 83.40000153 0.27843137 0.33333333 0.41176471
v -68.55000305 0.00000000 83.40000153 0.27843137 0.33333333 0.41176471
v 71.13554382 0.00000000 83.98881531 0.27843137 0.33333333 0.41176471
v 68.53868103 0.00000000 83.86123657 0.27843137 0.33333333 0.41176471
v -71.13554382 0.00000000 83.98881531 0.27843137 0.33333333 0.41176471
v -68.53868103 0.00000000 83.86123657 0.27843137 0.33333333 0.41176471
v 71.09221649 0.00000000 84.57620239 0.27843137 0.33333333 0.41176471
v 68.50473785 0.00000000 84.32135773 0.27843137 0.33333333 0.41176471
v 71.02011871 0.00000000 85.16076660 0.27843137 0.33333333 0.41176471
v 68.44825745 0.00000000 84.77926636 0.27843137 0.33333333 0.41176471
v 70.91942596 0.00000000 85.74108124 0.27843137 0.33333333 0.41176471
v 68.36938477 0.00000000 85.23384857 0.27843137 0.33333333 0.41176471
v 70.79037476 0.00000000 86.31576538 0.27843137 0.33333333 0.41176471
v 68.26829529 0.00000000 85.68401337 0.27843137 0.33333333 0.41176471
v 70.63328552 0.00000000 86.88341522 0.27843137 0.33333333 0.41176471
v 68.14524078 0.00000000 86.12867737 0.27843137 0.33333333 0.41176471
v 70.44853210 0.00000000 87.44268036 0.27843137 0.33333333 0.41176471
v 68.00051117 0.00000000 86.56676483 0.27843137 0.33333333 0.41176471
v 70.23655701 0.00000000 87.99220276 0.27843137 0.33333333 0.41176471
v 67.83446503 0.00000000 86.99722290 0.27843137 0.33333333 0.41176471
v 69.99787140 0.00000000 88.53066254 0.27843137 0.33333333 0.41176471
v 67.64749908 0.00000000 87.41902161 0.27843137 0.33333333 0.41176471
v 69.73305511 0.00000000 89.05676270 0.27843137 0.33333333 0.41176471
v 67.44006348 0.00000000 87.83113098 0.27843137 0.33333333 0.41176471
v 69.44274139 0.00000000 89.56922913 0.27843137 0.33333333 0.41176471
v 67.21264648 0.00000000 88.23256683 0.27843137 0.33333333 0.41176471
v 69.12763214 0.00000000 90.06684113 0.27843137 0.33333333 0.41176471
v 66.96581268 0.00000000 88.62236023 0.27843137 0.33333333 0.41176471
v 68.78849030 0.00000000 90.54839325 0.27843137 0.33333333 0.41176471
v 66.70014954 0.00000000 88.99957275 0.27843137 0.33333333 0.41176471
v 68.42612457 0.00000000 91.01271820 0.27843137 0.33333333 0.41176471
v 66.41629791 0.00000000 89.36329651 0.27843137 0.33333333 0.41176471
v 68.04141235 0.00000000 91.45870972 0.27843137 0.33333333 0.41176471
v 66.11493683 0.00000000 89.71265411 0.27843137 0.33333333 0.41176471
v 67.63528442 0.00000000 91.88528442 0.27843137 0.33333333 0.41176471
v 65.79680634 0.00000000 90.04680634 0.27843137 0.33333333 0.41176471
v 67.20870972 0.00000000 92.29141235 0.27843137 0.33333333 0.41176471
v 65.46265411 0.00000000 90.36493683 0.27843137 0.33333333 0.41176471
v 66.76271820 0.00000000 92.67612457 0.27843137 0.33333333 0.41176471
v 65.11329651 0.00000000 90.66629791 0.27843137 0.33333333 0.41176471
v 66.29839325 0.00000000 93.03849030 0.27843137 0.33333333 0.41176471
v 64.74957275 0.00000000 90.95014954 0.27843137 0.33333333 0.41176471
v 65.81684113 0.00000000 93.37763214 0.27843137 0.33333333 0.41176471
v 64.37236023 0.00000000 91.21581268 0.27843137 0.33333333 0.41176471
v 65.31922913 0.00000000 93.69274139 0.27843137 0.33333333 0.41176471
v 63.98256683 0.00000000 91.46264648 0.27843137 0.33333333 0.41176471
v 64.80676270 0.00000000 93.98305511 0.27843137 0.33333333 0.41176471
v 63.58113098 0.00000000 91.69006348 0.27843137 0.33333333 0.41176471
v 64.28066254 0.00000000 94.24787140 0.27843137 0.33333333 0.41176471
v 63.16901779 0.00000000 91.89749908 0.27843137 0.33333333 0.41176471
v 63.74220276 0.00000000 94.48655701 0.27843137 0.33333333 0.41176471
v 62.74722290 0.00000000 92.08446503 0.27843137 0.33333333 0.41176471
v 63.19267654 0.00000000 94.69853210 0.27843137 0.33333333 0.41176471
v 62.31676483 0.00000000 92.25051117 0.27843137 0.33333333 0.41176471
v 62.63341522 0.00000000 94.88328552 0.27843137 0.33333333 0.41176471
v 61.87867737 0.00000000 92.39524078 0.27843137 0.33333333 0.41176471
v 62.06576157 0.00000000 95.04037476 0.27843137 0.33333333 0.41176471
v 61.43401337 0.00000000 92.51829529 0.27843137 0.33333333 0.41176471
v 61.49108505 0.00000000 95.16942596 0.27843137 0.33333333 0.41176471
v 60.98384857 0.00000000 92.61938477 0.27843137 0.33333333 0.41176471
v 60.91076660 0.00000000 95.27011871 0.27843137 0.33333333 0.41176471
v 60.52926636 0.00000000 92.69825745 0.27843137 0.33333333 0.41176471
v 60.32620621 0.00000000 95.34221649 0.27843137 0.33333333 0.41176471
v 60.07136154 0.00000000 92.75473785 0.27843137 0.33333333 0.41176471
v 59.73881149 0.00000000 95.38554382 0.27843137 0.33333333 0.41176471
v 59.61123657 0.00000000 92.78868103 0.27843137 0.33333333 0.41176471
v 59.15000153 0.00000000 95.40000153 0.27843137 0.33333333 0.41176471
v 59.15000153 0.00000000 92.80000305 0.27843137 0.33333333 0.41176471
v -59.15000153 0.00000000 92.80000305 0.27843137 0.33333333 0.41176471
v -59.15000153 0.00000000 95.40000153 0.27843137 0.33333333 0.41176471
v -59.73881149 0.00000000 95.38554382 0.27843137 0.33333333 0.41176471
v -59.61123657 0.00000000 92.78868103 0.27843137 0.33333333 0.41176471
v -60.32620621 0.00000000 95.34221649 0.27843137 0.33333333 0.41176471
v -60.07136154 0.00000000 92.75473785 0.27843137 0.33333333 0.41176471
v -60.91076660 0.00000000 95.27011871 0.27843137 0.33333333 0.41176471
v -60.52926636 0.00000000 92.69825745 0.27843137 0.33333333 0.41176471
v -61.49108505 0.00000000 95.16942596 0.27843137 0.33333333 0.41176471
v -60.98384857 0.00000000 92.61938477 0.27843137 0.33333333 0.41176471
v -62.06576157 0.00000000 95.04037476 0.27843137 0.33333333 0.41176471
v -61.43401337 0.00000000 92.51829529 0.27843137 0.33333333 0.41176471
v -62.63341522 0.00000000 94.88328552 0.27843137 0.33333333 0.41176471
v -61.87867737 0.00000000 92.39524078 0.27843137 0.33333333 0.41176471
v -71.09221649 0.00000000 84.57620239 0.27843137 0.33333333 0.41176471
v -68.50473785 0.00000000 84.32135773 0.27843137 0.33333333 0.41176471
v -71.02011871 0.00000000 85.16076660 0.27843137 0.33333333 0.41176471
v -68.44825745 0.00000000 84.77926636 0.27843137 0.33333333 0.41176471
v -70.91942596 0.00000000 85.74108124 0.27843137 0.33333333 0.41176471
v -68.36938477 0.00000000 85.23384857 0.27843137 0.33333333 0.41176471
v -70.79037476 0.00000000 86.31576538 0.27843137 0.33333333 0.41176471
v -68.26829529 0.00000000 85.68401337 0.27843137 0.33333333 0.41176471
v -70.63328552 0.00000000 86.88341522 0.27843137 0.33333333 0.41176471
v -68.14524078 0.00000000 86.12867737 0.27843137 0.33333333 0.41176471
v -70.44853210 0.00000000 87.44268036 0.27843137 0.33333333 0.41176471
v -68.00051117 0.00000000 86.56676483 0.27843137 0.33333333 0.41176471
v -70.23655701 0.00000000 87.99220276 0.27843137 0.33333333 0.41176471
v -67.83446503 0.00000000 86.99722290 0.27843137 0.33333333 0.41176471
v -69.99787140 0.00000000 88.53066254 0.27843137 0.33333333 0.41176471
v -67.64749908 0.00000000 87.41902161 0.27843137 0.33333333 0.41176471
v -69.73305511 0.00000000 89.05676270 0.27843137 0.33333333 0.41176471
v -67.44006348 0.00000000 87.83113098 0.27843137 0.33333333 0.41176471
v -69.44274139 0.00000000 89.56922913 0.27843137 0.33333333 0.41176471
v -67.21264648 0.00000000 88.23256683 0.27843137 0.33333333 0.41176471
v -69.12763214 0.00000000 90.06684113 0.27843137 0.33333333 0.41176471
v -66.96581268 0.00000000 88.62236023 0.27843137 0.33333333 0.41176471
v -68.78849030 0.00000000 90.54839325 0.27843137 0.33333333 0.41176471
v -66.70014954 0.00000000 88.99957275 0.27843137 0.33333333 0.41176471
v -68.42612457 0.00000000 91.01271820 0.27843137 0.33333333 0.41176471
v -66.41629791 0.00000000 89.36329651 0.27843137 0.33333333 0.41176471
v -68.04141235 0.00000000 91.45870972 0.27843137 0.33333333 0.41176471
v -66.11493683 0.00000000 89.71265411 0.27843137 0.33333333 0.41176471
v -67.63528442 0.00000000 91.88528442 0.27843137 0.33333333 0.41176471
v -65.79680634 0.00000000 90.04680634 0.27843137 0.33333333 0.41176471
v -67.20870972 0.00000000 92.29141235 0.27843137 0.33333333 0.41176471
v -65.46265411 0.00000000 90.36493683 0.27843137 0.33333333 0.41176471
v -66.76271820 0.00000000 92.67612457 0.27843137 0.33333333 0.41176471
v -65.11329651 0.00000000 90.66629791 0.27843137 0.33333333 0.41176471
v -66.29839325 0.00000000 93.03849030 0.27843137 0.33333333 0.41176471
v -64.74957275 0.00000000 90.95014954 0.27843137 0.33333333 0.41176471
v -65.81684113 0.00000000 93.37763214 0.27843137 0.33333333 0.41176471
v -64.37236023 0.00000000 91.21581268 0.27843137 0.33333333 0.41176471
v -65.31922913 0.00000000 93.69274139 0.27843137 0.33333333 0.41176471
v -63.98256683 0.00000000 91.46264648 0.27843137 0.33333333 0.41176471
v -64.80676270 0.00000000 93.98305511 0.27843137 0.33333333 0.41176471
v -63.58113098 0.00000000 91.69006348 0.27843137 0.33333333 0.41176471
v -64.28066254 0.00000000 94.24787140 0.27843137 0.33333333 0.41176471
v -63.16901779 0.00000000 91.89749908 0.27843137 0.33333333 0.41176471
v -63.74220276 0.00000000 94.48655701 0.27843137 0.33333333 0.41176471
v -62.74722290 0.00000000 92.08446503 0.27843137 0.33333333 0.41176471
v -63.19267654 0.00000000 94.69853210 0.27843137 0.33333333 0.41176471
v -62.31676483 0.00000000 92.25051117 0.27843137 0.33333333 0.41176471
v 68.55000305 -34.00000000 83.40000153 0.27843137 0.33333333 0.41176471
v 68.55000305 -34.00000000 34.00000000 0.27843137 0.33333333 0.41176471
v 71.15000153 -34.00000000 34.00000000 0.27843137 0.33333333 0.41176471
v 71.15000153 -34.00000000 83.40000153 0.27843137 0.33333333 0.41176471
v -71.15000153 -34.00000000 83.40000153 0.27843137 0.33333333 0.41176471
v -71.15000153 -34.00000000 34.00000000 0.27843137 0.33333333 0.41176471
v -68.55000305 -34.00000000 34.00000000 0.27843137 0.33333333 0.41176471
v -68.55000305 -34.00000000 83.40000153 0.27843137 0.33333333 0.41176471
v 71.13554382 -34.00000000 83.98881531 0.27843137 0.33333333 0.41176471
v 68.53868103 -34.00000000 83.86123657 0.27843137 0.33333333 0.41176471
v -71.13554382 -34.00000000 83.98881531 0.27843137 0.33333333 0.41176471
v -68.53868103 -34.00000000 83.86123657 0.27843137 0.33333333 0.41176471
v 71.09221649 -34.00000000 84.57620239 0.27843137 0.33333333 0.41176471
v 68.50473785 -34.00000000 84.32135773 0.27843137 0.33333333 0.41176471
v 71.02011871 -34.00000000 85.16076660 0.27843137 0.33333333 0.41176471
v 68.44825745 -34.00000000 84.77926636 0.27843137 0.33333333 0.41176471
v 70.91942596 -34.00000000 85.74108124 0.27843137 0.33333333 0.41176471
v 68.36938477 -34.00000000 85.23384857 0.27843137 0.33333333 0.41176471
v 70.79037476 -34.00000000 86.31576538 0.27843137 0.33333333 0.41176471
v 68.26829529 -34.00000000 85.68401337 0.27843137 0.33333333 0.41176471
v 70.63328552 -34.00000000 86.88341522 0.27843137 0.33333333 0.41176471
v 68.14524078 -34.00000000 86.12867737 0.27843137 0.33333333 0.41176471
v 70.44853210 -34.00000000 87.44268036 0.27843137 0.33333333 0.41176471
v 68.00051117 -34.00000000 86.56676483 0.27843137 0.33333333 0.41176471
v 70.23655701 -34.00000000 87.99220276 0.27843137 0.33333333 0.41176471
v 67.83446503 -34.00000000 86.99722290 0.27843137 0.33333333 0.41176471
v 69.99787140 -34.00000000 88.53066254 0.27843137 0.33333333 0.41176471
v 67.64749908 -34.00000000 87.41902161 0.27843137 0.33333333 0.41176471
v 69.73305511 -34.00000000 89.05676270 0.27843137 0.33333333 0.41176471
v 67.44006348 -34.00000000 87.83113098 0.27843137 0.33333333 0.41176471
v 69.44274139 -34.00000000 89.56922913 0.27843137 0.33333333 0.41176471
v 67.21264648 -34.00000000 88.23256683 0.27843137 0.33333333 0.41176471
v 69.12763214 -34.00000000 90.06684113 0.27843137 0.33333333 0.41176471
v 66.96581268 -34.00000000 88.62236023 0.27843137 0.33333333 0.41176471
v 68.78849030 -34.00000000 90.54839325 0.27843137 0.33333333 0.41176471
v 66.70014954 -34.00000000 88.99957275 0.27843137 0.33333333 0.41176471
v 68.42612457 -34.00000000 91.01271820 0.27843137 0.33333333 0.41176471
v 66.41629791 -34.00000000 89.36329651 0.27843137 0.33333333 0.41176471
v 68.04141235 -34.00000000 91.45870972 0.27843137 0.33333333 0.41176471
v 66.11493683 -34.00000000 89.71265411 0.27843137 0.33333333 0.41176471
v 67.63528442 -34.00000000 91.88528442 0.27843137 0.33333333 0.41176471
v 65.79680634 -34.00000000 90.04680634 0.27843137 0.33333333 0.41176471
v 67.20870972 -34.00000000 92.29141235 0.27843137 0.33333333 0.41176471
v 65.46265411 -34.00000000 90.36493683 0.27843137 0.33333333 0.41176471
v 66.76271820 -34.00000000 92.67612457 0.27843137 0.33333333 0.41176471
v 65.11329651 -34.00000000 90.66629791 0.27843137 0.33333333 0.41176471
v 66.29839325 -34.00000000 93.03849030 0.27843137 0.33333333 0.41176471
v 64.74957275 -34.00000000 90.95014954 0.27843137 0.33333333 0.41176471
v 65.81684113 -34.00000000 93.37763214 0.27843137 0.33333333 0.41176471
v 64.37236023 -34.00000000 91.21581268 0.27843137 0.33333333 0.41176471
v 65.31922913 -34.00000000 93.69274139 0.27843137 0.33333333 0.41176471
v 63.98256683 -34.00000000 91.46264648 0.27843137 0.33333333 0.41176471
v 64.80676270 -34.00000000 93.98305511 0.27843137 0.33333333 0.41176471
v 63.58113098 -34.00000000 91.69006348 0.27843137 0.33333333 0.41176471
v 64.28066254 -34.00000000 94.24787140 0.27843137 0.33333333 0.41176471
v 63.16901779 -34.00000000 91.89749908 0.27843137 0.33333333 0.41176471
v 63.74220276 -34.00000000 94.48655701 0.27843137 0.33333333 0.41176471
v 62.74722290 -34.00000000 92.08446503 0.27843137 0.33333333 0.41176471
v 63.19267654 -34.00000000 94.69853210 0.27843137 0.33333333 0.41176471
v 62.31676483 -34.00000000 92.25051117 0.27843137 0.33333333 0.41176471
v 62.63341522 -34.00000000 94.88328552 0.27843137 0.33333333 0.41176471
v 61.87867737 -34.00000000 92.39524078 0.27843137 0.33333333 0.41176471
v 62.06576157 -34.00000000 95.04037476 0.27843137 0.33333333 0.41176471
v 61.43401337 -34.00000000 92.51829529 0.27843137 0.33333333 0.41176471
v 61.49108505 -34.00000000 95.16942596 0.27843137 0.33333333 0.41176471
v 60.98384857 -34.00000000 92.61938477 0.27843137 0.33333333 0.41176471
v 60.91076660 -34.00000000 95.27011871 0.27843137 0.33333333 0.41176471
v 60.52926636 -34.00000000 92.69825745 0.27843137 0.33333333 0.41176471
v 60.32620621 -34.00000000 95.34221649 0.27843137 0.33333333 0.41176471
v 60.07136154 -34.00000000 92.75473785 0.27843137 0.33333333 0.41176471
v 59.73881149 -34.00000000 95.38554382 0.27843137 0.33333333 0.41176471
v 59.61123657 -34.00000000 92.78868103 0.27843137 0.33333333 0.41176471
v 59.15000153 -34.00000000 95.40000153 0.27843137 0.33333333 0.41176471
v 59.15000153 -34.00000000 92.80000305 0.27843137 0.33333333 0.41176471
v -59.15000153 -34.00000000 92.80000305 0.27843137 0.33333333 0.41176471
v -59.15000153 -34.00000000 95.40000153 0.27843137 0.33333333 0.41176471
v -59.73881149 -34.00000000 95.38554382 0.27843137 0.33333333 0.41176471
v -59.61123657 -34.00000000 92.78868103 0.27843137 0.33333333 0.41176471
v -60.32620621 -34.00000000 95.34221649 0.27843137 0.33333333 0.41176471
v -60.07136154 -34.00000000 92.75473785 0.27843137 0.33333333 0.41176471
v -60.91076660 -34.00000000 95.27011871 0.27843137 0.33333333 0.41176471
v -60.52926636 -34.00000000 92.69825745 0.27843137 0.33333333 0.41176471
v -61.49108505 -34.00000000 95.16942596 0.27843137 0.33333333 0.41176471
v -60.98384857 -34.00000000 92.61938477 0.27843137 0.33333333 0.41176471
v -62.06576157 -34.00000000 95.04037476 0.27843137 0.33333333 0.41176471
v -61.43401337 -34.00000000 92.51829529 0.27843137 0.33333333 0.41176471
v -62.63341522 -34.00000000 94.88328552 0.27843137 0.33333333 0.41176471
v -61.87867737 -34.00000000 92.39524078 0.27843137 0.33333333 0.41176471
v -71.09221649 -34.00000000 84.57620239 0.27843137 0.33333333 0.41176471
v -68.50473785 -34.00000000 84.32135773 0.27843137 0.33333333 0.41176471
v -71.02011871 -34.00000000 85.16076660 0.27843137 0.33333333 0.41176471
v -68.44825745 -34.00000000 84.77926636 0.27843137 0.33333333 0.41176471
v -70.91942596 -34.00000000 85.74108124 0.27843137 0.33333333 0.41176471
v -68.36938477 -34.00000000 85.23384857 0.27843137 0.33333333 0.41176471
v -70.79037476 -34.00000000 86.31576538 0.27843137 0.33333333 0.41176471
v -68.26829529 -34.00000000 85.68401337 0.27843137 0.33333333 0.41176471
v -70.63328552 -34.00000000 86.88341522 0.27843137 0.33333333 0.41176471
v -68.14524078 -34.00000000 86.12867737 0.27843137 0.33333333 0.41176471
v -70.44853210 -34.00000000 87.44268036 0.27843137 0.33333333 0.41176471
v -68.00051117 -34.00000000 86.56676483 0.27843137 0.33333333 0.41176471
v -70.23655701 -34.00000000 87.99220276 0.27843137 0.33333333 0.41176471
v -67.83446503 -34.00000000 86.99722290 0.27843137 0.33333333 0.41176471
v -69.99787140 -34.00000000 88.53066254 0.27843137 0.33333333 0.41176471
v -67.64749908 -34.00000000 87.41902161 0.27843137 0.33333333 0.41176471
v -69.73305511 -34.00000000 89.05676270 0.27843137 0.33333333 0.41176471
v -67.44006348 -34.00000000 87.83113098 0.27843137 0.33333333 0.41176471
v -69.44274139 -34.00000000 89.56922913 0.27843137 0.33333333 0.41176471
v -67.21264648 -34.00000000 88.23256683 0.27843137 0.33333333 0.41176471
v -69.12763214 -34.00000000 90.06684113 0.27843137 0.33333333 0.41176471
v -66.96581268 -34.00000000 88.62236023 0.27843137 0.33333333 0.41176471
v -68.78849030 -34.00000000 90.54839325 0.27843137 0.33333333 0.41176471
v -66.70014954 -34.00000000 88.99957275 0.27843137 0.33333333 0.41176471
v -68.42612457 -34.00000000 91.01271820 0.27843137 0.33333333 0.41176471
v -66.41629791 -34.00000000 89.36329651 0.27843137 0.33333333 0.41176471
v -68.04141235 -34.00000000 91.45870972 0.27843137 0.33333333 0.41176471
v -66.11493683 -34.00000000 89.71265411 0.27843137 0.33333333 0.41176471
v -67.63528442 -34.00000000 91.88528442 0.27843137 0.33333333 0.41176471
v -65.79680634 -34.00000000 90.04680634 0.27843137 0.33333333 0.41176471
v -67.20870972 -34.00000000 92.29141235 0.27843137 0.33333333 0.41176471
v -65.46265411 -34.00000000 90.36493683 0.27843137 0.33333333 0.41176471
v -66.76271820 -34.00000000 92.67612457 0.27843137 0.33333333 0.41176471
v -65.11329651 -34.00000000 90.66629791 0.27843137 0.33333333 0.41176471
v -66.29839325 -34.00000000 93.03849030 0.27843137 0.33333333 0.41176471
v -64.74957275 -34.00000000 90.95014954 0.27843137 0.33333333 0.41176471
v -65.81684113 -34.00000000 93.37763214 0.27843137 0.33333333 0.41176471
v -64.37236023 -34.00000000 91.21581268 0.27843137 0.33333333 0.41176471
v -65.31922913 -34.00000000 93.69274139 0.27843137 0.33333333 0.41176471
v -63.98256683 -34.00000000 91.46264648 0.27843137 0.33333333 0.41176471
v -64.80676270 -34.00000000 93.98305511 0.27843137 0.33333333 0.41176471
v -63.58113098 -34.00000000 91.69006348 0.27843137 0.33333333 0.41176471
v -64.28066254 -34.00000000 94.24787140 0.27843137 0.33333333 0.41176471
v -63.16901779 -34.00000000 91.89749908 0.27843137 0.33333333 0.41176471
v -63.74220276 -34.00000000 94.48655701 0.27843137 0.33333333 0.41176471
v -62.74722290 -34.00000000 92.08446503 0.27843137 0.33333333 0.41176471
v -63.19267654 -34.00000000 94.69853210 0.27843137 0.33333333 0.41176471
v -62.31676483 -34.00000000 92.25051117 0.27843137 0.33333333 0.41176471
v -71.15000153 -35.30526352 88.23683929 0.27843137 0.33333333 0.41176471
v -71.15000153 -34.00000000 88.50000000 0.27843137 0.33333333 0.41176471
v -71.15000153 -36.61052704 87.97368622 0.27843137 0.33333333 0.41176471
v -71.15000153 -37.91579056 87.71052551 0.27843137 0.33333333 0.41176471
v -71.15000153 -39.22105408 87.44736481 0.27843137 0.33333333 0.41176471
v -71.15000153 -40.52631760 87.18421173 0.27843137 0.33333333 0.41176471
v -71.15000153 -41.83157730 86.92105103 0.27843137 0.33333333 0.41176471
v -71.15000153 -43.13684082 86.65789795 0.27843137 0.33333333 0.41176471
v -71.15000153 -44.44210434 86.39473724 0.27843137 0.33333333 0.41176471
v -71.15000153 -45.74736786 86.13157654 0.27843137 0.33333333 0.41176471
v -71.15000153 -47.05263138 85.86842346 0.27843137 0.33333333 0.41176471
v -71.15000153 -48.35789490 85.60526276 0.27843137 0.33333333 0.41176471
v -71.15000153 -58.79999924 34.00000000 0.27843137 0.33333333 0.41176471
v -71.15000153 -58.79999924 83.50000000 0.27843137 0.33333333 0.41176471
v -71.15000153 -57.49473572 83.76316071 0.27843137 0.33333333 0.41176471
v -71.15000153 -56.18947220 84.02631378 0.27843137 0.33333333 0.41176471
v -71.15000153 -54.88420868 84.28947449 0.27843137 0.33333333 0.41176471
v -71.15000153 -53.57894897 84.55263519 0.27843137 0.33333333 0.41176471
v -71.15000153 -52.27368546 84.81578827 0.27843137 0.33333333 0.41176471
v -71.15000153 -50.96842194 85.07894897 0.27843137 0.33333333 0.41176471
v -71.15000153 -49.66315842 85.34210205 0.27843137 0.33333333 0.41176471
v -68.55000305 -34.00000000 88.50000000 0.27843137 0.33333333 0.41176471
v -68.55000305 -35.30526352 88.23683929 0.27843137 0.33333333 0.41176471
v -68.55000305 -36.61052704 87.97368622 0.27843137 0.33333333 0.41176471
v -68.55000305 -37.91579056 87.71052551 0.27843137 0.33333333 0.41176471
v -68.55000305 -39.22105408 87.44736481 0.27843137 0.33333333 0.41176471
v -68.55000305 -40.52631760 87.18421173 0.27843137 0.33333333 0.41176471
v -68.55000305 -41.83157730 86.92105103 0.27843137 0.33333333 0.41176471
v -68.55000305 -43.13684082 86.65789795 0.27843137 0.33333333 0.41176471
v -68.55000305 -44.44210434 86.39473724 0.27843137 0.33333333 0.41176471
v -68.55000305 -45.74736786 86.13157654 0.27843137 0.33333333 0.41176471
v -68.55000305 -47.05263138 85.86842346 0.27843137 0.33333333 0.41176471
v -68.55000305 -48.35789490 85.60526276 0.27843137 0.33333333 0.41176471
v -68.55000305 -58.79999924 83.50000000 0.27843137 0.33333333 0.41176471
v -68.55000305 -58.79999924 34.00000000 0.27843137 0.33333333 0.41176471
v -68.55000305 -57.49473572 83.76316071 0.27843137 0.33333333 0.41176471
v -68.55000305 -56.18947220 84.02631378 0.27843137 0.33333333 0.41176471
v -68.55000305 -54.88420868 84.28947449 0.27843137 0.33333333 0.41176471
v -68.55000305 -53.57894897 84.55263519 0.27843137 0.33333333 0.41176471
v -68.55000305 -52.27368546 84.81578827 0.27843137 0.33333333 0.41176471
v -68.55000305 -50.96842194 85.07894897 0.27843137 0.33333333 0.41176471
v -68.55000305 -49.66315842 85.34210205 0.27843137 0.33333333 0.41176471
v 68.55000305 -34.00000000 88.50000000 0.27843137 0.33333333 0.41176471
v 68.55000305 -35.30526352 88.23683929 0.27843137 0.33333333 0.41176471
v 68.55000305 -36.61052704 87.97368622 0.27843137 0.33333333 0.41176471
v 68.55000305 -37.91579056 87.71052551 0.27843137 0.33333333 0.41176471
v 68.55000305 -39.22105408 87.44736481 0.27843137 0.33333333 0.41176471
v 68.55000305 -40.52631760 87.18421173 0.27843137 0.33333333 0.41176471
v 68.55000305 -41.83157730 86.92105103 0.27843137 0.33333333 0.41176471
v 68.55000305 -43.13684082 86.65789795 0.27843137 0.33333333 0.41176471
v 68.55000305 -44.44210434 86.39473724 0.27843137 0.33333333 0.41176471
v 68.55000305 -45.74736786 86.13157654 0.27843137 0.33333333 0.41176471
v 68.55000305 -47.05263138 85.86842346 0.27843137 0.33333333 0.41176471
v 68.55000305 -48.35789490 85.60526276 0.27843137 0.33333333 0.41176471
v 68.55000305 -58.79999924 83.50000000 0.27843137 0.33333333 0.41176471
v 68.55000305 -58.79999924 34.00000000 0.27843137 0.33333333 0.41176471
v 68.55000305 -57.49473572 83.76316071 0.27843137 0.33333333 0.41176471
v 68.55000305 -56.18947220 84.02631378 0.27843137 0.33333333 0.41176471
v 68.55000305 -54.88420868 84.28947449 0.27843137 0.33333333 0.41176471
v 68.55000305 -53.57894897 84.55263519 0.27843137 0.33333333 0.41176471
v 68.55000305 -52.27368546 84.81578827 0.27843137 0.33333333 0.41176471
v 68.55000305 -50.96842194 85.07894897 0.27843137 0.33333333 0.41176471
v 68.55000305 -49.66315842 85.34210205 0.27843137 0.33333333 0.41176471
v 71.15000153 -35.30526352 88.23683929 0.27843137 0.33333333 0.41176471
v 71.15000153 -34.00000000 88.50000000 0.27843137 0.33333333 0.41176471
v 71.15000153 -36.61052704 87.97368622 0.27843137 0.33333333 0.41176471
v 71.15000153 -37.91579056 87.71052551 0.27843137 0.33333333 0.41176471
v 71.15000153 -39.22105408 87.44736481 0.27843137 0.33333333 0.41176471
v 71.15000153 -40.52631760 87.18421173 0.27843137 0.33333333 0.41176471
v 71.15000153 -41.83157730 86.92105103 0.27843137 0.33333333 0.41176471
v 71.15000153 -43.13684082 86.65789795 0.27843137 0.33333333 0.41176471
v 71.15000153 -44.44210434 86.39473724 0.27843137 0.33333333 0.41176471
v 71.15000153 -45.74736786 86.13157654 0.27843137 0.33333333 0.41176471
v 71.15000153 -47.05263138 85.86842346 0.27843137 0.33333333 0.41176471
v 71.15000153 -48.35789490 85.60526276 0.27843137 0.33333333 0.41176471
v 71.15000153 -58.79999924 34.00000000 0.27843137 0.33333333 0.41176471
v 71.15000153 -58.79999924 83.50000000 0.27843137 0.33333333 0.41176471
v 71.15000153 -57.49473572 83.76316071 0.27843137 0.33333333 0.41176471
v 71.15000153 -56.18947220 84.02631378 0.27843137 0.33333333 0.41176471
v 71.15000153 -54.88420868 84.28947449 0.27843137 0.33333333 0.41176471
v 71.15000153 -53.57894897 84.55263519 0.27843137 0.33333333 0.41176471
v 71.15000153 -52.27368546 84.81578827 0.27843137 0.33333333 0.41176471
v 71.15000153 -50.96842194 85.07894897 0.27843137 0.33333333 0.41176471
v 71.15000153 -49.66315842 85.34210205 0.27843137 0.33333333 0.41176471
v 59.61651993 0.00000000 34.00000000 0.27843137 0.33333333 0.41176471
v 59.71217346 0.00000000 34.17895508 0.27843137 0.33333333 0.41176471
v 59.86611176 0.00000000 34.51870346 0.27843137 0.33333333 0.41176471
v 59.99750137 0.00000000 34.86779404 0.27843137 0.33333333 0.41176471
v 60.10577774 0.00000000 35.22473145 0.27843137 0.33333333 0.41176471
v 60.19047546 0.00000000 35.58798599 0.27843137 0.33333333 0.41176471
v 60.25123596 0.00000000 35.95600128 0.27843137 0.33333333 0.41176471
v 60.28779602 0.00000000 36.32720184 0.27843137 0.33333333 0.41176471
v -59.71217346 0.00000000 34.17895508 0.27843137 0.33333333 0.41176471
v -59.61651993 0.00000000 34.00000000 0.27843137 0.33333333 0.41176471
v -59.86611176 0.00000000 34.51870346 0.27843137 0.33333333 0.41176471
v -59.99750137 0.00000000 34.86779404 0.27843137 0.33333333 0.41176471
v -60.10577774 0.00000000 35.22473145 0.27843137 0.33333333 0.41176471
v -60.19047546 0.00000000 35.58798599 0.27843137 0.33333333 0.41176471
v -60.25123596 0.00000000 35.95600128 0.27843137 0.33333333 0.41176471
v -60.28779602 0.00000000 36.32720184 0.27843137 0.33333333 0.41176471
v 60.29999924 0.00000000 36.70000076 0.27843137 0.33333333 0.41176471
v 60.29999924 0.00000000 81.50000000 0.27843137 0.33333333 0.41176471
v 60.28779602 0.00000000 81.87279510 0.27843137 0.33333333 0.41176471
v 60.25123596 0.00000000 82.24399567 0.27843137 0.33333333 0.41176471
v 60.19047546 0.00000000 82.61201477 0.27843137 0.33333333 0.41176471
v 60.10577774 0.00000000 82.97526550 0.27843137 0.33333333 0.41176471
v 59.99750137 0.00000000 83.33220673 0.27843137 0.33333333 0.41176471
v 59.86611176 0.00000000 83.68129730 0.27843137 0.33333333 0.41176471
v 59.71217346 0.00000000 84.02104187 0.27843137 0.33333333 0.41176471
v 59.53634644 0.00000000 84.34999847 0.27843137 0.33333333 0.41176471
v 59.33937836 0.00000000 84.66674805 0.27843137 0.33333333 0.41176471
v 59.12211227 0.00000000 84.96994019 0.27843137 0.33333333 0.41176471
v 58.88548660 0.00000000 85.25827026 0.27843137 0.33333333 0.41176471
v 58.63050842 0.00000000 85.53050995 0.27843137 0.33333333 0.41176471
v 58.35827255 0.00000000 85.78548431 0.27843137 0.33333333 0.41176471
v 58.06993866 0.00000000 86.02211761 0.27843137 0.33333333 0.41176471
v 57.76675034 0.00000000 86.23937988 0.27843137 0.33333333 0.41176471
v 57.45000076 0.00000000 86.43634796 0.27843137 0.33333333 0.41176471
v 57.12104416 0.00000000 86.61217499 0.27843137 0.33333333 0.41176471
v 56.78129578 0.00000000 86.76611328 0.27843137 0.33333333 0.41176471
v 56.43220520 0.00000000 86.89749908 0.27843137 0.33333333 0.41176471
v 56.07526779 0.00000000 87.00577545 0.27843137 0.33333333 0.41176471
v 55.71201324 0.00000000 87.09047699 0.27843137 0.33333333 0.41176471
v -60.29999924 0.00000000 36.70000076 0.27843137 0.33333333 0.41176471
v -60.29999924 0.00000000 81.50000000 0.27843137 0.33333333 0.41176471
v -60.28779602 0.00000000 81.87279510 0.27843137 0.33333333 0.41176471
v -60.25123596 0.00000000 82.24399567 0.27843137 0.33333333 0.41176471
v -60.19047546 0.00000000 82.61201477 0.27843137 0.33333333 0.41176471
v -60.10577774 0.00000000 82.97526550 0.27843137 0.33333333 0.41176471
v -59.99750137 0.00000000 83.33220673 0.27843137 0.33333333 0.41176471
v -59.86611176 0.00000000 83.68129730 0.27843137 0.33333333 0.41176471
v -59.71217346 0.00000000 84.02104187 0.27843137 0.33333333 0.41176471
v -59.53634644 0.00000000 84.34999847 0.27843137 0.33333333 0.41176471
v -59.33937836 0.00000000 84.66674805 0.27843137 0.33333333 0.41176471
v -59.12211227 0.00000000 84.96994019 0.27843137 0.33333333 0.41176471
v -58.88548660 0.00000000 85.25827026 0.27843137 0.33333333 0.41176471
v -58.63050842 0.00000000 85.53050995 0.27843137 0.33333333 0.41176471
v -58.35827255 0.00000000 85.78548431 0.27843137 0.33333333 0.41176471
v -58.06993866 0.00000000 86.02211761 0.27843137 0.33333333 0.41176471
v -57.76675034 0.00000000 86.23937988 0.27843137 0.33333333 0.41176471
v -57.45000076 0.00000000 86.43634796 0.27843137 0.33333333 0.41176471
v -57.12104416 0.00000000 86.61217499 0.27843137 0.33333333 0.41176471
v -56.78129578 0.00000000 86.76611328 0.27843137 0.33333333 0.41176471
v -56.43220520 0.00000000 86.89749908 0.27843137 0.33333333 0.41176471
v -56.07526779 0.00000000 87.00577545 0.27843137 0.33333333 0.41176471
v -55.71201324 0.00000000 87.09047699 0.27843137 0.33333333 0.41176471
v 55.34399796 0.00000000 87.15123749 0.27843137 0.33333333 0.41176471
v -55.34399796 0.00000000 87.15123749 0.27843137 0.33333333 0.41176471
v -54.97279739 0.00000000 87.18779755 0.27843137 0.33333333 0.41176471
v -54.59999847 0.00000000 87.19999695 0.27843137 0.33333333 0.41176471
v 54.59999847 0.00000000 87.19999695 0.27843137 0.33333333 0.41176471
v 54.97279739 0.00000000 87.18779755 0.27843137 0.33333333 0.41176471
v 59.71217346 -3.00000000 34.17895508 0.27843137 0.33333333 0.41176471
v 59.61651993 -3.00000000 34.00000000 0.27843137 0.33333333 0.41176471
v 71.15000153 -3.00000000 34.00000000 0.27843137 0.33333333 0.41176471
v 59.86611176 -3.00000000 34.51870346 0.27843137 0.33333333 0.41176471
v 59.99750137 -3.00000000 34.86779404 0.27843137 0.33333333 0.41176471
v 60.10577774 -3.00000000 35.22473145 0.27843137 0.33333333 0.41176471
v 60.19047546 -3.00000000 35.58798599 0.27843137 0.33333333 0.41176471
v 60.25123596 -3.00000000 35.95600128 0.27843137 0.33333333 0.41176471
v 60.28779602 -3.00000000 36.32720184 0.27843137 0.33333333 0.41176471
v -71.15000153 -3.00000000 34.00000000 0.27843137 0.33333333 0.41176471
v -59.61651993 -3.00000000 34.00000000 0.27843137 0.33333333 0.41176471
v -59.71217346 -3.00000000 34.17895508 0.27843137 0.33333333 0.41176471
v -59.86611176 -3.00000000 34.51870346 0.27843137 0.33333333 0.41176471
v -59.99750137 -3.00000000 34.86779404 0.27843137 0.33333333 0.41176471
v -60.10577774 -3.00000000 35.22473145 0.27843137 0.33333333 0.41176471
v -60.19047546 -3.00000000 35.58798599 0.27843137 0.33333333 0.41176471
v -60.25123596 -3.00000000 35.95600128 0.27843137 0.33333333 0.41176471
v -60.28779602 -3.00000000 36.32720184 0.27843137 0.33333333 0.41176471
v 71.15000153 -3.00000000 83.40000153 0.27843137 0.33333333 0.41176471
v -71.15000153 -3.00000000 83.40000153 0.27843137 0.33333333 0.41176471
v 60.29999924 -3.00000000 36.70000076 0.27843137 0.33333333 0.41176471
v 60.29999924 -3.00000000 81.50000000 0.27843137 0.33333333 0.41176471
v 60.28779602 -3.00000000 81.87279510 0.27843137 0.33333333 0.41176471
v 60.25123596 -3.00000000 82.24399567 0.27843137 0.33333333 0.41176471
v 60.19047546 -3.00000000 82.61201477 0.27843137 0.33333333 0.41176471
v 71.13554382 -3.00000000 83.98881531 0.27843137 0.33333333 0.41176471
v 71.09221649 -3.00000000 84.57620239 0.27843137 0.33333333 0.41176471
v 60.10577774 -3.00000000 82.97526550 0.27843137 0.33333333 0.41176471
v 71.02011871 -3.00000000 85.16076660 0.27843137 0.33333333 0.41176471
v 70.91942596 -3.00000000 85.74108124 0.27843137 0.33333333 0.41176471
v 70.79037476 -3.00000000 86.31576538 0.27843137 0.33333333 0.41176471
v 59.99750137 -3.00000000 83.33220673 0.27843137 0.33333333 0.41176471
v 70.63328552 -3.00000000 86.88341522 0.27843137 0.33333333 0.41176471
v 70.44853210 -3.00000000 87.44268036 0.27843137 0.33333333 0.41176471
v 59.86611176 -3.00000000 83.68129730 0.27843137 0.33333333 0.41176471
v 70.23655701 -3.00000000 87.99220276 0.27843137 0.33333333 0.41176471
v 69.99787140 -3.00000000 88.53066254 0.27843137 0.33333333 0.41176471
v 59.71217346 -3.00000000 84.02104187 0.27843137 0.33333333 0.41176471
v 69.73305511 -3.00000000 89.05676270 0.27843137 0.33333333 0.41176471
v 69.44274139 -3.00000000 89.56922913 0.27843137 0.33333333 0.41176471
v 59.53634644 -3.00000000 84.34999847 0.27843137 0.33333333 0.41176471
v 69.12763214 -3.00000000 90.06684113 0.27843137 0.33333333 0.41176471
v 68.78849030 -3.00000000 90.54839325 0.27843137 0.33333333 0.41176471
v 68.42612457 -3.00000000 91.01271820 0.27843137 0.33333333 0.41176471
v 59.33937836 -3.00000000 84.66674805 0.27843137 0.33333333 0.41176471
v 68.04141235 -3.00000000 91.45870972 0.27843137 0.33333333 0.41176471
v 67.63528442 -3.00000000 91.88528442 0.27843137 0.33333333 0.41176471
v 67.20870972 -3.00000000 92.29141235 0.27843137 0.33333333 0.41176471
v 59.12211227 -3.00000000 84.96994019 0.27843137 0.33333333 0.41176471
v 66.76271820 -3.00000000 92.67612457 0.27843137 0.33333333 0.41176471
v 66.29839325 -3.00000000 93.03849030 0.27843137 0.33333333 0.41176471
v 58.88548660 -3.00000000 85.25827026 0.27843137 0.33333333 0.41176471
v 65.81684113 -3.00000000 93.37763214 0.27843137 0.33333333 0.41176471
v 65.31922913 -3.00000000 93.69274139 0.27843137 0.33333333 0.41176471
v 64.80676270 -3.00000000 93.98305511 0.27843137 0.33333333 0.41176471
v 58.63050842 -3.00000000 85.53050995 0.27843137 0.33333333 0.41176471
v 64.28066254 -3.00000000 94.24787140 0.27843137 0.33333333 0.41176471
v 63.74220276 -3.00000000 94.48655701 0.27843137 0.33333333 0.41176471
v 58.35827255 -3.00000000 85.78548431 0.27843137 0.33333333 0.41176471
v 63.19267654 -3.00000000 94.69853210 0.27843137 0.33333333 0.41176471
v 62.63341522 -3.00000000 94.88328552 0.27843137 0.33333333 0.41176471
v 58.06993866 -3.00000000 86.02211761 0.27843137 0.33333333 0.41176471
v 62.06576157 -3.00000000 95.04037476 0.27843137 0.33333333 0.41176471
v 61.49108505 -3.00000000 95.16942596 0.27843137 0.33333333 0.41176471
v 57.76675034 -3.00000000 86.23937988 0.27843137 0.33333333 0.41176471
v 60.91076660 -3.00000000 95.27011871 0.27843137 0.33333333 0.41176471
v 60.32620621 -3.00000000 95.34221649 0.27843137 0.33333333 0.41176471
v 57.45000076 -3.00000000 86.43634796 0.27843137 0.33333333 0.41176471
v 59.73881149 -3.00000000 95.38554382 0.27843137 0.33333333 0.41176471
v 57.12104416 -3.00000000 86.61217499 0.27843137 0.33333333 0.41176471
v 59.15000153 -3.00000000 95.40000153 0.27843137 0.33333333 0.41176471
v 56.78129578 -3.00000000 86.76611328 0.27843137 0.33333333 0.41176471
v 56.43220520 -3.00000000 86.89749908 0.27843137 0.33333333 0.41176471
v 56.07526779 -3.00000000 87.00577545 0.27843137 0.33333333 0.41176471
v 55.71201324 -3.00000000 87.09047699 0.27843137 0.33333333 0.41176471
v -60.29999924 -3.00000000 36.70000076 0.27843137 0.33333333 0.41176471
v -60.29999924 -3.00000000 81.50000000 0.27843137 0.33333333 0.41176471
v -60.28779602 -3.00000000 81.87279510 0.27843137 0.33333333 0.41176471
v -60.25123596 -3.00000000 82.24399567 0.27843137 0.33333333 0.41176471
v -60.19047546 -3.00000000 82.61201477 0.27843137 0.33333333 0.41176471
v -71.13554382 -3.00000000 83.98881531 0.27843137 0.33333333 0.41176471
v -71.09221649 -3.00000000 84.57620239 0.27843137 0.33333333 0.41176471
v -60.10577774 -3.00000000 82.97526550 0.27843137 0.33333333 0.41176471
v -71.02011871 -3.00000000 85.16076660 0.27843137 0.33333333 0.41176471
v -70.91942596 -3.00000000 85.74108124 0.27843137 0.33333333 0.41176471
v -70.79037476 -3.00000000 86.31576538 0.27843137 0.33333333 0.41176471
v -59.99750137 -3.00000000 83.33220673 0.27843137 0.33333333 0.41176471
v -70.63328552 -3.00000000 86.88341522 0.27843137 0.33333333 0.41176471
v -70.44853210 -3.00000000 87.44268036 0.27843137 0.33333333 0.41176471
v -59.86611176 -3.00000000 83.68129730 0.27843137 0.33333333 0.41176471
v -70.23655701 -3.00000000 87.99220276 0.27843137 0.33333333 0.41176471
v -69.99787140 -3.00000000 88.53066254 0.27843137 0.33333333 0.41176471
v -59.71217346 -3.00000000 84.02104187 0.27843137 0.33333333 0.41176471
v -69.73305511 -3.00000000 89.05676270 0.27843137 0.33333333 0.41176471
v -69.44274139 -3.00000000 89.56922913 0.27843137 0.33333333 0.41176471
v -59.53634644 -3.00000000 84.34999847 0.27843137 0.33333333 0.41176471
v -69.12763214 -3.00000000 90.06684113 0.27843137 0.33333333 0.41176471
v -68.78849030 -3.00000000 90.54839325 0.27843137 0.33333333 0.41176471
v -68.42612457 -3.00000000 91.01271820 0.27843137 0.33333333 0.41176471
v -59.33937836 -3.00000000 84.66674805 0.27843137 0.33333333 0.41176471
v -68.04141235 -3.00000000 91.45870972 0.27843137 0.33333333 0.41176471
v -67.63528442 -3.00000000 91.88528442 0.27843137 0.33333333 0.41176471
v -67.20870972 -3.00000000 92.29141235 0.27843137 0.33333333 0.41176471
v -59.12211227 -3.00000000 84.96994019 0.27843137 0.33333333 0.41176471
v -66.76271820 -3.00000000 92.67612457 0.27843137 0.33333333 0.41176471
v -66.29839325 -3.00000000 93.03849030 0.27843137 0.33333333 0.41176471
v -58.88548660 -3.00000000 85.25827026 0.27843137 0.33333333 0.41176471
v -65.81684113 -3.00000000 93.37763214 0.27843137 0.33333333 0.41176471
v -65.31922913 -3.00000000 93.69274139 0.27843137 0.33333333 0.41176471
v -64.80676270 -3.00000000 93.98305511 0.27843137 0.33333333 0.41176471
v -58.63050842 -3.00000000 85.53050995 0.27843137 0.33333333 0.41176471
v -64.28066254 -3.00000000 94.24787140 0.27843137 0.33333333 0.41176471
v -63.74220276 -3.00000000 94.48655701 0.27843137 0.33333333 0.41176471
v -58.35827255 -3.00000000 85.78548431 0.27843137 0.33333333 0.41176471
v -63.19267654 -3.00000000 94.69853210 0.27843137 0.33333333 0.41176471
v -62.63341522 -3.00000000 94.88328552 0.27843137 0.33333333 0.41176471
v -58.06993866 -3.00000000 86.02211761 0.27843137 0.33333333 0.41176471
v -62.06576157 -3.00000000 95.04037476 0.27843137 0.33333333 0.41176471
v -61.49108505 -3.00000000 95.16942596 0.27843137 0.33333333 0.41176471
v -57.76675034 -3.00000000 86.23937988 0.27843137 0.33333333 0.41176471
v -60.91076660 -3.00000000 95.27011871 0.27843137 0.33333333 0.41176471
v -60.32620621 -3.00000000 95.34221649 0.27843137 0.33333333 0.41176471
v -57.45000076 -3.00000000 86.43634796 0.27843137 0.33333333 0.41176471
v -59.73881149 -3.00000000 95.38554382 0.27843137 0.33333333 0.41176471
v -57.12104416 -3.00000000 86.61217499 0.27843137 0.33333333 0.41176471
v -59.15000153 -3.00000000 95.40000153 0.27843137 0.33333333 0.41176471
v -56.78129578 -3.00000000 86.76611328 0.27843137 0.33333333 0.41176471
v -56.43220520 -3.00000000 86.89749908 0.27843137 0.33333333 0.41176471
v -56.07526779 -3.00000000 87.00577545 0.27843137 0.33333333 0.41176471
v -55.71201324 -3.00000000 87.09047699 0.27843137 0.33333333 0.41176471
v 55.34399796 -3.00000000 87.15123749 0.27843137 0.33333333 0.41176471
v -55.34399796 -3.00000000 87.15123749 0.27843137 0.33333333 0.41176471
v -54.97279739 -3.00000000 87.18779755 0.27843137 0.33333333 0.41176471
v -54.59999847 -3.00000000 87.19999695 0.27843137 0.33333333 0.41176471
v 54.59999847 -3.00000000 87.19999695 0.27843137 0.33333333 0.41176471
v 54.97279739 -3.00000000 87.18779755 0.27843137 0.33333333 0.41176471
v 52.79999924 -3.00000000 34.00000000 0.27843137 0.33333333 0.41176471
v 53.09431458 -3.00000000 34.00963593 0.27843137 0.33333333 0.41176471
v 53.38736725 -3.00000000 34.03849792 0.27843137 0.33333333 0.41176471
v 53.67790604 -3.00000000 34.08646774 0.27843137 0.33333333 0.41176471
v 53.96468735 -3.00000000 34.15333557 0.27843137 0.33333333 0.41176471
v 54.24647903 -3.00000000 34.23881531 0.27843137 0.33333333 0.41176471
v 54.52207565 -3.00000000 34.34254074 0.27843137 0.33333333 0.41176471
v 54.79029846 -3.00000000 34.46407318 0.27843137 0.33333333 0.41176471
v 55.04999924 -3.00000000 34.60288620 0.27843137 0.33333333 0.41176471
v 55.30006790 -3.00000000 34.75838852 0.27843137 0.33333333 0.41176471
v 55.53942490 -3.00000000 34.92990875 0.27843137 0.33333333 0.41176471
v 55.76705551 -3.00000000 35.11672211 0.27843137 0.33333333 0.41176471
v 55.98197937 -3.00000000 35.31801987 0.27843137 0.33333333 0.41176471
v 56.18328094 -3.00000000 35.53294373 0.27843137 0.33333333 0.41176471
v 56.37009048 -3.00000000 35.76057434 0.27843137 0.33333333 0.41176471
v 56.54161453 -3.00000000 35.99993515 0.27843137 0.33333333 0.41176471
v 56.69711304 -3.00000000 36.25000000 0.27843137 0.33333333 0.41176471
v 56.83592606 -3.00000000 36.50970078 0.27843137 0.33333333 0.41176471
v 56.95745850 -3.00000000 36.77792358 0.27843137 0.33333333 0.41176471
v 57.06118393 -3.00000000 37.05352402 0.27843137 0.33333333 0.41176471
v 57.14666748 -3.00000000 37.33531570 0.27843137 0.33333333 0.41176471
v 57.21353531 -3.00000000 37.62209320 0.27843137 0.33333333 0.41176471
v 57.26150131 -3.00000000 37.91263199 0.27843137 0.33333333 0.41176471
v 57.29036331 -3.00000000 38.20568466 0.27843137 0.33333333 0.41176471
v 57.29999924 -3.00000000 38.50000000 0.27843137 0.33333333 0.41176471
v 57.29999924 -3.00000000 79.69999695 0.27843137 0.33333333 0.41176471
v 57.29036331 -3.00000000 79.99431610 0.27843137 0.33333333 0.41176471
v 57.26150131 -3.00000000 80.28736877 0.27843137 0.33333333 0.41176471
v 57.21353531 -3.00000000 80.57790375 0.27843137 0.33333333 0.41176471
v 57.14666748 -3.00000000 80.86468506 0.27843137 0.33333333 0.41176471
v 57.06118393 -3.00000000 81.14647675 0.27843137 0.33333333 0.41176471
v 56.95745850 -3.00000000 81.42207336 0.27843137 0.33333333 0.41176471
v 56.83592606 -3.00000000 81.69029999 0.27843137 0.33333333 0.41176471
v 56.69711304 -3.00000000 81.94999695 0.27843137 0.33333333 0.41176471
v 56.54161453 -3.00000000 82.20006561 0.27843137 0.33333333 0.41176471
v 56.37009048 -3.00000000 82.43943024 0.27843137 0.33333333 0.41176471
v 56.18328094 -3.00000000 82.66705322 0.27843137 0.33333333 0.41176471
v 55.98197937 -3.00000000 82.88198090 0.27843137 0.33333333 0.41176471
v 55.76705551 -3.00000000 83.08328247 0.27843137 0.33333333 0.41176471
v 55.53942490 -3.00000000 83.27008820 0.27843137 0.33333333 0.41176471
v 55.30006790 -3.00000000 83.44161224 0.27843137 0.33333333 0.41176471
v 55.04999924 -3.00000000 83.59711456 0.27843137 0.33333333 0.41176471
v 54.79029846 -3.00000000 83.73592377 0.27843137 0.33333333 0.41176471
v 54.52207565 -3.00000000 83.85746002 0.27843137 0.33333333 0.41176471
v 54.24647903 -3.00000000 83.96118927 0.27843137 0.33333333 0.41176471
v 53.96468735 -3.00000000 84.04666901 0.27843137 0.33333333 0.41176471
v 53.67790604 -3.00000000 84.11353302 0.27843137 0.33333333 0.41176471
v 53.38736725 -3.00000000 84.16149902 0.27843137 0.33333333 0.41176471
v 53.09431458 -3.00000000 84.19036865 0.27843137 0.33333333 0.41176471
v 52.79999924 -3.00000000 84.19999695 0.27843137 0.33333333 0.41176471
v -52.79999924 -3.00000000 84.19999695 0.27843137 0.33333333 0.41176471
v -53.09431458 -3.00000000 84.19036865 0.27843137 0.33333333 0.41176471
v -53.38736725 -3.00000000 84.16149902 0.27843137 0.33333333 0.41176471
v -53.67790604 -3.00000000 84.11353302 0.27843137 0.33333333 0.41176471
v -53.96468735 -3.00000000 84.04666901 0.27843137 0.33333333 0.41176471
v -54.24647903 -3.00000000 83.96118927 0.27843137 0.33333333 0.41176471
v -54.52207565 -3.00000000 83.85746002 0.27843137 0.33333333 0.41176471
v -54.79029846 -3.00000000 83.73592377 0.27843137 0.33333333 0.41176471
v -55.04999924 -3.00000000 83.59711456 0.27843137 0.33333333 0.41176471
v -55.30006790 -3.00000000 83.44161224 0.27843137 0.33333333 0.41176471
v -55.53942490 -3.00000000 83.27008820 0.27843137 0.33333333 0.41176471
v -55.76705551 -3.00000000 83.08328247 0.27843137 0.33333333 0.41176471
v -55.98197937 -3.00000000 82.88198090 0.27843137 0.33333333 0.41176471
v -56.18328094 -3.00000000 82.66705322 0.27843137 0.33333333 0.41176471
v -56.37009048 -3.00000000 82.43943024 0.27843137 0.33333333 0.41176471
v -56.54161453 -3.00000000 82.20006561 0.27843137 0.33333333 0.41176471
v -56.69711304 -3.00000000 81.94999695 0.27843137 0.33333333 0.41176471
v -56.83592606 -3.00000000 81.69029999 0.27843137 0.33333333 0.41176471
v -56.95745850 -3.00000000 81.42207336 0.27843137 0.33333333 0.41176471
v -57.06118393 -3.00000000 81.14647675 0.27843137 0.33333333 0.41176471
v -57.14666748 -3.00000000 80.86468506 0.27843137 0.33333333 0.41176471
v -57.21353531 -3.00000000 80.57790375 0.27843137 0.33333333 0.41176471
v -57.26150131 -3.00000000 80.28736877 0.27843137 0.33333333 0.41176471
v -57.29036331 -3.00000000 79.99431610 0.27843137 0.33333333 0.41176471
v -57.29999924 -3.00000000 79.69999695 0.27843137 0.33333333 0.41176471
v -57.29999924 -3.00000000 38.50000000 0.27843137 0.33333333 0.41176471
v -57.29036331 -3.00000000 38.20568466 0.27843137 0.33333333 0.41176471
v -57.26150131 -3.00000000 37.91263199 0.27843137 0.33333333 0.41176471
v -57.21353531 -3.00000000 37.62209320 0.27843137 0.33333333 0.41176471
v -57.14666748 -3.00000000 37.33531570 0.27843137 0.33333333 0.41176471
v -57.06118393 -3.00000000 37.05352402 0.27843137 0.33333333 0.41176471
v -56.95745850 -3.00000000 36.77792358 0.27843137 0.33333333 0.41176471
v -56.83592606 -3.00000000 36.50970078 0.27843137 0.33333333 0.41176471
v -56.69711304 -3.00000000 36.25000000 0.27843137 0.33333333 0.41176471
v -56.54161453 -3.00000000 35.99993515 0.27843137 0.33333333 0.41176471
v -56.37009048 -3.00000000 35.76057434 0.27843137 0.33333333 0.41176471
v -56.18328094 -3.00000000 35.53294373 0.27843137 0.33333333 0.41176471
v -53.09431458 -3.00000000 34.00963593 0.27843137 0.33333333 0.41176471
v -52.79999924 -3.00000000 34.00000000 0.27843137 0.33333333 0.41176471
v -53.38736725 -3.00000000 34.03849792 0.27843137 0.33333333 0.41176471
v -53.67790604 -3.00000000 34.08646774 0.27843137 0.33333333 0.41176471
v -53.96468735 -3.00000000 34.15333557 0.27843137 0.33333333 0.41176471
v -54.24647903 -3.00000000 34.23881531 0.27843137 0.33333333 0.41176471
v -54.52207565 -3.00000000 34.34254074 0.27843137 0.33333333 0.41176471
v -54.79029846 -3.00000000 34.46407318 0.27843137 0.33333333 0.41176471
v -55.04999924 -3.00000000 34.60288620 0.27843137 0.33333333 0.41176471
v -55.30006790 -3.00000000 34.75838852 0.27843137 0.33333333 0.41176471
v -55.53942490 -3.00000000 34.92990875 0.27843137 0.33333333 0.41176471
v -55.76705551 -3.00000000 35.11672211 0.27843137 0.33333333 0.41176471
v -55.98197937 -3.00000000 35.31801987 0.27843137 0.33333333 0.41176471
v 53.09431458 -5.59999990 34.00963593 0.27843137 0.33333333 0.41176471
v 52.79999924 -5.59999990 34.00000000 0.27843137 0.33333333 0.41176471
v 71.15000153 -5.59999990 34.00000000 0.27843137 0.33333333 0.41176471
v 53.38736725 -5.59999990 34.03849792 0.27843137 0.33333333 0.41176471
v 53.67790604 -5.59999990 34.08646774 0.27843137 0.33333333 0.41176471
v 53.96468735 -5.59999990 34.15333557 0.27843137 0.33333333 0.41176471
v 54.24647903 -5.59999990 34.23881531 0.27843137 0.33333333 0.41176471
v 54.52207565 -5.59999990 34.34254074 0.27843137 0.33333333 0.41176471
v 54.79029846 -5.59999990 34.46407318 0.27843137 0.33333333 0.41176471
v 55.04999924 -5.59999990 34.60288620 0.27843137 0.33333333 0.41176471
v 55.30006790 -5.59999990 34.75838852 0.27843137 0.33333333 0.41176471
v 55.53942490 -5.59999990 34.92990875 0.27843137 0.33333333 0.41176471
v 55.76705551 -5.59999990 35.11672211 0.27843137 0.33333333 0.41176471
v 55.98197937 -5.59999990 35.31801987 0.27843137 0.33333333 0.41176471
v 56.18328094 -5.59999990 35.53294373 0.27843137 0.33333333 0.41176471
v 56.37009048 -5.59999990 35.76057434 0.27843137 0.33333333 0.41176471
v 56.54161453 -5.59999990 35.99993515 0.27843137 0.33333333 0.41176471
v 56.69711304 -5.59999990 36.25000000 0.27843137 0.33333333 0.41176471
v 56.83592606 -5.59999990 36.50970078 0.27843137 0.33333333 0.41176471
v 56.95745850 -5.59999990 36.77792358 0.27843137 0.33333333 0.41176471
v 57.06118393 -5.59999990 37.05352402 0.27843137 0.33333333 0.41176471
v 57.14666748 -5.59999990 37.33531570 0.27843137 0.33333333 0.41176471
v 57.21353531 -5.59999990 37.62209320 0.27843137 0.33333333 0.41176471
v 57.26150131 -5.59999990 37.91263199 0.27843137 0.33333333 0.41176471
v 57.29036331 -5.59999990 38.20568466 0.27843137 0.33333333 0.41176471
v 57.29999924 -5.59999990 38.50000000 0.27843137 0.33333333 0.41176471
v 71.15000153 -5.59999990 83.40000153 0.27843137 0.33333333 0.41176471
v 57.29999924 -5.59999990 79.69999695 0.27843137 0.33333333 0.41176471
v 57.29036331 -5.59999990 79.99431610 0.27843137 0.33333333 0.41176471
v 57.26150131 -5.59999990 80.28736877 0.27843137 0.33333333 0.41176471
v 57.21353531 -5.59999990 80.57790375 0.27843137 0.33333333 0.41176471
v 57.14666748 -5.59999990 80.86468506 0.27843137 0.33333333 0.41176471
v 57.06118393 -5.59999990 81.14647675 0.27843137 0.33333333 0.41176471
v 71.13554382 -5.59999990 83.98881531 0.27843137 0.33333333 0.41176471
v 71.09221649 -5.59999990 84.57620239 0.27843137 0.33333333 0.41176471
v 71.02011871 -5.59999990 85.16076660 0.27843137 0.33333333 0.41176471
v 56.95745850 -5.59999990 81.42207336 0.27843137 0.33333333 0.41176471
v 70.91942596 -5.59999990 85.74108124 0.27843137 0.33333333 0.41176471
v 70.79037476 -5.59999990 86.31576538 0.27843137 0.33333333 0.41176471
v 70.63328552 -5.59999990 86.88341522 0.27843137 0.33333333 0.41176471
v 56.83592606 -5.59999990 81.69029999 0.27843137 0.33333333 0.41176471
v 70.44853210 -5.59999990 87.44268036 0.27843137 0.33333333 0.41176471
v 70.23655701 -5.59999990 87.99220276 0.27843137 0.33333333 0.41176471
v 69.99787140 -5.59999990 88.53066254 0.27843137 0.33333333 0.41176471
v 56.69711304 -5.59999990 81.94999695 0.27843137 0.33333333 0.41176471
v 69.73305511 -5.59999990 89.05676270 0.27843137 0.33333333 0.41176471
v 69.44274139 -5.59999990 89.56922913 0.27843137 0.33333333 0.41176471
v 69.12763214 -5.59999990 90.06684113 0.27843137 0.33333333 0.41176471
v 56.54161453 -5.59999990 82.20006561 0.27843137 0.33333333 0.41176471
v 68.78849030 -5.59999990 90.54839325 0.27843137 0.33333333 0.41176471
v 68.42612457 -5.59999990 91.01271820 0.27843137 0.33333333 0.41176471
v 68.04141235 -5.59999990 91.45870972 0.27843137 0.33333333 0.41176471
v 67.63528442 -5.59999990 91.88528442 0.27843137 0.33333333 0.41176471
v 67.20870972 -5.59999990 92.29141235 0.27843137 0.33333333 0.41176471
v 66.76271820 -5.59999990 92.67612457 0.27843137 0.33333333 0.41176471
v 66.29839325 -5.59999990 93.03849030 0.27843137 0.33333333 0.41176471
v 65.81684113 -5.59999990 93.37763214 0.27843137 0.33333333 0.41176471
v 56.37009048 -5.59999990 82.43943024 0.27843137 0.33333333 0.41176471
v 65.31922913 -5.59999990 93.69274139 0.27843137 0.33333333 0.41176471
v 64.80676270 -5.59999990 93.98305511 0.27843137 0.33333333 0.41176471
v 64.28066254 -5.59999990 94.24787140 0.27843137 0.33333333 0.41176471
v 63.74220276 -5.59999990 94.48655701 0.27843137 0.33333333 0.41176471
v 63.19267654 -5.59999990 94.69853210 0.27843137 0.33333333 0.41176471
v 56.18328094 -5.59999990 82.66705322 0.27843137 0.33333333 0.41176471
v 62.63341522 -5.59999990 94.88328552 0.27843137 0.33333333 0.41176471
v 62.06576157 -5.59999990 95.04037476 0.27843137 0.33333333 0.41176471
v 61.49108505 -5.59999990 95.16942596 0.27843137 0.33333333 0.41176471
v 60.91076660 -5.59999990 95.27011871 0.27843137 0.33333333 0.41176471
v 55.98197937 -5.59999990 82.88198090 0.27843137 0.33333333 0.41176471
v 60.32620621 -5.59999990 95.34221649 0.27843137 0.33333333 0.41176471
v 55.76705551 -5.59999990 83.08328247 0.27843137 0.33333333 0.41176471
v 59.73881149 -5.59999990 95.38554382 0.27843137 0.33333333 0.41176471
v 55.53942490 -5.59999990 83.27008820 0.27843137 0.33333333 0.41176471
v 55.30006790 -5.59999990 83.44161224 0.27843137 0.33333333 0.41176471
v 59.15000153 -5.59999990 95.40000153 0.27843137 0.33333333 0.41176471
v 55.04999924 -5.59999990 83.59711456 0.27843137 0.33333333 0.41176471
v 54.79029846 -5.59999990 83.73592377 0.27843137 0.33333333 0.41176471
v 54.52207565 -5.59999990 83.85746002 0.27843137 0.33333333 0.41176471
v 54.24647903 -5.59999990 83.96118927 0.27843137 0.33333333 0.41176471
v 53.96468735 -5.59999990 84.04666901 0.27843137 0.33333333 0.41176471
v 53.67790604 -5.59999990 84.11353302 0.27843137 0.33333333 0.41176471
v 53.38736725 -5.59999990 84.16149902 0.27843137 0.33333333 0.41176471
v -59.15000153 -5.59999990 95.40000153 0.27843137 0.33333333 0.41176471
v 53.09431458 -5.59999990 84.19036865 0.27843137 0.33333333 0.41176471
v 52.79999924 -5.59999990 84.19999695 0.27843137 0.33333333 0.41176471
v -52.79999924 -5.59999990 84.19999695 0.27843137 0.33333333 0.41176471
v -53.09431458 -5.59999990 84.19036865 0.27843137 0.33333333 0.41176471
v -53.38736725 -5.59999990 84.16149902 0.27843137 0.33333333 0.41176471
v -53.67790604 -5.59999990 84.11353302 0.27843137 0.33333333 0.41176471
v -53.96468735 -5.59999990 84.04666901 0.27843137 0.33333333 0.41176471
v -54.24647903 -5.59999990 83.96118927 0.27843137 0.33333333 0.41176471
v -54.52207565 -5.59999990 83.85746002 0.27843137 0.33333333 0.41176471
v -54.79029846 -5.59999990 83.73592377 0.27843137 0.33333333 0.41176471
v -55.04999924 -5.59999990 83.59711456 0.27843137 0.33333333 0.41176471
v -55.30006790 -5.59999990 83.44161224 0.27843137 0.33333333 0.41176471
v -59.73881149 -5.59999990 95.38554382 0.27843137 0.33333333 0.41176471
v -55.53942490 -5.59999990 83.27008820 0.27843137 0.33333333 0.41176471
v -60.32620621 -5.59999990 95.34221649 0.27843137 0.33333333 0.41176471
v -60.91076660 -5.59999990 95.27011871 0.27843137 0.33333333 0.41176471
v -61.49108505 -5.59999990 95.16942596 0.27843137 0.33333333 0.41176471
v -55.76705551 -5.59999990 83.08328247 0.27843137 0.33333333 0.41176471
v -62.06576157 -5.59999990 95.04037476 0.27843137 0.33333333 0.41176471
v -62.63341522 -5.59999990 94.88328552 0.27843137 0.33333333 0.41176471
v -63.19267654 -5.59999990 94.69853210 0.27843137 0.33333333 0.41176471
v -55.98197937 -5.59999990 82.88198090 0.27843137 0.33333333 0.41176471
v -63.74220276 -5.59999990 94.48655701 0.27843137 0.33333333 0.41176471
v -64.28066254 -5.59999990 94.24787140 0.27843137 0.33333333 0.41176471
v -64.80676270 -5.59999990 93.98305511 0.27843137 0.33333333 0.41176471
v -56.18328094 -5.59999990 82.66705322 0.27843137 0.33333333 0.41176471
v -65.31922913 -5.59999990 93.69274139 0.27843137 0.33333333 0.41176471
v -65.81684113 -5.59999990 93.37763214 0.27843137 0.33333333 0.41176471
v -66.29839325 -5.59999990 93.03849030 0.27843137 0.33333333 0.41176471
v -66.76271820 -5.59999990 92.67612457 0.27843137 0.33333333 0.41176471
v -56.37009048 -5.59999990 82.43943024 0.27843137 0.33333333 0.41176471
v -67.20870972 -5.59999990 92.29141235 0.27843137 0.33333333 0.41176471
v -67.63528442 -5.59999990 91.88528442 0.27843137 0.33333333 0.41176471
v -68.04141235 -5.59999990 91.45870972 0.27843137 0.33333333 0.41176471
v -56.54161453 -5.59999990 82.20006561 0.27843137 0.33333333 0.41176471
v -68.42612457 -5.59999990 91.01271820 0.27843137 0.33333333 0.41176471
v -68.78849030 -5.59999990 90.54839325 0.27843137 0.33333333 0.41176471
v -69.12763214 -5.59999990 90.06684113 0.27843137 0.33333333 0.41176471
v -56.69711304 -5.59999990 81.94999695 0.27843137 0.33333333 0.41176471
v -69.44274139 -5.59999990 89.56922913 0.27843137 0.33333333 0.41176471
v -69.73305511 -5.59999990 89.05676270 0.27843137 0.33333333 0.41176471
v -69.99787140 -5.59999990 88.53066254 0.27843137 0.33333333 0.41176471
v -56.83592606 -5.59999990 81.69029999 0.27843137 0.33333333 0.41176471
v -70.23655701 -5.59999990 87.99220276 0.27843137 0.33333333 0.41176471
v -70.44853210 -5.59999990 87.44268036 0.27843137 0.33333333 0.41176471
v -70.63328552 -5.59999990 86.88341522 0.27843137 0.33333333 0.41176471
v -70.79037476 -5.59999990 86.31576538 0.27843137 0.33333333 0.41176471
v -70.91942596 -5.59999990 85.74108124 0.27843137 0.33333333 0.41176471
v -71.02011871 -5.59999990 85.16076660 0.27843137 0.33333333 0.41176471
v -71.09221649 -5.59999990 84.57620239 0.27843137 0.33333333 0.41176471
v -56.95745850 -5.59999990 81.42207336 0.27843137 0.33333333 0.41176471
v -71.13554382 -5.59999990 83.98881531 0.27843137 0.33333333 0.41176471
v -57.06118393 -5.59999990 81.14647675 0.27843137 0.33333333 0.41176471
v -71.15000153 -5.59999990 83.40000153 0.27843137 0.33333333 0.41176471
v -57.14666748 -5.59999990 80.86468506 0.27843137 0.33333333 0.41176471
v -57.21353531 -5.59999990 80.57790375 0.27843137 0.33333333 0.41176471
v -57.26150131 -5.59999990 80.28736877 0.27843137 0.33333333 0.41176471
v -57.29036331 -5.59999990 79.99431610 0.27843137 0.33333333 0.41176471
v -57.29999924 -5.59999990 79.69999695 0.27843137 0.33333333 0.41176471
v -57.29999924 -5.59999990 38.50000000 0.27843137 0.33333333 0.41176471
v -71.15000153 -5.59999990 34.00000000 0.27843137 0.33333333 0.41176471
v -57.29036331 -5.59999990 38.20568466 0.27843137 0.33333333 0.41176471
v -57.26150131 -5.59999990 37.91263199 0.27843137 0.33333333 0.41176471
v -57.21353531 -5.59999990 37.62209320 0.27843137 0.33333333 0.41176471
v -57.14666748 -5.59999990 37.33531570 0.27843137 0.33333333 0.41176471
v -57.06118393 -5.59999990 37.05352402 0.27843137 0.33333333 0.41176471
v -56.95745850 -5.59999990 36.77792358 0.27843137 0.33333333 0.41176471
v -56.83592606 -5.59999990 36.50970078 0.27843137 0.33333333 0.41176471
v -56.69711304 -5.59999990 36.25000000 0.27843137 0.33333333 0.41176471
v -56.54161453 -5.59999990 35.99993515 0.27843137 0.33333333 0.41176471
v -56.37009048 -5.59999990 35.76057434 0.27843137 0.33333333 0.41176471
v -56.18328094 -5.59999990 35.53294373 0.27843137 0.33333333 0.41176471
v -52.79999924 -5.59999990 34.00000000 0.27843137 0.33333333 0.41176471
v -53.09431458 -5.59999990 34.00963593 0.27843137 0.33333333 0.41176471
v -53.38736725 -5.59999990 34.03849792 0.27843137 0.33333333 0.41176471
v -53.67790604 -5.59999990 34.08646774 0.27843137 0.33333333 0.41176471
v -53.96468735 -5.59999990 34.15333557 0.27843137 0.33333333 0.41176471
v -54.24647903 -5.59999990 34.23881531 0.27843137 0.33333333 0.41176471
v -54.52207565 -5.59999990 34.34254074 0.27843137 0.33333333 0.41176471
v -54.79029846 -5.59999990 34.46407318 0.27843137 0.33333333 0.41176471
v -55.04999924 -5.59999990 34.60288620 0.27843137 0.33333333 0.41176471
v -55.30006790 -5.59999990 34.75838852 0.27843137 0.33333333 0.41176471
v -55.53942490 -5.59999990 34.92990875 0.27843137 0.33333333 0.41176471
v -55.76705551 -5.59999990 35.11672211 0.27843137 0.33333333 0.41176471
v -55.98197937 -5.59999990 35.31801987 0.27843137 0.33333333 0.41176471
v -64.15000153 0.00000000 0.00000000 0.27843137 0.33333333 0.41176471
v 64.60781860 0.00000000 0.01498754 0.27843137 0.33333333 0.41176471
v 64.15000153 0.00000000 0.00000000 0.27843137 0.33333333 0.41176471
v -64.60781860 0.00000000 0.01498754 0.27843137 0.33333333 0.41176471
v 65.06368256 0.00000000 0.05988597 0.27843137 0.33333333 0.41176471
v -65.06368256 0.00000000 0.05988597 0.27843137 0.33333333 0.41176471
v 65.51563263 0.00000000 0.13450304 0.27843137 0.33333333 0.41176471
v -65.51563263 0.00000000 0.13450304 0.27843137 0.33333333 0.41176471
v 65.96173096 0.00000000 0.23851922 0.27843137 0.33333333 0.41176471
v -65.96173096 0.00000000 0.23851922 0.27843137 0.33333333 0.41176471
v 66.40007782 0.00000000 0.37148911 0.27843137 0.33333333 0.41176471
v -66.40007782 0.00000000 0.37148911 0.27843137 0.33333333 0.41176471
v 66.82878113 0.00000000 0.53284329 0.27843137 0.33333333 0.41176471
v -66.82878113 0.00000000 0.53284329 0.27843137 0.33333333 0.41176471
v 67.24601746 0.00000000 0.72189081 0.27843137 0.33333333 0.41176471
v -67.24601746 0.00000000 0.72189081 0.27843137 0.33333333 0.41176471
v 67.65000153 0.00000000 0.93782216 0.27843137 0.33333333 0.41176471
v -67.65000153 0.00000000 0.93782216 0.27843137 0.33333333 0.41176471
v 68.03899384 0.00000000 1.17971277 0.27843137 0.33333333 0.41176471
v -68.03899384 0.00000000 1.17971277 0.27843137 0.33333333 0.41176471
v 68.41133118 0.00000000 1.44652665 0.27843137 0.33333333 0.41176471
v -68.41133118 0.00000000 1.44652665 0.27843137 0.33333333 0.41176471
v 68.76541901 0.00000000 1.73712134 0.27843137 0.33333333 0.41176471
v -68.76541901 0.00000000 1.73712134 0.27843137 0.33333333 0.41176471
v 69.09974670 0.00000000 2.05025244 0.27843137 0.33333333 0.41176471
v -69.09974670 0.00000000 2.05025244 0.27843137 0.33333333 0.41176471
v 69.41287994 0.00000000 2.38457918 0.27843137 0.33333333 0.41176471
v -69.41287994 0.00000000 2.38457918 0.27843137 0.33333333 0.41176471
v 69.70347595 0.00000000 2.73867011 0.27843137 0.33333333 0.41176471
v -69.70347595 0.00000000 2.73867011 0.27843137 0.33333333 0.41176471
v 69.97028351 0.00000000 3.11100841 0.27843137 0.33333333 0.41176471
v -69.97028351 0.00000000 3.11100841 0.27843137 0.33333333 0.41176471
v 70.21218109 0.00000000 3.50000000 0.27843137 0.33333333 0.41176471
v -70.21218109 0.00000000 3.50000000 0.27843137 0.33333333 0.41176471
v 70.42810822 0.00000000 3.90397906 0.27843137 0.33333333 0.41176471
v -70.42810822 0.00000000 3.90397906 0.27843137 0.33333333 0.41176471
v 70.61715698 0.00000000 4.32121611 0.27843137 0.33333333 0.41176471
v -70.61715698 0.00000000 4.32121611 0.27843137 0.33333333 0.41176471
v 70.77851105 0.00000000 4.74992371 0.27843137 0.33333333 0.41176471
v -70.77851105 0.00000000 4.74992371 0.27843137 0.33333333 0.41176471
v 70.91148376 0.00000000 5.18826675 0.27843137 0.33333333 0.41176471
v -70.91148376 0.00000000 5.18826675 0.27843137 0.33333333 0.41176471
v 71.01549530 0.00000000 5.63436794 0.27843137 0.33333333 0.41176471
v -71.01549530 0.00000000 5.63436794 0.27843137 0.33333333 0.41176471
v 71.09011078 0.00000000 6.08631659 0.27843137 0.33333333 0.41176471
v -71.09011078 0.00000000 6.08631659 0.27843137 0.33333333 0.41176471
v 71.13500977 0.00000000 6.54217815 0.27843137 0.33333333 0.41176471
v -71.13500977 0.00000000 6.54217815 0.27843137 0.33333333 0.41176471
v 71.15000153 0.00000000 7.00000000 0.27843137 0.33333333 0.41176471
v -71.15000153 0.00000000 7.00000000 0.27843137 0.33333333 0.41176471
v 71.15000153 0.00000000 23.77000046 0.27843137 0.33333333 0.41176471
v -71.15000153 0.00000000 23.77000046 0.27843137 0.33333333 0.41176471
v 71.13500977 0.00000000 24.22782135 0.27843137 0.33333333 0.41176471
v -71.13500977 0.00000000 24.22782135 0.27843137 0.33333333 0.41176471
v 71.09011078 0.00000000 24.68368340 0.27843137 0.33333333 0.41176471
v -71.09011078 0.00000000 24.68368340 0.27843137 0.33333333 0.41176471
v 71.01549530 0.00000000 25.13563156 0.27843137 0.33333333 0.41176471
v -71.01549530 0.00000000 25.13563156 0.27843137 0.33333333 0.41176471
v 70.91148376 0.00000000 25.58173370 0.27843137 0.33333333 0.41176471
v -70.91148376 0.00000000 25.58173370 0.27843137 0.33333333 0.41176471
v 70.77851105 0.00000000 26.02007675 0.27843137 0.33333333 0.41176471
v -70.77851105 0.00000000 26.02007675 0.27843137 0.33333333 0.41176471
v 70.61715698 0.00000000 26.44878387 0.27843137 0.33333333 0.41176471
v -70.61715698 0.00000000 26.44878387 0.27843137 0.33333333 0.41176471
v 70.42810822 0.00000000 26.86602020 0.27843137 0.33333333 0.41176471
v -70.42810822 0.00000000 26.86602020 0.27843137 0.33333333 0.41176471
v 70.21218109 0.00000000 27.27000046 0.27843137 0.33333333 0.41176471
v -70.21218109 0.00000000 27.27000046 0.27843137 0.33333333 0.41176471
v 69.97028351 0.00000000 27.65899086 0.27843137 0.33333333 0.41176471
v -69.97028351 0.00000000 27.65899086 0.27843137 0.33333333 0.41176471
v 69.70347595 0.00000000 28.03133011 0.27843137 0.33333333 0.41176471
v -69.70347595 0.00000000 28.03133011 0.27843137 0.33333333 0.41176471
v 69.41287994 0.00000000 28.38541985 0.27843137 0.33333333 0.41176471
v -69.41287994 0.00000000 28.38541985 0.27843137 0.33333333 0.41176471
v 69.09974670 0.00000000 28.71974754 0.27843137 0.33333333 0.41176471
v -69.09974670 0.00000000 28.71974754 0.27843137 0.33333333 0.41176471
v 68.76541901 0.00000000 29.03287888 0.27843137 0.33333333 0.41176471
v -68.76541901 0.00000000 29.03287888 0.27843137 0.33333333 0.41176471
v 68.41133118 0.00000000 29.32347298 0.27843137 0.33333333 0.41176471
v -68.41133118 0.00000000 29.32347298 0.27843137 0.33333333 0.41176471
v 68.03899384 0.00000000 29.59028816 0.27843137 0.33333333 0.41176471
v -68.03899384 0.00000000 29.59028816 0.27843137 0.33333333 0.41176471
v 67.65000153 0.00000000 29.83217812 0.27843137 0.33333333 0.41176471
v -67.65000153 0.00000000 29.83217812 0.27843137 0.33333333 0.41176471
v 67.24601746 0.00000000 30.04810905 0.27843137 0.33333333 0.41176471
v -67.24601746 0.00000000 30.04810905 0.27843137 0.33333333 0.41176471
v 66.82878113 0.00000000 30.23715591 0.27843137 0.33333333 0.41176471
v -66.82878113 0.00000000 30.23715591 0.27843137 0.33333333 0.41176471
v 66.40007782 0.00000000 30.39850998 0.27843137 0.33333333 0.41176471
v -66.40007782 0.00000000 30.39850998 0.27843137 0.33333333 0.41176471
v 65.96173096 0.00000000 30.53148079 0.27843137 0.33333333 0.41176471
v -65.96173096 0.00000000 30.53148079 0.27843137 0.33333333 0.41176471
v 65.51563263 0.00000000 30.63549614 0.27843137 0.33333333 0.41176471
v -65.51563263 0.00000000 30.63549614 0.27843137 0.33333333 0.41176471
v 65.06368256 0.00000000 30.71011353 0.27843137 0.33333333 0.41176471
v -65.06368256 0.00000000 30.71011353 0.27843137 0.33333333 0.41176471
v 64.60781860 0.00000000 30.75501251 0.27843137 0.33333333 0.41176471
v -64.60781860 0.00000000 30.75501251 0.27843137 0.33333333 0.41176471
v 64.15000153 0.00000000 30.77000046 0.27843137 0.33333333 0.41176471
v -64.15000153 0.00000000 30.77000046 0.27843137 0.33333333 0.41176471
v 64.15000153 -2.20000005 0.00000000 0.27843137 0.33333333 0.41176471
v 64.60781860 -2.20000005 0.01498754 0.27843137 0.33333333 0.41176471
v -64.15000153 -2.20000005 0.00000000 0.27843137 0.33333333 0.41176471
v -64.60781860 -2.20000005 0.01498754 0.27843137 0.33333333 0.41176471
v 65.06368256 -2.20000005 0.05988597 0.27843137 0.33333333 0.41176471
v -65.06368256 -2.20000005 0.05988597 0.27843137 0.33333333 0.41176471
v 65.51563263 -2.20000005 0.13450304 0.27843137 0.33333333 0.41176471
v -65.51563263 -2.20000005 0.13450304 0.27843137 0.33333333 0.41176471
v 65.96173096 -2.20000005 0.23851922 0.27843137 0.33333333 0.41176471
v -65.96173096 -2.20000005 0.23851922 0.27843137 0.33333333 0.41176471
v 66.40007782 -2.20000005 0.37148911 0.27843137 0.33333333 0.41176471
v -66.40007782 -2.20000005 0.37148911 0.27843137 0.33333333 0.41176471
v 66.82878113 -2.20000005 0.53284329 0.27843137 0.33333333 0.41176471
v -66.82878113 -2.20000005 0.53284329 0.27843137 0.33333333 0.41176471
v 67.24601746 -2.20000005 0.72189081 0.27843137 0.33333333 0.41176471
v -67.24601746 -2.20000005 0.72189081 0.27843137 0.33333333 0.41176471
v 67.65000153 -2.20000005 0.93782216 0.27843137 0.33333333 0.41176471
v -67.65000153 -2.20000005 0.93782216 0.27843137 0.33333333 0.41176471
v 68.03899384 -2.20000005 1.17971277 0.27843137 0.33333333 0.41176471
v -68.03899384 -2.20000005 1.17971277 0.27843137 0.33333333 0.41176471
v 68.41133118 -2.20000005 1.44652665 0.27843137 0.33333333 0.41176471
v -68.41133118 -2.20000005 1.44652665 0.27843137 0.33333333 0.41176471
v 68.76541901 -2.20000005 1.73712134 0.27843137 0.33333333 0.41176471
v -68.76541901 -2.20000005 1.73712134 0.27843137 0.33333333 0.41176471
v 69.09974670 -2.20000005 2.05025244 0.27843137 0.33333333 0.41176471
v -69.09974670 -2.20000005 2.05025244 0.27843137 0.33333333 0.41176471
v 69.41287994 -2.20000005 2.38457918 0.27843137 0.33333333 0.41176471
v -69.41287994 -2.20000005 2.38457918 0.27843137 0.33333333 0.41176471
v 69.70347595 -2.20000005 2.73867011 0.27843137 0.33333333 0.41176471
v -69.70347595 -2.20000005 2.73867011 0.27843137 0.33333333 0.41176471
v 69.97028351 -2.20000005 3.11100841 0.27843137 0.33333333 0.41176471
v -69.97028351 -2.20000005 3.11100841 0.27843137 0.33333333 0.41176471
v 70.21218109 -2.20000005 3.50000000 0.27843137 0.33333333 0.41176471
v -70.21218109 -2.20000005 3.50000000 0.27843137 0.33333333 0.41176471
v 70.42810822 -2.20000005 3.90397906 0.27843137 0.33333333 0.41176471
v -70.42810822 -2.20000005 3.90397906 0.27843137 0.33333333 0.41176471
v 70.61715698 -2.20000005 4.32121611 0.27843137 0.33333333 0.41176471
v -70.61715698 -2.20000005 4.32121611 0.27843137 0.33333333 0.41176471
v 70.77851105 -2.20000005 4.74992371 0.27843137 0.33333333 0.41176471
v -70.77851105 -2.20000005 4.74992371 0.27843137 0.33333333 0.41176471
v 70.91148376 -2.20000005 5.18826675 0.27843137 0.33333333 0.41176471
v -70.91148376 -2.20000005 5.18826675 0.27843137 0.33333333 0.41176471
v 71.01549530 -2.20000005 5.63436794 0.27843137 0.33333333 0.41176471
v -71.01549530 -2.20000005 5.63436794 0.27843137 0.33333333 0.41176471
v 71.09011078 -2.20000005 6.08631659 0.27843137 0.33333333 0.41176471
v -71.09011078 -2.20000005 6.08631659 0.27843137 0.33333333 0.41176471
v 71.13500977 -2.20000005 6.54217815 0.27843137 0.33333333 0.41176471
v -71.13500977 -2.20000005 6.54217815 0.27843137 0.33333333 0.41176471
v 71.15000153 -2.20000005 7.00000000 0.27843137 0.33333333 0.41176471
v -71.15000153 -2.20000005 7.00000000 0.27843137 0.33333333 0.41176471
v 71.15000153 -2.20000005 23.77000046 0.27843137 0.33333333 0.41176471
v -71.15000153 -2.20000005 23.77000046 0.27843137 0.33333333 0.41176471
v 71.13500977 -2.20000005 24.22782135 0.27843137 0.33333333 0.41176471
v -71.13500977 -2.20000005 24.22782135 0.27843137 0.33333333 0.41176471
v 71.09011078 -2.20000005 24.68368340 0.27843137 0.33333333 0.41176471
v -71.09011078 -2.20000005 24.68368340 0.27843137 0.33333333 0.41176471
v 71.01549530 -2.20000005 25.13563156 0.27843137 0.33333333 0.41176471
v -71.01549530 -2.20000005 25.13563156 0.27843137 0.33333333 0.41176471
v 70.91148376 -2.20000005 25.58173370 0.27843137 0.33333333 0.41176471
v -70.91148376 -2.20000005 25.58173370 0.27843137 0.33333333 0.41176471
v 70.77851105 -2.20000005 26.02007675 0.27843137 0.33333333 0.41176471
v -70.77851105 -2.20000005 26.02007675 0.27843137 0.33333333 0.41176471
v 70.61715698 -2.20000005 26.44878387 0.27843137 0.33333333 0.41176471
v -70.61715698 -2.20000005 26.44878387 0.27843137 0.33333333 0.41176471
v 70.42810822 -2.20000005 26.86602020 0.27843137 0.33333333 0.41176471
v -70.42810822 -2.20000005 26.86602020 0.27843137 0.33333333 0.41176471
v 70.21218109 -2.20000005 27.27000046 0.27843137 0.33333333 0.41176471
v -70.21218109 -2.20000005 27.27000046 0.27843137 0.33333333 0.41176471
v 69.97028351 -2.20000005 27.65899086 0.27843137 0.33333333 0.41176471
v -69.97028351 -2.20000005 27.65899086 0.27843137 0.33333333 0.41176471
v 69.70347595 -2.20000005 28.03133011 0.27843137 0.33333333 0.41176471
v -69.70347595 -2.20000005 28.03133011 0.27843137 0.33333333 0.41176471
v 69.41287994 -2.20000005 28.38541985 0.27843137 0.33333333 0.41176471
v -69.41287994 -2.20000005 28.38541985 0.27843137 0.33333333 0.41176471
v 69.09974670 -2.20000005 28.71974754 0.27843137 0.33333333 0.41176471
v -69.09974670 -2.20000005 28.71974754 0.27843137 0.33333333 0.41176471
v 68.76541901 -2.20000005 29.03287888 0.27843137 0.33333333 0.41176471
v -68.76541901 -2.20000005 29.03287888 0.27843137 0.33333333 0.41176471
v 68.41133118 -2.20000005 29.32347298 0.27843137 0.33333333 0.41176471
v -68.41133118 -2.20000005 29.32347298 0.27843137 0.33333333 0.41176471
v 68.03899384 -2.20000005 29.59028816 0.27843137 0.33333333 0.41176471
v -68.03899384 -2.20000005 29.59028816 0.27843137 0.33333333 0.41176471
v 67.65000153 -2.20000005 29.83217812 0.27843137 0.33333333 0.41176471
v -67.65000153 -2.20000005 29.83217812 0.27843137 0.33333333 0.41176471
v 67.24601746 -2.20000005 30.04810905 0.27843137 0.33333333 0.41176471
v -67.24601746 -2.20000005 30.04810905 0.27843137 0.33333333 0.41176471
v 66.82878113 -2.20000005 30.23715591 0.27843137 0.33333333 0.41176471
v -66.82878113 -2.20000005 30.23715591 0.27843137 0.33333333 0.41176471
v 66.40007782 -2.20000005 30.39850998 0.27843137 0.33333333 0.41176471
v -66.40007782 -2.20000005 30.39850998 0.27843137 0.33333333 0.41176471
v 65.96173096 -2.20000005 30.53148079 0.27843137 0.33333333 0.41176471
v -65.96173096 -2.20000005 30.53148079 0.27843137 0.33333333 0.41176471
v 65.51563263 -2.20000005 30.63549614 0.27843137 0.33333333 0.41176471
v -65.51563263 -2.20000005 30.63549614 0.27843137 0.33333333 0.41176471
v 65.06368256 -2.20000005 30.71011353 0.27843137 0.33333333 0.41176471
v -65.06368256 -2.20000005 30.71011353 0.27843137 0.33333333 0.41176471
v 64.60781860 -2.20000005 30.75501251 0.27843137 0.33333333 0.41176471
v -64.60781860 -2.20000005 30.75501251 0.27843137 0.33333333 0.41176471
v 64.15000153 -2.20000005 30.77000046 0.27843137 0.33333333 0.41176471
v -64.15000153 -2.20000005 30.77000046 0.27843137 0.33333333 0.41176471
v -59.04999924 -7.09999990 27.77000046 0.27843137 0.33333333 0.41176471
v -59.04999924 -2.20000005 27.77000046 0.27843137 0.33333333 0.41176471
v -59.04999924 -7.09999990 3.00000000 0.27843137 0.33333333 0.41176471
v -57.25000000 -7.09999990 3.00000000 0.27843137 0.33333333 0.41176471
v -59.04999924 -2.20000005 3.00000000 0.27843137 0.33333333 0.41176471
v -57.25000000 -2.20000005 27.77000046 0.27843137 0.33333333 0.41176471
v -57.25000000 -7.09999990 27.77000046 0.27843137 0.33333333 0.41176471
v -57.25000000 -2.20000005 3.00000000 0.27843137 0.33333333 0.41176471
v -39.66666794 -7.09999990 27.77000046 0.27843137 0.33333333 0.41176471
v -39.66666794 -2.20000005 27.77000046 0.27843137 0.33333333 0.41176471
v -39.66666794 -7.09999990 3.00000000 0.27843137 0.33333333 0.41176471
v -37.86666489 -7.09999990 3.00000000 0.27843137 0.33333333 0.41176471
v -39.66666794 -2.20000005 3.00000000 0.27843137 0.33333333 0.41176471
v -37.86666489 -2.20000005 27.77000046 0.27843137 0.33333333 0.41176471
v -37.86666489 -7.09999990 27.77000046 0.27843137 0.33333333 0.41176471
v -37.86666489 -2.20000005 3.00000000 0.27843137 0.33333333 0.41176471
v -20.28333282 -7.09999990 27.77000046 0.27843137 0.33333333 0.41176471
v -20.28333282 -2.20000005 27.77000046 0.27843137 0.33333333 0.41176471
v -20.28333282 -7.09999990 3.00000000 0.27843137 0.33333333 0.41176471
v -18.48333359 -7.09999990 3.00000000 0.27843137 0.33333333 0.41176471
v -20.28333282 -2.20000005 3.00000000 0.27843137 0.33333333 0.41176471
v -18.48333359 -2.20000005 27.77000046 0.27843137 0.33333333 0.41176471
v -18.48333359 -7.09999990 27.77000046 0.27843137 0.33333333 0.41176471
v -18.48333359 -2.20000005 3.00000000 0.27843137 0.33333333 0.41176471
v -0.89999998 -7.09999990 27.77000046 0.27843137 0.33333333 0.41176471
v -0.89999998 -2.20000005 27.77000046 0.27843137 0.33333333 0.41176471
v -0.89999998 -7.09999990 3.00000000 0.27843137 0.33333333 0.41176471
v 0.89999998 -7.09999990 3.00000000 0.27843137 0.33333333 0.41176471
v -0.89999998 -2.20000005 3.00000000 0.27843137 0.33333333 0.41176471
v 0.89999998 -2.20000005 27.77000046 0.27843137 0.33333333 0.41176471
v 0.89999998 -7.09999990 27.77000046 0.27843137 0.33333333 0.41176471
v 0.89999998 -2.20000005 3.00000000 0.27843137 0.33333333 0.41176471
v 18.48333359 -7.09999990 27.77000046 0.27843137 0.33333333 0.41176471
v 18.48333359 -2.20000005 27.77000046 0.27843137 0.33333333 0.41176471
v 18.48333359 -7.09999990 3.00000000 0.27843137 0.33333333 0.41176471
v 20.28333282 -7.09999990 3.00000000 0.27843137 0.33333333 0.41176471
v 18.48333359 -2.20000005 3.00000000 0.27843137 0.33333333 0.41176471
v 20.28333282 -2.20000005 27.77000046 0.27843137 0.33333333 0.41176471
v 20.28333282 -7.09999990 27.77000046 0.27843137 0.33333333 0.41176471
v 20.28333282 -2.20000005 3.00000000 0.27843137 0.33333333 0.41176471
v 37.86666489 -7.09999990 27.77000046 0.27843137 0.33333333 0.41176471
v 37.86666489 -2.20000005 27.77000046 0.27843137 0.33333333 0.41176471
v 37.86666489 -7.09999990 3.00000000 0.27843137 0.33333333 0.41176471
v 39.66666794 -7.09999990 3.00000000 0.27843137 0.33333333 0.41176471
v 37.86666489 -2.20000005 3.00000000 0.27843137 0.33333333 0.41176471
v 39.66666794 -2.20000005 27.77000046 0.27843137 0.33333333 0.41176471
v 39.66666794 -7.09999990 27.77000046 0.27843137 0.33333333 0.41176471
v 39.66666794 -2.20000005 3.00000000 0.27843137 0.33333333 0.41176471
v 57.25000000 -7.09999990 27.77000046 0.27843137 0.33333333 0.41176471
v 57.25000000 -2.20000005 27.77000046 0.27843137 0.33333333 0.41176471
v 57.25000000 -7.09999990 3.00000000 0.27843137 0.33333333 0.41176471
v 59.04999924 -7.09999990 3.00000000 0.27843137 0.33333333 0.41176471
v 57.25000000 -2.20000005 3.00000000 0.27843137 0.33333333 0.41176471
v 59.04999924 -2.20000005 27.77000046 0.27843137 0.33333333 0.41176471
v 59.04999924 -7.09999990 27.77000046 0.27843137 0.33333333 0.41176471
v 59.04999924 -2.20000005 3.00000000 0.27843137 0.33333333 0.41176471
v -67.15000153 -7.09999990 4.90000010 0.27843137 0.33333333 0.41176471
v -67.15000153 -2.20000005 4.90000010 0.27843137 0.33333333 0.41176471
v -67.15000153 -7.09999990 3.09999990 0.27843137 0.33333333 0.41176471
v 67.15000153 -7.09999990 3.09999990 0.27843137 0.33333333 0.41176471
v -67.15000153 -2.20000005 3.09999990 0.27843137 0.33333333 0.41176471
v 67.15000153 -2.20000005 4.90000010 0.27843137 0.33333333 0.41176471
v 67.15000153 -7.09999990 4.90000010 0.27843137 0.33333333 0.41176471
v 67.15000153 -2.20000005 3.09999990 0.27843137 0.33333333 0.41176471
v -67.15000153 -7.09999990 28.67000008 0.27843137 0.33333333 0.41176471
v -67.15000153 -2.20000005 28.67000008 0.27843137 0.33333333 0.41176471
v -67.15000153 -7.09999990 26.87000084 0.27843137 0.33333333 0.41176471
v 67.15000153 -7.09999990 26.87000084 0.27843137 0.33333333 0.41176471
v -67.15000153 -2.20000005 26.87000084 0.27843137 0.33333333 0.41176471
v 67.15000153 -2.20000005 28.67000008 0.27843137 0.33333333 0.41176471
v 67.15000153 -7.09999990 28.67000008 0.27843137 0.33333333 0.41176471
v 67.15000153 -2.20000005 26.87000084 0.27843137 0.33333333 0.41176471
v 33.65000153 -5.59999990 29.00000000 0.27843137 0.33333333 0.41176471
v 33.65000153 -5.59999990 34.00000000 0.27843137 0.33333333 0.41176471
v -23.64999962 -5.59999990 34.00000000 0.27843137 0.33333333 0.41176471
v 23.64999962 -5.59999990 34.00000000 0.27843137 0.33333333 0.41176471
v 23.64999962 -5.59999990 29.00000000 0.27843137 0.33333333 0.41176471
v -23.64999962 -5.59999990 29.00000000 0.27843137 0.33333333 0.41176471
v -33.65000153 -5.59999990 34.00000000 0.27843137 0.33333333 0.41176471
v -33.65000153 -5.59999990 29.00000000 0.27843137 0.33333333 0.41176471
v 60.09999847 -5.59999990 88.19999695 0.27843137 0.33333333 0.41176471
v 60.09999847 -5.59999990 27.10000038 0.27843137 0.33333333 0.41176471
v -60.09999847 -5.59999990 88.19999695 0.27843137 0.33333333 0.41176471
v -60.09999847 -5.59999990 27.10000038 0.27843137 0.33333333 0.41176471
v 52.79999924 -6.80000019 34.00000000 0.27843137 0.33333333 0.41176471
v 33.65000153 -6.80000019 34.00000000 0.27843137 0.33333333 0.41176471
v 33.65000153 -6.80000019 29.00000000 0.27843137 0.33333333 0.41176471
v 23.64999962 -6.80000019 29.00000000 0.27843137 0.33333333 0.41176471
v 23.64999962 -6.80000019 34.00000000 0.27843137 0.33333333 0.41176471
v -23.64999962 -6.80000019 34.00000000 0.27843137 0.33333333 0.41176471
v -23.64999962 -6.80000019 29.00000000 0.27843137 0.33333333 0.41176471
v -33.65000153 -6.80000019 29.00000000 0.27843137 0.33333333 0.41176471
v -33.65000153 -6.80000019 34.00000000 0.27843137 0.33333333 0.41176471
v -52.79999924 -6.80000019 34.00000000 0.27843137 0.33333333 0.41176471
v 57.29036331 -6.80000019 79.99431610 0.27843137 0.33333333 0.41176471
v 57.29999924 -6.80000019 79.69999695 0.27843137 0.33333333 0.41176471
v 60.09999847 -6.80000019 88.19999695 0.27843137 0.33333333 0.41176471
v 57.26150131 -6.80000019 80.28736877 0.27843137 0.33333333 0.41176471
v 57.21353531 -6.80000019 80.57790375 0.27843137 0.33333333 0.41176471
v 57.14666748 -6.80000019 80.86468506 0.27843137 0.33333333 0.41176471
v 57.06118393 -6.80000019 81.14647675 0.27843137 0.33333333 0.41176471
v 56.95745850 -6.80000019 81.42207336 0.27843137 0.33333333 0.41176471
v 56.83592606 -6.80000019 81.69029999 0.27843137 0.33333333 0.41176471
v 56.69711304 -6.80000019 81.94999695 0.27843137 0.33333333 0.41176471
v 56.54161453 -6.80000019 82.20006561 0.27843137 0.33333333 0.41176471
v 56.37009048 -6.80000019 82.43943024 0.27843137 0.33333333 0.41176471
v 56.18328094 -6.80000019 82.66705322 0.27843137 0.33333333 0.41176471
v 55.98197937 -6.80000019 82.88198090 0.27843137 0.33333333 0.41176471
v 55.76705551 -6.80000019 83.08328247 0.27843137 0.33333333 0.41176471
v 55.53942490 -6.80000019 83.27008820 0.27843137 0.33333333 0.41176471
v 55.30006790 -6.80000019 83.44161224 0.27843137 0.33333333 0.41176471
v 55.04999924 -6.80000019 83.59711456 0.27843137 0.33333333 0.41176471
v 54.79029846 -6.80000019 83.73592377 0.27843137 0.33333333 0.41176471
v 54.52207565 -6.80000019 83.85746002 0.27843137 0.33333333 0.41176471
v 54.24647903 -6.80000019 83.96118927 0.27843137 0.33333333 0.41176471
v 53.96468735 -6.80000019 84.04666901 0.27843137 0.33333333 0.41176471
v 60.09999847 -6.80000019 27.10000038 0.27843137 0.33333333 0.41176471
v 57.29999924 -6.80000019 38.50000000 0.27843137 0.33333333 0.41176471
v 57.29036331 -6.80000019 38.20568466 0.27843137 0.33333333 0.41176471
v 57.26150131 -6.80000019 37.91263199 0.27843137 0.33333333 0.41176471
v 57.21353531 -6.80000019 37.62209320 0.27843137 0.33333333 0.41176471
v 57.14666748 -6.80000019 37.33531570 0.27843137 0.33333333 0.41176471
v 57.06118393 -6.80000019 37.05352402 0.27843137 0.33333333 0.41176471
v 56.95745850 -6.80000019 36.77792358 0.27843137 0.33333333 0.41176471
v 56.83592606 -6.80000019 36.50970078 0.27843137 0.33333333 0.41176471
v 56.69711304 -6.80000019 36.25000000 0.27843137 0.33333333 0.41176471
v 56.54161453 -6.80000019 35.99993515 0.27843137 0.33333333 0.41176471
v 56.37009048 -6.80000019 35.76057434 0.27843137 0.33333333 0.41176471
v 56.18328094 -6.80000019 35.53294373 0.27843137 0.33333333 0.41176471
v 55.98197937 -6.80000019 35.31801987 0.27843137 0.33333333 0.41176471
v 55.76705551 -6.80000019 35.11672211 0.27843137 0.33333333 0.41176471
v 55.53942490 -6.80000019 34.92990875 0.27843137 0.33333333 0.41176471
v 55.30006790 -6.80000019 34.75838852 0.27843137 0.33333333 0.41176471
v 55.04999924 -6.80000019 34.60288620 0.27843137 0.33333333 0.41176471
v 54.79029846 -6.80000019 34.46407318 0.27843137 0.33333333 0.41176471
v 54.52207565 -6.80000019 34.34254074 0.27843137 0.33333333 0.41176471
v 54.24647903 -6.80000019 34.23881531 0.27843137 0.33333333 0.41176471
v 53.96468735 -6.80000019 34.15333557 0.27843137 0.33333333 0.41176471
v 53.67790604 -6.80000019 34.08646774 0.27843137 0.33333333 0.41176471
v 53.38736725 -6.80000019 34.03849792 0.27843137 0.33333333 0.41176471
v 53.09431458 -6.80000019 34.00963593 0.27843137 0.33333333 0.41176471
v 53.67790604 -6.80000019 84.11353302 0.27843137 0.33333333 0.41176471
v 53.38736725 -6.80000019 84.16149902 0.27843137 0.33333333 0.41176471
v 53.09431458 -6.80000019 84.19036865 0.27843137 0.33333333 0.41176471
v -60.09999847 -6.80000019 88.19999695 0.27843137 0.33333333 0.41176471
v 52.79999924 -6.80000019 84.19999695 0.27843137 0.33333333 0.41176471
v -52.79999924 -6.80000019 84.19999695 0.27843137 0.33333333 0.41176471
v -53.09431458 -6.80000019 84.19036865 0.27843137 0.33333333 0.41176471
v -53.38736725 -6.80000019 84.16149902 0.27843137 0.33333333 0.41176471
v -53.67790604 -6.80000019 84.11353302 0.27843137 0.33333333 0.41176471
v -53.96468735 -6.80000019 84.04666901 0.27843137 0.33333333 0.41176471
v -54.24647903 -6.80000019 83.96118927 0.27843137 0.33333333 0.41176471
v -54.52207565 -6.80000019 83.85746002 0.27843137 0.33333333 0.41176471
v -54.79029846 -6.80000019 83.73592377 0.27843137 0.33333333 0.41176471
v -55.04999924 -6.80000019 83.59711456 0.27843137 0.33333333 0.41176471
v -55.30006790 -6.80000019 83.44161224 0.27843137 0.33333333 0.41176471
v -55.53942490 -6.80000019 83.27008820 0.27843137 0.33333333 0.41176471
v -55.76705551 -6.80000019 83.08328247 0.27843137 0.33333333 0.41176471
v -55.98197937 -6.80000019 82.88198090 0.27843137 0.33333333 0.41176471
v -56.18328094 -6.80000019 82.66705322 0.27843137 0.33333333 0.41176471
v -56.37009048 -6.80000019 82.43943024 0.27843137 0.33333333 0.41176471
v -56.54161453 -6.80000019 82.20006561 0.27843137 0.33333333 0.41176471
v -56.69711304 -6.80000019 81.94999695 0.27843137 0.33333333 0.41176471
v -56.83592606 -6.80000019 81.69029999 0.27843137 0.33333333 0.41176471
v -56.95745850 -6.80000019 81.42207336 0.27843137 0.33333333 0.41176471
v -57.06118393 -6.80000019 81.14647675 0.27843137 0.33333333 0.41176471
v -57.14666748 -6.80000019 80.86468506 0.27843137 0.33333333 0.41176471
v -57.21353531 -6.80000019 80.57790375 0.27843137 0.33333333 0.41176471
v -57.26150131 -6.80000019 80.28736877 0.27843137 0.33333333 0.41176471
v -57.29036331 -6.80000019 79.99431610 0.27843137 0.33333333 0.41176471
v -60.09999847 -6.80000019 27.10000038 0.27843137 0.33333333 0.41176471
v -57.29999924 -6.80000019 79.69999695 0.27843137 0.33333333 0.41176471
v -57.29999924 -6.80000019 38.50000000 0.27843137 0.33333333 0.41176471
v -57.29036331 -6.80000019 38.20568466 0.27843137 0.33333333 0.41176471
v -57.26150131 -6.80000019 37.91263199 0.27843137 0.33333333 0.41176471
v -57.21353531 -6.80000019 37.62209320 0.27843137 0.33333333 0.41176471
v -57.14666748 -6.80000019 37.33531570 0.27843137 0.33333333 0.41176471
v -57.06118393 -6.80000019 37.05352402 0.27843137 0.33333333 0.41176471
v -56.95745850 -6.80000019 36.77792358 0.27843137 0.33333333 0.41176471
v -56.83592606 -6.80000019 36.50970078 0.27843137 0.33333333 0.41176471
v -56.69711304 -6.80000019 36.25000000 0.27843137 0.33333333 0.41176471
v -56.54161453 -6.80000019 35.99993515 0.27843137 0.33333333 0.41176471
v -56.37009048 -6.80000019 35.76057434 0.27843137 0.33333333 0.41176471
v -56.18328094 -6.80000019 35.53294373 0.27843137 0.33333333 0.41176471
v -55.98197937 -6.80000019 35.31801987 0.27843137 0.33333333 0.41176471
v -55.76705551 -6.80000019 35.11672211 0.27843137 0.33333333 0.41176471
v -55.53942490 -6.80000019 34.92990875 0.27843137 0.33333333 0.41176471
v -55.30006790 -6.80000019 34.75838852 0.27843137 0.33333333 0.41176471
v -55.04999924 -6.80000019 34.60288620 0.27843137 0.33333333 0.41176471
v -54.79029846 -6.80000019 34.46407318 0.27843137 0.33333333 0.41176471
v -54.52207565 -6.80000019 34.34254074 0.27843137 0.33333333 0.41176471
v -54.24647903 -6.80000019 34.23881531 0.27843137 0.33333333 0.41176471
v -53.96468735 -6.80000019 34.15333557 0.27843137 0.33333333 0.41176471
v -53.67790604 -6.80000019 34.08646774 0.27843137 0.33333333 0.41176471
v -53.38736725 -6.80000019 34.03849792 0.27843137 0.33333333 0.41176471
v -53.09431458 -6.80000019 34.00963593 0.27843137 0.33333333 0.41176471
v -58.59999847 -8.35000038 33.09999847 0.27843137 0.33333333 0.41176471
v -58.59999847 -4.84999990 33.09999847 0.27843137 0.33333333 0.41176471
v -58.59999847 -8.35000038 29.10000038 0.27843137 0.33333333 0.41176471
v -53.59999847 -8.35000038 29.10000038 0.27843137 0.33333333 0.41176471
v -58.59999847 -4.84999990 29.10000038 0.27843137 0.33333333 0.41176471
v -53.59999847 -4.84999990 33.09999847 0.27843137 0.33333333 0.41176471
v -53.59999847 -8.35000038 33.09999847 0.27843137 0.33333333 0.41176471
v -53.59999847 -4.84999990 29.10000038 0.27843137 0.33333333 0.41176471
v 53.59999847 -8.35000038 33.09999847 0.27843137 0.33333333 0.41176471
v 53.59999847 -4.84999990 33.09999847 0.27843137 0.33333333 0.41176471
v 53.59999847 -8.35000038 29.10000038 0.27843137 0.33333333 0.41176471
v 58.59999847 -8.35000038 29.10000038 0.27843137 0.33333333 0.41176471
v 53.59999847 -4.84999990 29.10000038 0.27843137 0.33333333 0.41176471
v 58.59999847 -4.84999990 33.09999847 0.27843137 0.33333333 0.41176471
v 58.59999847 -8.35000038 33.09999847 0.27843137 0.33333333 0.41176471
v 58.59999847 -4.84999990 29.10000038 0.27843137 0.33333333 0.41176471
v -35.90000153 -42.53010941 30.89412308 0.27843137 0.33333333 0.41176471
v 2.06552935 -42.54613113 30.89576912 0.27843137 0.33333333 0.41176471
v 2.05388474 -42.38909531 30.87963676 0.27843137 0.33333333 0.41176471
v 2.04999995 -42.23168182 30.86346436 0.27843137 0.33333333 0.41176471
v 60.09999847 -53.00000000 31.96977806 0.27843137 0.33333333 0.41176471
v 8.50000000 -42.23168182 30.86346436 0.27843137 0.33333333 0.41176471
v 8.49611568 -42.38909531 30.87963676 0.27843137 0.33333333 0.41176471
v 8.48447037 -42.54613113 30.89576912 0.27843137 0.33333333 0.41176471
v 8.46509457 -42.70240784 30.91182518 0.27843137 0.33333333 0.41176471
v 8.43803215 -42.85755157 30.92776489 0.27843137 0.33333333 0.41176471
v -35.90388489 -42.37269592 30.87795067 0.27843137 0.33333333 0.41176471
v -35.90388489 -42.68752670 30.91029549 0.27843137 0.33333333 0.41176471
v 8.40335083 -43.01118851 30.94354820 0.27843137 0.33333333 0.41176471
v 2.05388474 -42.07426453 30.84729195 0.27843137 0.33333333 0.41176471
v 8.49611568 -42.07426453 30.84729195 0.27843137 0.33333333 0.41176471
v 8.48447037 -41.91723251 30.83115768 0.27843137 0.33333333 0.41176471
v 8.46509457 -41.76095200 30.81510162 0.27843137 0.33333333 0.41176471
v 8.43803215 -41.60580826 30.79916382 0.27843137 0.33333333 0.41176471
v 8.40335083 -41.45217133 30.78337860 0.27843137 0.33333333 0.41176471
v 8.36113262 -41.30041504 30.76778793 0.27843137 0.33333333 0.41176471
v 8.31147957 -41.15090179 30.75242615 0.27843137 0.33333333 0.41176471
v 8.25451183 -41.00399017 30.73733330 0.27843137 0.33333333 0.41176471
v 8.19036579 -40.86003494 30.72254372 0.27843137 0.33333333 0.41176471
v 8.11919594 -40.71938705 30.70809364 0.27843137 0.33333333 0.41176471
v 8.04117489 -40.58238220 30.69401741 0.27843137 0.33333333 0.41176471
v 7.95648956 -40.44934845 30.68035126 0.27843137 0.33333333 0.41176471
v 7.86534452 -40.32061005 30.66712379 0.27843137 0.33333333 0.41176471
v -35.91553116 -42.21566010 30.86181831 0.27843137 0.33333333 0.41176471
v 7.76795864 -40.19647598 30.65437126 0.27843137 0.33333333 0.41176471
v 2.06552935 -41.91723251 30.83115768 0.27843137 0.33333333 0.41176471
v -35.91553116 -42.84455872 30.92642975 0.27843137 0.33333333 0.41176471
v 8.36113262 -43.16294861 30.95914078 0.27843137 0.33333333 0.41176471
v -35.93490601 -42.05938339 30.84576225 0.27843137 0.33333333 0.41176471
v 2.08490586 -42.70240784 30.91182518 0.27843137 0.33333333 0.41176471
v 7.66456747 -40.07724380 30.64212036 0.27843137 0.33333333 0.41176471
v -35.93490601 -43.00083923 30.94248581 0.27843137 0.33333333 0.41176471
v 2.08490586 -41.76095200 30.81510162 0.27843137 0.33333333 0.41176471
v 8.31147957 -43.31246185 30.97450066 0.27843137 0.33333333 0.41176471
v 2.11196756 -42.85755157 30.92776489 0.27843137 0.33333333 0.41176471
v -35.96196747 -41.90423965 30.82982254 0.27843137 0.33333333 0.41176471
v 2.11196756 -41.60580826 30.79916382 0.27843137 0.33333333 0.41176471
v -35.96196747 -43.15598297 30.95842552 0.27843137 0.33333333 0.41176471
v 7.55541945 -39.96320343 30.63040543 0.27843137 0.33333333 0.41176471
v 8.25451183 -43.45937347 30.98959351 0.27843137 0.33333333 0.41176471
v -35.99665070 -41.75060272 30.81403923 0.27843137 0.33333333 0.41176471
v 2.14664912 -43.01118851 30.94354820 0.27843137 0.33333333 0.41176471
v -35.99665070 -43.30961990 30.97420883 0.27843137 0.33333333 0.41176471
v 2.14664912 -41.45217133 30.78337860 0.27843137 0.33333333 0.41176471
v 7.44077778 -39.85462570 30.61924934 0.27843137 0.33333333 0.41176471
v 8.19036579 -43.60332489 31.00438309 0.27843137 0.33333333 0.41176471
v 2.18886733 -43.16294861 30.95914078 0.27843137 0.33333333 0.41176471
v -36.03886795 -41.59884262 30.79844666 0.27843137 0.33333333 0.41176471
v 2.18886733 -41.30041504 30.76778793 0.27843137 0.33333333 0.41176471
v -36.03886795 -43.46137619 30.98979950 0.27843137 0.33333333 0.41176471
v 7.32091856 -39.75177765 30.60868263 0.27843137 0.33333333 0.41176471
v 8.11919594 -43.74397659 31.01883316 0.27843137 0.33333333 0.41176471
v -36.08852005 -41.44932938 30.78308678 0.27843137 0.33333333 0.41176471
v 2.23852038 -43.31246185 30.97450066 0.27843137 0.33333333 0.41176471
v -36.08852005 -43.61088943 31.00516129 0.27843137 0.33333333 0.41176471
v 2.23852038 -41.15090179 30.75242615 0.27843137 0.33333333 0.41176471
v 7.19613028 -39.65489960 30.59873009 0.27843137 0.33333333 0.41176471
v 8.04117489 -43.88098145 31.03290939 0.27843137 0.33333333 0.41176471
v 2.29548860 -43.45937347 30.98959351 0.27843137 0.33333333 0.41176471
v -36.14548874 -41.30241776 30.76799393 0.27843137 0.33333333 0.41176471
v 2.29548860 -41.00399017 30.73733330 0.27843137 0.33333333 0.41176471
v -36.14548874 -43.75780106 31.02025414 0.27843137 0.33333333 0.41176471
v 7.06671381 -39.56423187 30.58941650 0.27843137 0.33333333 0.41176471
v 7.95648956 -44.01401520 31.04657745 0.27843137 0.33333333 0.41176471
v 2.35963464 -43.60332489 31.00438309 0.27843137 0.33333333 0.41176471
v -36.20963287 -41.15846634 30.75320435 0.27843137 0.33333333 0.41176471
v 2.35963464 -40.86003494 30.72254372 0.27843137 0.33333333 0.41176471
v -36.20963287 -43.90175629 31.03504372 0.27843137 0.33333333 0.41176471
v 6.93298149 -39.47999191 30.58076096 0.27843137 0.33333333 0.41176471
v 7.86534452 -44.14275360 31.05980301 0.27843137 0.33333333 0.41176471
v 2.43080401 -43.74397659 31.01883316 0.27843137 0.33333333 0.41176471
v -36.28080368 -41.01781464 30.73875427 0.27843137 0.33333333 0.41176471
v 2.43080401 -40.71938705 30.70809364 0.27843137 0.33333333 0.41176471
v -36.28080368 -44.04240417 31.04949379 0.27843137 0.33333333 0.41176471
v 6.79525471 -39.40237808 30.57278633 0.27843137 0.33333333 0.41176471
v 7.76795864 -44.26688766 31.07255745 0.27843137 0.33333333 0.41176471
v -36.35882568 -40.88080978 30.72467804 0.27843137 0.33333333 0.41176471
v 2.50882530 -43.88098145 31.03290939 0.27843137 0.33333333 0.41176471
v -36.35882568 -44.17940903 31.06357002 0.27843137 0.33333333 0.41176471
v 2.50882530 -40.58238220 30.69401741 0.27843137 0.33333333 0.41176471
v 6.65386534 -39.33158112 30.56551361 0.27843137 0.33333333 0.41176471
v 7.66456747 -44.38611984 31.08480644 0.27843137 0.33333333 0.41176471
v 2.59351039 -44.01401520 31.04657745 0.27843137 0.33333333 0.41176471
v -36.44351196 -40.74777603 30.71100998 0.27843137 0.33333333 0.41176471
v 2.59351039 -40.44934845 30.68035126 0.27843137 0.33333333 0.41176471
v -36.44351196 -44.31244278 31.07723618 0.27843137 0.33333333 0.41176471
v 6.50915384 -39.26776886 30.55895805 0.27843137 0.33333333 0.41176471
v 7.55541945 -44.50016022 31.09652328 0.27843137 0.33333333 0.41176471
v -36.53465652 -40.61903763 30.69778442 0.27843137 0.33333333 0.41176471
v 2.68465567 -44.14275360 31.05980301 0.27843137 0.33333333 0.41176471
v -36.53465652 -44.44118118 31.09046364 0.27843137 0.33333333 0.41176471
v 2.68465567 -40.32061005 30.66712379 0.27843137 0.33333333 0.41176471
v 6.36146975 -39.21110153 30.55313492 0.27843137 0.33333333 0.41176471
v 7.44077778 -44.60873795 31.10767746 0.27843137 0.33333333 0.41176471
v 2.78204131 -44.26688766 31.07255745 0.27843137 0.33333333 0.41176471
v -36.63204193 -40.49490356 30.68502998 0.27843137 0.33333333 0.41176471
v 2.78204131 -40.19647598 30.65437126 0.27843137 0.33333333 0.41176471
v -36.63204193 -44.56531525 31.10321617 0.27843137 0.33333333 0.41176471
v 6.21116829 -39.16170883 30.54806137 0.27843137 0.33333333 0.41176471
v 7.32091856 -44.71158600 31.11824417 0.27843137 0.33333333 0.41176471
v -36.73543167 -40.37567139 30.67278099 0.27843137 0.33333333 0.41176471
v 2.88543272 -44.38611984 31.08480644 0.27843137 0.33333333 0.41176471
v -36.73543167 -44.68454742 31.11546707 0.27843137 0.33333333 0.41176471
v 2.88543272 -40.07724380 30.64212036 0.27843137 0.33333333 0.41176471
v 6.05861092 -39.11970901 30.54374695 0.27843137 0.33333333 0.41176471
v 7.19613028 -44.80846024 31.12819672 0.27843137 0.33333333 0.41176471
v -36.84458160 -40.26163101 30.66106415 0.27843137 0.33333333 0.41176471
v 2.99458075 -44.50016022 31.09652328 0.27843137 0.33333333 0.41176471
v 2.99458075 -39.96320343 30.63040543 0.27843137 0.33333333 0.41176471
v -36.84458160 -44.79858780 31.12718201 0.27843137 0.33333333 0.41176471
v 5.90416622 -39.08520889 30.54020119 0.27843137 0.33333333 0.41176471
v 5.74820566 -39.05829239 30.53743553 0.27843137 0.33333333 0.41176471
v 5.59110546 -39.03901672 30.53545570 0.27843137 0.33333333 0.41176471
v 5.43324327 -39.02743149 30.53426552 0.27843137 0.33333333 0.41176471
v 5.27500010 -39.02356720 30.53386879 0.27843137 0.33333333 0.41176471
v 5.11675692 -39.02743149 30.53426552 0.27843137 0.33333333 0.41176471
v 4.95889473 -39.03901672 30.53545570 0.27843137 0.33333333 0.41176471
v 4.80179405 -39.05829239 30.53743553 0.27843137 0.33333333 0.41176471
v 4.64583349 -39.08520889 30.54020119 0.27843137 0.33333333 0.41176471
v 4.49138880 -39.11970901 30.54374695 0.27843137 0.33333333 0.41176471
v 4.33883190 -39.16170883 30.54806137 0.27843137 0.33333333 0.41176471
v 4.18853045 -39.21110153 30.55313492 0.27843137 0.33333333 0.41176471
v 4.04084587 -39.26776886 30.55895805 0.27843137 0.33333333 0.41176471
v 3.89613485 -39.33158112 30.56551361 0.27843137 0.33333333 0.41176471
v 3.75474548 -39.40237808 30.57278633 0.27843137 0.33333333 0.41176471
v 3.61701870 -39.47999191 30.58076096 0.27843137 0.33333333 0.41176471
v 3.48328590 -39.56423187 30.58941650 0.27843137 0.33333333 0.41176471
v 3.35386968 -39.65489960 30.59873009 0.27843137 0.33333333 0.41176471
v 3.22908163 -39.75177765 30.60868263 0.27843137 0.33333333 0.41176471
v 3.10922241 -39.85462570 30.61924934 0.27843137 0.33333333 0.41176471
v -36.95922089 -40.15305328 30.64990997 0.27843137 0.33333333 0.41176471
v -37.07908249 -40.05020523 30.63934326 0.27843137 0.33333333 0.41176471
v -37.20386887 -39.95333099 30.62939072 0.27843137 0.33333333 0.41176471
v -37.33328629 -39.86266327 30.62007523 0.27843137 0.33333333 0.41176471
v -37.46701813 -39.77841949 30.61142159 0.27843137 0.33333333 0.41176471
v -37.60474396 -39.70080566 30.60344696 0.27843137 0.33333333 0.41176471
v -37.74613571 -39.63000870 30.59617424 0.27843137 0.33333333 0.41176471
v -37.89084625 -39.56620026 30.58961678 0.27843137 0.33333333 0.41176471
v -38.03852844 -39.50952911 30.58379555 0.27843137 0.33333333 0.41176471
v -38.18883133 -39.46013641 30.57872009 0.27843137 0.33333333 0.41176471
v -38.34138870 -39.41814041 30.57440567 0.27843137 0.33333333 0.41176471
v -38.49583435 -39.38364029 30.57086182 0.27843137 0.33333333 0.41176471
v -38.65179443 -39.35671997 30.56809616 0.27843137 0.33333333 0.41176471
v -38.80889511 -39.33744431 30.56611633 0.27843137 0.33333333 0.41176471
v -38.96675491 -39.32586288 30.56492615 0.27843137 0.33333333 0.41176471
v -39.12500000 -39.32199860 30.56452942 0.27843137 0.33333333 0.41176471
v -40.12500000 -39.32199860 30.56452942 0.27843137 0.33333333 0.41176471
v -40.28324509 -39.32586288 30.56492615 0.27843137 0.33333333 0.41176471
v -40.44110489 -39.33744431 30.56611633 0.27843137 0.33333333 0.41176471
v -40.59820557 -39.35671997 30.56809616 0.27843137 0.33333333 0.41176471
v -40.75416565 -39.38364029 30.57086182 0.27843137 0.33333333 0.41176471
v -40.90861130 -39.41814041 30.57440567 0.27843137 0.33333333 0.41176471
v -41.06116867 -39.46013641 30.57872009 0.27843137 0.33333333 0.41176471
v -41.21147156 -39.50952911 30.58379555 0.27843137 0.33333333 0.41176471
v -41.35915375 -39.56620026 30.58961678 0.27843137 0.33333333 0.41176471
v -41.50386429 -39.63000870 30.59617424 0.27843137 0.33333333 0.41176471
v -41.64525604 -39.70080566 30.60344696 0.27843137 0.33333333 0.41176471
v -41.78298187 -39.77841949 30.61142159 0.27843137 0.33333333 0.41176471
v -41.91671371 -39.86266327 30.62007523 0.27843137 0.33333333 0.41176471
v -42.04613113 -39.95333099 30.62939072 0.27843137 0.33333333 0.41176471
v -42.17091751 -40.05020523 30.63934326 0.27843137 0.33333333 0.41176471
v -42.29077911 -40.15305328 30.64990997 0.27843137 0.33333333 0.41176471
v -42.40541840 -40.26163101 30.66106415 0.27843137 0.33333333 0.41176471
v -42.51456833 -40.37567139 30.67278099 0.27843137 0.33333333 0.41176471
v -60.09999847 -53.00000000 31.96977806 0.27843137 0.33333333 0.41176471
v -42.61795807 -40.49490356 30.68502998 0.27843137 0.33333333 0.41176471
v -42.71534348 -40.61903763 30.69778442 0.27843137 0.33333333 0.41176471
v -42.80648804 -40.74777603 30.71100998 0.27843137 0.33333333 0.41176471
v -42.89117432 -40.88080978 30.72467804 0.27843137 0.33333333 0.41176471
v -42.96919632 -41.01781464 30.73875427 0.27843137 0.33333333 0.41176471
v -43.04036713 -41.15846634 30.75320435 0.27843137 0.33333333 0.41176471
v -43.10451126 -41.30241776 30.76799393 0.27843137 0.33333333 0.41176471
v -43.16147995 -41.44932938 30.78308678 0.27843137 0.33333333 0.41176471
v -43.21113205 -41.59884262 30.79844666 0.27843137 0.33333333 0.41176471
v -43.25334930 -41.75060272 30.81403923 0.27843137 0.33333333 0.41176471
v -43.28803253 -41.90423965 30.82982254 0.27843137 0.33333333 0.41176471
v -43.31509399 -42.05938339 30.84576225 0.27843137 0.33333333 0.41176471
v -43.33446884 -42.21566010 30.86181831 0.27843137 0.33333333 0.41176471
v -43.34611511 -42.37269592 30.87795067 0.27843137 0.33333333 0.41176471
v -43.34999847 -42.53010941 30.89412308 0.27843137 0.33333333 0.41176471
v -43.34611511 -42.68752670 30.91029549 0.27843137 0.33333333 0.41176471
v -43.33446884 -42.84455872 30.92642975 0.27843137 0.33333333 0.41176471
v -43.31509399 -43.00083923 30.94248581 0.27843137 0.33333333 0.41176471
v -43.28803253 -43.15598297 30.95842552 0.27843137 0.33333333 0.41176471
v -43.25334930 -43.30961990 30.97420883 0.27843137 0.33333333 0.41176471
v -43.21113205 -43.46137619 30.98979950 0.27843137 0.33333333 0.41176471
v -43.16147995 -43.61088943 31.00516129 0.27843137 0.33333333 0.41176471
v -43.10451126 -43.75780106 31.02025414 0.27843137 0.33333333 0.41176471
v -43.04036713 -43.90175629 31.03504372 0.27843137 0.33333333 0.41176471
v -42.96919632 -44.04240417 31.04949379 0.27843137 0.33333333 0.41176471
v -42.89117432 -44.17940903 31.06357002 0.27843137 0.33333333 0.41176471
v -42.80648804 -44.31244278 31.07723618 0.27843137 0.33333333 0.41176471
v -42.71534348 -44.44118118 31.09046364 0.27843137 0.33333333 0.41176471
v -42.61795807 -44.56531525 31.10321617 0.27843137 0.33333333 0.41176471
v -42.51456833 -44.68454742 31.11546707 0.27843137 0.33333333 0.41176471
v -42.40541840 -44.79858780 31.12718201 0.27843137 0.33333333 0.41176471
v -42.29077911 -44.90716553 31.13833809 0.27843137 0.33333333 0.41176471
v -42.17091751 -45.01001740 31.14890480 0.27843137 0.33333333 0.41176471
v -42.04613113 -45.10689163 31.15885735 0.27843137 0.33333333 0.41176471
v -41.91671371 -45.19755936 31.16817284 0.27843137 0.33333333 0.41176471
v -41.78298187 -45.28179932 31.17682648 0.27843137 0.33333333 0.41176471
v -41.64525604 -45.35941315 31.18480110 0.27843137 0.33333333 0.41176471
v -41.50386429 -45.43021011 31.19207382 0.27843137 0.33333333 0.41176471
v -41.35915375 -45.49402237 31.19862938 0.27843137 0.33333333 0.41176471
v 3.10922241 -44.60873795 31.10767746 0.27843137 0.33333333 0.41176471
v 7.06671381 -44.89913177 31.13751221 0.27843137 0.33333333 0.41176471
v -36.95922089 -44.90716553 31.13833809 0.27843137 0.33333333 0.41176471
v -41.21147156 -45.55068970 31.20445251 0.27843137 0.33333333 0.41176471
v 3.22908163 -44.71158600 31.11824417 0.27843137 0.33333333 0.41176471
v 6.93298149 -44.98337173 31.14616776 0.27843137 0.33333333 0.41176471
v -37.07908249 -45.01001740 31.14890480 0.27843137 0.33333333 0.41176471
v -41.06116867 -45.60008240 31.20952606 0.27843137 0.33333333 0.41176471
v 3.35386968 -44.80846024 31.12819672 0.27843137 0.33333333 0.41176471
v 6.79525471 -45.06098557 31.15414047 0.27843137 0.33333333 0.41176471
v -37.20386887 -45.10689163 31.15885735 0.27843137 0.33333333 0.41176471
v -40.90861130 -45.64208221 31.21384048 0.27843137 0.33333333 0.41176471
v 3.48328590 -44.89913177 31.13751221 0.27843137 0.33333333 0.41176471
v 6.65386534 -45.13178253 31.16141319 0.27843137 0.33333333 0.41176471
v -37.33328629 -45.19755936 31.16817284 0.27843137 0.33333333 0.41176471
v -40.75416565 -45.67658234 31.21738625 0.27843137 0.33333333 0.41176471
v 3.61701870 -44.98337173 31.14616776 0.27843137 0.33333333 0.41176471
v 6.50915384 -45.19559097 31.16797066 0.27843137 0.33333333 0.41176471
v -37.46701813 -45.28179932 31.17682648 0.27843137 0.33333333 0.41176471
v -40.59820557 -45.70350266 31.22015190 0.27843137 0.33333333 0.41176471
v 3.75474548 -45.06098557 31.15414047 0.27843137 0.33333333 0.41176471
v 6.36146975 -45.25226212 31.17379189 0.27843137 0.33333333 0.41176471
v -37.60474396 -45.35941315 31.18480110 0.27843137 0.33333333 0.41176471
v -40.44110489 -45.72277451 31.22213173 0.27843137 0.33333333 0.41176471
v 3.89613485 -45.13178253 31.16141319 0.27843137 0.33333333 0.41176471
v 6.21116829 -45.30165482 31.17886734 0.27843137 0.33333333 0.41176471
v -37.74613571 -45.43021011 31.19207382 0.27843137 0.33333333 0.41176471
v -40.28324509 -45.73435974 31.22332191 0.27843137 0.33333333 0.41176471
v 4.04084587 -45.19559097 31.16797066 0.27843137 0.33333333 0.41176471
v 6.05861092 -45.34365082 31.18318176 0.27843137 0.33333333 0.41176471
v -37.89084625 -45.49402237 31.19862938 0.27843137 0.33333333 0.41176471
v -40.12500000 -45.73822403 31.22371864 0.27843137 0.33333333 0.41176471
v 4.18853045 -45.25226212 31.17379189 0.27843137 0.33333333 0.41176471
v -38.03852844 -45.55068970 31.20445251 0.27843137 0.33333333 0.41176471
v 5.90416622 -45.37815094 31.18672562 0.27843137 0.33333333 0.41176471
v -39.12500000 -45.73822403 31.22371864 0.27843137 0.33333333 0.41176471
v 4.33883190 -45.30165482 31.17886734 0.27843137 0.33333333 0.41176471
v -38.18883133 -45.60008240 31.20952606 0.27843137 0.33333333 0.41176471
v 5.74820566 -45.40507126 31.18949127 0.27843137 0.33333333 0.41176471
v -38.96675491 -45.73435974 31.22332191 0.27843137 0.33333333 0.41176471
v 4.49138880 -45.34365082 31.18318176 0.27843137 0.33333333 0.41176471
v -38.34138870 -45.64208221 31.21384048 0.27843137 0.33333333 0.41176471
v 5.59110546 -45.42434692 31.19147110 0.27843137 0.33333333 0.41176471
v 5.43324327 -45.43593216 31.19266129 0.27843137 0.33333333 0.41176471
v 5.27500010 -45.43979645 31.19305801 0.27843137 0.33333333 0.41176471
v 5.11675692 -45.43593216 31.19266129 0.27843137 0.33333333 0.41176471
v -38.80889511 -45.72277451 31.22213173 0.27843137 0.33333333 0.41176471
v 4.95889473 -45.42434692 31.19147110 0.27843137 0.33333333 0.41176471
v -38.65179443 -45.70350266 31.22015190 0.27843137 0.33333333 0.41176471
v 4.80179405 -45.40507126 31.18949127 0.27843137 0.33333333 0.41176471
v -38.49583435 -45.67658234 31.21738625 0.27843137 0.33333333 0.41176471
v 4.64583349 -45.37815094 31.18672562 0.27843137 0.33333333 0.41176471
v 2.05388474 -42.51173401 29.68591881 0.27843137 0.33333333 0.41176471
v 2.06552935 -42.66876984 29.70205307 0.27843137 0.33333333 0.41176471
v -35.90000153 -42.65275192 29.70040703 0.27843137 0.33333333 0.41176471
v 2.04999995 -42.35432053 29.66974640 0.27843137 0.33333333 0.41176471
v 8.49611568 -42.51173401 29.68591881 0.27843137 0.33333333 0.41176471
v 8.50000000 -42.35432053 29.66974640 0.27843137 0.33333333 0.41176471
v 60.09999847 -53.12263870 30.77606201 0.27843137 0.33333333 0.41176471
v 8.48447037 -42.66876984 29.70205307 0.27843137 0.33333333 0.41176471
v 8.46509457 -42.82505035 29.71810913 0.27843137 0.33333333 0.41176471
v 8.43803215 -42.98019409 29.73404884 0.27843137 0.33333333 0.41176471
v -35.90388489 -42.49533463 29.68423462 0.27843137 0.33333333 0.41176471
v -35.90388489 -42.81016541 29.71657944 0.27843137 0.33333333 0.41176471
v 8.40335083 -43.13382721 29.74983215 0.27843137 0.33333333 0.41176471
v 2.05388474 -42.19690704 29.65357399 0.27843137 0.33333333 0.41176471
v 60.09999847 -5.72264004 25.90628242 0.27843137 0.33333333 0.41176471
v 8.49611568 -42.19690704 29.65357399 0.27843137 0.33333333 0.41176471
v 8.48447037 -42.03987122 29.63744164 0.27843137 0.33333333 0.41176471
v 8.46509457 -41.88359451 29.62138557 0.27843137 0.33333333 0.41176471
v 8.43803215 -41.72845078 29.60544586 0.27843137 0.33333333 0.41176471
v 8.40335083 -41.57481384 29.58966255 0.27843137 0.33333333 0.41176471
v 8.36113262 -41.42305374 29.57406998 0.27843137 0.33333333 0.41176471
v 8.31147957 -41.27354050 29.55871010 0.27843137 0.33333333 0.41176471
v 8.25451183 -41.12662888 29.54361725 0.27843137 0.33333333 0.41176471
v 8.19036579 -40.98267746 29.52882767 0.27843137 0.33333333 0.41176471
v 8.11919594 -40.84202576 29.51437759 0.27843137 0.33333333 0.41176471
v 8.04117489 -40.70502090 29.50030136 0.27843137 0.33333333 0.41176471
v 7.95648956 -40.57198715 29.48663330 0.27843137 0.33333333 0.41176471
v 7.86534452 -40.44324875 29.47340775 0.27843137 0.33333333 0.41176471
v -35.91553116 -42.33829880 29.66810036 0.27843137 0.33333333 0.41176471
v 7.76795864 -40.31911469 29.46065521 0.27843137 0.33333333 0.41176471
v 2.06552935 -42.03987122 29.63744164 0.27843137 0.33333333 0.41176471
v -35.91553116 -42.96720123 29.73271370 0.27843137 0.33333333 0.41176471
v 8.36113262 -43.28558731 29.76542282 0.27843137 0.33333333 0.41176471
v -35.93490601 -42.18202209 29.65204620 0.27843137 0.33333333 0.41176471
v 2.08490586 -42.82505035 29.71810913 0.27843137 0.33333333 0.41176471
v 7.66456747 -40.19988251 29.44840431 0.27843137 0.33333333 0.41176471
v -35.93490601 -43.12347794 29.74876785 0.27843137 0.33333333 0.41176471
v 2.08490586 -41.88359451 29.62138557 0.27843137 0.33333333 0.41176471
v 8.31147957 -43.43510056 29.78078461 0.27843137 0.33333333 0.41176471
v 2.11196756 -42.98019409 29.73404884 0.27843137 0.33333333 0.41176471
v -35.96196747 -42.02687836 29.63610649 0.27843137 0.33333333 0.41176471
v 2.11196756 -41.72845078 29.60544586 0.27843137 0.33333333 0.41176471
v -35.96196747 -43.27862167 29.76470757 0.27843137 0.33333333 0.41176471
v 7.55541945 -40.08584213 29.43668747 0.27843137 0.33333333 0.41176471
v 8.25451183 -43.58201218 29.79587746 0.27843137 0.33333333 0.41176471
v -35.99665070 -41.87324142 29.62032127 0.27843137 0.33333333 0.41176471
v 2.14664912 -43.13382721 29.74983215 0.27843137 0.33333333 0.41176471
v -35.99665070 -43.43225861 29.78049278 0.27843137 0.33333333 0.41176471
v 2.14664912 -41.57481384 29.58966255 0.27843137 0.33333333 0.41176471
v 7.44077778 -39.97726440 29.42553329 0.27843137 0.33333333 0.41176471
v 8.19036579 -43.72596741 29.81066704 0.27843137 0.33333333 0.41176471
v 2.18886733 -43.28558731 29.76542282 0.27843137 0.33333333 0.41176471
v -36.03886795 -41.72148514 29.60473061 0.27843137 0.33333333 0.41176471
v 2.18886733 -41.42305374 29.57406998 0.27843137 0.33333333 0.41176471
v -36.03886795 -43.58401489 29.79608345 0.27843137 0.33333333 0.41176471
v 7.32091856 -39.87441635 29.41496658 0.27843137 0.33333333 0.41176471
v 8.11919594 -43.86661530 29.82511711 0.27843137 0.33333333 0.41176471
v -36.08852005 -41.57196808 29.58937073 0.27843137 0.33333333 0.41176471
v 2.23852038 -43.43510056 29.78078461 0.27843137 0.33333333 0.41176471
v -36.08852005 -43.73353195 29.81144524 0.27843137 0.33333333 0.41176471
v 2.23852038 -41.27354050 29.55871010 0.27843137 0.33333333 0.41176471
v 7.19613028 -39.77753830 29.40501404 0.27843137 0.33333333 0.41176471
v 8.04117489 -44.00362015 29.83919334 0.27843137 0.33333333 0.41176471
v 2.29548860 -43.58201218 29.79587746 0.27843137 0.33333333 0.41176471
v -36.14548874 -41.42506027 29.57427597 0.27843137 0.33333333 0.41176471
v 2.29548860 -41.12662888 29.54361725 0.27843137 0.33333333 0.41176471
v -36.14548874 -43.88044357 29.82653809 0.27843137 0.33333333 0.41176471
v 7.06671381 -39.68687057 29.39569855 0.27843137 0.33333333 0.41176471
v 7.95648956 -44.13665390 29.85285950 0.27843137 0.33333333 0.41176471
v 2.35963464 -43.72596741 29.81066704 0.27843137 0.33333333 0.41176471
v -36.20963287 -41.28110504 29.55948639 0.27843137 0.33333333 0.41176471
v 2.35963464 -40.98267746 29.52882767 0.27843137 0.33333333 0.41176471
v -36.20963287 -44.02439499 29.84132767 0.27843137 0.33333333 0.41176471
v 6.93298149 -39.60263062 29.38704491 0.27843137 0.33333333 0.41176471
v 7.86534452 -44.26539230 29.86608696 0.27843137 0.33333333 0.41176471
v 2.43080401 -43.86661530 29.82511711 0.27843137 0.33333333 0.41176471
v -36.28080368 -41.14045715 29.54503632 0.27843137 0.33333333 0.41176471
v 2.43080401 -40.84202576 29.51437759 0.27843137 0.33333333 0.41176471
v -36.28080368 -44.16504288 29.85577774 0.27843137 0.33333333 0.41176471
v 6.79525471 -39.52501678 29.37907028 0.27843137 0.33333333 0.41176471
v 7.76795864 -44.38952637 29.87883949 0.27843137 0.33333333 0.41176471
v -36.35882568 -41.00344849 29.53096199 0.27843137 0.33333333 0.41176471
v 2.50882530 -44.00362015 29.83919334 0.27843137 0.33333333 0.41176471
v -36.35882568 -44.30205154 29.86985207 0.27843137 0.33333333 0.41176471
v 2.50882530 -40.70502090 29.50030136 0.27843137 0.33333333 0.41176471
v 6.65386534 -39.45421982 29.37179756 0.27843137 0.33333333 0.41176471
v 7.66456747 -44.50875854 29.89109039 0.27843137 0.33333333 0.41176471
v 2.59351039 -44.13665390 29.85285950 0.27843137 0.33333333 0.41176471
v -36.44351196 -40.87041855 29.51729393 0.27843137 0.33333333 0.41176471
v 2.59351039 -40.57198715 29.48663330 0.27843137 0.33333333 0.41176471
v -36.44351196 -44.43508148 29.88352013 0.27843137 0.33333333 0.41176471
v 6.50915384 -39.39041138 29.36524200 0.27843137 0.33333333 0.41176471
v 7.55541945 -44.62279892 29.90280533 0.27843137 0.33333333 0.41176471
v -36.53465652 -40.74168015 29.50406837 0.27843137 0.33333333 0.41176471
v 2.68465567 -44.26539230 29.86608696 0.27843137 0.33333333 0.41176471
v -36.53465652 -44.56381989 29.89674759 0.27843137 0.33333333 0.41176471
v 2.68465567 -40.44324875 29.47340775 0.27843137 0.33333333 0.41176471
v 6.36146975 -39.33374023 29.35941887 0.27843137 0.33333333 0.41176471
v 7.44077778 -44.73137665 29.91396141 0.27843137 0.33333333 0.41176471
v 2.78204131 -44.38952637 29.87883949 0.27843137 0.33333333 0.41176471
v -36.63204193 -40.61754608 29.49131393 0.27843137 0.33333333 0.41176471
v 2.78204131 -40.31911469 29.46065521 0.27843137 0.33333333 0.41176471
v -36.63204193 -44.68795776 29.90950012 0.27843137 0.33333333 0.41176471
v 6.21116829 -39.28434753 29.35434532 0.27843137 0.33333333 0.41176471
v 7.32091856 -44.83422470 29.92452812 0.27843137 0.33333333 0.41176471
v -36.73543167 -40.49831390 29.47906494 0.27843137 0.33333333 0.41176471
v 2.88543272 -44.50875854 29.89109039 0.27843137 0.33333333 0.41176471
v -36.73543167 -44.80718613 29.92174911 0.27843137 0.33333333 0.41176471
v 2.88543272 -40.19988251 29.44840431 0.27843137 0.33333333 0.41176471
v 6.05861092 -39.24235153 29.35002899 0.27843137 0.33333333 0.41176471
v 7.19613028 -44.93110275 29.93448067 0.27843137 0.33333333 0.41176471
v -36.84458160 -40.38426971 29.46734810 0.27843137 0.33333333 0.41176471
v 2.99458075 -44.62279892 29.90280533 0.27843137 0.33333333 0.41176471
v 2.99458075 -40.08584213 29.43668747 0.27843137 0.33333333 0.41176471
v -36.84458160 -44.92123032 29.93346596 0.27843137 0.33333333 0.41176471
v -60.09999847 -5.72264004 25.90628242 0.27843137 0.33333333 0.41176471
v 5.90416622 -39.20785141 29.34648514 0.27843137 0.33333333 0.41176471
v 5.74820566 -39.18093109 29.34371948 0.27843137 0.33333333 0.41176471
v 5.59110546 -39.16165543 29.34173965 0.27843137 0.33333333 0.41176471
v 5.43324327 -39.15007019 29.34054947 0.27843137 0.33333333 0.41176471
v 5.27500010 -39.14620590 29.34015274 0.27843137 0.33333333 0.41176471
v 5.11675692 -39.15007019 29.34054947 0.27843137 0.33333333 0.41176471
v 4.95889473 -39.16165543 29.34173965 0.27843137 0.33333333 0.41176471
v 4.80179405 -39.18093109 29.34371948 0.27843137 0.33333333 0.41176471
v 4.64583349 -39.20785141 29.34648514 0.27843137 0.33333333 0.41176471
v 4.49138880 -39.24235153 29.35002899 0.27843137 0.33333333 0.41176471
v 4.33883190 -39.28434753 29.35434532 0.27843137 0.33333333 0.41176471
v 4.18853045 -39.33374023 29.35941887 0.27843137 0.33333333 0.41176471
v 4.04084587 -39.39041138 29.36524200 0.27843137 0.33333333 0.41176471
v 3.89613485 -39.45421982 29.37179756 0.27843137 0.33333333 0.41176471
v 3.75474548 -39.52501678 29.37907028 0.27843137 0.33333333 0.41176471
v 3.61701870 -39.60263062 29.38704491 0.27843137 0.33333333 0.41176471
v 3.48328590 -39.68687057 29.39569855 0.27843137 0.33333333 0.41176471
v 3.35386968 -39.77753830 29.40501404 0.27843137 0.33333333 0.41176471
v 3.22908163 -39.87441635 29.41496658 0.27843137 0.33333333 0.41176471
v 3.10922241 -39.97726440 29.42553329 0.27843137 0.33333333 0.41176471
v -36.95922089 -40.27569580 29.45619392 0.27843137 0.33333333 0.41176471
v -37.07908249 -40.17284393 29.44562721 0.27843137 0.33333333 0.41176471
v -37.20386887 -40.07596970 29.43567467 0.27843137 0.33333333 0.41176471
v -37.33328629 -39.98530197 29.42635918 0.27843137 0.33333333 0.41176471
v -37.46701813 -39.90105820 29.41770363 0.27843137 0.33333333 0.41176471
v -37.60474396 -39.82344818 29.40973091 0.27843137 0.33333333 0.41176471
v -37.74613571 -39.75265121 29.40245628 0.27843137 0.33333333 0.41176471
v -37.89084625 -39.68883896 29.39590073 0.27843137 0.33333333 0.41176471
v -38.03852844 -39.63217163 29.39007950 0.27843137 0.33333333 0.41176471
v -38.18883133 -39.58277893 29.38500404 0.27843137 0.33333333 0.41176471
v -38.34138870 -39.54077911 29.38068962 0.27843137 0.33333333 0.41176471
v -38.49583435 -39.50627899 29.37714577 0.27843137 0.33333333 0.41176471
v -38.65179443 -39.47935867 29.37438011 0.27843137 0.33333333 0.41176471
v -38.80889511 -39.46008301 29.37239838 0.27843137 0.33333333 0.41176471
v -38.96675491 -39.44850159 29.37121010 0.27843137 0.33333333 0.41176471
v -39.12500000 -39.44463730 29.37081146 0.27843137 0.33333333 0.41176471
v -40.12500000 -39.44463730 29.37081146 0.27843137 0.33333333 0.41176471
v -40.28324509 -39.44850159 29.37121010 0.27843137 0.33333333 0.41176471
v -40.44110489 -39.46008301 29.37239838 0.27843137 0.33333333 0.41176471
v -40.59820557 -39.47935867 29.37438011 0.27843137 0.33333333 0.41176471
v -40.75416565 -39.50627899 29.37714577 0.27843137 0.33333333 0.41176471
v -40.90861130 -39.54077911 29.38068962 0.27843137 0.33333333 0.41176471
v -41.06116867 -39.58277893 29.38500404 0.27843137 0.33333333 0.41176471
v -41.21147156 -39.63217163 29.39007950 0.27843137 0.33333333 0.41176471
v -41.35915375 -39.68883896 29.39590073 0.27843137 0.33333333 0.41176471
v -41.50386429 -39.75265121 29.40245628 0.27843137 0.33333333 0.41176471
v -41.64525604 -39.82344818 29.40973091 0.27843137 0.33333333 0.41176471
v -41.78298187 -39.90105820 29.41770363 0.27843137 0.33333333 0.41176471
v -41.91671371 -39.98530197 29.42635918 0.27843137 0.33333333 0.41176471
v -42.04613113 -40.07596970 29.43567467 0.27843137 0.33333333 0.41176471
v -42.17091751 -40.17284393 29.44562721 0.27843137 0.33333333 0.41176471
v -42.29077911 -40.27569580 29.45619392 0.27843137 0.33333333 0.41176471
v -42.40541840 -40.38426971 29.46734810 0.27843137 0.33333333 0.41176471
v -42.51456833 -40.49831390 29.47906494 0.27843137 0.33333333 0.41176471
v -60.09999847 -53.12263870 30.77606201 0.27843137 0.33333333 0.41176471
v -42.61795807 -40.61754608 29.49131393 0.27843137 0.33333333 0.41176471
v -42.71534348 -40.74168015 29.50406837 0.27843137 0.33333333 0.41176471
v -42.80648804 -40.87041855 29.51729393 0.27843137 0.33333333 0.41176471
v -42.89117432 -41.00344849 29.53096199 0.27843137 0.33333333 0.41176471
v -42.96919632 -41.14045715 29.54503632 0.27843137 0.33333333 0.41176471
v -43.04036713 -41.28110504 29.55948639 0.27843137 0.33333333 0.41176471
v -43.10451126 -41.42506027 29.57427597 0.27843137 0.33333333 0.41176471
v -43.16147995 -41.57196808 29.58937073 0.27843137 0.33333333 0.41176471
v -43.21113205 -41.72148514 29.60473061 0.27843137 0.33333333 0.41176471
v -43.25334930 -41.87324142 29.62032127 0.27843137 0.33333333 0.41176471
v -43.28803253 -42.02687836 29.63610649 0.27843137 0.33333333 0.41176471
v -43.31509399 -42.18202209 29.65204620 0.27843137 0.33333333 0.41176471
v -43.33446884 -42.33829880 29.66810036 0.27843137 0.33333333 0.41176471
v -43.34611511 -42.49533463 29.68423462 0.27843137 0.33333333 0.41176471
v -43.34999847 -42.65275192 29.70040703 0.27843137 0.33333333 0.41176471
v -43.34611511 -42.81016541 29.71657944 0.27843137 0.33333333 0.41176471
v -43.33446884 -42.96720123 29.73271370 0.27843137 0.33333333 0.41176471
v -43.31509399 -43.12347794 29.74876785 0.27843137 0.33333333 0.41176471
v -43.28803253 -43.27862167 29.76470757 0.27843137 0.33333333 0.41176471
v -43.25334930 -43.43225861 29.78049278 0.27843137 0.33333333 0.41176471
v -43.21113205 -43.58401489 29.79608345 0.27843137 0.33333333 0.41176471
v -43.16147995 -43.73353195 29.81144524 0.27843137 0.33333333 0.41176471
v -43.10451126 -43.88044357 29.82653809 0.27843137 0.33333333 0.41176471
v -43.04036713 -44.02439499 29.84132767 0.27843137 0.33333333 0.41176471
v -42.96919632 -44.16504288 29.85577774 0.27843137 0.33333333 0.41176471
v -42.89117432 -44.30205154 29.86985207 0.27843137 0.33333333 0.41176471
v -42.80648804 -44.43508148 29.88352013 0.27843137 0.33333333 0.41176471
v -42.71534348 -44.56381989 29.89674759 0.27843137 0.33333333 0.41176471
v -42.61795807 -44.68795776 29.90950012 0.27843137 0.33333333 0.41176471
v -42.51456833 -44.80718613 29.92174911 0.27843137 0.33333333 0.41176471
v -42.40541840 -44.92123032 29.93346596 0.27843137 0.33333333 0.41176471
v -42.29077911 -45.02980423 29.94462013 0.27843137 0.33333333 0.41176471
v -42.17091751 -45.13265610 29.95518684 0.27843137 0.33333333 0.41176471
v -42.04613113 -45.22953033 29.96513939 0.27843137 0.33333333 0.41176471
v -41.91671371 -45.32019806 29.97445488 0.27843137 0.33333333 0.41176471
v -41.78298187 -45.40444183 29.98311043 0.27843137 0.33333333 0.41176471
v -41.64525604 -45.48205185 29.99108315 0.27843137 0.33333333 0.41176471
v -41.50386429 -45.55284882 29.99835777 0.27843137 0.33333333 0.41176471
v -41.35915375 -45.61666107 30.00491333 0.27843137 0.33333333 0.41176471
v 3.10922241 -44.73137665 29.91396141 0.27843137 0.33333333 0.41176471
v 7.06671381 -45.02177048 29.94379616 0.27843137 0.33333333 0.41176471
v -36.95922089 -45.02980423 29.94462013 0.27843137 0.33333333 0.41176471
v -41.21147156 -45.67333221 30.01073456 0.27843137 0.33333333 0.41176471
v 3.22908163 -44.83422470 29.92452812 0.27843137 0.33333333 0.41176471
v 6.93298149 -45.10601044 29.95244980 0.27843137 0.33333333 0.41176471
v -37.07908249 -45.13265610 29.95518684 0.27843137 0.33333333 0.41176471
v -41.06116867 -45.72272491 30.01581001 0.27843137 0.33333333 0.41176471
v 3.35386968 -44.93110275 29.93448067 0.27843137 0.33333333 0.41176471
v 6.79525471 -45.18362427 29.96042442 0.27843137 0.33333333 0.41176471
v -37.20386887 -45.22953033 29.96513939 0.27843137 0.33333333 0.41176471
v -40.90861130 -45.76472092 30.02012444 0.27843137 0.33333333 0.41176471
v 3.48328590 -45.02177048 29.94379616 0.27843137 0.33333333 0.41176471
v 6.65386534 -45.25442123 29.96769714 0.27843137 0.33333333 0.41176471
v -37.33328629 -45.32019806 29.97445488 0.27843137 0.33333333 0.41176471
v -40.75416565 -45.79922104 30.02366829 0.27843137 0.33333333 0.41176471
v 3.61701870 -45.10601044 29.95244980 0.27843137 0.33333333 0.41176471
v 6.50915384 -45.31822968 29.97425270 0.27843137 0.33333333 0.41176471
v -37.46701813 -45.40444183 29.98311043 0.27843137 0.33333333 0.41176471
v -40.59820557 -45.82614136 30.02643394 0.27843137 0.33333333 0.41176471
v 3.75474548 -45.18362427 29.96042442 0.27843137 0.33333333 0.41176471
v 6.36146975 -45.37490082 29.98007584 0.27843137 0.33333333 0.41176471
v -37.60474396 -45.48205185 29.99108315 0.27843137 0.33333333 0.41176471
v -40.44110489 -45.84541702 30.02841568 0.27843137 0.33333333 0.41176471
v 3.89613485 -45.25442123 29.96769714 0.27843137 0.33333333 0.41176471
v 6.21116829 -45.42429352 29.98514938 0.27843137 0.33333333 0.41176471
v -37.74613571 -45.55284882 29.99835777 0.27843137 0.33333333 0.41176471
v -40.28324509 -45.85699844 30.02960587 0.27843137 0.33333333 0.41176471
v 4.04084587 -45.31822968 29.97425270 0.27843137 0.33333333 0.41176471
v 6.05861092 -45.46629333 29.98946381 0.27843137 0.33333333 0.41176471
v -37.89084625 -45.61666107 30.00491333 0.27843137 0.33333333 0.41176471
v -40.12500000 -45.86086273 30.03000259 0.27843137 0.33333333 0.41176471
v 4.18853045 -45.37490082 29.98007584 0.27843137 0.33333333 0.41176471
v -38.03852844 -45.67333221 30.01073456 0.27843137 0.33333333 0.41176471
v 5.90416622 -45.50079346 29.99300957 0.27843137 0.33333333 0.41176471
v -39.12500000 -45.86086273 30.03000259 0.27843137 0.33333333 0.41176471
v 4.33883190 -45.42429352 29.98514938 0.27843137 0.33333333 0.41176471
v -38.18883133 -45.72272491 30.01581001 0.27843137 0.33333333 0.41176471
v 5.74820566 -45.52770996 29.99577522 0.27843137 0.33333333 0.41176471
v -38.96675491 -45.85699844 30.02960587 0.27843137 0.33333333 0.41176471
v 4.49138880 -45.46629333 29.98946381 0.27843137 0.33333333 0.41176471
v -38.34138870 -45.76472092 30.02012444 0.27843137 0.33333333 0.41176471
v 5.59110546 -45.54698563 29.99775505 0.27843137 0.33333333 0.41176471
v 5.43324327 -45.55857086 29.99894524 0.27843137 0.33333333 0.41176471
v 5.27500010 -45.56243515 29.99934196 0.27843137 0.33333333 0.41176471
v 5.11675692 -45.55857086 29.99894524 0.27843137 0.33333333 0.41176471
v -38.80889511 -45.84541702 30.02841568 0.27843137 0.33333333 0.41176471
v 4.95889473 -45.54698563 29.99775505 0.27843137 0.33333333 0.41176471
v -38.65179443 -45.82614136 30.02643394 0.27843137 0.33333333 0.41176471
v 4.80179405 -45.52770996 29.99577522 0.27843137 0.33333333 0.41176471
v -38.49583435 -45.79922104 30.02366829 0.27843137 0.33333333 0.41176471
v 4.64583349 -45.50079346 29.99300957 0.27843137 0.33333333 0.41176471
v 23.00000000 -10.69645977 26.41728401 0.27843137 0.33333333 0.41176471
v 27.00000000 -41.18547440 29.54966164 0.27843137 0.33333333 0.41176471
v 27.00000000 -10.69645977 26.41728401 0.27843137 0.33333333 0.41176471
v 23.00000000 -41.18547440 29.54966164 0.27843137 0.33333333 0.41176471
v 27.00000000 -10.84975910 24.92513847 0.27843137 0.33333333 0.41176471
v 27.00000000 -41.33877182 28.05751610 0.27843137 0.33333333 0.41176471
v 23.00000000 -10.84975910 24.92513847 0.27843137 0.33333333 0.41176471
v 23.00000000 -41.33877182 28.05751610 0.27843137 0.33333333 0.41176471
v -55.87500000 -36.20999908 82.19999695 0.11764706 0.16078431 0.23137255
v -55.87500000 -3.00000000 82.19999695 0.11764706 0.16078431 0.23137255
v -55.87500000 -36.20999908 36.20000076 0.11764706 0.16078431 0.23137255
v 55.87500000 -36.20999908 36.20000076 0.11764706 0.16078431 0.23137255
v -55.87500000 -3.00000000 36.20000076 0.11764706 0.16078431 0.23137255
v 55.87500000 -3.00000000 82.19999695 0.11764706 0.16078431 0.23137255
v 55.87500000 -36.20999908 82.19999695 0.11764706 0.16078431 0.23137255
v 55.87500000 -3.00000000 36.20000076 0.11764706 0.16078431 0.23137255
v -57.00000000 -5.00000000 82.19999695 0.11764706 0.16078431 0.23137255
v -57.00000000 -3.00000000 82.19999695 0.11764706 0.16078431 0.23137255
v -57.00000000 -5.00000000 79.19999695 0.11764706 0.16078431 0.23137255
v 57.00000000 -5.00000000 79.19999695 0.11764706 0.16078431 0.23137255
v -57.00000000 -3.00000000 79.19999695 0.11764706 0.16078431 0.23137255
v 57.00000000 -3.00000000 82.19999695 0.11764706 0.16078431 0.23137255
v 57.00000000 -5.00000000 82.19999695 0.11764706 0.16078431 0.23137255
v 57.00000000 -3.00000000 79.19999695 0.11764706 0.16078431 0.23137255
v -57.00000000 -5.00000000 39.20000076 0.11764706 0.16078431 0.23137255
v -57.00000000 -3.00000000 39.20000076 0.11764706 0.16078431 0.23137255
v -57.00000000 -5.00000000 36.20000076 0.11764706 0.16078431 0.23137255
v 57.00000000 -5.00000000 36.20000076 0.11764706 0.16078431 0.23137255
v -57.00000000 -3.00000000 36.20000076 0.11764706 0.16078431 0.23137255
v 57.00000000 -3.00000000 39.20000076 0.11764706 0.16078431 0.23137255
v 57.00000000 -5.00000000 39.20000076 0.11764706 0.16078431 0.23137255
v 57.00000000 -3.00000000 36.20000076 0.11764706 0.16078431 0.23137255
v 1.00000000 -2.50000000 80.69999695 0.11764706 0.16078431 0.23137255
v 1.00000000 0.00000000 80.69999695 0.11764706 0.16078431 0.23137255
v 1.00000000 -2.50000000 37.70000076 0.11764706 0.16078431 0.23137255
v 53.00000000 -2.50000000 37.70000076 0.11764706 0.16078431 0.23137255
v 1.00000000 0.00000000 37.70000076 0.11764706 0.16078431 0.23137255
v 53.00000000 0.00000000 80.69999695 0.11764706 0.16078431 0.23137255
v 53.00000000 -2.50000000 80.69999695 0.11764706 0.16078431 0.23137255
v 53.00000000 0.00000000 37.70000076 0.11764706 0.16078431 0.23137255
v 16.00000000 0.00000000 62.20000076 0.11764706 0.16078431 0.23137255
v 16.00000000 0.80000001 62.20000076 0.11764706 0.16078431 0.23137255
v 16.00000000 0.00000000 56.20000076 0.11764706 0.16078431 0.23137255
v 38.00000000 0.00000000 56.20000076 0.11764706 0.16078431 0.23137255
v 16.00000000 0.80000001 56.20000076 0.11764706 0.16078431 0.23137255
v 38.00000000 0.80000001 62.20000076 0.11764706 0.16078431 0.23137255
v 38.00000000 0.00000000 62.20000076 0.11764706 0.16078431 0.23137255
v 38.00000000 0.80000001 56.20000076 0.11764706 0.16078431 0.23137255
v -7.00000000 0.00000000 59.20000076 0.11764706 0.16078431 0.23137255
v -27.00000000 0.00000000 59.20000076 0.11764706 0.16078431 0.23137255
v -7.38429451 0.00000000 63.10180664 0.11764706 0.16078431 0.23137255
v -7.00000000 -2.50000000 59.20000076 0.11764706 0.16078431 0.23137255
v -7.38429451 -2.50000000 63.10180664 0.11764706 0.16078431 0.23137255
v -27.00000000 -2.50000000 59.20000076 0.11764706 0.16078431 0.23137255
v -8.52240944 0.00000000 66.85366821 0.11764706 0.16078431 0.23137255
v -8.52240944 -2.50000000 66.85366821 0.11764706 0.16078431 0.23137255
v -10.37060738 0.00000000 70.31140137 0.11764706 0.16078431 0.23137255
v -10.37060738 -2.50000000 70.31140137 0.11764706 0.16078431 0.23137255
v -12.85786438 0.00000000 73.34213257 0.11764706 0.16078431 0.23137255
v -12.85786438 -2.50000000 73.34213257 0.11764706 0.16078431 0.23137255
v -15.88859558 0.00000000 75.82939148 0.11764706 0.16078431 0.23137255
v -15.88859558 -2.50000000 75.82939148 0.11764706 0.16078431 0.23137255
v -19.34633064 0.00000000 77.67758942 0.11764706 0.16078431 0.23137255
v -19.34633064 -2.50000000 77.67758942 0.11764706 0.16078431 0.23137255
v -23.09819412 0.00000000 78.81570435 0.11764706 0.16078431 0.23137255
v -23.09819412 -2.50000000 78.81570435 0.11764706 0.16078431 0.23137255
v -27.00000000 0.00000000 79.19999695 0.11764706 0.16078431 0.23137255
v -27.00000000 -2.50000000 79.19999695 0.11764706 0.16078431 0.23137255
v -30.90180588 0.00000000 78.81570435 0.11764706 0.16078431 0.23137255
v -30.90180588 -2.50000000 78.81570435 0.11764706 0.16078431 0.23137255
v -34.65366745 0.00000000 77.67758942 0.11764706 0.16078431 0.23137255
v -34.65366745 -2.50000000 77.67758942 0.11764706 0.16078431 0.23137255
v -38.11140442 0.00000000 75.82939148 0.11764706 0.16078431 0.23137255
v -38.11140442 -2.50000000 75.82939148 0.11764706 0.16078431 0.23137255
v -41.14213562 0.00000000 73.34213257 0.11764706 0.16078431 0.23137255
v -41.14213562 -2.50000000 73.34213257 0.11764706 0.16078431 0.23137255
v -43.62939072 0.00000000 70.31140137 0.11764706 0.16078431 0.23137255
v -43.62939072 -2.50000000 70.31140137 0.11764706 0.16078431 0.23137255
v -45.47759247 0.00000000 66.85366821 0.11764706 0.16078431 0.23137255
v -45.47759247 -2.50000000 66.85366821 0.11764706 0.16078431 0.23137255
v -46.61570740 0.00000000 63.10180664 0.11764706 0.16078431 0.23137255
v -46.61570740 -2.50000000 63.10180664 0.11764706 0.16078431 0.23137255
v -47.00000000 0.00000000 59.20000076 0.11764706 0.16078431 0.23137255
v -47.00000000 -2.50000000 59.20000076 0.11764706 0.16078431 0.23137255
v -46.61570740 -0.00000000 55.29819489 0.11764706 0.16078431 0.23137255
v -46.61570740 -2.50000000 55.29819489 0.11764706 0.16078431 0.23137255
v -45.47759247 -0.00000000 51.54632950 0.11764706 0.16078431 0.23137255
v -45.47759247 -2.50000000 51.54632950 0.11764706 0.16078431 0.23137255
v -43.62939072 -0.00000000 48.08859634 0.11764706 0.16078431 0.23137255
v -43.62939072 -2.50000000 48.08859634 0.11764706 0.16078431 0.23137255
v -41.14213562 -0.00000000 45.05786514 0.11764706 0.16078431 0.23137255
v -41.14213562 -2.50000000 45.05786514 0.11764706 0.16078431 0.23137255
v -38.11140442 -0.00000000 42.57060623 0.11764706 0.16078431 0.23137255
v -38.11140442 -2.50000000 42.57060623 0.11764706 0.16078431 0.23137255
v -34.65366745 -0.00000000 40.72240829 0.11764706 0.16078431 0.23137255
v -34.65366745 -2.50000000 40.72240829 0.11764706 0.16078431 0.23137255
v -30.90180588 -0.00000000 39.58429337 0.11764706 0.16078431 0.23137255
v -30.90180588 -2.50000000 39.58429337 0.11764706 0.16078431 0.23137255
v -27.00000000 -0.00000000 39.20000076 0.11764706 0.16078431 0.23137255
v -27.00000000 -2.50000000 39.20000076 0.11764706 0.16078431 0.23137255
v -23.09819412 -0.00000000 39.58429337 0.11764706 0.16078431 0.23137255
v -23.09819412 -2.50000000 39.58429337 0.11764706 0.16078431 0.23137255
v -19.34633064 -0.00000000 40.72240829 0.11764706 0.16078431 0.23137255
v -19.34633064 -2.50000000 40.72240829 0.11764706 0.16078431 0.23137255
v -15.88859558 -0.00000000 42.57060623 0.11764706 0.16078431 0.23137255
v -15.88859558 -2.50000000 42.57060623 0.11764706 0.16078431 0.23137255
v -12.85786438 -0.00000000 45.05786514 0.11764706 0.16078431 0.23137255
v -12.85786438 -2.50000000 45.05786514 0.11764706 0.16078431 0.23137255
v -10.37060738 -0.00000000 48.08859634 0.11764706 0.16078431 0.23137255
v -10.37060738 -2.50000000 48.08859634 0.11764706 0.16078431 0.23137255
v -8.52240944 -0.00000000 51.54632950 0.11764706 0.16078431 0.23137255
v -8.52240944 -2.50000000 51.54632950 0.11764706 0.16078431 0.23137255
v -7.38429451 -0.00000000 55.29819489 0.11764706 0.16078431 0.23137255
v -7.38429451 -2.50000000 55.29819489 0.11764706 0.16078431 0.23137255
v -35.20000076 -2.50000000 67.19999695 0.11764706 0.16078431 0.23137255
v -35.20000076 0.50000000 67.19999695 0.11764706 0.16078431 0.23137255
v -35.20000076 -2.50000000 57.20000076 0.11764706 0.16078431 0.23137255
v -32.79999924 -2.50000000 57.20000076 0.11764706 0.16078431 0.23137255
v -35.20000076 0.50000000 57.20000076 0.11764706 0.16078431 0.23137255
v -32.79999924 0.50000000 67.19999695 0.11764706 0.16078431 0.23137255
v -32.79999924 -2.50000000 67.19999695 0.11764706 0.16078431 0.23137255
v -32.79999924 0.50000000 57.20000076 0.11764706 0.16078431 0.23137255
v -21.60000038 -2.50000000 67.19999695 0.11764706 0.16078431 0.23137255
v -21.60000038 0.50000000 67.19999695 0.11764706 0.16078431 0.23137255
v -21.60000038 -2.50000000 57.20000076 0.11764706 0.16078431 0.23137255
v -18.39999962 -2.50000000 57.20000076 0.11764706 0.16078431 0.23137255
v -21.60000038 0.50000000 57.20000076 0.11764706 0.16078431 0.23137255
v -18.39999962 0.50000000 67.19999695 0.11764706 0.16078431 0.23137255
v -18.39999962 -2.50000000 67.19999695 0.11764706 0.16078431 0.23137255
v -18.39999962 0.50000000 57.20000076 0.11764706 0.16078431 0.23137255
v -29.39999962 -2.50000000 54.59999847 0.11764706 0.16078431 0.23137255
v -29.39999962 0.50000000 54.59999847 0.11764706 0.16078431 0.23137255
v -29.39999962 -2.50000000 49.79999924 0.11764706 0.16078431 0.23137255
v -24.60000038 -2.50000000 49.79999924 0.11764706 0.16078431 0.23137255
v -29.39999962 0.50000000 49.79999924 0.11764706 0.16078431 0.23137255
v -24.60000038 0.50000000 54.59999847 0.11764706 0.16078431 0.23137255
v -24.60000038 -2.50000000 54.59999847 0.11764706 0.16078431 0.23137255
v -24.60000038 0.50000000 49.79999924 0.11764706 0.16078431 0.23137255
v 9.85000038 -58.58000183 75.72499847 0.11764706 0.16078431 0.23137255
v 9.85000038 -36.20999908 75.72499847 0.11764706 0.16078431 0.23137255
v 9.85000038 -58.58000183 42.67499924 0.11764706 0.16078431 0.23137255
v 32.54999924 -58.58000183 42.67499924 0.11764706 0.16078431 0.23137255
v 9.85000038 -36.20999908 42.67499924 0.11764706 0.16078431 0.23137255
v 32.54999924 -36.20999908 75.72499847 0.11764706 0.16078431 0.23137255
v 32.54999924 -58.58000183 75.72499847 0.11764706 0.16078431 0.23137255
v 32.54999924 -36.20999908 42.67499924 0.11764706 0.16078431 0.23137255
v 20.20000076 -46.29000092 78.42500305 0.11764706 0.16078431 0.23137255
v 20.20000076 -43.59000015 78.42500305 0.11764706 0.16078431 0.23137255
v 20.20000076 -46.29000092 75.72499847 0.11764706 0.16078431 0.23137255
v 22.20000076 -46.29000092 75.72499847 0.11764706 0.16078431 0.23137255
v 20.20000076 -43.59000015 75.72499847 0.11764706 0.16078431 0.23137255
v 22.20000076 -43.59000015 78.42500305 0.11764706 0.16078431 0.23137255
v 22.20000076 -46.29000092 78.42500305 0.11764706 0.16078431 0.23137255
v 22.20000076 -43.59000015 75.72499847 0.11764706 0.16078431 0.23137255
v 39.24018097 -62.90999985 58.29999924 0.91764706 0.34509804 0.04705882
v 44.04999924 -62.90999985 58.29999924 0.91764706 0.34509804 0.04705882
v 38.04999924 -62.90999985 58.71472549 0.91764706 0.34509804 0.04705882
v 38.04024506 -62.90999985 58.31729126 0.91764706 0.34509804 0.04705882
v 39.23915863 -62.90999985 58.25839233 0.91764706 0.34509804 0.04705882
v 44.04999924 -62.90999985 61.90000153 0.91764706 0.34509804 0.04705882
v 39.25000000 -62.90999985 61.90000153 0.91764706 0.34509804 0.04705882
v 38.04999924 -62.90999985 65.48527527 0.91764706 0.34509804 0.04705882
v 39.25000000 -62.90999985 65.50000000 0.91764706 0.34509804 0.04705882
v 16.60000038 -62.90999985 77.69999695 0.91764706 0.34509804 0.04705882
v 12.80000019 -62.90999985 77.69999695 0.91764706 0.34509804 0.04705882
v 12.80000019 -62.90999985 74.50000000 0.91764706 0.34509804 0.04705882
v 16.60000038 -62.90999985 74.50000000 0.91764706 0.34509804 0.04705882
v 38.04024506 -62.90999985 65.88271332 0.91764706 0.34509804 0.04705882
v 39.23915863 -62.90999985 65.94161224 0.91764706 0.34509804 0.04705882
v 38.01208115 -62.90999985 57.93550110 0.91764706 0.34509804 0.04705882
v 39.20666122 -62.90999985 57.81784439 0.91764706 0.34509804 0.04705882
v 38.01208115 -62.90999985 66.26449585 0.91764706 0.34509804 0.04705882
v 39.20666122 -62.90999985 66.38215637 0.91764706 0.34509804 0.04705882
v 37.96521759 -62.90999985 57.55555725 0.91764706 0.34509804 0.04705882
v 39.15258789 -62.90999985 57.37942505 0.91764706 0.34509804 0.04705882
v 37.96521759 -62.90999985 66.64444733 0.91764706 0.34509804 0.04705882
v 39.15258789 -62.90999985 66.82057190 0.91764706 0.34509804 0.04705882
v 37.89976883 -62.90999985 67.02163696 0.91764706 0.34509804 0.04705882
v 39.07706833 -62.90999985 67.25581360 0.91764706 0.34509804 0.04705882
v 37.81589127 -62.90999985 67.39515686 0.91764706 0.34509804 0.04705882
v 38.98028183 -62.90999985 67.68682098 0.91764706 0.34509804 0.04705882
v 37.71378708 -62.90999985 67.76411438 0.91764706 0.34509804 0.04705882
v 38.86246490 -62.90999985 68.11256409 0.91764706 0.34509804 0.04705882
v 37.59370422 -62.90999985 68.12761688 0.91764706 0.34509804 0.04705882
v 38.72389603 -62.90999985 68.53200531 0.91764706 0.34509804 0.04705882
v 37.45592499 -62.90999985 68.48479462 0.91764706 0.34509804 0.04705882
v 38.56491470 -62.90999985 68.94415283 0.91764706 0.34509804 0.04705882
v 37.30078888 -62.90999985 68.83477783 0.91764706 0.34509804 0.04705882
v 38.38590240 -62.90999985 69.34799957 0.91764706 0.34509804 0.04705882
v 37.12866592 -62.90999985 69.17672729 0.91764706 0.34509804 0.04705882
v 38.18729019 -62.90999985 69.74256897 0.91764706 0.34509804 0.04705882
v 36.93997192 -62.90999985 69.50981903 0.91764706 0.34509804 0.04705882
v 37.96955872 -62.90999985 70.12692261 0.91764706 0.34509804 0.04705882
v 36.73516083 -62.90999985 69.83324432 0.91764706 0.34509804 0.04705882
v 37.73322678 -62.90999985 70.50012970 0.91764706 0.34509804 0.04705882
v 36.51472855 -62.90999985 70.14624023 0.91764706 0.34509804 0.04705882
v 37.47886658 -62.90999985 70.86128998 0.91764706 0.34509804 0.04705882
v 36.27920151 -62.90999985 70.44803619 0.91764706 0.34509804 0.04705882
v 37.20709229 -62.90999985 71.20954132 0.91764706 0.34509804 0.04705882
v 36.02915192 -62.90999985 70.73791504 0.91764706 0.34509804 0.04705882
v 36.91856003 -62.90999985 71.54402924 0.91764706 0.34509804 0.04705882
v 35.76517868 -62.90999985 71.01517487 0.91764706 0.34509804 0.04705882
v 36.61396027 -62.90999985 71.86396027 0.91764706 0.34509804 0.04705882
v 35.48791885 -62.90999985 71.27915192 0.91764706 0.34509804 0.04705882
v 36.29402924 -62.90999985 72.16856384 0.91764706 0.34509804 0.04705882
v 35.19804001 -62.90999985 71.52920532 0.91764706 0.34509804 0.04705882
v 35.95954132 -62.90999985 72.45709229 0.91764706 0.34509804 0.04705882
v 34.89624023 -62.90999985 71.76472473 0.91764706 0.34509804 0.04705882
v 35.61129379 -62.90999985 72.72886658 0.91764706 0.34509804 0.04705882
v 34.58324814 -62.90999985 71.98516083 0.91764706 0.34509804 0.04705882
v 35.25013351 -62.90999985 72.98322296 0.91764706 0.34509804 0.04705882
v 34.25981522 -62.90999985 72.18997192 0.91764706 0.34509804 0.04705882
v 34.87692642 -62.90999985 73.21955872 0.91764706 0.34509804 0.04705882
v 33.92672348 -62.90999985 72.37866974 0.91764706 0.34509804 0.04705882
v 34.49256897 -62.90999985 73.43729401 0.91764706 0.34509804 0.04705882
v 33.58477402 -62.90999985 72.55078888 0.91764706 0.34509804 0.04705882
v 34.09799576 -62.90999985 73.63590240 0.91764706 0.34509804 0.04705882
v 33.23479080 -62.90999985 72.70592499 0.91764706 0.34509804 0.04705882
v 33.69414902 -62.90999985 73.81491852 0.91764706 0.34509804 0.04705882
v 32.87762070 -62.90999985 72.84370422 0.91764706 0.34509804 0.04705882
v 33.28200912 -62.90999985 73.97389984 0.91764706 0.34509804 0.04705882
v 32.51411438 -62.90999985 72.96379089 0.91764706 0.34509804 0.04705882
v 32.86256027 -62.90999985 74.11246490 0.91764706 0.34509804 0.04705882
v 32.14515686 -62.90999985 73.06589508 0.91764706 0.34509804 0.04705882
v 32.43682098 -62.90999985 74.23027802 0.91764706 0.34509804 0.04705882
v 31.77163315 -62.90999985 73.14977264 0.91764706 0.34509804 0.04705882
v 32.00581360 -62.90999985 74.32706451 0.91764706 0.34509804 0.04705882
v 31.39444542 -62.90999985 73.21521759 0.91764706 0.34509804 0.04705882
v 31.57057381 -62.90999985 74.40258789 0.91764706 0.34509804 0.04705882
v 31.01449776 -62.90999985 73.26207733 0.91764706 0.34509804 0.04705882
v 31.13215446 -62.90999985 74.45666504 0.91764706 0.34509804 0.04705882
v 30.63270950 -62.90999985 73.29024506 0.91764706 0.34509804 0.04705882
v 30.69160843 -62.90999985 74.48915863 0.91764706 0.34509804 0.04705882
v 30.25000000 -62.90999985 74.50000000 0.91764706 0.34509804 0.04705882
v 30.23527336 -62.90999985 73.30000305 0.91764706 0.34509804 0.04705882
v 37.89976883 -62.90999985 57.17836761 0.91764706 0.34509804 0.04705882
v 39.07706833 -62.90999985 56.94418716 0.91764706 0.34509804 0.04705882
v 37.81589127 -62.90999985 56.80484390 0.91764706 0.34509804 0.04705882
v 38.98028183 -62.90999985 56.51317978 0.91764706 0.34509804 0.04705882
v 37.71378708 -62.90999985 56.43588257 0.91764706 0.34509804 0.04705882
v 38.86246490 -62.90999985 56.08743668 0.91764706 0.34509804 0.04705882
v 37.59370422 -62.90999985 56.07238007 0.91764706 0.34509804 0.04705882
v 38.72389603 -62.90999985 55.66799164 0.91764706 0.34509804 0.04705882
v 37.45592499 -62.90999985 55.71520615 0.91764706 0.34509804 0.04705882
v 38.56491470 -62.90999985 55.25584793 0.91764706 0.34509804 0.04705882
v 37.30078888 -62.90999985 55.36522675 0.91764706 0.34509804 0.04705882
v 38.38590240 -62.90999985 54.85200500 0.91764706 0.34509804 0.04705882
v 37.12866592 -62.90999985 55.02327728 0.91764706 0.34509804 0.04705882
v 38.18729019 -62.90999985 54.45742798 0.91764706 0.34509804 0.04705882
v 36.93997192 -62.90999985 54.69018555 0.91764706 0.34509804 0.04705882
v 37.96955872 -62.90999985 54.07307434 0.91764706 0.34509804 0.04705882
v 36.73516083 -62.90999985 54.36675262 0.91764706 0.34509804 0.04705882
v 37.73322678 -62.90999985 53.69986725 0.91764706 0.34509804 0.04705882
v 36.51472855 -62.90999985 54.05376053 0.91764706 0.34509804 0.04705882
v 37.47886658 -62.90999985 53.33870697 0.91764706 0.34509804 0.04705882
v 36.27920151 -62.90999985 53.75196075 0.91764706 0.34509804 0.04705882
v 37.20709229 -62.90999985 52.99045944 0.91764706 0.34509804 0.04705882
v 36.02915192 -62.90999985 53.46208191 0.91764706 0.34509804 0.04705882
v 36.91856003 -62.90999985 52.65596771 0.91764706 0.34509804 0.04705882
v 35.76517868 -62.90999985 53.18482208 0.91764706 0.34509804 0.04705882
v 36.61396027 -62.90999985 52.33604050 0.91764706 0.34509804 0.04705882
v 35.48791885 -62.90999985 52.92084885 0.91764706 0.34509804 0.04705882
v 36.29402924 -62.90999985 52.03144073 0.91764706 0.34509804 0.04705882
v 35.19804001 -62.90999985 52.67079926 0.91764706 0.34509804 0.04705882
v 35.95954132 -62.90999985 51.74290466 0.91764706 0.34509804 0.04705882
v 34.89624023 -62.90999985 52.43527222 0.91764706 0.34509804 0.04705882
v 35.61129379 -62.90999985 51.47113037 0.91764706 0.34509804 0.04705882
v 34.58324814 -62.90999985 52.21483612 0.91764706 0.34509804 0.04705882
v 35.25013351 -62.90999985 51.21677399 0.91764706 0.34509804 0.04705882
v 34.25981522 -62.90999985 52.01002884 0.91764706 0.34509804 0.04705882
v 34.87692642 -62.90999985 50.98044205 0.91764706 0.34509804 0.04705882
v 33.92672348 -62.90999985 51.82133484 0.91764706 0.34509804 0.04705882
v 34.49256897 -62.90999985 50.76270676 0.91764706 0.34509804 0.04705882
v 33.58477402 -62.90999985 51.64921188 0.91764706 0.34509804 0.04705882
v 34.09799576 -62.90999985 50.56409454 0.91764706 0.34509804 0.04705882
v 33.23479080 -62.90999985 51.49407196 0.91764706 0.34509804 0.04705882
v 33.69414902 -62.90999985 50.38508606 0.91764706 0.34509804 0.04705882
v 32.87762070 -62.90999985 51.35629654 0.91764706 0.34509804 0.04705882
v 33.28200912 -62.90999985 50.22610474 0.91764706 0.34509804 0.04705882
v 32.51411438 -62.90999985 51.23620987 0.91764706 0.34509804 0.04705882
v 32.86256027 -62.90999985 50.08753586 0.91764706 0.34509804 0.04705882
v 32.14515686 -62.90999985 51.13410568 0.91764706 0.34509804 0.04705882
v 32.43682098 -62.90999985 49.96971893 0.91764706 0.34509804 0.04705882
v 31.77163315 -62.90999985 51.05022812 0.91764706 0.34509804 0.04705882
v 32.00581360 -62.90999985 49.87293243 0.91764706 0.34509804 0.04705882
v 31.39444542 -62.90999985 50.98477936 0.91764706 0.34509804 0.04705882
v 31.57057381 -62.90999985 49.79741287 0.91764706 0.34509804 0.04705882
v 31.45000076 -62.90999985 49.78253937 0.91764706 0.34509804 0.04705882
v 31.30310631 -62.90999985 50.97351456 0.91764706 0.34509804 0.04705882
v 31.24384499 -62.90999985 50.96469879 0.91764706 0.34509804 0.04705882
v 31.18509674 -62.90999985 50.95293427 0.91764706 0.34509804 0.04705882
v 31.12700844 -62.90999985 50.93825531 0.91764706 0.34509804 0.04705882
v 31.06972694 -62.90999985 50.92069244 0.91764706 0.34509804 0.04705882
v 31.01339149 -62.90999985 50.90029526 0.91764706 0.34509804 0.04705882
v 30.95814514 -62.90999985 50.87710953 0.91764706 0.34509804 0.04705882
v 30.90412521 -62.90999985 50.85119247 0.91764706 0.34509804 0.04705882
v 30.85146713 -62.90999985 50.82261658 0.91764706 0.34509804 0.04705882
v 30.80029869 -62.90999985 50.79144669 0.91764706 0.34509804 0.04705882
v 30.75075150 -62.90999985 50.75775909 0.91764706 0.34509804 0.04705882
v 30.70294762 -62.90999985 50.72164154 0.91764706 0.34509804 0.04705882
v 30.65700531 -62.90999985 50.68318176 0.91764706 0.34509804 0.04705882
v 30.61303902 -62.90999985 50.64247894 0.91764706 0.34509804 0.04705882
v 30.57116127 -62.90999985 50.59963226 0.91764706 0.34509804 0.04705882
v 30.53147316 -62.90999985 50.55474854 0.91764706 0.34509804 0.04705882
v 30.49407387 -62.90999985 50.50793839 0.91764706 0.34509804 0.04705882
v 30.45905876 -62.90999985 50.45932388 0.91764706 0.34509804 0.04705882
v 30.42651367 -62.90999985 50.40901947 0.91764706 0.34509804 0.04705882
v 30.39652061 -62.90999985 50.35715103 0.91764706 0.34509804 0.04705882
v 30.36915207 -62.90999985 50.30385208 0.91764706 0.34509804 0.04705882
v 30.34447861 -62.90999985 50.24925613 0.91764706 0.34509804 0.04705882
v 30.32256126 -62.90999985 50.19349289 0.91764706 0.34509804 0.04705882
v 30.30345535 -62.90999985 50.13670731 0.91764706 0.34509804 0.04705882
v 30.28720665 -62.90999985 50.07904053 0.91764706 0.34509804 0.04705882
v 30.27385712 -62.90999985 50.02062988 0.91764706 0.34509804 0.04705882
v 30.26343918 -62.90999985 49.96162796 0.91764706 0.34509804 0.04705882
v 30.25597954 -62.90999985 49.90218353 0.91764706 0.34509804 0.04705882
v 30.25149536 -62.90999985 49.84243393 0.91764706 0.34509804 0.04705882
v 30.25000000 -62.90999985 49.78253937 0.91764706 0.34509804 0.04705882
v 30.25000000 -62.90999985 46.52945709 0.91764706 0.34509804 0.04705882
v 31.45000076 -62.90999985 46.50000000 0.91764706 0.34509804 0.04705882
v 31.44036865 -62.90999985 46.30396652 0.91764706 0.34509804 0.04705882
v 30.24470711 -62.90999985 46.42173004 0.91764706 0.34509804 0.04705882
v 31.41157150 -62.90999985 46.10981750 0.91764706 0.34509804 0.04705882
v 30.23320961 -62.90999985 46.34421158 0.91764706 0.34509804 0.04705882
v 31.36388016 -62.90999985 45.91942978 0.91764706 0.34509804 0.04705882
v 30.21416664 -62.90999985 46.26819229 0.91764706 0.34509804 0.04705882
v 31.29776001 -62.90999985 45.73463440 0.91764706 0.34509804 0.04705882
v 30.18776703 -62.90999985 46.19440842 0.91764706 0.34509804 0.04705882
v 31.21384239 -62.90999985 45.55720520 0.91764706 0.34509804 0.04705882
v 30.15426064 -62.90999985 46.12356567 0.91764706 0.34509804 0.04705882
v 31.11293983 -62.90999985 45.38885880 0.91764706 0.34509804 0.04705882
v 30.11397171 -62.90999985 46.05634689 0.91764706 0.34509804 0.04705882
v 30.99602127 -62.90999985 45.23121262 0.91764706 0.34509804 0.04705882
v 30.06728935 -62.90999985 45.99340439 0.91764706 0.34509804 0.04705882
v 30.86421394 -62.90999985 45.08578491 0.91764706 0.34509804 0.04705882
v 30.01466179 -62.90999985 45.93533707 0.91764706 0.34509804 0.04705882
v 30.71878624 -62.90999985 44.95397949 0.91764706 0.34509804 0.04705882
v 29.95659637 -62.90999985 45.88270950 0.91764706 0.34509804 0.04705882
v 30.56114006 -62.90999985 44.83705902 0.91764706 0.34509804 0.04705882
v 29.89365196 -62.90999985 45.83602905 0.91764706 0.34509804 0.04705882
v 30.39279366 -62.90999985 44.73615646 0.91764706 0.34509804 0.04705882
v 29.82643509 -62.90999985 45.79573822 0.91764706 0.34509804 0.04705882
v 30.21536636 -62.90999985 44.65224075 0.91764706 0.34509804 0.04705882
v 29.75559235 -62.90999985 45.76223373 0.91764706 0.34509804 0.04705882
v 30.03056908 -62.90999985 44.58612061 0.91764706 0.34509804 0.04705882
v 29.68180847 -62.90999985 45.73583221 0.91764706 0.34509804 0.04705882
v 29.84018135 -62.90999985 44.53842926 0.91764706 0.34509804 0.04705882
v 29.60578918 -62.90999985 45.71679306 0.91764706 0.34509804 0.04705882
v 29.64603424 -62.90999985 44.50963211 0.91764706 0.34509804 0.04705882
v 29.52827263 -62.90999985 45.70529175 0.91764706 0.34509804 0.04705882
v 29.45000076 -62.90999985 44.50000000 0.91764706 0.34509804 0.04705882
v 29.42054176 -62.90999985 45.70000076 0.91764706 0.34509804 0.04705882
v 12.94999981 -62.90999985 44.50000000 0.91764706 0.34509804 0.04705882
v 12.97945881 -62.90999985 45.70000076 0.91764706 0.34509804 0.04705882
v 12.75396538 -62.90999985 44.50963211 0.91764706 0.34509804 0.04705882
v 12.87172794 -62.90999985 45.70529175 0.91764706 0.34509804 0.04705882
v 12.55981922 -62.90999985 44.53842926 0.91764706 0.34509804 0.04705882
v 12.79421043 -62.90999985 45.71679306 0.91764706 0.34509804 0.04705882
v 12.36943054 -62.90999985 44.58612061 0.91764706 0.34509804 0.04705882
v 12.71819210 -62.90999985 45.73583221 0.91764706 0.34509804 0.04705882
v 12.18463326 -62.90999985 44.65224075 0.91764706 0.34509804 0.04705882
v 12.64440727 -62.90999985 45.76223373 0.91764706 0.34509804 0.04705882
v 12.00720692 -62.90999985 44.73615646 0.91764706 0.34509804 0.04705882
v 12.57356453 -62.90999985 45.79573822 0.91764706 0.34509804 0.04705882
v 11.83885956 -62.90999985 44.83705902 0.91764706 0.34509804 0.04705882
v 12.50634766 -62.90999985 45.83602905 0.91764706 0.34509804 0.04705882
v 11.68121338 -62.90999985 44.95397949 0.91764706 0.34509804 0.04705882
v 12.44340324 -62.90999985 45.88270950 0.91764706 0.34509804 0.04705882
v 11.53578663 -62.90999985 45.08578491 0.91764706 0.34509804 0.04705882
v 12.38533783 -62.90999985 45.93533707 0.91764706 0.34509804 0.04705882
v 11.40397930 -62.90999985 45.23121262 0.91764706 0.34509804 0.04705882
v 12.33271027 -62.90999985 45.99340439 0.91764706 0.34509804 0.04705882
v 11.28706074 -62.90999985 45.38885880 0.91764706 0.34509804 0.04705882
v 12.28602791 -62.90999985 46.05634689 0.91764706 0.34509804 0.04705882
v 11.18615723 -62.90999985 45.55720520 0.91764706 0.34509804 0.04705882
v 12.24573898 -62.90999985 46.12356567 0.91764706 0.34509804 0.04705882
v 11.10224056 -62.90999985 45.73463440 0.91764706 0.34509804 0.04705882
v 12.21223354 -62.90999985 46.19440842 0.91764706 0.34509804 0.04705882
v 11.03611946 -62.90999985 45.91942978 0.91764706 0.34509804 0.04705882
v 12.18583298 -62.90999985 46.26819229 0.91764706 0.34509804 0.04705882
v 10.98842907 -62.90999985 46.10981750 0.91764706 0.34509804 0.04705882
v 12.16679096 -62.90999985 46.34421158 0.91764706 0.34509804 0.04705882
v 10.95963097 -62.90999985 46.30396652 0.91764706 0.34509804 0.04705882
v 12.15529251 -62.90999985 46.42173004 0.91764706 0.34509804 0.04705882
v 10.94999981 -62.90999985 46.50000000 0.91764706 0.34509804 0.04705882
v 12.14999962 -62.90999985 46.52945709 0.91764706 0.34509804 0.04705882
v 10.94999981 -62.90999985 49.78253937 0.91764706 0.34509804 0.04705882
v 12.14999962 -62.90999985 49.78253937 0.91764706 0.34509804 0.04705882
v 12.14860249 -62.90999985 49.84043884 0.91764706 0.34509804 0.04705882
v 12.14441299 -62.90999985 49.89820480 0.91764706 0.34509804 0.04705882
v 12.13744068 -62.90999985 49.95570374 0.91764706 0.34509804 0.04705882
v 12.12770176 -62.90999985 50.01279449 0.91764706 0.34509804 0.04705882
v 12.11522007 -62.90999985 50.06935120 0.91764706 0.34509804 0.04705882
v 12.10002422 -62.90999985 50.12524033 0.91764706 0.34509804 0.04705882
v 12.08214951 -62.90999985 50.18033218 0.91764706 0.34509804 0.04705882
v 12.06163692 -62.90999985 50.23449326 0.91764706 0.34509804 0.04705882
v 12.03853512 -62.90999985 50.28760529 0.91764706 0.34509804 0.04705882
v 12.01289845 -62.90999985 50.33953857 0.91764706 0.34509804 0.04705882
v 11.98478413 -62.90999985 50.39017487 0.91764706 0.34509804 0.04705882
v 11.95426083 -62.90999985 50.43939590 0.91764706 0.34509804 0.04705882
v 11.92139721 -62.90999985 50.48708725 0.91764706 0.34509804 0.04705882
v 11.88627052 -62.90999985 50.53313828 0.91764706 0.34509804 0.04705882
v 11.84896374 -62.90999985 50.57743835 0.91764706 0.34509804 0.04705882
v 11.80956268 -62.90999985 50.61988831 0.91764706 0.34509804 0.04705882
v 11.76815891 -62.90999985 50.66038895 0.91764706 0.34509804 0.04705882
v 11.72484875 -62.90999985 50.69884109 0.91764706 0.34509804 0.04705882
v 11.67973423 -62.90999985 50.73516083 0.91764706 0.34509804 0.04705882
v 11.63292027 -62.90999985 50.76926041 0.91764706 0.34509804 0.04705882
v 11.58451462 -62.90999985 50.80106354 0.91764706 0.34509804 0.04705882
v 11.53463173 -62.90999985 50.83049393 0.91764706 0.34509804 0.04705882
v 11.48338604 -62.90999985 50.85748291 0.91764706 0.34509804 0.04705882
v 11.43089867 -62.90999985 50.88196564 0.91764706 0.34509804 0.04705882
v 11.37729073 -62.90999985 50.90388870 0.91764706 0.34509804 0.04705882
v 11.32268715 -62.90999985 50.92319870 0.91764706 0.34509804 0.04705882
v 11.26721573 -62.90999985 50.93985367 0.91764706 0.34509804 0.04705882
v 11.21100521 -62.90999985 50.95381165 0.91764706 0.34509804 0.04705882
v 11.15418720 -62.90999985 50.96504211 0.91764706 0.34509804 0.04705882
v 11.09689236 -62.90999985 50.97351456 0.91764706 0.34509804 0.04705882
v 11.00555515 -62.90999985 50.98477936 0.91764706 0.34509804 0.04705882
v 10.82942581 -62.90999985 49.79741287 0.91764706 0.34509804 0.04705882
v 10.62836647 -62.90999985 51.05022812 0.91764706 0.34509804 0.04705882
v 10.39418697 -62.90999985 49.87293243 0.91764706 0.34509804 0.04705882
v 10.25484276 -62.90999985 51.13410568 0.91764706 0.34509804 0.04705882
v 9.96317863 -62.90999985 49.96971893 0.91764706 0.34509804 0.04705882
v 9.88588428 -62.90999985 51.23620987 0.91764706 0.34509804 0.04705882
v 9.53743744 -62.90999985 50.08753586 0.91764706 0.34509804 0.04705882
v 9.52238083 -62.90999985 51.35629654 0.91764706 0.34509804 0.04705882
v 9.11799145 -62.90999985 50.22610474 0.91764706 0.34509804 0.04705882
v 9.16520786 -62.90999985 51.49407196 0.91764706 0.34509804 0.04705882
v 8.70584869 -62.90999985 50.38508606 0.91764706 0.34509804 0.04705882
v 8.81522465 -62.90999985 51.64921188 0.91764706 0.34509804 0.04705882
v 8.30200386 -62.90999985 50.56409454 0.91764706 0.34509804 0.04705882
v 8.47327614 -62.90999985 51.82133484 0.91764706 0.34509804 0.04705882
v 7.90742922 -62.90999985 50.76270676 0.91764706 0.34509804 0.04705882
v 8.14018440 -62.90999985 52.01002884 0.91764706 0.34509804 0.04705882
v 7.52307510 -62.90999985 50.98044205 0.91764706 0.34509804 0.04705882
v 7.81675291 -62.90999985 52.21483612 0.91764706 0.34509804 0.04705882
v 7.14986801 -62.90999985 51.21677399 0.91764706 0.34509804 0.04705882
v 7.50376081 -62.90999985 52.43527222 0.91764706 0.34509804 0.04705882
v 6.78870630 -62.90999985 51.47113037 0.91764706 0.34509804 0.04705882
v 7.20196152 -62.90999985 52.67079926 0.91764706 0.34509804 0.04705882
v 6.44046021 -62.90999985 51.74290466 0.91764706 0.34509804 0.04705882
v 6.91208315 -62.90999985 52.92084885 0.91764706 0.34509804 0.04705882
v 6.10596943 -62.90999985 52.03144073 0.91764706 0.34509804 0.04705882
v 6.63482285 -62.90999985 53.18482208 0.91764706 0.34509804 0.04705882
v 5.78603888 -62.90999985 52.33604050 0.91764706 0.34509804 0.04705882
v 6.37084913 -62.90999985 53.46208191 0.91764706 0.34509804 0.04705882
v 5.48144007 -62.90999985 52.65596771 0.91764706 0.34509804 0.04705882
v 6.12079811 -62.90999985 53.75196075 0.91764706 0.34509804 0.04705882
v 5.19290590 -62.90999985 52.99045944 0.91764706 0.34509804 0.04705882
v 5.88527155 -62.90999985 54.05376053 0.91764706 0.34509804 0.04705882
v 4.92113209 -62.90999985 53.33870697 0.91764706 0.34509804 0.04705882
v 5.66483784 -62.90999985 54.36675262 0.91764706 0.34509804 0.04705882
v 4.66677332 -62.90999985 53.69986725 0.91764706 0.34509804 0.04705882
v 5.46002674 -62.90999985 54.69018555 0.91764706 0.34509804 0.04705882
v 4.43044233 -62.90999985 54.07307434 0.91764706 0.34509804 0.04705882
v 5.27133274 -62.90999985 55.02327728 0.91764706 0.34509804 0.04705882
v 4.21270847 -62.90999985 54.45742798 0.91764706 0.34509804 0.04705882
v 5.09921026 -62.90999985 55.36522675 0.91764706 0.34509804 0.04705882
v 4.01409626 -62.90999985 54.85200500 0.91764706 0.34509804 0.04705882
v 4.94407368 -62.90999985 55.71520615 0.91764706 0.34509804 0.04705882
v 3.83508420 -62.90999985 55.25584793 0.91764706 0.34509804 0.04705882
v 4.80629683 -62.90999985 56.07238007 0.91764706 0.34509804 0.04705882
v 3.67610335 -62.90999985 55.66799164 0.91764706 0.34509804 0.04705882
v 4.68621111 -62.90999985 56.43588257 0.91764706 0.34509804 0.04705882
v 3.53753686 -62.90999985 56.08743668 0.91764706 0.34509804 0.04705882
v 4.58410692 -62.90999985 56.80484390 0.91764706 0.34509804 0.04705882
v 3.41971874 -62.90999985 56.51317978 0.91764706 0.34509804 0.04705882
v 4.50022936 -62.90999985 57.17836761 0.91764706 0.34509804 0.04705882
v 3.32293248 -62.90999985 56.94418716 0.91764706 0.34509804 0.04705882
v 4.43478060 -62.90999985 57.55555725 0.91764706 0.34509804 0.04705882
v 3.24741149 -62.90999985 57.37942505 0.91764706 0.34509804 0.04705882
v 4.38791895 -62.90999985 57.93550110 0.91764706 0.34509804 0.04705882
v 3.19333744 -62.90999985 57.81784439 0.91764706 0.34509804 0.04705882
v 4.35975647 -62.90999985 58.31729126 0.91764706 0.34509804 0.04705882
v 3.16084099 -62.90999985 58.25839233 0.91764706 0.34509804 0.04705882
v 3.15000010 -62.90999985 58.70000076 0.91764706 0.34509804 0.04705882
v 4.34999990 -62.90999985 58.71472549 0.91764706 0.34509804 0.04705882
v 3.15000010 -62.90999985 65.50000000 0.91764706 0.34509804 0.04705882
v 4.34999990 -62.90999985 65.48527527 0.91764706 0.34509804 0.04705882
v 4.35975647 -62.90999985 65.88271332 0.91764706 0.34509804 0.04705882
v 3.16084099 -62.90999985 65.94161224 0.91764706 0.34509804 0.04705882
v 4.38791895 -62.90999985 66.26449585 0.91764706 0.34509804 0.04705882
v 3.19333744 -62.90999985 66.38215637 0.91764706 0.34509804 0.04705882
v 4.43478060 -62.90999985 66.64444733 0.91764706 0.34509804 0.04705882
v 3.24741149 -62.90999985 66.82057190 0.91764706 0.34509804 0.04705882
v 4.50022936 -62.90999985 67.02163696 0.91764706 0.34509804 0.04705882
v 3.32293248 -62.90999985 67.25581360 0.91764706 0.34509804 0.04705882
v 4.58410692 -62.90999985 67.39515686 0.91764706 0.34509804 0.04705882
v 3.41971874 -62.90999985 67.68682098 0.91764706 0.34509804 0.04705882
v 4.68621111 -62.90999985 67.76411438 0.91764706 0.34509804 0.04705882
v 3.53753686 -62.90999985 68.11256409 0.91764706 0.34509804 0.04705882
v 4.80629683 -62.90999985 68.12761688 0.91764706 0.34509804 0.04705882
v 3.67610335 -62.90999985 68.53200531 0.91764706 0.34509804 0.04705882
v 4.94407368 -62.90999985 68.48479462 0.91764706 0.34509804 0.04705882
v 3.83508420 -62.90999985 68.94415283 0.91764706 0.34509804 0.04705882
v 5.09921026 -62.90999985 68.83477783 0.91764706 0.34509804 0.04705882
v 4.01409626 -62.90999985 69.34799957 0.91764706 0.34509804 0.04705882
v 5.27133274 -62.90999985 69.17672729 0.91764706 0.34509804 0.04705882
v 4.21270847 -62.90999985 69.74256897 0.91764706 0.34509804 0.04705882
v 5.46002674 -62.90999985 69.50981903 0.91764706 0.34509804 0.04705882
v 4.43044233 -62.90999985 70.12692261 0.91764706 0.34509804 0.04705882
v 5.66483784 -62.90999985 69.83324432 0.91764706 0.34509804 0.04705882
v 4.66677332 -62.90999985 70.50012970 0.91764706 0.34509804 0.04705882
v 5.88527155 -62.90999985 70.14624023 0.91764706 0.34509804 0.04705882
v 4.92113209 -62.90999985 70.86128998 0.91764706 0.34509804 0.04705882
v 6.12079811 -62.90999985 70.44803619 0.91764706 0.34509804 0.04705882
v 5.19290590 -62.90999985 71.20954132 0.91764706 0.34509804 0.04705882
v 6.37084913 -62.90999985 70.73791504 0.91764706 0.34509804 0.04705882
v 5.48144007 -62.90999985 71.54402924 0.91764706 0.34509804 0.04705882
v 6.63482285 -62.90999985 71.01517487 0.91764706 0.34509804 0.04705882
v 5.78603888 -62.90999985 71.86396027 0.91764706 0.34509804 0.04705882
v 6.91208315 -62.90999985 71.27915192 0.91764706 0.34509804 0.04705882
v 6.10596943 -62.90999985 72.16856384 0.91764706 0.34509804 0.04705882
v 7.20196152 -62.90999985 71.52920532 0.91764706 0.34509804 0.04705882
v 6.44046021 -62.90999985 72.45709229 0.91764706 0.34509804 0.04705882
v 7.50376081 -62.90999985 71.76472473 0.91764706 0.34509804 0.04705882
v 6.78870630 -62.90999985 72.72886658 0.91764706 0.34509804 0.04705882
v 7.81675291 -62.90999985 71.98516083 0.91764706 0.34509804 0.04705882
v 7.14986801 -62.90999985 72.98322296 0.91764706 0.34509804 0.04705882
v 8.14018440 -62.90999985 72.18997192 0.91764706 0.34509804 0.04705882
v 7.52307510 -62.90999985 73.21955872 0.91764706 0.34509804 0.04705882
v 8.47327614 -62.90999985 72.37866974 0.91764706 0.34509804 0.04705882
v 7.90742922 -62.90999985 73.43729401 0.91764706 0.34509804 0.04705882
v 8.81522465 -62.90999985 72.55078888 0.91764706 0.34509804 0.04705882
v 8.30200386 -62.90999985 73.63590240 0.91764706 0.34509804 0.04705882
v 9.16520786 -62.90999985 72.70592499 0.91764706 0.34509804 0.04705882
v 8.70584869 -62.90999985 73.81491852 0.91764706 0.34509804 0.04705882
v 9.52238083 -62.90999985 72.84370422 0.91764706 0.34509804 0.04705882
v 9.11799145 -62.90999985 73.97389984 0.91764706 0.34509804 0.04705882
v 9.88588428 -62.90999985 72.96379089 0.91764706 0.34509804 0.04705882
v 9.53743744 -62.90999985 74.11246490 0.91764706 0.34509804 0.04705882
v 10.25484276 -62.90999985 73.06589508 0.91764706 0.34509804 0.04705882
v 9.96317863 -62.90999985 74.23027802 0.91764706 0.34509804 0.04705882
v 10.62836647 -62.90999985 73.14977264 0.91764706 0.34509804 0.04705882
v 10.39418697 -62.90999985 74.32706451 0.91764706 0.34509804 0.04705882
v 11.00555515 -62.90999985 73.21521759 0.91764706 0.34509804 0.04705882
v 10.82942581 -62.90999985 74.40258789 0.91764706 0.34509804 0.04705882
v 11.38550186 -62.90999985 73.26207733 0.91764706 0.34509804 0.04705882
v 11.26784611 -62.90999985 74.45666504 0.91764706 0.34509804 0.04705882
v 11.76729012 -62.90999985 73.29024506 0.91764706 0.34509804 0.04705882
v 11.70839119 -62.90999985 74.48915863 0.91764706 0.34509804 0.04705882
v 12.14999962 -62.90999985 74.50000000 0.91764706 0.34509804 0.04705882
v 12.16472721 -62.90999985 73.30000305 0.91764706 0.34509804 0.04705882
v 38.04999924 -40.90999985 58.71472549 0.91764706 0.34509804 0.04705882
v 44.04999924 -40.90999985 58.29999924 0.91764706 0.34509804 0.04705882
v 39.24018097 -40.90999985 58.29999924 0.91764706 0.34509804 0.04705882
v 38.04024506 -40.90999985 58.31729126 0.91764706 0.34509804 0.04705882
v 39.23915863 -40.90999985 58.25839233 0.91764706 0.34509804 0.04705882
v 39.25000000 -40.90999985 61.90000153 0.91764706 0.34509804 0.04705882
v 44.04999924 -40.90999985 61.90000153 0.91764706 0.34509804 0.04705882
v 38.04999924 -40.90999985 65.48527527 0.91764706 0.34509804 0.04705882
v 39.25000000 -40.90999985 65.50000000 0.91764706 0.34509804 0.04705882
v 12.80000019 -40.90999985 74.50000000 0.91764706 0.34509804 0.04705882
v 12.80000019 -40.90999985 77.69999695 0.91764706 0.34509804 0.04705882
v 16.60000038 -40.90999985 77.69999695 0.91764706 0.34509804 0.04705882
v 16.60000038 -40.90999985 74.50000000 0.91764706 0.34509804 0.04705882
v 38.04024506 -40.90999985 65.88271332 0.91764706 0.34509804 0.04705882
v 39.23915863 -40.90999985 65.94161224 0.91764706 0.34509804 0.04705882
v 38.01208115 -40.90999985 57.93550110 0.91764706 0.34509804 0.04705882
v 39.20666122 -40.90999985 57.81784439 0.91764706 0.34509804 0.04705882
v 38.01208115 -40.90999985 66.26449585 0.91764706 0.34509804 0.04705882
v 39.20666122 -40.90999985 66.38215637 0.91764706 0.34509804 0.04705882
v 37.96521759 -40.90999985 57.55555725 0.91764706 0.34509804 0.04705882
v 39.15258789 -40.90999985 57.37942505 0.91764706 0.34509804 0.04705882
v 37.96521759 -40.90999985 66.64444733 0.91764706 0.34509804 0.04705882
v 39.15258789 -40.90999985 66.82057190 0.91764706 0.34509804 0.04705882
v 37.89976883 -40.90999985 67.02163696 0.91764706 0.34509804 0.04705882
v 39.07706833 -40.90999985 67.25581360 0.91764706 0.34509804 0.04705882
v 37.81589127 -40.90999985 67.39515686 0.91764706 0.34509804 0.04705882
v 38.98028183 -40.90999985 67.68682098 0.91764706 0.34509804 0.04705882
v 37.71378708 -40.90999985 67.76411438 0.91764706 0.34509804 0.04705882
v 38.86246490 -40.90999985 68.11256409 0.91764706 0.34509804 0.04705882
v 37.59370422 -40.90999985 68.12761688 0.91764706 0.34509804 0.04705882
v 38.72389603 -40.90999985 68.53200531 0.91764706 0.34509804 0.04705882
v 37.45592499 -40.90999985 68.48479462 0.91764706 0.34509804 0.04705882
v 38.56491470 -40.90999985 68.94415283 0.91764706 0.34509804 0.04705882
v 37.30078888 -40.90999985 68.83477783 0.91764706 0.34509804 0.04705882
v 38.38590240 -40.90999985 69.34799957 0.91764706 0.34509804 0.04705882
v 37.12866592 -40.90999985 69.17672729 0.91764706 0.34509804 0.04705882
v 38.18729019 -40.90999985 69.74256897 0.91764706 0.34509804 0.04705882
v 36.93997192 -40.90999985 69.50981903 0.91764706 0.34509804 0.04705882
v 37.96955872 -40.90999985 70.12692261 0.91764706 0.34509804 0.04705882
v 36.73516083 -40.90999985 69.83324432 0.91764706 0.34509804 0.04705882
v 37.73322678 -40.90999985 70.50012970 0.91764706 0.34509804 0.04705882
v 36.51472855 -40.90999985 70.14624023 0.91764706 0.34509804 0.04705882
v 37.47886658 -40.90999985 70.86128998 0.91764706 0.34509804 0.04705882
v 36.27920151 -40.90999985 70.44803619 0.91764706 0.34509804 0.04705882
v 37.20709229 -40.90999985 71.20954132 0.91764706 0.34509804 0.04705882
v 36.02915192 -40.90999985 70.73791504 0.91764706 0.34509804 0.04705882
v 36.91856003 -40.90999985 71.54402924 0.91764706 0.34509804 0.04705882
v 35.76517868 -40.90999985 71.01517487 0.91764706 0.34509804 0.04705882
v 36.61396027 -40.90999985 71.86396027 0.91764706 0.34509804 0.04705882
v 35.48791885 -40.90999985 71.27915192 0.91764706 0.34509804 0.04705882
v 36.29402924 -40.90999985 72.16856384 0.91764706 0.34509804 0.04705882
v 35.19804001 -40.90999985 71.52920532 0.91764706 0.34509804 0.04705882
v 35.95954132 -40.90999985 72.45709229 0.91764706 0.34509804 0.04705882
v 34.89624023 -40.90999985 71.76472473 0.91764706 0.34509804 0.04705882
v 35.61129379 -40.90999985 72.72886658 0.91764706 0.34509804 0.04705882
v 34.58324814 -40.90999985 71.98516083 0.91764706 0.34509804 0.04705882
v 35.25013351 -40.90999985 72.98322296 0.91764706 0.34509804 0.04705882
v 34.25981522 -40.90999985 72.18997192 0.91764706 0.34509804 0.04705882
v 34.87692642 -40.90999985 73.21955872 0.91764706 0.34509804 0.04705882
v 33.92672348 -40.90999985 72.37866974 0.91764706 0.34509804 0.04705882
v 34.49256897 -40.90999985 73.43729401 0.91764706 0.34509804 0.04705882
v 33.58477402 -40.90999985 72.55078888 0.91764706 0.34509804 0.04705882
v 34.09799576 -40.90999985 73.63590240 0.91764706 0.34509804 0.04705882
v 33.23479080 -40.90999985 72.70592499 0.91764706 0.34509804 0.04705882
v 33.69414902 -40.90999985 73.81491852 0.91764706 0.34509804 0.04705882
v 32.87762070 -40.90999985 72.84370422 0.91764706 0.34509804 0.04705882
v 33.28200912 -40.90999985 73.97389984 0.91764706 0.34509804 0.04705882
v 32.51411438 -40.90999985 72.96379089 0.91764706 0.34509804 0.04705882
v 32.86256027 -40.90999985 74.11246490 0.91764706 0.34509804 0.04705882
v 32.14515686 -40.90999985 73.06589508 0.91764706 0.34509804 0.04705882
v 32.43682098 -40.90999985 74.23027802 0.91764706 0.34509804 0.04705882
v 31.77163315 -40.90999985 73.14977264 0.91764706 0.34509804 0.04705882
v 32.00581360 -40.90999985 74.32706451 0.91764706 0.34509804 0.04705882
v 31.39444542 -40.90999985 73.21521759 0.91764706 0.34509804 0.04705882
v 31.57057381 -40.90999985 74.40258789 0.91764706 0.34509804 0.04705882
v 31.01449776 -40.90999985 73.26207733 0.91764706 0.34509804 0.04705882
v 31.13215446 -40.90999985 74.45666504 0.91764706 0.34509804 0.04705882
v 30.63270950 -40.90999985 73.29024506 0.91764706 0.34509804 0.04705882
v 30.69160843 -40.90999985 74.48915863 0.91764706 0.34509804 0.04705882
v 30.25000000 -40.90999985 74.50000000 0.91764706 0.34509804 0.04705882
v 30.23527336 -40.90999985 73.30000305 0.91764706 0.34509804 0.04705882
v 37.89976883 -40.90999985 57.17836761 0.91764706 0.34509804 0.04705882
v 39.07706833 -40.90999985 56.94418716 0.91764706 0.34509804 0.04705882
v 37.81589127 -40.90999985 56.80484390 0.91764706 0.34509804 0.04705882
v 38.98028183 -40.90999985 56.51317978 0.91764706 0.34509804 0.04705882
v 37.71378708 -40.90999985 56.43588257 0.91764706 0.34509804 0.04705882
v 38.86246490 -40.90999985 56.08743668 0.91764706 0.34509804 0.04705882
v 37.59370422 -40.90999985 56.07238007 0.91764706 0.34509804 0.04705882
v 38.72389603 -40.90999985 55.66799164 0.91764706 0.34509804 0.04705882
v 37.45592499 -40.90999985 55.71520615 0.91764706 0.34509804 0.04705882
v 38.56491470 -40.90999985 55.25584793 0.91764706 0.34509804 0.04705882
v 37.30078888 -40.90999985 55.36522675 0.91764706 0.34509804 0.04705882
v 38.38590240 -40.90999985 54.85200500 0.91764706 0.34509804 0.04705882
v 37.12866592 -40.90999985 55.02327728 0.91764706 0.34509804 0.04705882
v 38.18729019 -40.90999985 54.45742798 0.91764706 0.34509804 0.04705882
v 36.93997192 -40.90999985 54.69018555 0.91764706 0.34509804 0.04705882
v 37.96955872 -40.90999985 54.07307434 0.91764706 0.34509804 0.04705882
v 36.73516083 -40.90999985 54.36675262 0.91764706 0.34509804 0.04705882
v 37.73322678 -40.90999985 53.69986725 0.91764706 0.34509804 0.04705882
v 36.51472855 -40.90999985 54.05376053 0.91764706 0.34509804 0.04705882
v 37.47886658 -40.90999985 53.33870697 0.91764706 0.34509804 0.04705882
v 36.27920151 -40.90999985 53.75196075 0.91764706 0.34509804 0.04705882
v 37.20709229 -40.90999985 52.99045944 0.91764706 0.34509804 0.04705882
v 36.02915192 -40.90999985 53.46208191 0.91764706 0.34509804 0.04705882
v 36.91856003 -40.90999985 52.65596771 0.91764706 0.34509804 0.04705882
v 35.76517868 -40.90999985 53.18482208 0.91764706 0.34509804 0.04705882
v 36.61396027 -40.90999985 52.33604050 0.91764706 0.34509804 0.04705882
v 35.48791885 -40.90999985 52.92084885 0.91764706 0.34509804 0.04705882
v 36.29402924 -40.90999985 52.03144073 0.91764706 0.34509804 0.04705882
v 35.19804001 -40.90999985 52.67079926 0.91764706 0.34509804 0.04705882
v 35.95954132 -40.90999985 51.74290466 0.91764706 0.34509804 0.04705882
v 34.89624023 -40.90999985 52.43527222 0.91764706 0.34509804 0.04705882
v 35.61129379 -40.90999985 51.47113037 0.91764706 0.34509804 0.04705882
v 34.58324814 -40.90999985 52.21483612 0.91764706 0.34509804 0.04705882
v 35.25013351 -40.90999985 51.21677399 0.91764706 0.34509804 0.04705882
v 34.25981522 -40.90999985 52.01002884 0.91764706 0.34509804 0.04705882
v 34.87692642 -40.90999985 50.98044205 0.91764706 0.34509804 0.04705882
v 33.92672348 -40.90999985 51.82133484 0.91764706 0.34509804 0.04705882
v 34.49256897 -40.90999985 50.76270676 0.91764706 0.34509804 0.04705882
v 33.58477402 -40.90999985 51.64921188 0.91764706 0.34509804 0.04705882
v 34.09799576 -40.90999985 50.56409454 0.91764706 0.34509804 0.04705882
v 33.23479080 -40.90999985 51.49407196 0.91764706 0.34509804 0.04705882
v 33.69414902 -40.90999985 50.38508606 0.91764706 0.34509804 0.04705882
v 32.87762070 -40.90999985 51.35629654 0.91764706 0.34509804 0.04705882
v 33.28200912 -40.90999985 50.22610474 0.91764706 0.34509804 0.04705882
v 32.51411438 -40.90999985 51.23620987 0.91764706 0.34509804 0.04705882
v 32.86256027 -40.90999985 50.08753586 0.91764706 0.34509804 0.04705882
v 32.14515686 -40.90999985 51.13410568 0.91764706 0.34509804 0.04705882
v 32.43682098 -40.90999985 49.96971893 0.91764706 0.34509804 0.04705882
v 31.77163315 -40.90999985 51.05022812 0.91764706 0.34509804 0.04705882
v 32.00581360 -40.90999985 49.87293243 0.91764706 0.34509804 0.04705882
v 31.39444542 -40.90999985 50.98477936 0.91764706 0.34509804 0.04705882
v 31.57057381 -40.90999985 49.79741287 0.91764706 0.34509804 0.04705882
v 31.45000076 -40.90999985 49.78253937 0.91764706 0.34509804 0.04705882
v 31.30310631 -40.90999985 50.97351456 0.91764706 0.34509804 0.04705882
v 31.24384499 -40.90999985 50.96469879 0.91764706 0.34509804 0.04705882
v 31.18509674 -40.90999985 50.95293427 0.91764706 0.34509804 0.04705882
v 31.12700844 -40.90999985 50.93825531 0.91764706 0.34509804 0.04705882
v 31.06972694 -40.90999985 50.92069244 0.91764706 0.34509804 0.04705882
v 31.01339149 -40.90999985 50.90029526 0.91764706 0.34509804 0.04705882
v 30.95814514 -40.90999985 50.87710953 0.91764706 0.34509804 0.04705882
v 30.90412521 -40.90999985 50.85119247 0.91764706 0.34509804 0.04705882
v 30.85146713 -40.90999985 50.82261658 0.91764706 0.34509804 0.04705882
v 30.80029869 -40.90999985 50.79144669 0.91764706 0.34509804 0.04705882
v 30.75075150 -40.90999985 50.75775909 0.91764706 0.34509804 0.04705882
v 30.70294762 -40.90999985 50.72164154 0.91764706 0.34509804 0.04705882
v 30.65700531 -40.90999985 50.68318176 0.91764706 0.34509804 0.04705882
v 30.61303902 -40.90999985 50.64247894 0.91764706 0.34509804 0.04705882
v 30.57116127 -40.90999985 50.59963226 0.91764706 0.34509804 0.04705882
v 30.53147316 -40.90999985 50.55474854 0.91764706 0.34509804 0.04705882
v 30.49407387 -40.90999985 50.50793839 0.91764706 0.34509804 0.04705882
v 30.45905876 -40.90999985 50.45932388 0.91764706 0.34509804 0.04705882
v 30.42651367 -40.90999985 50.40901947 0.91764706 0.34509804 0.04705882
v 30.39652061 -40.90999985 50.35715103 0.91764706 0.34509804 0.04705882
v 30.36915207 -40.90999985 50.30385208 0.91764706 0.34509804 0.04705882
v 30.34447861 -40.90999985 50.24925613 0.91764706 0.34509804 0.04705882
v 30.32256126 -40.90999985 50.19349289 0.91764706 0.34509804 0.04705882
v 30.30345535 -40.90999985 50.13670731 0.91764706 0.34509804 0.04705882
v 30.28720665 -40.90999985 50.07904053 0.91764706 0.34509804 0.04705882
v 30.27385712 -40.90999985 50.02062988 0.91764706 0.34509804 0.04705882
v 30.26343918 -40.90999985 49.96162796 0.91764706 0.34509804 0.04705882
v 30.25597954 -40.90999985 49.90218353 0.91764706 0.34509804 0.04705882
v 30.25149536 -40.90999985 49.84243393 0.91764706 0.34509804 0.04705882
v 30.25000000 -40.90999985 49.78253937 0.91764706 0.34509804 0.04705882
v 30.25000000 -40.90999985 46.52945709 0.91764706 0.34509804 0.04705882
v 31.45000076 -40.90999985 46.50000000 0.91764706 0.34509804 0.04705882
v 31.44036865 -40.90999985 46.30396652 0.91764706 0.34509804 0.04705882
v 30.24470711 -40.90999985 46.42173004 0.91764706 0.34509804 0.04705882
v 31.41157150 -40.90999985 46.10981750 0.91764706 0.34509804 0.04705882
v 30.23320961 -40.90999985 46.34421158 0.91764706 0.34509804 0.04705882
v 31.36388016 -40.90999985 45.91942978 0.91764706 0.34509804 0.04705882
v 30.21416664 -40.90999985 46.26819229 0.91764706 0.34509804 0.04705882
v 31.29776001 -40.90999985 45.73463440 0.91764706 0.34509804 0.04705882
v 30.18776703 -40.90999985 46.19440842 0.91764706 0.34509804 0.04705882
v 31.21384239 -40.90999985 45.55720520 0.91764706 0.34509804 0.04705882
v 30.15426064 -40.90999985 46.12356567 0.91764706 0.34509804 0.04705882
v 31.11293983 -40.90999985 45.38885880 0.91764706 0.34509804 0.04705882
v 30.11397171 -40.90999985 46.05634689 0.91764706 0.34509804 0.04705882
v 30.99602127 -40.90999985 45.23121262 0.91764706 0.34509804 0.04705882
v 30.06728935 -40.90999985 45.99340439 0.91764706 0.34509804 0.04705882
v 30.86421394 -40.90999985 45.08578491 0.91764706 0.34509804 0.04705882
v 30.01466179 -40.90999985 45.93533707 0.91764706 0.34509804 0.04705882
v 30.71878624 -40.90999985 44.95397949 0.91764706 0.34509804 0.04705882
v 29.95659637 -40.90999985 45.88270950 0.91764706 0.34509804 0.04705882
v 30.56114006 -40.90999985 44.83705902 0.91764706 0.34509804 0.04705882
v 29.89365196 -40.90999985 45.83602905 0.91764706 0.34509804 0.04705882
v 30.39279366 -40.90999985 44.73615646 0.91764706 0.34509804 0.04705882
v 29.82643509 -40.90999985 45.79573822 0.91764706 0.34509804 0.04705882
v 30.21536636 -40.90999985 44.65224075 0.91764706 0.34509804 0.04705882
v 29.75559235 -40.90999985 45.76223373 0.91764706 0.34509804 0.04705882
v 30.03056908 -40.90999985 44.58612061 0.91764706 0.34509804 0.04705882
v 29.68180847 -40.90999985 45.73583221 0.91764706 0.34509804 0.04705882
v 29.84018135 -40.90999985 44.53842926 0.91764706 0.34509804 0.04705882
v 29.60578918 -40.90999985 45.71679306 0.91764706 0.34509804 0.04705882
v 29.64603424 -40.90999985 44.50963211 0.91764706 0.34509804 0.04705882
v 29.52827263 -40.90999985 45.70529175 0.91764706 0.34509804 0.04705882
v 29.45000076 -40.90999985 44.50000000 0.91764706 0.34509804 0.04705882
v 29.42054176 -40.90999985 45.70000076 0.91764706 0.34509804 0.04705882
v 12.94999981 -40.90999985 44.50000000 0.91764706 0.34509804 0.04705882
v 12.97945881 -40.90999985 45.70000076 0.91764706 0.34509804 0.04705882
v 12.75396538 -40.90999985 44.50963211 0.91764706 0.34509804 0.04705882
v 12.87172794 -40.90999985 45.70529175 0.91764706 0.34509804 0.04705882
v 12.55981922 -40.90999985 44.53842926 0.91764706 0.34509804 0.04705882
v 12.79421043 -40.90999985 45.71679306 0.91764706 0.34509804 0.04705882
v 12.36943054 -40.90999985 44.58612061 0.91764706 0.34509804 0.04705882
v 12.71819210 -40.90999985 45.73583221 0.91764706 0.34509804 0.04705882
v 12.18463326 -40.90999985 44.65224075 0.91764706 0.34509804 0.04705882
v 12.64440727 -40.90999985 45.76223373 0.91764706 0.34509804 0.04705882
v 12.00720692 -40.90999985 44.73615646 0.91764706 0.34509804 0.04705882
v 12.57356453 -40.90999985 45.79573822 0.91764706 0.34509804 0.04705882
v 11.83885956 -40.90999985 44.83705902 0.91764706 0.34509804 0.04705882
v 12.50634766 -40.90999985 45.83602905 0.91764706 0.34509804 0.04705882
v 11.68121338 -40.90999985 44.95397949 0.91764706 0.34509804 0.04705882
v 12.44340324 -40.90999985 45.88270950 0.91764706 0.34509804 0.04705882
v 11.53578663 -40.90999985 45.08578491 0.91764706 0.34509804 0.04705882
v 12.38533783 -40.90999985 45.93533707 0.91764706 0.34509804 0.04705882
v 11.40397930 -40.90999985 45.23121262 0.91764706 0.34509804 0.04705882
v 12.33271027 -40.90999985 45.99340439 0.91764706 0.34509804 0.04705882
v 11.28706074 -40.90999985 45.38885880 0.91764706 0.34509804 0.04705882
v 12.28602791 -40.90999985 46.05634689 0.91764706 0.34509804 0.04705882
v 11.18615723 -40.90999985 45.55720520 0.91764706 0.34509804 0.04705882
v 12.24573898 -40.90999985 46.12356567 0.91764706 0.34509804 0.04705882
v 11.10224056 -40.90999985 45.73463440 0.91764706 0.34509804 0.04705882
v 12.21223354 -40.90999985 46.19440842 0.91764706 0.34509804 0.04705882
v 11.03611946 -40.90999985 45.91942978 0.91764706 0.34509804 0.04705882
v 12.18583298 -40.90999985 46.26819229 0.91764706 0.34509804 0.04705882
v 10.98842907 -40.90999985 46.10981750 0.91764706 0.34509804 0.04705882
v 12.16679096 -40.90999985 46.34421158 0.91764706 0.34509804 0.04705882
v 10.95963097 -40.90999985 46.30396652 0.91764706 0.34509804 0.04705882
v 12.15529251 -40.90999985 46.42173004 0.91764706 0.34509804 0.04705882
v 10.94999981 -40.90999985 46.50000000 0.91764706 0.34509804 0.04705882
v 12.14999962 -40.90999985 46.52945709 0.91764706 0.34509804 0.04705882
v 10.94999981 -40.90999985 49.78253937 0.91764706 0.34509804 0.04705882
v 12.14999962 -40.90999985 49.78253937 0.91764706 0.34509804 0.04705882
v 12.14860249 -40.90999985 49.84043884 0.91764706 0.34509804 0.04705882
v 12.14441299 -40.90999985 49.89820480 0.91764706 0.34509804 0.04705882
v 12.13744068 -40.90999985 49.95570374 0.91764706 0.34509804 0.04705882
v 12.12770176 -40.90999985 50.01279449 0.91764706 0.34509804 0.04705882
v 12.11522007 -40.90999985 50.06935120 0.91764706 0.34509804 0.04705882
v 12.10002422 -40.90999985 50.12524033 0.91764706 0.34509804 0.04705882
v 12.08214951 -40.90999985 50.18033218 0.91764706 0.34509804 0.04705882
v 12.06163692 -40.90999985 50.23449326 0.91764706 0.34509804 0.04705882
v 12.03853512 -40.90999985 50.28760529 0.91764706 0.34509804 0.04705882
v 12.01289845 -40.90999985 50.33953857 0.91764706 0.34509804 0.04705882
v 11.98478413 -40.90999985 50.39017487 0.91764706 0.34509804 0.04705882
v 11.95426083 -40.90999985 50.43939590 0.91764706 0.34509804 0.04705882
v 11.92139721 -40.90999985 50.48708725 0.91764706 0.34509804 0.04705882
v 11.88627052 -40.90999985 50.53313828 0.91764706 0.34509804 0.04705882
v 11.84896374 -40.90999985 50.57743835 0.91764706 0.34509804 0.04705882
v 11.80956268 -40.90999985 50.61988831 0.91764706 0.34509804 0.04705882
v 11.76815891 -40.90999985 50.66038895 0.91764706 0.34509804 0.04705882
v 11.72484875 -40.90999985 50.69884109 0.91764706 0.34509804 0.04705882
v 11.67973423 -40.90999985 50.73516083 0.91764706 0.34509804 0.04705882
v 11.63292027 -40.90999985 50.76926041 0.91764706 0.34509804 0.04705882
v 11.58451462 -40.90999985 50.80106354 0.91764706 0.34509804 0.04705882
v 11.53463173 -40.90999985 50.83049393 0.91764706 0.34509804 0.04705882
v 11.48338604 -40.90999985 50.85748291 0.91764706 0.34509804 0.04705882
v 11.43089867 -40.90999985 50.88196564 0.91764706 0.34509804 0.04705882
v 11.37729073 -40.90999985 50.90388870 0.91764706 0.34509804 0.04705882
v 11.32268715 -40.90999985 50.92319870 0.91764706 0.34509804 0.04705882
v 11.26721573 -40.90999985 50.93985367 0.91764706 0.34509804 0.04705882
v 11.21100521 -40.90999985 50.95381165 0.91764706 0.34509804 0.04705882
v 11.15418720 -40.90999985 50.96504211 0.91764706 0.34509804 0.04705882
v 11.09689236 -40.90999985 50.97351456 0.91764706 0.34509804 0.04705882
v 11.00555515 -40.90999985 50.98477936 0.91764706 0.34509804 0.04705882
v 10.82942581 -40.90999985 49.79741287 0.91764706 0.34509804 0.04705882
v 10.62836647 -40.90999985 51.05022812 0.91764706 0.34509804 0.04705882
v 10.39418697 -40.90999985 49.87293243 0.91764706 0.34509804 0.04705882
v 10.25484276 -40.90999985 51.13410568 0.91764706 0.34509804 0.04705882
v 9.96317863 -40.90999985 49.96971893 0.91764706 0.34509804 0.04705882
v 9.88588428 -40.90999985 51.23620987 0.91764706 0.34509804 0.04705882
v 9.53743744 -40.90999985 50.08753586 0.91764706 0.34509804 0.04705882
v 9.52238083 -40.90999985 51.35629654 0.91764706 0.34509804 0.04705882
v 9.11799145 -40.90999985 50.22610474 0.91764706 0.34509804 0.04705882
v 9.16520786 -40.90999985 51.49407196 0.91764706 0.34509804 0.04705882
v 8.70584869 -40.90999985 50.38508606 0.91764706 0.34509804 0.04705882
v 8.81522465 -40.90999985 51.64921188 0.91764706 0.34509804 0.04705882
v 8.30200386 -40.90999985 50.56409454 0.91764706 0.34509804 0.04705882
v 8.47327614 -40.90999985 51.82133484 0.91764706 0.34509804 0.04705882
v 7.90742922 -40.90999985 50.76270676 0.91764706 0.34509804 0.04705882
v 8.14018440 -40.90999985 52.01002884 0.91764706 0.34509804 0.04705882
v 7.52307510 -40.90999985 50.98044205 0.91764706 0.34509804 0.04705882
v 7.81675291 -40.90999985 52.21483612 0.91764706 0.34509804 0.04705882
v 7.14986801 -40.90999985 51.21677399 0.91764706 0.34509804 0.04705882
v 7.50376081 -40.90999985 52.43527222 0.91764706 0.34509804 0.04705882
v 6.78870630 -40.90999985 51.47113037 0.91764706 0.34509804 0.04705882
v 7.20196152 -40.90999985 52.67079926 0.91764706 0.34509804 0.04705882
v 6.44046021 -40.90999985 51.74290466 0.91764706 0.34509804 0.04705882
v 6.91208315 -40.90999985 52.92084885 0.91764706 0.34509804 0.04705882
v 6.10596943 -40.90999985 52.03144073 0.91764706 0.34509804 0.04705882
v 6.63482285 -40.90999985 53.18482208 0.91764706 0.34509804 0.04705882
v 5.78603888 -40.90999985 52.33604050 0.91764706 0.34509804 0.04705882
v 6.37084913 -40.90999985 53.46208191 0.91764706 0.34509804 0.04705882
v 5.48144007 -40.90999985 52.65596771 0.91764706 0.34509804 0.04705882
v 6.12079811 -40.90999985 53.75196075 0.91764706 0.34509804 0.04705882
v 5.19290590 -40.90999985 52.99045944 0.91764706 0.34509804 0.04705882
v 5.88527155 -40.90999985 54.05376053 0.91764706 0.34509804 0.04705882
v 4.92113209 -40.90999985 53.33870697 0.91764706 0.34509804 0.04705882
v 5.66483784 -40.90999985 54.36675262 0.91764706 0.34509804 0.04705882
v 4.66677332 -40.90999985 53.69986725 0.91764706 0.34509804 0.04705882
v 5.46002674 -40.90999985 54.69018555 0.91764706 0.34509804 0.04705882
v 4.43044233 -40.90999985 54.07307434 0.91764706 0.34509804 0.04705882
v 5.27133274 -40.90999985 55.02327728 0.91764706 0.34509804 0.04705882
v 4.21270847 -40.90999985 54.45742798 0.91764706 0.34509804 0.04705882
v 5.09921026 -40.90999985 55.36522675 0.91764706 0.34509804 0.04705882
v 4.01409626 -40.90999985 54.85200500 0.91764706 0.34509804 0.04705882
v 4.94407368 -40.90999985 55.71520615 0.91764706 0.34509804 0.04705882
v 3.83508420 -40.90999985 55.25584793 0.91764706 0.34509804 0.04705882
v 4.80629683 -40.90999985 56.07238007 0.91764706 0.34509804 0.04705882
v 3.67610335 -40.90999985 55.66799164 0.91764706 0.34509804 0.04705882
v 4.68621111 -40.90999985 56.43588257 0.91764706 0.34509804 0.04705882
v 3.53753686 -40.90999985 56.08743668 0.91764706 0.34509804 0.04705882
v 4.58410692 -40.90999985 56.80484390 0.91764706 0.34509804 0.04705882
v 3.41971874 -40.90999985 56.51317978 0.91764706 0.34509804 0.04705882
v 4.50022936 -40.90999985 57.17836761 0.91764706 0.34509804 0.04705882
v 3.32293248 -40.90999985 56.94418716 0.91764706 0.34509804 0.04705882
v 4.43478060 -40.90999985 57.55555725 0.91764706 0.34509804 0.04705882
v 3.24741149 -40.90999985 57.37942505 0.91764706 0.34509804 0.04705882
v 4.38791895 -40.90999985 57.93550110 0.91764706 0.34509804 0.04705882
v 3.19333744 -40.90999985 57.81784439 0.91764706 0.34509804 0.04705882
v 4.35975647 -40.90999985 58.31729126 0.91764706 0.34509804 0.04705882
v 3.16084099 -40.90999985 58.25839233 0.91764706 0.34509804 0.04705882
v 3.15000010 -40.90999985 58.70000076 0.91764706 0.34509804 0.04705882
v 4.34999990 -40.90999985 58.71472549 0.91764706 0.34509804 0.04705882
v 3.15000010 -40.90999985 65.50000000 0.91764706 0.34509804 0.04705882
v 4.34999990 -40.90999985 65.48527527 0.91764706 0.34509804 0.04705882
v 4.35975647 -40.90999985 65.88271332 0.91764706 0.34509804 0.04705882
v 3.16084099 -40.90999985 65.94161224 0.91764706 0.34509804 0.04705882
v 4.38791895 -40.90999985 66.26449585 0.91764706 0.34509804 0.04705882
v 3.19333744 -40.90999985 66.38215637 0.91764706 0.34509804 0.04705882
v 4.43478060 -40.90999985 66.64444733 0.91764706 0.34509804 0.04705882
v 3.24741149 -40.90999985 66.82057190 0.91764706 0.34509804 0.04705882
v 4.50022936 -40.90999985 67.02163696 0.91764706 0.34509804 0.04705882
v 3.32293248 -40.90999985 67.25581360 0.91764706 0.34509804 0.04705882
v 4.58410692 -40.90999985 67.39515686 0.91764706 0.34509804 0.04705882
v 3.41971874 -40.90999985 67.68682098 0.91764706 0.34509804 0.04705882
v 4.68621111 -40.90999985 67.76411438 0.91764706 0.34509804 0.04705882
v 3.53753686 -40.90999985 68.11256409 0.91764706 0.34509804 0.04705882
v 4.80629683 -40.90999985 68.12761688 0.91764706 0.34509804 0.04705882
v 3.67610335 -40.90999985 68.53200531 0.91764706 0.34509804 0.04705882
v 4.94407368 -40.90999985 68.48479462 0.91764706 0.34509804 0.04705882
v 3.83508420 -40.90999985 68.94415283 0.91764706 0.34509804 0.04705882
v 5.09921026 -40.90999985 68.83477783 0.91764706 0.34509804 0.04705882
v 4.01409626 -40.90999985 69.34799957 0.91764706 0.34509804 0.04705882
v 5.27133274 -40.90999985 69.17672729 0.91764706 0.34509804 0.04705882
v 4.21270847 -40.90999985 69.74256897 0.91764706 0.34509804 0.04705882
v 5.46002674 -40.90999985 69.50981903 0.91764706 0.34509804 0.04705882
v 4.43044233 -40.90999985 70.12692261 0.91764706 0.34509804 0.04705882
v 5.66483784 -40.90999985 69.83324432 0.91764706 0.34509804 0.04705882
v 4.66677332 -40.90999985 70.50012970 0.91764706 0.34509804 0.04705882
v 5.88527155 -40.90999985 70.14624023 0.91764706 0.34509804 0.04705882
v 4.92113209 -40.90999985 70.86128998 0.91764706 0.34509804 0.04705882
v 6.12079811 -40.90999985 70.44803619 0.91764706 0.34509804 0.04705882
v 5.19290590 -40.90999985 71.20954132 0.91764706 0.34509804 0.04705882
v 6.37084913 -40.90999985 70.73791504 0.91764706 0.34509804 0.04705882
v 5.48144007 -40.90999985 71.54402924 0.91764706 0.34509804 0.04705882
v 6.63482285 -40.90999985 71.01517487 0.91764706 0.34509804 0.04705882
v 5.78603888 -40.90999985 71.86396027 0.91764706 0.34509804 0.04705882
v 6.91208315 -40.90999985 71.27915192 0.91764706 0.34509804 0.04705882
v 6.10596943 -40.90999985 72.16856384 0.91764706 0.34509804 0.04705882
v 7.20196152 -40.90999985 71.52920532 0.91764706 0.34509804 0.04705882
v 6.44046021 -40.90999985 72.45709229 0.91764706 0.34509804 0.04705882
v 7.50376081 -40.90999985 71.76472473 0.91764706 0.34509804 0.04705882
v 6.78870630 -40.90999985 72.72886658 0.91764706 0.34509804 0.04705882
v 7.81675291 -40.90999985 71.98516083 0.91764706 0.34509804 0.04705882
v 7.14986801 -40.90999985 72.98322296 0.91764706 0.34509804 0.04705882
v 8.14018440 -40.90999985 72.18997192 0.91764706 0.34509804 0.04705882
v 7.52307510 -40.90999985 73.21955872 0.91764706 0.34509804 0.04705882
v 8.47327614 -40.90999985 72.37866974 0.91764706 0.34509804 0.04705882
v 7.90742922 -40.90999985 73.43729401 0.91764706 0.34509804 0.04705882
v 8.81522465 -40.90999985 72.55078888 0.91764706 0.34509804 0.04705882
v 8.30200386 -40.90999985 73.63590240 0.91764706 0.34509804 0.04705882
v 9.16520786 -40.90999985 72.70592499 0.91764706 0.34509804 0.04705882
v 8.70584869 -40.90999985 73.81491852 0.91764706 0.34509804 0.04705882
v 9.52238083 -40.90999985 72.84370422 0.91764706 0.34509804 0.04705882
v 9.11799145 -40.90999985 73.97389984 0.91764706 0.34509804 0.04705882
v 9.88588428 -40.90999985 72.96379089 0.91764706 0.34509804 0.04705882
v 9.53743744 -40.90999985 74.11246490 0.91764706 0.34509804 0.04705882
v 10.25484276 -40.90999985 73.06589508 0.91764706 0.34509804 0.04705882
v 9.96317863 -40.90999985 74.23027802 0.91764706 0.34509804 0.04705882
v 10.62836647 -40.90999985 73.14977264 0.91764706 0.34509804 0.04705882
v 10.39418697 -40.90999985 74.32706451 0.91764706 0.34509804 0.04705882
v 11.00555515 -40.90999985 73.21521759 0.91764706 0.34509804 0.04705882
v 10.82942581 -40.90999985 74.40258789 0.91764706 0.34509804 0.04705882
v 11.38550186 -40.90999985 73.26207733 0.91764706 0.34509804 0.04705882
v 11.26784611 -40.90999985 74.45666504 0.91764706 0.34509804 0.04705882
v 11.76729012 -40.90999985 73.29024506 0.91764706 0.34509804 0.04705882
v 11.70839119 -40.90999985 74.48915863 0.91764706 0.34509804 0.04705882
v 12.14999962 -40.90999985 74.50000000 0.91764706 0.34509804 0.04705882
v 12.16472721 -40.90999985 73.30000305 0.91764706 0.34509804 0.04705882
v 12.94999981 -77.66000366 60.70000076 0.91764706 0.34509804 0.04705882
v 29.64603424 -77.66000366 60.69036865 0.91764706 0.34509804 0.04705882
v 29.45000076 -77.66000366 60.70000076 0.91764706 0.34509804 0.04705882
v 12.75396538 -77.66000366 60.69036865 0.91764706 0.34509804 0.04705882
v 29.84018135 -77.66000366 60.66157150 0.91764706 0.34509804 0.04705882
v 12.55981922 -77.66000366 60.66157150 0.91764706 0.34509804 0.04705882
v 30.03056908 -77.66000366 60.61388016 0.91764706 0.34509804 0.04705882
v 12.36943054 -77.66000366 60.61388016 0.91764706 0.34509804 0.04705882
v 30.21536636 -77.66000366 60.54776001 0.91764706 0.34509804 0.04705882
v 12.18463326 -77.66000366 60.54776001 0.91764706 0.34509804 0.04705882
v 30.39279366 -77.66000366 60.46384430 0.91764706 0.34509804 0.04705882
v 12.00720692 -77.66000366 60.46384430 0.91764706 0.34509804 0.04705882
v 30.56114006 -77.66000366 60.36293793 0.91764706 0.34509804 0.04705882
v 11.83885956 -77.66000366 60.36293793 0.91764706 0.34509804 0.04705882
v 30.71878624 -77.66000366 60.24602127 0.91764706 0.34509804 0.04705882
v 11.68121338 -77.66000366 60.24602127 0.91764706 0.34509804 0.04705882
v 30.86421394 -77.66000366 60.11421204 0.91764706 0.34509804 0.04705882
v 11.53578663 -77.66000366 60.11421204 0.91764706 0.34509804 0.04705882
v 30.99602127 -77.66000366 59.96878815 0.91764706 0.34509804 0.04705882
v 11.40397930 -77.66000366 59.96878815 0.91764706 0.34509804 0.04705882
v 31.11293983 -77.66000366 59.81114197 0.91764706 0.34509804 0.04705882
v 11.28706074 -77.66000366 59.81114197 0.91764706 0.34509804 0.04705882
v 31.21384239 -77.66000366 59.64279175 0.91764706 0.34509804 0.04705882
v 11.18615723 -77.66000366 59.64279175 0.91764706 0.34509804 0.04705882
v 31.29776001 -77.66000366 59.46536636 0.91764706 0.34509804 0.04705882
v 11.10224056 -77.66000366 59.46536636 0.91764706 0.34509804 0.04705882
v 31.36388016 -77.66000366 59.28057098 0.91764706 0.34509804 0.04705882
v 11.03611946 -77.66000366 59.28057098 0.91764706 0.34509804 0.04705882
v 31.41157150 -77.66000366 59.09017944 0.91764706 0.34509804 0.04705882
v 10.98842907 -77.66000366 59.09017944 0.91764706 0.34509804 0.04705882
v 31.44036865 -77.66000366 58.89603424 0.91764706 0.34509804 0.04705882
v 10.95963097 -77.66000366 58.89603424 0.91764706 0.34509804 0.04705882
v 31.45000076 -77.66000366 58.70000076 0.91764706 0.34509804 0.04705882
v 10.94999981 -77.66000366 58.70000076 0.91764706 0.34509804 0.04705882
v 31.45000076 -77.66000366 46.50000000 0.91764706 0.34509804 0.04705882
v 10.94999981 -77.66000366 46.50000000 0.91764706 0.34509804 0.04705882
v 31.44036865 -77.66000366 46.30396652 0.91764706 0.34509804 0.04705882
v 10.95963097 -77.66000366 46.30396652 0.91764706 0.34509804 0.04705882
v 31.41157150 -77.66000366 46.10981750 0.91764706 0.34509804 0.04705882
v 10.98842907 -77.66000366 46.10981750 0.91764706 0.34509804 0.04705882
v 31.36388016 -77.66000366 45.91942978 0.91764706 0.34509804 0.04705882
v 11.03611946 -77.66000366 45.91942978 0.91764706 0.34509804 0.04705882
v 31.29776001 -77.66000366 45.73463440 0.91764706 0.34509804 0.04705882
v 11.10224056 -77.66000366 45.73463440 0.91764706 0.34509804 0.04705882
v 31.21384239 -77.66000366 45.55720520 0.91764706 0.34509804 0.04705882
v 11.18615723 -77.66000366 45.55720520 0.91764706 0.34509804 0.04705882
v 31.11293983 -77.66000366 45.38885880 0.91764706 0.34509804 0.04705882
v 11.28706074 -77.66000366 45.38885880 0.91764706 0.34509804 0.04705882
v 30.99602127 -77.66000366 45.23121262 0.91764706 0.34509804 0.04705882
v 11.40397930 -77.66000366 45.23121262 0.91764706 0.34509804 0.04705882
v 30.86421394 -77.66000366 45.08578491 0.91764706 0.34509804 0.04705882
v 11.53578663 -77.66000366 45.08578491 0.91764706 0.34509804 0.04705882
v 30.71878624 -77.66000366 44.95397949 0.91764706 0.34509804 0.04705882
v 11.68121338 -77.66000366 44.95397949 0.91764706 0.34509804 0.04705882
v 30.56114006 -77.66000366 44.83705902 0.91764706 0.34509804 0.04705882
v 11.83885956 -77.66000366 44.83705902 0.91764706 0.34509804 0.04705882
v 30.39279366 -77.66000366 44.73615646 0.91764706 0.34509804 0.04705882
v 12.00720692 -77.66000366 44.73615646 0.91764706 0.34509804 0.04705882
v 30.21536636 -77.66000366 44.65224075 0.91764706 0.34509804 0.04705882
v 12.18463326 -77.66000366 44.65224075 0.91764706 0.34509804 0.04705882
v 30.03056908 -77.66000366 44.58612061 0.91764706 0.34509804 0.04705882
v 12.36943054 -77.66000366 44.58612061 0.91764706 0.34509804 0.04705882
v 29.84018135 -77.66000366 44.53842926 0.91764706 0.34509804 0.04705882
v 12.55981922 -77.66000366 44.53842926 0.91764706 0.34509804 0.04705882
v 29.64603424 -77.66000366 44.50963211 0.91764706 0.34509804 0.04705882
v 12.75396538 -77.66000366 44.50963211 0.91764706 0.34509804 0.04705882
v 29.45000076 -77.66000366 44.50000000 0.91764706 0.34509804 0.04705882
v 12.94999981 -77.66000366 44.50000000 0.91764706 0.34509804 0.04705882
v 29.45000076 -62.90999985 60.70000076 0.91764706 0.34509804 0.04705882
v 29.64603424 -62.90999985 60.69036865 0.91764706 0.34509804 0.04705882
v 12.94999981 -62.90999985 60.70000076 0.91764706 0.34509804 0.04705882
v 12.75396538 -62.90999985 60.69036865 0.91764706 0.34509804 0.04705882
v 29.84018135 -62.90999985 60.66157150 0.91764706 0.34509804 0.04705882
v 12.55981922 -62.90999985 60.66157150 0.91764706 0.34509804 0.04705882
v 30.03056908 -62.90999985 60.61388016 0.91764706 0.34509804 0.04705882
v 12.36943054 -62.90999985 60.61388016 0.91764706 0.34509804 0.04705882
v 30.21536636 -62.90999985 60.54776001 0.91764706 0.34509804 0.04705882
v 12.18463326 -62.90999985 60.54776001 0.91764706 0.34509804 0.04705882
v 30.39279366 -62.90999985 60.46384430 0.91764706 0.34509804 0.04705882
v 12.00720692 -62.90999985 60.46384430 0.91764706 0.34509804 0.04705882
v 30.56114006 -62.90999985 60.36293793 0.91764706 0.34509804 0.04705882
v 11.83885956 -62.90999985 60.36293793 0.91764706 0.34509804 0.04705882
v 30.71878624 -62.90999985 60.24602127 0.91764706 0.34509804 0.04705882
v 11.68121338 -62.90999985 60.24602127 0.91764706 0.34509804 0.04705882
v 30.86421394 -62.90999985 60.11421204 0.91764706 0.34509804 0.04705882
v 11.53578663 -62.90999985 60.11421204 0.91764706 0.34509804 0.04705882
v 30.99602127 -62.90999985 59.96878815 0.91764706 0.34509804 0.04705882
v 11.40397930 -62.90999985 59.96878815 0.91764706 0.34509804 0.04705882
v 31.11293983 -62.90999985 59.81114197 0.91764706 0.34509804 0.04705882
v 11.28706074 -62.90999985 59.81114197 0.91764706 0.34509804 0.04705882
v 31.21384239 -62.90999985 59.64279175 0.91764706 0.34509804 0.04705882
v 11.18615723 -62.90999985 59.64279175 0.91764706 0.34509804 0.04705882
v 31.29776001 -62.90999985 59.46536636 0.91764706 0.34509804 0.04705882
v 11.10224056 -62.90999985 59.46536636 0.91764706 0.34509804 0.04705882
v 31.36388016 -62.90999985 59.28057098 0.91764706 0.34509804 0.04705882
v 11.03611946 -62.90999985 59.28057098 0.91764706 0.34509804 0.04705882
v 31.41157150 -62.90999985 59.09017944 0.91764706 0.34509804 0.04705882
v 10.98842907 -62.90999985 59.09017944 0.91764706 0.34509804 0.04705882
v 31.44036865 -62.90999985 58.89603424 0.91764706 0.34509804 0.04705882
v 10.95963097 -62.90999985 58.89603424 0.91764706 0.34509804 0.04705882
v 31.45000076 -62.90999985 58.70000076 0.91764706 0.34509804 0.04705882
v 10.94999981 -62.90999985 58.70000076 0.91764706 0.34509804 0.04705882
v 18.95000076 -49.40999985 49.50000000 0.91764706 0.34509804 0.04705882
v 18.95000076 -49.40999985 46.29999924 0.91764706 0.34509804 0.04705882
v 18.95000076 -54.40999985 49.50000000 0.91764706 0.34509804 0.04705882
v 23.45000076 -54.40999985 49.50000000 0.91764706 0.34509804 0.04705882
v 18.95000076 -54.40999985 46.29999924 0.91764706 0.34509804 0.04705882
v 23.45000076 -49.40999985 46.29999924 0.91764706 0.34509804 0.04705882
v 23.45000076 -49.40999985 49.50000000 0.91764706 0.34509804 0.04705882
v 23.45000076 -54.40999985 46.29999924 0.91764706 0.34509804 0.04705882
v 31.79999924 -50.40999985 50.59999847 0.91764706 0.34509804 0.04705882
v 30.39999962 -50.40999985 50.59999847 0.91764706 0.34509804 0.04705882
v 30.39999962 -50.40999985 45.29999924 0.91764706 0.34509804 0.04705882
v 31.79999924 -50.40999985 44.09999847 0.91764706 0.34509804 0.04705882
v 12.00000000 -50.40999985 45.29999924 0.91764706 0.34509804 0.04705882
v 12.00000000 -50.40999985 50.59999847 0.91764706 0.34509804 0.04705882
v 10.60000038 -50.40999985 50.59999847 0.91764706 0.34509804 0.04705882
v 10.60000038 -50.40999985 44.09999847 0.91764706 0.34509804 0.04705882
v 30.39999962 -40.90999985 45.29999924 0.91764706 0.34509804 0.04705882
v 30.39999962 -40.90999985 50.59999847 0.91764706 0.34509804 0.04705882
v 31.79999924 -40.90999985 50.59999847 0.91764706 0.34509804 0.04705882
v 31.79999924 -40.90999985 44.09999847 0.91764706 0.34509804 0.04705882
v 10.60000038 -40.90999985 50.59999847 0.91764706 0.34509804 0.04705882
v 12.00000000 -40.90999985 50.59999847 0.91764706 0.34509804 0.04705882
v 12.00000000 -40.90999985 45.29999924 0.91764706 0.34509804 0.04705882
v 10.60000038 -40.90999985 44.09999847 0.91764706 0.34509804 0.04705882
v 12.30000019 -76.91000366 48.09999847 0.91764706 0.34509804 0.04705882
v 30.10000038 -76.91000366 48.09999847 0.91764706 0.34509804 0.04705882
v 12.30000019 -52.90999985 48.09999847 0.91764706 0.34509804 0.04705882
v 12.30000019 -76.91000366 43.09999847 0.91764706 0.34509804 0.04705882
v 12.30000019 -52.90999985 43.09999847 0.91764706 0.34509804 0.04705882
v 14.10000038 -54.90999985 43.09999847 0.91764706 0.34509804 0.04705882
v 14.10000038 -74.91000366 43.09999847 0.91764706 0.34509804 0.04705882
v 30.10000038 -76.91000366 43.09999847 0.91764706 0.34509804 0.04705882
v 30.10000038 -52.90999985 43.09999847 0.91764706 0.34509804 0.04705882
v 28.29999924 -54.90999985 43.09999847 0.91764706 0.34509804 0.04705882
v 30.10000038 -52.90999985 48.09999847 0.91764706 0.34509804 0.04705882
v 28.29999924 -74.91000366 43.09999847 0.91764706 0.34509804 0.04705882
v 14.10000038 -74.91000366 46.59999847 0.91764706 0.34509804 0.04705882
v 14.10000038 -54.90999985 46.59999847 0.91764706 0.34509804 0.04705882
v 28.29999924 -74.91000366 46.59999847 0.91764706 0.34509804 0.04705882
v 28.29999924 -54.90999985 46.59999847 0.91764706 0.34509804 0.04705882
v 17.54999924 -53.40999985 45.82500076 0.91764706 0.34509804 0.04705882
v 17.54999924 -53.40999985 41.37500000 0.91764706 0.34509804 0.04705882
v 17.54999924 -76.41000366 45.82500076 0.91764706 0.34509804 0.04705882
v 24.85000038 -76.41000366 45.82500076 0.91764706 0.34509804 0.04705882
v 17.54999924 -76.41000366 41.37500000 0.91764706 0.34509804 0.04705882
v 24.85000038 -53.40999985 41.37500000 0.91764706 0.34509804 0.04705882
v 24.85000038 -53.40999985 45.82500076 0.91764706 0.34509804 0.04705882
v 24.85000038 -76.41000366 41.37500000 0.91764706 0.34509804 0.04705882
v 17.95000076 -56.31000137 41.59999847 0.91764706 0.34509804 0.04705882
v 17.95000076 -56.31000137 40.70000076 0.91764706 0.34509804 0.04705882
v 17.95000076 -57.50999832 41.59999847 0.91764706 0.34509804 0.04705882
v 24.45000076 -57.50999832 41.59999847 0.91764706 0.34509804 0.04705882
v 17.95000076 -57.50999832 40.70000076 0.91764706 0.34509804 0.04705882
v 24.45000076 -56.31000137 40.70000076 0.91764706 0.34509804 0.04705882
v 24.45000076 -56.31000137 41.59999847 0.91764706 0.34509804 0.04705882
v 24.45000076 -57.50999832 40.70000076 0.91764706 0.34509804 0.04705882
v 17.95000076 -59.81000137 41.59999847 0.91764706 0.34509804 0.04705882
v 17.95000076 -59.81000137 40.70000076 0.91764706 0.34509804 0.04705882
v 17.95000076 -61.00999832 41.59999847 0.91764706 0.34509804 0.04705882
v 24.45000076 -61.00999832 41.59999847 0.91764706 0.34509804 0.04705882
v 17.95000076 -61.00999832 40.70000076 0.91764706 0.34509804 0.04705882
v 24.45000076 -59.81000137 40.70000076 0.91764706 0.34509804 0.04705882
v 24.45000076 -59.81000137 41.59999847 0.91764706 0.34509804 0.04705882
v 24.45000076 -61.00999832 40.70000076 0.91764706 0.34509804 0.04705882
v 17.95000076 -63.31000137 41.59999847 0.91764706 0.34509804 0.04705882
v 17.95000076 -63.31000137 40.70000076 0.91764706 0.34509804 0.04705882
v 17.95000076 -64.51000214 41.59999847 0.91764706 0.34509804 0.04705882
v 24.45000076 -64.51000214 41.59999847 0.91764706 0.34509804 0.04705882
v 17.95000076 -64.51000214 40.70000076 0.91764706 0.34509804 0.04705882
v 24.45000076 -63.31000137 40.70000076 0.91764706 0.34509804 0.04705882
v 24.45000076 -63.31000137 41.59999847 0.91764706 0.34509804 0.04705882
v 24.45000076 -64.51000214 40.70000076 0.91764706 0.34509804 0.04705882
v 17.95000076 -66.80999756 41.59999847 0.91764706 0.34509804 0.04705882
v 17.95000076 -66.80999756 40.70000076 0.91764706 0.34509804 0.04705882
v 17.95000076 -68.01000214 41.59999847 0.91764706 0.34509804 0.04705882
v 24.45000076 -68.01000214 41.59999847 0.91764706 0.34509804 0.04705882
v 17.95000076 -68.01000214 40.70000076 0.91764706 0.34509804 0.04705882
v 24.45000076 -66.80999756 40.70000076 0.91764706 0.34509804 0.04705882
v 24.45000076 -66.80999756 41.59999847 0.91764706 0.34509804 0.04705882
v 24.45000076 -68.01000214 40.70000076 0.91764706 0.34509804 0.04705882
v 36.04999924 -61.90999985 65.46073151 0.91764706 0.34509804 0.04705882
v 36.04999924 -61.90999985 58.73927307 0.91764706 0.34509804 0.04705882
v 37.95000076 -61.90999985 58.71595383 0.91764706 0.34509804 0.04705882
v 37.95000076 -61.90999985 65.48404694 0.91764706 0.34509804 0.04705882
v 36.04204941 -61.90999985 65.78454590 0.91764706 0.34509804 0.04705882
v 37.94033432 -61.90999985 65.87779999 0.91764706 0.34509804 0.04705882
v 36.04204941 -61.90999985 58.41545486 0.91764706 0.34509804 0.04705882
v 37.94033432 -61.90999985 58.32219696 0.91764706 0.34509804 0.04705882
v 37.91253281 -61.90999985 57.94530487 0.91764706 0.34509804 0.04705882
v 36.02111053 -61.90999985 58.13159561 0.91764706 0.34509804 0.04705882
v 37.86627197 -61.90999985 57.57023239 0.91764706 0.34509804 0.04705882
v 35.98627090 -61.90999985 57.84910583 0.91764706 0.34509804 0.04705882
v 37.80166245 -61.90999985 57.19787979 0.91764706 0.34509804 0.04705882
v 35.93761063 -61.90999985 57.56866455 0.91764706 0.34509804 0.04705882
v 37.91253281 -61.90999985 66.25469208 0.91764706 0.34509804 0.04705882
v 36.02111053 -61.90999985 66.06840515 0.91764706 0.34509804 0.04705882
v 37.86627197 -61.90999985 66.62976837 0.91764706 0.34509804 0.04705882
v 35.98627090 -61.90999985 66.35089874 0.91764706 0.34509804 0.04705882
v 37.80166245 -61.90999985 67.00212097 0.91764706 0.34509804 0.04705882
v 35.93761063 -61.90999985 66.63133240 0.91764706 0.34509804 0.04705882
v 37.71886063 -61.90999985 67.37084961 0.91764706 0.34509804 0.04705882
v 35.87524796 -61.90999985 66.90904999 0.91764706 0.34509804 0.04705882
v 37.61806488 -61.90999985 67.73507690 0.91764706 0.34509804 0.04705882
v 35.79933167 -61.90999985 67.18337250 0.91764706 0.34509804 0.04705882
v 37.71886063 -61.90999985 56.82914734 0.91764706 0.34509804 0.04705882
v 35.87524796 -61.90999985 57.29095078 0.91764706 0.34509804 0.04705882
v 37.61806488 -61.90999985 56.46492004 0.91764706 0.34509804 0.04705882
v 35.79933167 -61.90999985 57.01662827 0.91764706 0.34509804 0.04705882
v 37.49951935 -61.90999985 56.10607910 0.91764706 0.34509804 0.04705882
v 35.71004868 -61.90999985 56.74636459 0.91764706 0.34509804 0.04705882
v 37.36351013 -61.90999985 55.75348663 0.91764706 0.34509804 0.04705882
v 35.60760880 -61.90999985 56.48080444 0.91764706 0.34509804 0.04705882
v 37.21036530 -61.90999985 55.40799332 0.91764706 0.34509804 0.04705882
v 35.49226761 -61.90999985 56.22059250 0.91764706 0.34509804 0.04705882
v 37.04044724 -61.90999985 55.07043076 0.91764706 0.34509804 0.04705882
v 35.36429214 -61.90999985 55.96635437 0.91764706 0.34509804 0.04705882
v 36.85417557 -61.90999985 54.74161148 0.91764706 0.34509804 0.04705882
v 35.22399902 -61.90999985 55.71870041 0.91764706 0.34509804 0.04705882
v 36.65198898 -61.90999985 54.42232513 0.91764706 0.34509804 0.04705882
v 35.07172394 -61.90999985 55.47822952 0.91764706 0.34509804 0.04705882
v 36.43438339 -61.90999985 54.11334991 0.91764706 0.34509804 0.04705882
v 34.90782928 -61.90999985 55.24551773 0.91764706 0.34509804 0.04705882
v 36.20187759 -61.90999985 53.81542206 0.91764706 0.34509804 0.04705882
v 34.73271561 -61.90999985 55.02112961 0.91764706 0.34509804 0.04705882
v 35.95503235 -61.90999985 53.52925873 0.91764706 0.34509804 0.04705882
v 34.54680252 -61.90999985 54.80560684 0.91764706 0.34509804 0.04705882
v 35.69444656 -61.90999985 53.25555420 0.91764706 0.34509804 0.04705882
v 34.35053635 -61.90999985 54.59946060 0.91764706 0.34509804 0.04705882
v 35.42074203 -61.90999985 52.99496841 0.91764706 0.34509804 0.04705882
v 34.14439392 -61.90999985 54.40319824 0.91764706 0.34509804 0.04705882
v 35.13457870 -61.90999985 52.74812317 0.91764706 0.34509804 0.04705882
v 33.92887115 -61.90999985 54.21728516 0.91764706 0.34509804 0.04705882
v 34.83665085 -61.90999985 52.51561737 0.91764706 0.34509804 0.04705882
v 33.70448303 -61.90999985 54.04217148 0.91764706 0.34509804 0.04705882
v 34.52767181 -61.90999985 52.29800797 0.91764706 0.34509804 0.04705882
v 33.47177124 -61.90999985 53.87827682 0.91764706 0.34509804 0.04705882
v 34.20838928 -61.90999985 52.09582520 0.91764706 0.34509804 0.04705882
v 33.23130035 -61.90999985 53.72600174 0.91764706 0.34509804 0.04705882
v 33.87957001 -61.90999985 51.90955353 0.91764706 0.34509804 0.04705882
v 32.98364639 -61.90999985 53.58570862 0.91764706 0.34509804 0.04705882
v 33.54200745 -61.90999985 51.73963547 0.91764706 0.34509804 0.04705882
v 32.72940826 -61.90999985 53.45773315 0.91764706 0.34509804 0.04705882
v 33.19651413 -61.90999985 51.58649063 0.91764706 0.34509804 0.04705882
v 32.46919632 -61.90999985 53.34238815 0.91764706 0.34509804 0.04705882
v 32.84392166 -61.90999985 51.45047760 0.91764706 0.34509804 0.04705882
v 32.20363617 -61.90999985 53.23995209 0.91764706 0.34509804 0.04705882
v 32.48507690 -61.90999985 51.33193588 0.91764706 0.34509804 0.04705882
v 31.93337059 -61.90999985 53.15066910 0.91764706 0.34509804 0.04705882
v 32.12085342 -61.90999985 51.23114014 0.91764706 0.34509804 0.04705882
v 31.65904999 -61.90999985 53.07475281 0.91764706 0.34509804 0.04705882
v 31.75211906 -61.90999985 51.14833832 0.91764706 0.34509804 0.04705882
v 31.38133621 -61.90999985 53.01239014 0.91764706 0.34509804 0.04705882
v 31.37976646 -61.90999985 51.08372879 0.91764706 0.34509804 0.04705882
v 31.10089493 -61.90999985 52.96372986 0.91764706 0.34509804 0.04705882
v 31.29086685 -61.90999985 51.07276154 0.91764706 0.34509804 0.04705882
v 31.05828667 -61.90999985 52.95847321 0.91764706 0.34509804 0.04705882
v 30.90025330 -61.90999985 52.93496323 0.91764706 0.34509804 0.04705882
v 31.22666550 -61.90999985 51.06321335 0.91764706 0.34509804 0.04705882
v 30.74359131 -61.90999985 52.90359497 0.91764706 0.34509804 0.04705882
v 31.16302109 -61.90999985 51.05046844 0.91764706 0.34509804 0.04705882
v 30.58869171 -61.90999985 52.86444473 0.91764706 0.34509804 0.04705882
v 31.10009384 -61.90999985 51.03456497 0.91764706 0.34509804 0.04705882
v 30.43593788 -61.90999985 52.81761551 0.91764706 0.34509804 0.04705882
v 31.03803635 -61.90999985 51.01553726 0.91764706 0.34509804 0.04705882
v 30.28571320 -61.90999985 52.76321793 0.91764706 0.34509804 0.04705882
v 30.97700882 -61.90999985 50.99343872 0.91764706 0.34509804 0.04705882
v 30.13838959 -61.90999985 52.70138931 0.91764706 0.34509804 0.04705882
v 30.91715813 -61.90999985 50.96832275 0.91764706 0.34509804 0.04705882
v 29.99433517 -61.90999985 52.63228226 0.91764706 0.34509804 0.04705882
v 30.85863686 -61.90999985 50.94024658 0.91764706 0.34509804 0.04705882
v 29.85391045 -61.90999985 52.55607605 0.91764706 0.34509804 0.04705882
v 30.80158806 -61.90999985 50.90929031 0.91764706 0.34509804 0.04705882
v 29.71746445 -61.90999985 52.47295380 0.91764706 0.34509804 0.04705882
v 30.74615669 -61.90999985 50.87551880 0.91764706 0.34509804 0.04705882
v 29.58533859 -61.90999985 52.38312531 0.91764706 0.34509804 0.04705882
v 30.69248009 -61.90999985 50.83902740 0.91764706 0.34509804 0.04705882
v 29.45785904 -61.90999985 52.28681183 0.91764706 0.34509804 0.04705882
v 30.64069176 -61.90999985 50.79990005 0.91764706 0.34509804 0.04705882
v 29.33534622 -61.90999985 52.18425751 0.91764706 0.34509804 0.04705882
v 30.59092140 -61.90999985 50.75823593 0.91764706 0.34509804 0.04705882
v 29.21810532 -61.90999985 52.07571411 0.91764706 0.34509804 0.04705882
v 30.54329300 -61.90999985 50.71414185 0.91764706 0.34509804 0.04705882
v 29.10642815 -61.90999985 51.96145630 0.91764706 0.34509804 0.04705882
v 30.49792480 -61.90999985 50.66772461 0.91764706 0.34509804 0.04705882
v 29.00059319 -61.90999985 51.84176636 0.91764706 0.34509804 0.04705882
v 30.45492935 -61.90999985 50.61909866 0.91764706 0.34509804 0.04705882
v 28.90086365 -61.90999985 51.71694183 0.91764706 0.34509804 0.04705882
v 30.41441345 -61.90999985 50.56838989 0.91764706 0.34509804 0.04705882
v 28.80748940 -61.90999985 51.58729553 0.91764706 0.34509804 0.04705882
v 30.37648010 -61.90999985 50.51572037 0.91764706 0.34509804 0.04705882
v 28.72070312 -61.90999985 51.45314789 0.91764706 0.34509804 0.04705882
v 30.34122276 -61.90999985 50.46122360 0.91764706 0.34509804 0.04705882
v 28.64072037 -61.90999985 51.31483841 0.91764706 0.34509804 0.04705882
v 30.30872917 -61.90999985 50.40503693 0.91764706 0.34509804 0.04705882
v 28.56773949 -61.90999985 51.17271042 0.91764706 0.34509804 0.04705882
v 30.27908134 -61.90999985 50.34729767 0.91764706 0.34509804 0.04705882
v 28.50194359 -61.90999985 51.02711487 0.91764706 0.34509804 0.04705882
v 30.25235176 -61.90999985 50.28814697 0.91764706 0.34509804 0.04705882
v 28.44349861 -61.90999985 50.87841797 0.91764706 0.34509804 0.04705882
v 30.22860909 -61.90999985 50.22774124 0.91764706 0.34509804 0.04705882
v 28.39254761 -61.90999985 50.72698975 0.91764706 0.34509804 0.04705882
v 30.20791054 -61.90999985 50.16622162 0.91764706 0.34509804 0.04705882
v 28.34921837 -61.90999985 50.57320404 0.91764706 0.34509804 0.04705882
v 30.19030762 -61.90999985 50.10374832 0.91764706 0.34509804 0.04705882
v 28.31361771 -61.90999985 50.41744995 0.91764706 0.34509804 0.04705882
v 30.17584419 -61.90999985 50.04047394 0.91764706 0.34509804 0.04705882
v 28.28583717 -61.90999985 50.26011276 0.91764706 0.34509804 0.04705882
v 30.16455841 -61.90999985 49.97655487 0.91764706 0.34509804 0.04705882
v 28.26594353 -61.90999985 50.10158539 0.91764706 0.34509804 0.04705882
v 30.15647697 -61.90999985 49.91215134 0.91764706 0.34509804 0.04705882
v 28.25398827 -61.90999985 49.94226074 0.91764706 0.34509804 0.04705882
v 30.15162086 -61.90999985 49.84742737 0.91764706 0.34509804 0.04705882
v 28.25000000 -61.90999985 49.78253937 0.91764706 0.34509804 0.04705882
v 30.14999962 -61.90999985 49.78253937 0.91764706 0.34509804 0.04705882
v 28.25000000 -61.90999985 47.70000076 0.91764706 0.34509804 0.04705882
v 30.14999962 -61.90999985 46.53191376 0.91764706 0.34509804 0.04705882
v 37.49951935 -61.90999985 68.09391785 0.91764706 0.34509804 0.04705882
v 35.71004868 -61.90999985 67.45363617 0.91764706 0.34509804 0.04705882
v 37.36351013 -61.90999985 68.44651031 0.91764706 0.34509804 0.04705882
v 35.60760880 -61.90999985 67.71919250 0.91764706 0.34509804 0.04705882
v 37.21036530 -61.90999985 68.79200745 0.91764706 0.34509804 0.04705882
v 35.49226761 -61.90999985 67.97940826 0.91764706 0.34509804 0.04705882
v 37.04044724 -61.90999985 69.12957001 0.91764706 0.34509804 0.04705882
v 35.36429214 -61.90999985 68.23365021 0.91764706 0.34509804 0.04705882
v 36.85417557 -61.90999985 69.45838928 0.91764706 0.34509804 0.04705882
v 35.22399902 -61.90999985 68.48130035 0.91764706 0.34509804 0.04705882
v 36.65198898 -61.90999985 69.77767181 0.91764706 0.34509804 0.04705882
v 35.07172394 -61.90999985 68.72177124 0.91764706 0.34509804 0.04705882
v 36.43438339 -61.90999985 70.08665466 0.91764706 0.34509804 0.04705882
v 34.90782928 -61.90999985 68.95448303 0.91764706 0.34509804 0.04705882
v 36.20187759 -61.90999985 70.38458252 0.91764706 0.34509804 0.04705882
v 34.73271561 -61.90999985 69.17887115 0.91764706 0.34509804 0.04705882
v 35.95503235 -61.90999985 70.67073822 0.91764706 0.34509804 0.04705882
v 34.54680252 -61.90999985 69.39439392 0.91764706 0.34509804 0.04705882
v 35.69444656 -61.90999985 70.94444275 0.91764706 0.34509804 0.04705882
v 34.35053635 -61.90999985 69.60054016 0.91764706 0.34509804 0.04705882
v 35.42074203 -61.90999985 71.20503235 0.91764706 0.34509804 0.04705882
v 34.14439392 -61.90999985 69.79679871 0.91764706 0.34509804 0.04705882
v 35.13457870 -61.90999985 71.45188141 0.91764706 0.34509804 0.04705882
v 33.92887115 -61.90999985 69.98271179 0.91764706 0.34509804 0.04705882
v 34.83665085 -61.90999985 71.68438721 0.91764706 0.34509804 0.04705882
v 33.70448303 -61.90999985 70.15782928 0.91764706 0.34509804 0.04705882
v 34.52767181 -61.90999985 71.90199280 0.91764706 0.34509804 0.04705882
v 33.47177124 -61.90999985 70.32172394 0.91764706 0.34509804 0.04705882
v 34.20838928 -61.90999985 72.10417175 0.91764706 0.34509804 0.04705882
v 33.23130035 -61.90999985 70.47399902 0.91764706 0.34509804 0.04705882
v 33.87957001 -61.90999985 72.29045105 0.91764706 0.34509804 0.04705882
v 32.98364639 -61.90999985 70.61429596 0.91764706 0.34509804 0.04705882
v 33.54200745 -61.90999985 72.46036530 0.91764706 0.34509804 0.04705882
v 32.72940826 -61.90999985 70.74226379 0.91764706 0.34509804 0.04705882
v 33.19651413 -61.90999985 72.61351013 0.91764706 0.34509804 0.04705882
v 32.46919632 -61.90999985 70.85761261 0.91764706 0.34509804 0.04705882
v 32.84392166 -61.90999985 72.74951935 0.91764706 0.34509804 0.04705882
v 32.20363617 -61.90999985 70.96004486 0.91764706 0.34509804 0.04705882
v 32.48507690 -61.90999985 72.86806488 0.91764706 0.34509804 0.04705882
v 31.93337059 -61.90999985 71.04933167 0.91764706 0.34509804 0.04705882
v 32.12085342 -61.90999985 72.96886444 0.91764706 0.34509804 0.04705882
v 31.65904999 -61.90999985 71.12524414 0.91764706 0.34509804 0.04705882
v 31.75211906 -61.90999985 73.05166626 0.91764706 0.34509804 0.04705882
v 31.38133621 -61.90999985 71.18760681 0.91764706 0.34509804 0.04705882
v 31.37976646 -61.90999985 73.11627197 0.91764706 0.34509804 0.04705882
v 31.10089493 -61.90999985 71.23626709 0.91764706 0.34509804 0.04705882
v 31.00469398 -61.90999985 73.16252899 0.91764706 0.34509804 0.04705882
v 30.81840515 -61.90999985 71.27111053 0.91764706 0.34509804 0.04705882
v 30.62780190 -61.90999985 73.19033051 0.91764706 0.34509804 0.04705882
v 30.53454590 -61.90999985 71.29205322 0.91764706 0.34509804 0.04705882
v 30.23404503 -61.90999985 73.19999695 0.91764706 0.34509804 0.04705882
v 30.21072769 -61.90999985 71.30000305 0.91764706 0.34509804 0.04705882
v 12.16595459 -61.90999985 73.19999695 0.91764706 0.34509804 0.04705882
v 12.18927193 -61.90999985 71.30000305 0.91764706 0.34509804 0.04705882
v 11.86545467 -61.90999985 71.29205322 0.91764706 0.34509804 0.04705882
v 11.77219772 -61.90999985 73.19033051 0.91764706 0.34509804 0.04705882
v 11.39530659 -61.90999985 73.16252899 0.91764706 0.34509804 0.04705882
v 11.58159542 -61.90999985 71.27111053 0.91764706 0.34509804 0.04705882
v 11.02023315 -61.90999985 73.11627197 0.91764706 0.34509804 0.04705882
v 11.29910469 -61.90999985 71.23626709 0.91764706 0.34509804 0.04705882
v 10.64788055 -61.90999985 73.05166626 0.91764706 0.34509804 0.04705882
v 11.01866436 -61.90999985 71.18760681 0.91764706 0.34509804 0.04705882
v 10.27914810 -61.90999985 72.96886444 0.91764706 0.34509804 0.04705882
v 10.74094963 -61.90999985 71.12524414 0.91764706 0.34509804 0.04705882
v 9.91492176 -61.90999985 72.86806488 0.91764706 0.34509804 0.04705882
v 10.46662903 -61.90999985 71.04933167 0.91764706 0.34509804 0.04705882
v 9.55607986 -61.90999985 72.74951935 0.91764706 0.34509804 0.04705882
v 10.19636345 -61.90999985 70.96004486 0.91764706 0.34509804 0.04705882
v 9.20348740 -61.90999985 72.61351013 0.91764706 0.34509804 0.04705882
v 9.93080521 -61.90999985 70.85761261 0.91764706 0.34509804 0.04705882
v 8.85799313 -61.90999985 72.46036530 0.91764706 0.34509804 0.04705882
v 9.67059231 -61.90999985 70.74226379 0.91764706 0.34509804 0.04705882
v 8.52042961 -61.90999985 72.29045105 0.91764706 0.34509804 0.04705882
v 9.41635323 -61.90999985 70.61429596 0.91764706 0.34509804 0.04705882
v 8.19161034 -61.90999985 72.10417175 0.91764706 0.34509804 0.04705882
v 9.16869926 -61.90999985 70.47399902 0.91764706 0.34509804 0.04705882
v 7.87232685 -61.90999985 71.90199280 0.91764706 0.34509804 0.04705882
v 8.92822838 -61.90999985 70.32172394 0.91764706 0.34509804 0.04705882
v 7.56334877 -61.90999985 71.68438721 0.91764706 0.34509804 0.04705882
v 8.69551849 -61.90999985 70.15782928 0.91764706 0.34509804 0.04705882
v 7.26541996 -61.90999985 71.45188141 0.91764706 0.34509804 0.04705882
v 8.47113037 -61.90999985 69.98271179 0.91764706 0.34509804 0.04705882
v 6.97925901 -61.90999985 71.20503235 0.91764706 0.34509804 0.04705882
v 8.25560570 -61.90999985 69.79679871 0.91764706 0.34509804 0.04705882
v 6.70555496 -61.90999985 70.94444275 0.91764706 0.34509804 0.04705882
v 8.04946232 -61.90999985 69.60054016 0.91764706 0.34509804 0.04705882
v 6.44496632 -61.90999985 70.67073822 0.91764706 0.34509804 0.04705882
v 7.85319757 -61.90999985 69.39439392 0.91764706 0.34509804 0.04705882
v 6.19812202 -61.90999985 70.38458252 0.91764706 0.34509804 0.04705882
v 7.66728449 -61.90999985 69.17887115 0.91764706 0.34509804 0.04705882
v 5.96561670 -61.90999985 70.08665466 0.91764706 0.34509804 0.04705882
v 7.49217081 -61.90999985 68.95448303 0.91764706 0.34509804 0.04705882
v 5.74800968 -61.90999985 69.77767181 0.91764706 0.34509804 0.04705882
v 7.32827806 -61.90999985 68.72177124 0.91764706 0.34509804 0.04705882
v 5.54582548 -61.90999985 69.45838928 0.91764706 0.34509804 0.04705882
v 7.17600107 -61.90999985 68.48130035 0.91764706 0.34509804 0.04705882
v 5.35955191 -61.90999985 69.12957001 0.91764706 0.34509804 0.04705882
v 7.03570700 -61.90999985 68.23365021 0.91764706 0.34509804 0.04705882
v 5.18963671 -61.90999985 68.79200745 0.91764706 0.34509804 0.04705882
v 6.90773344 -61.90999985 67.97940826 0.91764706 0.34509804 0.04705882
v 5.03648949 -61.90999985 68.44651031 0.91764706 0.34509804 0.04705882
v 6.79238939 -61.90999985 67.71919250 0.91764706 0.34509804 0.04705882
v 4.90047932 -61.90999985 68.09391785 0.91764706 0.34509804 0.04705882
v 6.68995237 -61.90999985 67.45363617 0.91764706 0.34509804 0.04705882
v 4.78193426 -61.90999985 67.73507690 0.91764706 0.34509804 0.04705882
v 6.60066843 -61.90999985 67.18337250 0.91764706 0.34509804 0.04705882
v 4.68113947 -61.90999985 67.37084961 0.91764706 0.34509804 0.04705882
v 6.52475405 -61.90999985 66.90904999 0.91764706 0.34509804 0.04705882
v 4.59833765 -61.90999985 67.00212097 0.91764706 0.34509804 0.04705882
v 6.46239090 -61.90999985 66.63133240 0.91764706 0.34509804 0.04705882
v 4.53372812 -61.90999985 66.62976837 0.91764706 0.34509804 0.04705882
v 6.41372967 -61.90999985 66.35089874 0.91764706 0.34509804 0.04705882
v 4.48746729 -61.90999985 66.25469208 0.91764706 0.34509804 0.04705882
v 6.37888813 -61.90999985 66.06840515 0.91764706 0.34509804 0.04705882
v 4.45966625 -61.90999985 65.87779999 0.91764706 0.34509804 0.04705882
v 6.35794926 -61.90999985 65.78454590 0.91764706 0.34509804 0.04705882
v 4.44999981 -61.90999985 65.48404694 0.91764706 0.34509804 0.04705882
v 6.34999990 -61.90999985 65.46073151 0.91764706 0.34509804 0.04705882
v 6.34999990 -61.90999985 58.73927307 0.91764706 0.34509804 0.04705882
v 4.44999981 -61.90999985 58.71595383 0.91764706 0.34509804 0.04705882
v 6.35794926 -61.90999985 58.41545486 0.91764706 0.34509804 0.04705882
v 4.45966625 -61.90999985 58.32219696 0.91764706 0.34509804 0.04705882
v 4.48746729 -61.90999985 57.94530487 0.91764706 0.34509804 0.04705882
v 6.37888813 -61.90999985 58.13159561 0.91764706 0.34509804 0.04705882
v 4.53372812 -61.90999985 57.57023239 0.91764706 0.34509804 0.04705882
v 6.41372967 -61.90999985 57.84910583 0.91764706 0.34509804 0.04705882
v 4.59833765 -61.90999985 57.19787979 0.91764706 0.34509804 0.04705882
v 6.46239090 -61.90999985 57.56866455 0.91764706 0.34509804 0.04705882
v 4.68113947 -61.90999985 56.82914734 0.91764706 0.34509804 0.04705882
v 6.52475405 -61.90999985 57.29095078 0.91764706 0.34509804 0.04705882
v 4.78193426 -61.90999985 56.46492004 0.91764706 0.34509804 0.04705882
v 6.60066843 -61.90999985 57.01662827 0.91764706 0.34509804 0.04705882
v 4.90047932 -61.90999985 56.10607910 0.91764706 0.34509804 0.04705882
v 6.68995237 -61.90999985 56.74636459 0.91764706 0.34509804 0.04705882
v 5.03648949 -61.90999985 55.75348663 0.91764706 0.34509804 0.04705882
v 6.79238939 -61.90999985 56.48080444 0.91764706 0.34509804 0.04705882
v 5.18963671 -61.90999985 55.40799332 0.91764706 0.34509804 0.04705882
v 6.90773344 -61.90999985 56.22059250 0.91764706 0.34509804 0.04705882
v 5.35955191 -61.90999985 55.07043076 0.91764706 0.34509804 0.04705882
v 7.03570700 -61.90999985 55.96635437 0.91764706 0.34509804 0.04705882
v 5.54582548 -61.90999985 54.74161148 0.91764706 0.34509804 0.04705882
v 7.17600107 -61.90999985 55.71870041 0.91764706 0.34509804 0.04705882
v 5.74800968 -61.90999985 54.42232513 0.91764706 0.34509804 0.04705882
v 7.32827806 -61.90999985 55.47822952 0.91764706 0.34509804 0.04705882
v 5.96561670 -61.90999985 54.11334991 0.91764706 0.34509804 0.04705882
v 7.49217081 -61.90999985 55.24551773 0.91764706 0.34509804 0.04705882
v 6.19812202 -61.90999985 53.81542206 0.91764706 0.34509804 0.04705882
v 7.66728449 -61.90999985 55.02112961 0.91764706 0.34509804 0.04705882
v 6.44496632 -61.90999985 53.52925873 0.91764706 0.34509804 0.04705882
v 7.85319757 -61.90999985 54.80560684 0.91764706 0.34509804 0.04705882
v 6.70555496 -61.90999985 53.25555420 0.91764706 0.34509804 0.04705882
v 8.04946232 -61.90999985 54.59946060 0.91764706 0.34509804 0.04705882
v 6.97925901 -61.90999985 52.99496841 0.91764706 0.34509804 0.04705882
v 8.25560570 -61.90999985 54.40319824 0.91764706 0.34509804 0.04705882
v 7.26541996 -61.90999985 52.74812317 0.91764706 0.34509804 0.04705882
v 8.47113037 -61.90999985 54.21728516 0.91764706 0.34509804 0.04705882
v 7.56334877 -61.90999985 52.51561737 0.91764706 0.34509804 0.04705882
v 8.69551849 -61.90999985 54.04217148 0.91764706 0.34509804 0.04705882
v 7.87232685 -61.90999985 52.29800797 0.91764706 0.34509804 0.04705882
v 8.92822838 -61.90999985 53.87827682 0.91764706 0.34509804 0.04705882
v 8.19161034 -61.90999985 52.09582520 0.91764706 0.34509804 0.04705882
v 9.16869926 -61.90999985 53.72600174 0.91764706 0.34509804 0.04705882
v 8.52042961 -61.90999985 51.90955353 0.91764706 0.34509804 0.04705882
v 9.41635323 -61.90999985 53.58570862 0.91764706 0.34509804 0.04705882
v 8.85799313 -61.90999985 51.73963547 0.91764706 0.34509804 0.04705882
v 9.67059231 -61.90999985 53.45773315 0.91764706 0.34509804 0.04705882
v 9.20348740 -61.90999985 51.58649063 0.91764706 0.34509804 0.04705882
v 9.93080521 -61.90999985 53.34238815 0.91764706 0.34509804 0.04705882
v 9.55607986 -61.90999985 51.45047760 0.91764706 0.34509804 0.04705882
v 10.19636345 -61.90999985 53.23995209 0.91764706 0.34509804 0.04705882
v 9.91492176 -61.90999985 51.33193588 0.91764706 0.34509804 0.04705882
v 10.46662903 -61.90999985 53.15066910 0.91764706 0.34509804 0.04705882
v 10.27914810 -61.90999985 51.23114014 0.91764706 0.34509804 0.04705882
v 10.74094963 -61.90999985 53.07475281 0.91764706 0.34509804 0.04705882
v 10.64788055 -61.90999985 51.14833832 0.91764706 0.34509804 0.04705882
v 11.01866436 -61.90999985 53.01239014 0.91764706 0.34509804 0.04705882
v 11.02023315 -61.90999985 51.08372879 0.91764706 0.34509804 0.04705882
v 11.29910469 -61.90999985 52.96372986 0.91764706 0.34509804 0.04705882
v 11.10913372 -61.90999985 51.07276154 0.91764706 0.34509804 0.04705882
v 11.34171391 -61.90999985 52.95847321 0.91764706 0.34509804 0.04705882
v 11.49449825 -61.90999985 52.93587494 0.91764706 0.34509804 0.04705882
v 11.17120266 -61.90999985 51.06358337 0.91764706 0.34509804 0.04705882
v 11.64601421 -61.90999985 52.90592957 0.91764706 0.34509804 0.04705882
v 11.23275566 -61.90999985 51.05141830 0.91764706 0.34509804 0.04705882
v 11.79590893 -61.90999985 52.86870956 0.91764706 0.34509804 0.04705882
v 11.29365063 -61.90999985 51.03629684 0.91764706 0.34509804 0.04705882
v 11.94383240 -61.90999985 52.82429886 0.91764706 0.34509804 0.04705882
v 11.35374451 -61.90999985 51.01825333 0.91764706 0.34509804 0.04705882
v 12.08944130 -61.90999985 52.77280426 0.91764706 0.34509804 0.04705882
v 11.41289806 -61.90999985 50.99733353 0.91764706 0.34509804 0.04705882
v 12.23239613 -61.90999985 52.71434021 0.91764706 0.34509804 0.04705882
v 11.47097301 -61.90999985 50.97358322 0.91764706 0.34509804 0.04705882
v 12.37236309 -61.90999985 52.64905167 0.91764706 0.34509804 0.04705882
v 11.52783489 -61.90999985 50.94705963 0.91764706 0.34509804 0.04705882
v 12.50901794 -61.90999985 52.57708359 0.91764706 0.34509804 0.04705882
v 11.58335114 -61.90999985 50.91782379 0.91764706 0.34509804 0.04705882
v 12.64203930 -61.90999985 52.49860382 0.91764706 0.34509804 0.04705882
v 11.63739109 -61.90999985 50.88594055 0.91764706 0.34509804 0.04705882
v 12.77112007 -61.90999985 52.41379929 0.91764706 0.34509804 0.04705882
v 11.68982983 -61.90999985 50.85149002 0.91764706 0.34509804 0.04705882
v 12.89595890 -61.90999985 52.32286453 0.91764706 0.34509804 0.04705882
v 11.74054623 -61.90999985 50.81454468 0.91764706 0.34509804 0.04705882
v 13.01626396 -61.90999985 52.22600937 0.91764706 0.34509804 0.04705882
v 11.78942013 -61.90999985 50.77519989 0.91764706 0.34509804 0.04705882
v 13.13175678 -61.90999985 52.12346649 0.91764706 0.34509804 0.04705882
v 11.83633900 -61.90999985 50.73354340 0.91764706 0.34509804 0.04705882
v 13.24216652 -61.90999985 52.01546860 0.91764706 0.34509804 0.04705882
v 11.88119221 -61.90999985 50.68966675 0.91764706 0.34509804 0.04705882
v 13.34723663 -61.90999985 51.90227127 0.91764706 0.34509804 0.04705882
v 11.92387772 -61.90999985 50.64368057 0.91764706 0.34509804 0.04705882
v 13.44672203 -61.90999985 51.78413391 0.91764706 0.34509804 0.04705882
v 11.96429348 -61.90999985 50.59568787 0.91764706 0.34509804 0.04705882
v 13.54039192 -61.90999985 51.66133499 0.91764706 0.34509804 0.04705882
v 12.00234699 -61.90999985 50.54579926 0.91764706 0.34509804 0.04705882
v 13.62802792 -61.90999985 51.53415680 0.91764706 0.34509804 0.04705882
v 12.03794861 -61.90999985 50.49413300 0.91764706 0.34509804 0.04705882
v 13.70942497 -61.90999985 51.40290070 0.91764706 0.34509804 0.04705882
v 12.07101631 -61.90999985 50.44081116 0.91764706 0.34509804 0.04705882
v 13.78439426 -61.90999985 51.26787186 0.91764706 0.34509804 0.04705882
v 12.10147285 -61.90999985 50.38595581 0.91764706 0.34509804 0.04705882
v 13.85276127 -61.90999985 51.12937927 0.91764706 0.34509804 0.04705882
v 12.12924671 -61.90999985 50.32969284 0.91764706 0.34509804 0.04705882
v 13.91436577 -61.90999985 50.98775101 0.91764706 0.34509804 0.04705882
v 12.15427399 -61.90999985 50.27215576 0.91764706 0.34509804 0.04705882
v 13.96906567 -61.90999985 50.84331512 0.91764706 0.34509804 0.04705882
v 12.17649555 -61.90999985 50.21347809 0.91764706 0.34509804 0.04705882
v 14.01673222 -61.90999985 50.69640732 0.91764706 0.34509804 0.04705882
v 12.19585991 -61.90999985 50.15379715 0.91764706 0.34509804 0.04705882
v 14.05725479 -61.90999985 50.54737091 0.91764706 0.34509804 0.04705882
v 12.21232224 -61.90999985 50.09325409 0.91764706 0.34509804 0.04705882
v 14.09053898 -61.90999985 50.39655304 0.91764706 0.34509804 0.04705882
v 12.22584438 -61.90999985 50.03198242 0.91764706 0.34509804 0.04705882
v 14.11650753 -61.90999985 50.24430847 0.91764706 0.34509804 0.04705882
v 12.23639393 -61.90999985 49.97013474 0.91764706 0.34509804 0.04705882
v 14.13510036 -61.90999985 50.09098434 0.91764706 0.34509804 0.04705882
v 12.24394703 -61.90999985 49.90784454 0.91764706 0.34509804 0.04705882
v 14.14627266 -61.90999985 49.93694305 0.91764706 0.34509804 0.04705882
v 12.24848557 -61.90999985 49.84526443 0.91764706 0.34509804 0.04705882
v 14.14999962 -61.90999985 49.78253937 0.91764706 0.34509804 0.04705882
v 12.25000000 -61.90999985 49.78253937 0.91764706 0.34509804 0.04705882
v 14.14999962 -61.90999985 47.70000076 0.91764706 0.34509804 0.04705882
v 12.25000000 -61.90999985 46.53191376 0.91764706 0.34509804 0.04705882
v 30.14506912 -61.90999985 46.43154144 0.91764706 0.34509804 0.04705882
v 30.13501167 -61.90999985 46.36374283 0.91764706 0.34509804 0.04705882
v 30.11835861 -61.90999985 46.29725647 0.91764706 0.34509804 0.04705882
v 30.09526634 -61.90999985 46.23272324 0.91764706 0.34509804 0.04705882
v 30.06596184 -61.90999985 46.17076111 0.91764706 0.34509804 0.04705882
v 30.03072548 -61.90999985 46.11197281 0.91764706 0.34509804 0.04705882
v 29.98989487 -61.90999985 46.05691910 0.91764706 0.34509804 0.04705882
v 29.94386673 -61.90999985 46.00613403 0.91764706 0.34509804 0.04705882
v 29.89307976 -61.90999985 45.96010590 0.91764706 0.34509804 0.04705882
v 29.83802795 -61.90999985 45.91927338 0.91764706 0.34509804 0.04705882
v 29.77923775 -61.90999985 45.88403702 0.91764706 0.34509804 0.04705882
v 29.71727753 -61.90999985 45.85473251 0.91764706 0.34509804 0.04705882
v 29.65274429 -61.90999985 45.83164215 0.91764706 0.34509804 0.04705882
v 29.58625793 -61.90999985 45.81498718 0.91764706 0.34509804 0.04705882
v 29.51845741 -61.90999985 45.80493164 0.91764706 0.34509804 0.04705882
v 29.41808701 -61.90999985 45.79999924 0.91764706 0.34509804 0.04705882
v 12.98191357 -61.90999985 45.79999924 0.91764706 0.34509804 0.04705882
v 12.88154125 -61.90999985 45.80493164 0.91764706 0.34509804 0.04705882
v 12.81374264 -61.90999985 45.81498718 0.91764706 0.34509804 0.04705882
v 12.74725628 -61.90999985 45.83164215 0.91764706 0.34509804 0.04705882
v 12.68272114 -61.90999985 45.85473251 0.91764706 0.34509804 0.04705882
v 12.62076092 -61.90999985 45.88403702 0.91764706 0.34509804 0.04705882
v 12.56197166 -61.90999985 45.91927338 0.91764706 0.34509804 0.04705882
v 12.50691891 -61.90999985 45.96010590 0.91764706 0.34509804 0.04705882
v 12.45613384 -61.90999985 46.00613403 0.91764706 0.34509804 0.04705882
v 12.41010475 -61.90999985 46.05691910 0.91764706 0.34509804 0.04705882
v 12.36927509 -61.90999985 46.11197281 0.91764706 0.34509804 0.04705882
v 12.33403778 -61.90999985 46.17076111 0.91764706 0.34509804 0.04705882
v 12.30473232 -61.90999985 46.23272324 0.91764706 0.34509804 0.04705882
v 12.28164196 -61.90999985 46.29725647 0.91764706 0.34509804 0.04705882
v 12.26498795 -61.90999985 46.36374283 0.91764706 0.34509804 0.04705882
v 12.25493050 -61.90999985 46.43154144 0.91764706 0.34509804 0.04705882
v 37.95000076 -57.90999985 58.71595383 0.91764706 0.34509804 0.04705882
v 36.04999924 -57.90999985 58.73927307 0.91764706 0.34509804 0.04705882
v 36.04999924 -57.90999985 65.46073151 0.91764706 0.34509804 0.04705882
v 37.95000076 -57.90999985 65.48404694 0.91764706 0.34509804 0.04705882
v 36.04204941 -57.90999985 65.78454590 0.91764706 0.34509804 0.04705882
v 37.94033432 -57.90999985 65.87779999 0.91764706 0.34509804 0.04705882
v 36.04204941 -57.90999985 58.41545486 0.91764706 0.34509804 0.04705882
v 37.94033432 -57.90999985 58.32219696 0.91764706 0.34509804 0.04705882
v 37.91253281 -57.90999985 57.94530487 0.91764706 0.34509804 0.04705882
v 36.02111053 -57.90999985 58.13159561 0.91764706 0.34509804 0.04705882
v 37.86627197 -57.90999985 57.57023239 0.91764706 0.34509804 0.04705882
v 35.98627090 -57.90999985 57.84910583 0.91764706 0.34509804 0.04705882
v 37.80166245 -57.90999985 57.19787979 0.91764706 0.34509804 0.04705882
v 35.93761063 -57.90999985 57.56866455 0.91764706 0.34509804 0.04705882
v 37.91253281 -57.90999985 66.25469208 0.91764706 0.34509804 0.04705882
v 36.02111053 -57.90999985 66.06840515 0.91764706 0.34509804 0.04705882
v 37.86627197 -57.90999985 66.62976837 0.91764706 0.34509804 0.04705882
v 35.98627090 -57.90999985 66.35089874 0.91764706 0.34509804 0.04705882
v 37.80166245 -57.90999985 67.00212097 0.91764706 0.34509804 0.04705882
v 35.93761063 -57.90999985 66.63133240 0.91764706 0.34509804 0.04705882
v 37.71886063 -57.90999985 67.37084961 0.91764706 0.34509804 0.04705882
v 35.87524796 -57.90999985 66.90904999 0.91764706 0.34509804 0.04705882
v 37.61806488 -57.90999985 67.73507690 0.91764706 0.34509804 0.04705882
v 35.79933167 -57.90999985 67.18337250 0.91764706 0.34509804 0.04705882
v 37.71886063 -57.90999985 56.82914734 0.91764706 0.34509804 0.04705882
v 35.87524796 -57.90999985 57.29095078 0.91764706 0.34509804 0.04705882
v 37.61806488 -57.90999985 56.46492004 0.91764706 0.34509804 0.04705882
v 35.79933167 -57.90999985 57.01662827 0.91764706 0.34509804 0.04705882
v 37.49951935 -57.90999985 56.10607910 0.91764706 0.34509804 0.04705882
v 35.71004868 -57.90999985 56.74636459 0.91764706 0.34509804 0.04705882
v 37.36351013 -57.90999985 55.75348663 0.91764706 0.34509804 0.04705882
v 35.60760880 -57.90999985 56.48080444 0.91764706 0.34509804 0.04705882
v 37.21036530 -57.90999985 55.40799332 0.91764706 0.34509804 0.04705882
v 35.49226761 -57.90999985 56.22059250 0.91764706 0.34509804 0.04705882
v 37.04044724 -57.90999985 55.07043076 0.91764706 0.34509804 0.04705882
v 35.36429214 -57.90999985 55.96635437 0.91764706 0.34509804 0.04705882
v 36.85417557 -57.90999985 54.74161148 0.91764706 0.34509804 0.04705882
v 35.22399902 -57.90999985 55.71870041 0.91764706 0.34509804 0.04705882
v 36.65198898 -57.90999985 54.42232513 0.91764706 0.34509804 0.04705882
v 35.07172394 -57.90999985 55.47822952 0.91764706 0.34509804 0.04705882
v 36.43438339 -57.90999985 54.11334991 0.91764706 0.34509804 0.04705882
v 34.90782928 -57.90999985 55.24551773 0.91764706 0.34509804 0.04705882
v 36.20187759 -57.90999985 53.81542206 0.91764706 0.34509804 0.04705882
v 34.73271561 -57.90999985 55.02112961 0.91764706 0.34509804 0.04705882
v 35.95503235 -57.90999985 53.52925873 0.91764706 0.34509804 0.04705882
v 34.54680252 -57.90999985 54.80560684 0.91764706 0.34509804 0.04705882
v 35.69444656 -57.90999985 53.25555420 0.91764706 0.34509804 0.04705882
v 34.35053635 -57.90999985 54.59946060 0.91764706 0.34509804 0.04705882
v 35.42074203 -57.90999985 52.99496841 0.91764706 0.34509804 0.04705882
v 34.14439392 -57.90999985 54.40319824 0.91764706 0.34509804 0.04705882
v 35.13457870 -57.90999985 52.74812317 0.91764706 0.34509804 0.04705882
v 33.92887115 -57.90999985 54.21728516 0.91764706 0.34509804 0.04705882
v 34.83665085 -57.90999985 52.51561737 0.91764706 0.34509804 0.04705882
v 33.70448303 -57.90999985 54.04217148 0.91764706 0.34509804 0.04705882
v 34.52767181 -57.90999985 52.29800797 0.91764706 0.34509804 0.04705882
v 33.47177124 -57.90999985 53.87827682 0.91764706 0.34509804 0.04705882
v 34.20838928 -57.90999985 52.09582520 0.91764706 0.34509804 0.04705882
v 33.23130035 -57.90999985 53.72600174 0.91764706 0.34509804 0.04705882
v 33.87957001 -57.90999985 51.90955353 0.91764706 0.34509804 0.04705882
v 32.98364639 -57.90999985 53.58570862 0.91764706 0.34509804 0.04705882
v 33.54200745 -57.90999985 51.73963547 0.91764706 0.34509804 0.04705882
v 32.72940826 -57.90999985 53.45773315 0.91764706 0.34509804 0.04705882
v 33.19651413 -57.90999985 51.58649063 0.91764706 0.34509804 0.04705882
v 32.46919632 -57.90999985 53.34238815 0.91764706 0.34509804 0.04705882
v 32.84392166 -57.90999985 51.45047760 0.91764706 0.34509804 0.04705882
v 32.20363617 -57.90999985 53.23995209 0.91764706 0.34509804 0.04705882
v 32.48507690 -57.90999985 51.33193588 0.91764706 0.34509804 0.04705882
v 31.93337059 -57.90999985 53.15066910 0.91764706 0.34509804 0.04705882
v 32.12085342 -57.90999985 51.23114014 0.91764706 0.34509804 0.04705882
v 31.65904999 -57.90999985 53.07475281 0.91764706 0.34509804 0.04705882
v 31.75211906 -57.90999985 51.14833832 0.91764706 0.34509804 0.04705882
v 31.38133621 -57.90999985 53.01239014 0.91764706 0.34509804 0.04705882
v 31.37976646 -57.90999985 51.08372879 0.91764706 0.34509804 0.04705882
v 31.10089493 -57.90999985 52.96372986 0.91764706 0.34509804 0.04705882
v 31.29086685 -57.90999985 51.07276154 0.91764706 0.34509804 0.04705882
v 31.05828667 -57.90999985 52.95847321 0.91764706 0.34509804 0.04705882
v 30.90025330 -57.90999985 52.93496323 0.91764706 0.34509804 0.04705882
v 31.22666550 -57.90999985 51.06321335 0.91764706 0.34509804 0.04705882
v 30.74359131 -57.90999985 52.90359497 0.91764706 0.34509804 0.04705882
v 31.16302109 -57.90999985 51.05046844 0.91764706 0.34509804 0.04705882
v 30.58869171 -57.90999985 52.86444473 0.91764706 0.34509804 0.04705882
v 31.10009384 -57.90999985 51.03456497 0.91764706 0.34509804 0.04705882
v 30.43593788 -57.90999985 52.81761551 0.91764706 0.34509804 0.04705882
v 31.03803635 -57.90999985 51.01553726 0.91764706 0.34509804 0.04705882
v 30.28571320 -57.90999985 52.76321793 0.91764706 0.34509804 0.04705882
v 30.97700882 -57.90999985 50.99343872 0.91764706 0.34509804 0.04705882
v 30.13838959 -57.90999985 52.70138931 0.91764706 0.34509804 0.04705882
v 30.91715813 -57.90999985 50.96832275 0.91764706 0.34509804 0.04705882
v 29.99433517 -57.90999985 52.63228226 0.91764706 0.34509804 0.04705882
v 30.85863686 -57.90999985 50.94024658 0.91764706 0.34509804 0.04705882
v 29.85391045 -57.90999985 52.55607605 0.91764706 0.34509804 0.04705882
v 30.80158806 -57.90999985 50.90929031 0.91764706 0.34509804 0.04705882
v 29.71746445 -57.90999985 52.47295380 0.91764706 0.34509804 0.04705882
v 30.74615669 -57.90999985 50.87551880 0.91764706 0.34509804 0.04705882
v 29.58533859 -57.90999985 52.38312531 0.91764706 0.34509804 0.04705882
v 30.69248009 -57.90999985 50.83902740 0.91764706 0.34509804 0.04705882
v 29.45785904 -57.90999985 52.28681183 0.91764706 0.34509804 0.04705882
v 30.64069176 -57.90999985 50.79990005 0.91764706 0.34509804 0.04705882
v 29.33534622 -57.90999985 52.18425751 0.91764706 0.34509804 0.04705882
v 30.59092140 -57.90999985 50.75823593 0.91764706 0.34509804 0.04705882
v 29.21810532 -57.90999985 52.07571411 0.91764706 0.34509804 0.04705882
v 30.54329300 -57.90999985 50.71414185 0.91764706 0.34509804 0.04705882
v 29.10642815 -57.90999985 51.96145630 0.91764706 0.34509804 0.04705882
v 30.49792480 -57.90999985 50.66772461 0.91764706 0.34509804 0.04705882
v 29.00059319 -57.90999985 51.84176636 0.91764706 0.34509804 0.04705882
v 30.45492935 -57.90999985 50.61909866 0.91764706 0.34509804 0.04705882
v 28.90086365 -57.90999985 51.71694183 0.91764706 0.34509804 0.04705882
v 30.41441345 -57.90999985 50.56838989 0.91764706 0.34509804 0.04705882
v 28.80748940 -57.90999985 51.58729553 0.91764706 0.34509804 0.04705882
v 30.37648010 -57.90999985 50.51572037 0.91764706 0.34509804 0.04705882
v 28.72070312 -57.90999985 51.45314789 0.91764706 0.34509804 0.04705882
v 30.34122276 -57.90999985 50.46122360 0.91764706 0.34509804 0.04705882
v 28.64072037 -57.90999985 51.31483841 0.91764706 0.34509804 0.04705882
v 30.30872917 -57.90999985 50.40503693 0.91764706 0.34509804 0.04705882
v 28.56773949 -57.90999985 51.17271042 0.91764706 0.34509804 0.04705882
v 30.27908134 -57.90999985 50.34729767 0.91764706 0.34509804 0.04705882
v 28.50194359 -57.90999985 51.02711487 0.91764706 0.34509804 0.04705882
v 30.25235176 -57.90999985 50.28814697 0.91764706 0.34509804 0.04705882
v 28.44349861 -57.90999985 50.87841797 0.91764706 0.34509804 0.04705882
v 30.22860909 -57.90999985 50.22774124 0.91764706 0.34509804 0.04705882
v 28.39254761 -57.90999985 50.72698975 0.91764706 0.34509804 0.04705882
v 30.20791054 -57.90999985 50.16622162 0.91764706 0.34509804 0.04705882
v 28.34921837 -57.90999985 50.57320404 0.91764706 0.34509804 0.04705882
v 30.19030762 -57.90999985 50.10374832 0.91764706 0.34509804 0.04705882
v 28.31361771 -57.90999985 50.41744995 0.91764706 0.34509804 0.04705882
v 30.17584419 -57.90999985 50.04047394 0.91764706 0.34509804 0.04705882
v 28.28583717 -57.90999985 50.26011276 0.91764706 0.34509804 0.04705882
v 30.16455841 -57.90999985 49.97655487 0.91764706 0.34509804 0.04705882
v 28.26594353 -57.90999985 50.10158539 0.91764706 0.34509804 0.04705882
v 30.15647697 -57.90999985 49.91215134 0.91764706 0.34509804 0.04705882
v 28.25398827 -57.90999985 49.94226074 0.91764706 0.34509804 0.04705882
v 30.15162086 -57.90999985 49.84742737 0.91764706 0.34509804 0.04705882
v 28.25000000 -57.90999985 49.78253937 0.91764706 0.34509804 0.04705882
v 30.14999962 -57.90999985 49.78253937 0.91764706 0.34509804 0.04705882
v 28.25000000 -57.90999985 47.70000076 0.91764706 0.34509804 0.04705882
v 30.14999962 -57.90999985 46.53191376 0.91764706 0.34509804 0.04705882
v 37.49951935 -57.90999985 68.09391785 0.91764706 0.34509804 0.04705882
v 35.71004868 -57.90999985 67.45363617 0.91764706 0.34509804 0.04705882
v 37.36351013 -57.90999985 68.44651031 0.91764706 0.34509804 0.04705882
v 35.60760880 -57.90999985 67.71919250 0.91764706 0.34509804 0.04705882
v 37.21036530 -57.90999985 68.79200745 0.91764706 0.34509804 0.04705882
v 35.49226761 -57.90999985 67.97940826 0.91764706 0.34509804 0.04705882
v 37.04044724 -57.90999985 69.12957001 0.91764706 0.34509804 0.04705882
v 35.36429214 -57.90999985 68.23365021 0.91764706 0.34509804 0.04705882
v 36.85417557 -57.90999985 69.45838928 0.91764706 0.34509804 0.04705882
v 35.22399902 -57.90999985 68.48130035 0.91764706 0.34509804 0.04705882
v 36.65198898 -57.90999985 69.77767181 0.91764706 0.34509804 0.04705882
v 35.07172394 -57.90999985 68.72177124 0.91764706 0.34509804 0.04705882
v 36.43438339 -57.90999985 70.08665466 0.91764706 0.34509804 0.04705882
v 34.90782928 -57.90999985 68.95448303 0.91764706 0.34509804 0.04705882
v 36.20187759 -57.90999985 70.38458252 0.91764706 0.34509804 0.04705882
v 34.73271561 -57.90999985 69.17887115 0.91764706 0.34509804 0.04705882
v 35.95503235 -57.90999985 70.67073822 0.91764706 0.34509804 0.04705882
v 34.54680252 -57.90999985 69.39439392 0.91764706 0.34509804 0.04705882
v 35.69444656 -57.90999985 70.94444275 0.91764706 0.34509804 0.04705882
v 34.35053635 -57.90999985 69.60054016 0.91764706 0.34509804 0.04705882
v 35.42074203 -57.90999985 71.20503235 0.91764706 0.34509804 0.04705882
v 34.14439392 -57.90999985 69.79679871 0.91764706 0.34509804 0.04705882
v 35.13457870 -57.90999985 71.45188141 0.91764706 0.34509804 0.04705882
v 33.92887115 -57.90999985 69.98271179 0.91764706 0.34509804 0.04705882
v 34.83665085 -57.90999985 71.68438721 0.91764706 0.34509804 0.04705882
v 33.70448303 -57.90999985 70.15782928 0.91764706 0.34509804 0.04705882
v 34.52767181 -57.90999985 71.90199280 0.91764706 0.34509804 0.04705882
v 33.47177124 -57.90999985 70.32172394 0.91764706 0.34509804 0.04705882
v 34.20838928 -57.90999985 72.10417175 0.91764706 0.34509804 0.04705882
v 33.23130035 -57.90999985 70.47399902 0.91764706 0.34509804 0.04705882
v 33.87957001 -57.90999985 72.29045105 0.91764706 0.34509804 0.04705882
v 32.98364639 -57.90999985 70.61429596 0.91764706 0.34509804 0.04705882
v 33.54200745 -57.90999985 72.46036530 0.91764706 0.34509804 0.04705882
v 32.72940826 -57.90999985 70.74226379 0.91764706 0.34509804 0.04705882
v 33.19651413 -57.90999985 72.61351013 0.91764706 0.34509804 0.04705882
v 32.46919632 -57.90999985 70.85761261 0.91764706 0.34509804 0.04705882
v 32.84392166 -57.90999985 72.74951935 0.91764706 0.34509804 0.04705882
v 32.20363617 -57.90999985 70.96004486 0.91764706 0.34509804 0.04705882
v 32.48507690 -57.90999985 72.86806488 0.91764706 0.34509804 0.04705882
v 31.93337059 -57.90999985 71.04933167 0.91764706 0.34509804 0.04705882
v 32.12085342 -57.90999985 72.96886444 0.91764706 0.34509804 0.04705882
v 31.65904999 -57.90999985 71.12524414 0.91764706 0.34509804 0.04705882
v 31.75211906 -57.90999985 73.05166626 0.91764706 0.34509804 0.04705882
v 31.38133621 -57.90999985 71.18760681 0.91764706 0.34509804 0.04705882
v 31.37976646 -57.90999985 73.11627197 0.91764706 0.34509804 0.04705882
v 31.10089493 -57.90999985 71.23626709 0.91764706 0.34509804 0.04705882
v 31.00469398 -57.90999985 73.16252899 0.91764706 0.34509804 0.04705882
v 30.81840515 -57.90999985 71.27111053 0.91764706 0.34509804 0.04705882
v 30.62780190 -57.90999985 73.19033051 0.91764706 0.34509804 0.04705882
v 30.53454590 -57.90999985 71.29205322 0.91764706 0.34509804 0.04705882
v 30.23404503 -57.90999985 73.19999695 0.91764706 0.34509804 0.04705882
v 30.21072769 -57.90999985 71.30000305 0.91764706 0.34509804 0.04705882
v 12.16595459 -57.90999985 73.19999695 0.91764706 0.34509804 0.04705882
v 12.18927193 -57.90999985 71.30000305 0.91764706 0.34509804 0.04705882
v 11.86545467 -57.90999985 71.29205322 0.91764706 0.34509804 0.04705882
v 11.77219772 -57.90999985 73.19033051 0.91764706 0.34509804 0.04705882
v 11.39530659 -57.90999985 73.16252899 0.91764706 0.34509804 0.04705882
v 11.58159542 -57.90999985 71.27111053 0.91764706 0.34509804 0.04705882
v 11.02023315 -57.90999985 73.11627197 0.91764706 0.34509804 0.04705882
v 11.29910469 -57.90999985 71.23626709 0.91764706 0.34509804 0.04705882
v 10.64788055 -57.90999985 73.05166626 0.91764706 0.34509804 0.04705882
v 11.01866436 -57.90999985 71.18760681 0.91764706 0.34509804 0.04705882
v 10.27914810 -57.90999985 72.96886444 0.91764706 0.34509804 0.04705882
v 10.74094963 -57.90999985 71.12524414 0.91764706 0.34509804 0.04705882
v 9.91492176 -57.90999985 72.86806488 0.91764706 0.34509804 0.04705882
v 10.46662903 -57.90999985 71.04933167 0.91764706 0.34509804 0.04705882
v 9.55607986 -57.90999985 72.74951935 0.91764706 0.34509804 0.04705882
v 10.19636345 -57.90999985 70.96004486 0.91764706 0.34509804 0.04705882
v 9.20348740 -57.90999985 72.61351013 0.91764706 0.34509804 0.04705882
v 9.93080521 -57.90999985 70.85761261 0.91764706 0.34509804 0.04705882
v 8.85799313 -57.90999985 72.46036530 0.91764706 0.34509804 0.04705882
v 9.67059231 -57.90999985 70.74226379 0.91764706 0.34509804 0.04705882
v 8.52042961 -57.90999985 72.29045105 0.91764706 0.34509804 0.04705882
v 9.41635323 -57.90999985 70.61429596 0.91764706 0.34509804 0.04705882
v 8.19161034 -57.90999985 72.10417175 0.91764706 0.34509804 0.04705882
v 9.16869926 -57.90999985 70.47399902 0.91764706 0.34509804 0.04705882
v 7.87232685 -57.90999985 71.90199280 0.91764706 0.34509804 0.04705882
v 8.92822838 -57.90999985 70.32172394 0.91764706 0.34509804 0.04705882
v 7.56334877 -57.90999985 71.68438721 0.91764706 0.34509804 0.04705882
v 8.69551849 -57.90999985 70.15782928 0.91764706 0.34509804 0.04705882
v 7.26541996 -57.90999985 71.45188141 0.91764706 0.34509804 0.04705882
v 8.47113037 -57.90999985 69.98271179 0.91764706 0.34509804 0.04705882
v 6.97925901 -57.90999985 71.20503235 0.91764706 0.34509804 0.04705882
v 8.25560570 -57.90999985 69.79679871 0.91764706 0.34509804 0.04705882
v 6.70555496 -57.90999985 70.94444275 0.91764706 0.34509804 0.04705882
v 8.04946232 -57.90999985 69.60054016 0.91764706 0.34509804 0.04705882
v 6.44496632 -57.90999985 70.67073822 0.91764706 0.34509804 0.04705882
v 7.85319757 -57.90999985 69.39439392 0.91764706 0.34509804 0.04705882
v 6.19812202 -57.90999985 70.38458252 0.91764706 0.34509804 0.04705882
v 7.66728449 -57.90999985 69.17887115 0.91764706 0.34509804 0.04705882
v 5.96561670 -57.90999985 70.08665466 0.91764706 0.34509804 0.04705882
v 7.49217081 -57.90999985 68.95448303 0.91764706 0.34509804 0.04705882
v 5.74800968 -57.90999985 69.77767181 0.91764706 0.34509804 0.04705882
v 7.32827806 -57.90999985 68.72177124 0.91764706 0.34509804 0.04705882
v 5.54582548 -57.90999985 69.45838928 0.91764706 0.34509804 0.04705882
v 7.17600107 -57.90999985 68.48130035 0.91764706 0.34509804 0.04705882
v 5.35955191 -57.90999985 69.12957001 0.91764706 0.34509804 0.04705882
v 7.03570700 -57.90999985 68.23365021 0.91764706 0.34509804 0.04705882
v 5.18963671 -57.90999985 68.79200745 0.91764706 0.34509804 0.04705882
v 6.90773344 -57.90999985 67.97940826 0.91764706 0.34509804 0.04705882
v 5.03648949 -57.90999985 68.44651031 0.91764706 0.34509804 0.04705882
v 6.79238939 -57.90999985 67.71919250 0.91764706 0.34509804 0.04705882
v 4.90047932 -57.90999985 68.09391785 0.91764706 0.34509804 0.04705882
v 6.68995237 -57.90999985 67.45363617 0.91764706 0.34509804 0.04705882
v 4.78193426 -57.90999985 67.73507690 0.91764706 0.34509804 0.04705882
v 6.60066843 -57.90999985 67.18337250 0.91764706 0.34509804 0.04705882
v 4.68113947 -57.90999985 67.37084961 0.91764706 0.34509804 0.04705882
v 6.52475405 -57.90999985 66.90904999 0.91764706 0.34509804 0.04705882
v 4.59833765 -57.90999985 67.00212097 0.91764706 0.34509804 0.04705882
v 6.46239090 -57.90999985 66.63133240 0.91764706 0.34509804 0.04705882
v 4.53372812 -57.90999985 66.62976837 0.91764706 0.34509804 0.04705882
v 6.41372967 -57.90999985 66.35089874 0.91764706 0.34509804 0.04705882
v 4.48746729 -57.90999985 66.25469208 0.91764706 0.34509804 0.04705882
v 6.37888813 -57.90999985 66.06840515 0.91764706 0.34509804 0.04705882
v 4.45966625 -57.90999985 65.87779999 0.91764706 0.34509804 0.04705882
v 6.35794926 -57.90999985 65.78454590 0.91764706 0.34509804 0.04705882
v 4.44999981 -57.90999985 65.48404694 0.91764706 0.34509804 0.04705882
v 6.34999990 -57.90999985 65.46073151 0.91764706 0.34509804 0.04705882
v 6.34999990 -57.90999985 58.73927307 0.91764706 0.34509804 0.04705882
v 4.44999981 -57.90999985 58.71595383 0.91764706 0.34509804 0.04705882
v 6.35794926 -57.90999985 58.41545486 0.91764706 0.34509804 0.04705882
v 4.45966625 -57.90999985 58.32219696 0.91764706 0.34509804 0.04705882
v 4.48746729 -57.90999985 57.94530487 0.91764706 0.34509804 0.04705882
v 6.37888813 -57.90999985 58.13159561 0.91764706 0.34509804 0.04705882
v 4.53372812 -57.90999985 57.57023239 0.91764706 0.34509804 0.04705882
v 6.41372967 -57.90999985 57.84910583 0.91764706 0.34509804 0.04705882
v 4.59833765 -57.90999985 57.19787979 0.91764706 0.34509804 0.04705882
v 6.46239090 -57.90999985 57.56866455 0.91764706 0.34509804 0.04705882
v 4.68113947 -57.90999985 56.82914734 0.91764706 0.34509804 0.04705882
v 6.52475405 -57.90999985 57.29095078 0.91764706 0.34509804 0.04705882
v 4.78193426 -57.90999985 56.46492004 0.91764706 0.34509804 0.04705882
v 6.60066843 -57.90999985 57.01662827 0.91764706 0.34509804 0.04705882
v 4.90047932 -57.90999985 56.10607910 0.91764706 0.34509804 0.04705882
v 6.68995237 -57.90999985 56.74636459 0.91764706 0.34509804 0.04705882
v 5.03648949 -57.90999985 55.75348663 0.91764706 0.34509804 0.04705882
v 6.79238939 -57.90999985 56.48080444 0.91764706 0.34509804 0.04705882
v 5.18963671 -57.90999985 55.40799332 0.91764706 0.34509804 0.04705882
v 6.90773344 -57.90999985 56.22059250 0.91764706 0.34509804 0.04705882
v 5.35955191 -57.90999985 55.07043076 0.91764706 0.34509804 0.04705882
v 7.03570700 -57.90999985 55.96635437 0.91764706 0.34509804 0.04705882
v 5.54582548 -57.90999985 54.74161148 0.91764706 0.34509804 0.04705882
v 7.17600107 -57.90999985 55.71870041 0.91764706 0.34509804 0.04705882
v 5.74800968 -57.90999985 54.42232513 0.91764706 0.34509804 0.04705882
v 7.32827806 -57.90999985 55.47822952 0.91764706 0.34509804 0.04705882
v 5.96561670 -57.90999985 54.11334991 0.91764706 0.34509804 0.04705882
v 7.49217081 -57.90999985 55.24551773 0.91764706 0.34509804 0.04705882
v 6.19812202 -57.90999985 53.81542206 0.91764706 0.34509804 0.04705882
v 7.66728449 -57.90999985 55.02112961 0.91764706 0.34509804 0.04705882
v 6.44496632 -57.90999985 53.52925873 0.91764706 0.34509804 0.04705882
v 7.85319757 -57.90999985 54.80560684 0.91764706 0.34509804 0.04705882
v 6.70555496 -57.90999985 53.25555420 0.91764706 0.34509804 0.04705882
v 8.04946232 -57.90999985 54.59946060 0.91764706 0.34509804 0.04705882
v 6.97925901 -57.90999985 52.99496841 0.91764706 0.34509804 0.04705882
v 8.25560570 -57.90999985 54.40319824 0.91764706 0.34509804 0.04705882
v 7.26541996 -57.90999985 52.74812317 0.91764706 0.34509804 0.04705882
v 8.47113037 -57.90999985 54.21728516 0.91764706 0.34509804 0.04705882
v 7.56334877 -57.90999985 52.51561737 0.91764706 0.34509804 0.04705882
v 8.69551849 -57.90999985 54.04217148 0.91764706 0.34509804 0.04705882
v 7.87232685 -57.90999985 52.29800797 0.91764706 0.34509804 0.04705882
v 8.92822838 -57.90999985 53.87827682 0.91764706 0.34509804 0.04705882
v 8.19161034 -57.90999985 52.09582520 0.91764706 0.34509804 0.04705882
v 9.16869926 -57.90999985 53.72600174 0.91764706 0.34509804 0.04705882
v 8.52042961 -57.90999985 51.90955353 0.91764706 0.34509804 0.04705882
v 9.41635323 -57.90999985 53.58570862 0.91764706 0.34509804 0.04705882
v 8.85799313 -57.90999985 51.73963547 0.91764706 0.34509804 0.04705882
v 9.67059231 -57.90999985 53.45773315 0.91764706 0.34509804 0.04705882
v 9.20348740 -57.90999985 51.58649063 0.91764706 0.34509804 0.04705882
v 9.93080521 -57.90999985 53.34238815 0.91764706 0.34509804 0.04705882
v 9.55607986 -57.90999985 51.45047760 0.91764706 0.34509804 0.04705882
v 10.19636345 -57.90999985 53.23995209 0.91764706 0.34509804 0.04705882
v 9.91492176 -57.90999985 51.33193588 0.91764706 0.34509804 0.04705882
v 10.46662903 -57.90999985 53.15066910 0.91764706 0.34509804 0.04705882
v 10.27914810 -57.90999985 51.23114014 0.91764706 0.34509804 0.04705882
v 10.74094963 -57.90999985 53.07475281 0.91764706 0.34509804 0.04705882
v 10.64788055 -57.90999985 51.14833832 0.91764706 0.34509804 0.04705882
v 11.01866436 -57.90999985 53.01239014 0.91764706 0.34509804 0.04705882
v 11.02023315 -57.90999985 51.08372879 0.91764706 0.34509804 0.04705882
v 11.29910469 -57.90999985 52.96372986 0.91764706 0.34509804 0.04705882
v 11.10913372 -57.90999985 51.07276154 0.91764706 0.34509804 0.04705882
v 11.34171391 -57.90999985 52.95847321 0.91764706 0.34509804 0.04705882
v 11.49449825 -57.90999985 52.93587494 0.91764706 0.34509804 0.04705882
v 11.17120266 -57.90999985 51.06358337 0.91764706 0.34509804 0.04705882
v 11.64601421 -57.90999985 52.90592957 0.91764706 0.34509804 0.04705882
v 11.23275566 -57.90999985 51.05141830 0.91764706 0.34509804 0.04705882
v 11.79590893 -57.90999985 52.86870956 0.91764706 0.34509804 0.04705882
v 11.29365063 -57.90999985 51.03629684 0.91764706 0.34509804 0.04705882
v 11.94383240 -57.90999985 52.82429886 0.91764706 0.34509804 0.04705882
v 11.35374451 -57.90999985 51.01825333 0.91764706 0.34509804 0.04705882
v 12.08944130 -57.90999985 52.77280426 0.91764706 0.34509804 0.04705882
v 11.41289806 -57.90999985 50.99733353 0.91764706 0.34509804 0.04705882
v 12.23239613 -57.90999985 52.71434021 0.91764706 0.34509804 0.04705882
v 11.47097301 -57.90999985 50.97358322 0.91764706 0.34509804 0.04705882
v 12.37236309 -57.90999985 52.64905167 0.91764706 0.34509804 0.04705882
v 11.52783489 -57.90999985 50.94705963 0.91764706 0.34509804 0.04705882
v 12.50901794 -57.90999985 52.57708359 0.91764706 0.34509804 0.04705882
v 11.58335114 -57.90999985 50.91782379 0.91764706 0.34509804 0.04705882
v 12.64203930 -57.90999985 52.49860382 0.91764706 0.34509804 0.04705882
v 11.63739109 -57.90999985 50.88594055 0.91764706 0.34509804 0.04705882
v 12.77112007 -57.90999985 52.41379929 0.91764706 0.34509804 0.04705882
v 11.68982983 -57.90999985 50.85149002 0.91764706 0.34509804 0.04705882
v 12.89595890 -57.90999985 52.32286453 0.91764706 0.34509804 0.04705882
v 11.74054623 -57.90999985 50.81454468 0.91764706 0.34509804 0.04705882
v 13.01626396 -57.90999985 52.22600937 0.91764706 0.34509804 0.04705882
v 11.78942013 -57.90999985 50.77519989 0.91764706 0.34509804 0.04705882
v 13.13175678 -57.90999985 52.12346649 0.91764706 0.34509804 0.04705882
v 11.83633900 -57.90999985 50.73354340 0.91764706 0.34509804 0.04705882
v 13.24216652 -57.90999985 52.01546860 0.91764706 0.34509804 0.04705882
v 11.88119221 -57.90999985 50.68966675 0.91764706 0.34509804 0.04705882
v 13.34723663 -57.90999985 51.90227127 0.91764706 0.34509804 0.04705882
v 11.92387772 -57.90999985 50.64368057 0.91764706 0.34509804 0.04705882
v 13.44672203 -57.90999985 51.78413391 0.91764706 0.34509804 0.04705882
v 11.96429348 -57.90999985 50.59568787 0.91764706 0.34509804 0.04705882
v 13.54039192 -57.90999985 51.66133499 0.91764706 0.34509804 0.04705882
v 12.00234699 -57.90999985 50.54579926 0.91764706 0.34509804 0.04705882
v 13.62802792 -57.90999985 51.53415680 0.91764706 0.34509804 0.04705882
v 12.03794861 -57.90999985 50.49413300 0.91764706 0.34509804 0.04705882
v 13.70942497 -57.90999985 51.40290070 0.91764706 0.34509804 0.04705882
v 12.07101631 -57.90999985 50.44081116 0.91764706 0.34509804 0.04705882
v 13.78439426 -57.90999985 51.26787186 0.91764706 0.34509804 0.04705882
v 12.10147285 -57.90999985 50.38595581 0.91764706 0.34509804 0.04705882
v 13.85276127 -57.90999985 51.12937927 0.91764706 0.34509804 0.04705882
v 12.12924671 -57.90999985 50.32969284 0.91764706 0.34509804 0.04705882
v 13.91436577 -57.90999985 50.98775101 0.91764706 0.34509804 0.04705882
v 12.15427399 -57.90999985 50.27215576 0.91764706 0.34509804 0.04705882
v 13.96906567 -57.90999985 50.84331512 0.91764706 0.34509804 0.04705882
v 12.17649555 -57.90999985 50.21347809 0.91764706 0.34509804 0.04705882
v 14.01673222 -57.90999985 50.69640732 0.91764706 0.34509804 0.04705882
v 12.19585991 -57.90999985 50.15379715 0.91764706 0.34509804 0.04705882
v 14.05725479 -57.90999985 50.54737091 0.91764706 0.34509804 0.04705882
v 12.21232224 -57.90999985 50.09325409 0.91764706 0.34509804 0.04705882
v 14.09053898 -57.90999985 50.39655304 0.91764706 0.34509804 0.04705882
v 12.22584438 -57.90999985 50.03198242 0.91764706 0.34509804 0.04705882
v 14.11650753 -57.90999985 50.24430847 0.91764706 0.34509804 0.04705882
v 12.23639393 -57.90999985 49.97013474 0.91764706 0.34509804 0.04705882
v 14.13510036 -57.90999985 50.09098434 0.91764706 0.34509804 0.04705882
v 12.24394703 -57.90999985 49.90784454 0.91764706 0.34509804 0.04705882
v 14.14627266 -57.90999985 49.93694305 0.91764706 0.34509804 0.04705882
v 12.24848557 -57.90999985 49.84526443 0.91764706 0.34509804 0.04705882
v 14.14999962 -57.90999985 49.78253937 0.91764706 0.34509804 0.04705882
v 12.25000000 -57.90999985 49.78253937 0.91764706 0.34509804 0.04705882
v 14.14999962 -57.90999985 47.70000076 0.91764706 0.34509804 0.04705882
v 12.25000000 -57.90999985 46.53191376 0.91764706 0.34509804 0.04705882
v 30.14506912 -57.90999985 46.43154144 0.91764706 0.34509804 0.04705882
v 30.13501167 -57.90999985 46.36374283 0.91764706 0.34509804 0.04705882
v 30.11835861 -57.90999985 46.29725647 0.91764706 0.34509804 0.04705882
v 30.09526634 -57.90999985 46.23272324 0.91764706 0.34509804 0.04705882
v 30.06596184 -57.90999985 46.17076111 0.91764706 0.34509804 0.04705882
v 30.03072548 -57.90999985 46.11197281 0.91764706 0.34509804 0.04705882
v 29.98989487 -57.90999985 46.05691910 0.91764706 0.34509804 0.04705882
v 29.94386673 -57.90999985 46.00613403 0.91764706 0.34509804 0.04705882
v 29.89307976 -57.90999985 45.96010590 0.91764706 0.34509804 0.04705882
v 29.83802795 -57.90999985 45.91927338 0.91764706 0.34509804 0.04705882
v 29.77923775 -57.90999985 45.88403702 0.91764706 0.34509804 0.04705882
v 29.71727753 -57.90999985 45.85473251 0.91764706 0.34509804 0.04705882
v 29.65274429 -57.90999985 45.83164215 0.91764706 0.34509804 0.04705882
v 29.58625793 -57.90999985 45.81498718 0.91764706 0.34509804 0.04705882
v 29.51845741 -57.90999985 45.80493164 0.91764706 0.34509804 0.04705882
v 29.41808701 -57.90999985 45.79999924 0.91764706 0.34509804 0.04705882
v 12.98191357 -57.90999985 45.79999924 0.91764706 0.34509804 0.04705882
v 12.88154125 -57.90999985 45.80493164 0.91764706 0.34509804 0.04705882
v 12.81374264 -57.90999985 45.81498718 0.91764706 0.34509804 0.04705882
v 12.74725628 -57.90999985 45.83164215 0.91764706 0.34509804 0.04705882
v 12.68272114 -57.90999985 45.85473251 0.91764706 0.34509804 0.04705882
v 12.62076092 -57.90999985 45.88403702 0.91764706 0.34509804 0.04705882
v 12.56197166 -57.90999985 45.91927338 0.91764706 0.34509804 0.04705882
v 12.50691891 -57.90999985 45.96010590 0.91764706 0.34509804 0.04705882
v 12.45613384 -57.90999985 46.00613403 0.91764706 0.34509804 0.04705882
v 12.41010475 -57.90999985 46.05691910 0.91764706 0.34509804 0.04705882
v 12.36927509 -57.90999985 46.11197281 0.91764706 0.34509804 0.04705882
v 12.33403778 -57.90999985 46.17076111 0.91764706 0.34509804 0.04705882
v 12.30473232 -57.90999985 46.23272324 0.91764706 0.34509804 0.04705882
v 12.28164196 -57.90999985 46.29725647 0.91764706 0.34509804 0.04705882
v 12.26498795 -57.90999985 46.36374283 0.91764706 0.34509804 0.04705882
v 12.25493050 -57.90999985 46.43154144 0.91764706 0.34509804 0.04705882
v 11.69999981 -62.90999985 69.84999847 0.91764706 0.34509804 0.04705882
v 31.04306030 -62.90999985 69.83314514 0.91764706 0.34509804 0.04705882
v 30.70000076 -62.90999985 69.84999847 0.91764706 0.34509804 0.04705882
v 11.35694027 -62.90999985 69.83314514 0.91764706 0.34509804 0.04705882
v 31.38281631 -62.90999985 69.78274536 0.91764706 0.34509804 0.04705882
v 11.01718426 -62.90999985 69.78274536 0.91764706 0.34509804 0.04705882
v 31.71599579 -62.90999985 69.69928741 0.91764706 0.34509804 0.04705882
v 10.68400383 -62.90999985 69.69928741 0.91764706 0.34509804 0.04705882
v 32.03939056 -62.90999985 69.58358002 0.91764706 0.34509804 0.04705882
v 10.36060810 -62.90999985 69.58358002 0.91764706 0.34509804 0.04705882
v 32.34988785 -62.90999985 69.43672180 0.91764706 0.34509804 0.04705882
v 10.05011177 -62.90999985 69.43672180 0.91764706 0.34509804 0.04705882
v 32.64449692 -62.90999985 69.26014709 0.91764706 0.34509804 0.04705882
v 9.75550461 -62.90999985 69.26014709 0.91764706 0.34509804 0.04705882
v 32.92037582 -62.90999985 69.05553436 0.91764706 0.34509804 0.04705882
v 9.47962379 -62.90999985 69.05553436 0.91764706 0.34509804 0.04705882
v 33.17487335 -62.90999985 68.82487488 0.91764706 0.34509804 0.04705882
v 9.22512627 -62.90999985 68.82487488 0.91764706 0.34509804 0.04705882
v 33.40553665 -62.90999985 68.57037354 0.91764706 0.34509804 0.04705882
v 8.99446297 -62.90999985 68.57037354 0.91764706 0.34509804 0.04705882
v 33.61014175 -62.90999985 68.29449463 0.91764706 0.34509804 0.04705882
v 8.78985596 -62.90999985 68.29449463 0.91764706 0.34509804 0.04705882
v 33.78672409 -62.90999985 67.99988556 0.91764706 0.34509804 0.04705882
v 8.61327553 -62.90999985 67.99988556 0.91764706 0.34509804 0.04705882
v 33.93357849 -62.90999985 67.68939209 0.91764706 0.34509804 0.04705882
v 8.46642208 -62.90999985 67.68939209 0.91764706 0.34509804 0.04705882
v 34.04928970 -62.90999985 67.36599731 0.91764706 0.34509804 0.04705882
v 8.35070896 -62.90999985 67.36599731 0.91764706 0.34509804 0.04705882
v 34.13274765 -62.90999985 67.03281403 0.91764706 0.34509804 0.04705882
v 8.26725197 -62.90999985 67.03281403 0.91764706 0.34509804 0.04705882
v 34.18314743 -62.90999985 66.69306183 0.91764706 0.34509804 0.04705882
v 8.21685314 -62.90999985 66.69306183 0.91764706 0.34509804 0.04705882
v 34.20000076 -62.90999985 66.34999847 0.91764706 0.34509804 0.04705882
v 8.19999981 -62.90999985 66.34999847 0.91764706 0.34509804 0.04705882
v 34.20000076 -62.90999985 57.84999847 0.91764706 0.34509804 0.04705882
v 8.19999981 -62.90999985 57.84999847 0.91764706 0.34509804 0.04705882
v 34.18314743 -62.90999985 57.50693893 0.91764706 0.34509804 0.04705882
v 8.21685314 -62.90999985 57.50693893 0.91764706 0.34509804 0.04705882
v 34.13274765 -62.90999985 57.16718292 0.91764706 0.34509804 0.04705882
v 8.26725197 -62.90999985 57.16718292 0.91764706 0.34509804 0.04705882
v 34.04928970 -62.90999985 56.83400345 0.91764706 0.34509804 0.04705882
v 8.35070896 -62.90999985 56.83400345 0.91764706 0.34509804 0.04705882
v 33.93357849 -62.90999985 56.51060867 0.91764706 0.34509804 0.04705882
v 8.46642208 -62.90999985 56.51060867 0.91764706 0.34509804 0.04705882
v 33.78672409 -62.90999985 56.20011139 0.91764706 0.34509804 0.04705882
v 8.61327553 -62.90999985 56.20011139 0.91764706 0.34509804 0.04705882
v 33.61014175 -62.90999985 55.90550232 0.91764706 0.34509804 0.04705882
v 8.78985596 -62.90999985 55.90550232 0.91764706 0.34509804 0.04705882
v 33.40553665 -62.90999985 55.62962341 0.91764706 0.34509804 0.04705882
v 8.99446297 -62.90999985 55.62962341 0.91764706 0.34509804 0.04705882
v 33.17487335 -62.90999985 55.37512589 0.91764706 0.34509804 0.04705882
v 9.22512627 -62.90999985 55.37512589 0.91764706 0.34509804 0.04705882
v 32.92037582 -62.90999985 55.14446259 0.91764706 0.34509804 0.04705882
v 9.47962379 -62.90999985 55.14446259 0.91764706 0.34509804 0.04705882
v 32.64449692 -62.90999985 54.93985748 0.91764706 0.34509804 0.04705882
v 9.75550461 -62.90999985 54.93985748 0.91764706 0.34509804 0.04705882
v 32.34988785 -62.90999985 54.76327515 0.91764706 0.34509804 0.04705882
v 10.05011177 -62.90999985 54.76327515 0.91764706 0.34509804 0.04705882
v 32.03939056 -62.90999985 54.61642075 0.91764706 0.34509804 0.04705882
v 10.36060810 -62.90999985 54.61642075 0.91764706 0.34509804 0.04705882
v 31.71599579 -62.90999985 54.50070953 0.91764706 0.34509804 0.04705882
v 10.68400383 -62.90999985 54.50070953 0.91764706 0.34509804 0.04705882
v 31.38281631 -62.90999985 54.41725159 0.91764706 0.34509804 0.04705882
v 11.01718426 -62.90999985 54.41725159 0.91764706 0.34509804 0.04705882
v 31.04306030 -62.90999985 54.36685181 0.91764706 0.34509804 0.04705882
v 11.35694027 -62.90999985 54.36685181 0.91764706 0.34509804 0.04705882
v 30.70000076 -62.90999985 54.34999847 0.91764706 0.34509804 0.04705882
v 11.69999981 -62.90999985 54.34999847 0.91764706 0.34509804 0.04705882
v 30.70000076 -44.90999985 69.84999847 0.91764706 0.34509804 0.04705882
v 31.04306030 -44.90999985 69.83314514 0.91764706 0.34509804 0.04705882
v 11.69999981 -44.90999985 69.84999847 0.91764706 0.34509804 0.04705882
v 11.35694027 -44.90999985 69.83314514 0.91764706 0.34509804 0.04705882
v 31.38281631 -44.90999985 69.78274536 0.91764706 0.34509804 0.04705882
v 11.01718426 -44.90999985 69.78274536 0.91764706 0.34509804 0.04705882
v 31.71599579 -44.90999985 69.69928741 0.91764706 0.34509804 0.04705882
v 10.68400383 -44.90999985 69.69928741 0.91764706 0.34509804 0.04705882
v 32.03939056 -44.90999985 69.58358002 0.91764706 0.34509804 0.04705882
v 10.36060810 -44.90999985 69.58358002 0.91764706 0.34509804 0.04705882
v 32.34988785 -44.90999985 69.43672180 0.91764706 0.34509804 0.04705882
v 10.05011177 -44.90999985 69.43672180 0.91764706 0.34509804 0.04705882
v 32.64449692 -44.90999985 69.26014709 0.91764706 0.34509804 0.04705882
v 9.75550461 -44.90999985 69.26014709 0.91764706 0.34509804 0.04705882
v 32.92037582 -44.90999985 69.05553436 0.91764706 0.34509804 0.04705882
v 9.47962379 -44.90999985 69.05553436 0.91764706 0.34509804 0.04705882
v 33.17487335 -44.90999985 68.82487488 0.91764706 0.34509804 0.04705882
v 9.22512627 -44.90999985 68.82487488 0.91764706 0.34509804 0.04705882
v 33.40553665 -44.90999985 68.57037354 0.91764706 0.34509804 0.04705882
v 8.99446297 -44.90999985 68.57037354 0.91764706 0.34509804 0.04705882
v 33.61014175 -44.90999985 68.29449463 0.91764706 0.34509804 0.04705882
v 8.78985596 -44.90999985 68.29449463 0.91764706 0.34509804 0.04705882
v 33.78672409 -44.90999985 67.99988556 0.91764706 0.34509804 0.04705882
v 8.61327553 -44.90999985 67.99988556 0.91764706 0.34509804 0.04705882
v 33.93357849 -44.90999985 67.68939209 0.91764706 0.34509804 0.04705882
v 8.46642208 -44.90999985 67.68939209 0.91764706 0.34509804 0.04705882
v 34.04928970 -44.90999985 67.36599731 0.91764706 0.34509804 0.04705882
v 8.35070896 -44.90999985 67.36599731 0.91764706 0.34509804 0.04705882
v 34.13274765 -44.90999985 67.03281403 0.91764706 0.34509804 0.04705882
v 8.26725197 -44.90999985 67.03281403 0.91764706 0.34509804 0.04705882
v 34.18314743 -44.90999985 66.69306183 0.91764706 0.34509804 0.04705882
v 8.21685314 -44.90999985 66.69306183 0.91764706 0.34509804 0.04705882
v 34.20000076 -44.90999985 66.34999847 0.91764706 0.34509804 0.04705882
v 8.19999981 -44.90999985 66.34999847 0.91764706 0.34509804 0.04705882
v 34.20000076 -44.90999985 57.84999847 0.91764706 0.34509804 0.04705882
v 8.19999981 -44.90999985 57.84999847 0.91764706 0.34509804 0.04705882
v 34.18314743 -44.90999985 57.50693893 0.91764706 0.34509804 0.04705882
v 8.21685314 -44.90999985 57.50693893 0.91764706 0.34509804 0.04705882
v 34.13274765 -44.90999985 57.16718292 0.91764706 0.34509804 0.04705882
v 8.26725197 -44.90999985 57.16718292 0.91764706 0.34509804 0.04705882
v 34.04928970 -44.90999985 56.83400345 0.91764706 0.34509804 0.04705882
v 8.35070896 -44.90999985 56.83400345 0.91764706 0.34509804 0.04705882
v 33.93357849 -44.90999985 56.51060867 0.91764706 0.34509804 0.04705882
v 8.46642208 -44.90999985 56.51060867 0.91764706 0.34509804 0.04705882
v 33.78672409 -44.90999985 56.20011139 0.91764706 0.34509804 0.04705882
v 8.61327553 -44.90999985 56.20011139 0.91764706 0.34509804 0.04705882
v 33.61014175 -44.90999985 55.90550232 0.91764706 0.34509804 0.04705882
v 8.78985596 -44.90999985 55.90550232 0.91764706 0.34509804 0.04705882
v 33.40553665 -44.90999985 55.62962341 0.91764706 0.34509804 0.04705882
v 8.99446297 -44.90999985 55.62962341 0.91764706 0.34509804 0.04705882
v 33.17487335 -44.90999985 55.37512589 0.91764706 0.34509804 0.04705882
v 9.22512627 -44.90999985 55.37512589 0.91764706 0.34509804 0.04705882
v 32.92037582 -44.90999985 55.14446259 0.91764706 0.34509804 0.04705882
v 9.47962379 -44.90999985 55.14446259 0.91764706 0.34509804 0.04705882
v 32.64449692 -44.90999985 54.93985748 0.91764706 0.34509804 0.04705882
v 9.75550461 -44.90999985 54.93985748 0.91764706 0.34509804 0.04705882
v 32.34988785 -44.90999985 54.76327515 0.91764706 0.34509804 0.04705882
v 10.05011177 -44.90999985 54.76327515 0.91764706 0.34509804 0.04705882
v 32.03939056 -44.90999985 54.61642075 0.91764706 0.34509804 0.04705882
v 10.36060810 -44.90999985 54.61642075 0.91764706 0.34509804 0.04705882
v 31.71599579 -44.90999985 54.50070953 0.91764706 0.34509804 0.04705882
v 10.68400383 -44.90999985 54.50070953 0.91764706 0.34509804 0.04705882
v 31.38281631 -44.90999985 54.41725159 0.91764706 0.34509804 0.04705882
v 11.01718426 -44.90999985 54.41725159 0.91764706 0.34509804 0.04705882
v 31.04306030 -44.90999985 54.36685181 0.91764706 0.34509804 0.04705882
v 11.35694027 -44.90999985 54.36685181 0.91764706 0.34509804 0.04705882
v 30.70000076 -44.90999985 54.34999847 0.91764706 0.34509804 0.04705882
v 11.69999981 -44.90999985 54.34999847 0.91764706 0.34509804 0.04705882
v 11.94999981 -44.90999985 65.84999847 0.91764706 0.34509804 0.04705882
v 11.94999981 -44.90999985 58.34999847 0.91764706 0.34509804 0.04705882
v 11.94999981 -60.90999985 65.84999847 0.91764706 0.34509804 0.04705882
v 18.45000076 -60.90999985 65.84999847 0.91764706 0.34509804 0.04705882
v 11.94999981 -60.90999985 58.34999847 0.91764706 0.34509804 0.04705882
v 18.45000076 -44.90999985 58.34999847 0.91764706 0.34509804 0.04705882
v 18.45000076 -44.90999985 65.84999847 0.91764706 0.34509804 0.04705882
v 18.45000076 -60.90999985 58.34999847 0.91764706 0.34509804 0.04705882
v 23.95000076 -44.90999985 65.84999847 0.91764706 0.34509804 0.04705882
v 23.95000076 -44.90999985 58.34999847 0.91764706 0.34509804 0.04705882
v 23.95000076 -60.90999985 65.84999847 0.91764706 0.34509804 0.04705882
v 30.45000076 -60.90999985 65.84999847 0.91764706 0.34509804 0.04705882
v 23.95000076 -60.90999985 58.34999847 0.91764706 0.34509804 0.04705882
v 30.45000076 -44.90999985 58.34999847 0.91764706 0.34509804 0.04705882
v 30.45000076 -44.90999985 65.84999847 0.91764706 0.34509804 0.04705882
v 30.45000076 -60.90999985 58.34999847 0.91764706 0.34509804 0.04705882
v 13.60000038 -46.90999985 64.34999847 0.91764706 0.34509804 0.04705882
v 13.60000038 -46.90999985 59.84999847 0.91764706 0.34509804 0.04705882
v 13.60000038 -56.90999985 64.34999847 0.91764706 0.34509804 0.04705882
v 14.39999962 -56.90999985 64.34999847 0.91764706 0.34509804 0.04705882
v 13.60000038 -56.90999985 59.84999847 0.91764706 0.34509804 0.04705882
v 14.39999962 -46.90999985 59.84999847 0.91764706 0.34509804 0.04705882
v 14.39999962 -46.90999985 64.34999847 0.91764706 0.34509804 0.04705882
v 14.39999962 -56.90999985 59.84999847 0.91764706 0.34509804 0.04705882
v 16.00000000 -46.90999985 64.34999847 0.91764706 0.34509804 0.04705882
v 16.00000000 -46.90999985 59.84999847 0.91764706 0.34509804 0.04705882
v 16.00000000 -56.90999985 64.34999847 0.91764706 0.34509804 0.04705882
v 16.79999924 -56.90999985 64.34999847 0.91764706 0.34509804 0.04705882
v 16.00000000 -56.90999985 59.84999847 0.91764706 0.34509804 0.04705882
v 16.79999924 -46.90999985 59.84999847 0.91764706 0.34509804 0.04705882
v 16.79999924 -46.90999985 64.34999847 0.91764706 0.34509804 0.04705882
v 16.79999924 -56.90999985 59.84999847 0.91764706 0.34509804 0.04705882
v 25.60000038 -46.90999985 64.34999847 0.91764706 0.34509804 0.04705882
v 25.60000038 -46.90999985 59.84999847 0.91764706 0.34509804 0.04705882
v 25.60000038 -56.90999985 64.34999847 0.91764706 0.34509804 0.04705882
v 26.39999962 -56.90999985 64.34999847 0.91764706 0.34509804 0.04705882
v 25.60000038 -56.90999985 59.84999847 0.91764706 0.34509804 0.04705882
v 26.39999962 -46.90999985 59.84999847 0.91764706 0.34509804 0.04705882
v 26.39999962 -46.90999985 64.34999847 0.91764706 0.34509804 0.04705882
v 26.39999962 -56.90999985 59.84999847 0.91764706 0.34509804 0.04705882
v 28.00000000 -46.90999985 64.34999847 0.91764706 0.34509804 0.04705882
v 28.00000000 -46.90999985 59.84999847 0.91764706 0.34509804 0.04705882
v 28.00000000 -56.90999985 64.34999847 0.91764706 0.34509804 0.04705882
v 28.79999924 -56.90999985 64.34999847 0.91764706 0.34509804 0.04705882
v 28.00000000 -56.90999985 59.84999847 0.91764706 0.34509804 0.04705882
v 28.79999924 -46.90999985 59.84999847 0.91764706 0.34509804 0.04705882
v 28.79999924 -46.90999985 64.34999847 0.91764706 0.34509804 0.04705882
v 28.79999924 -56.90999985 59.84999847 0.91764706 0.34509804 0.04705882
v 12.69999981 -95.51000214 71.59999847 0.91764706 0.34509804 0.04705882
v 30.09241867 -95.51000214 71.58715057 0.91764706 0.34509804 0.04705882
v 29.70000076 -95.51000214 71.59999847 0.91764706 0.34509804 0.04705882
v 12.30758095 -95.51000214 71.58715057 0.91764706 0.34509804 0.04705882
v 30.48315620 -95.51000214 71.54866791 0.91764706 0.34509804 0.04705882
v 11.91684246 -95.51000214 71.54866791 0.91764706 0.34509804 0.04705882
v 30.87054253 -95.51000214 71.48471069 0.91764706 0.34509804 0.04705882
v 11.52945805 -95.51000214 71.48471069 0.91764706 0.34509804 0.04705882
v 31.25291443 -95.51000214 71.39555359 0.91764706 0.34509804 0.04705882
v 11.14708614 -95.51000214 71.39555359 0.91764706 0.34509804 0.04705882
v 31.62863731 -95.51000214 71.28157806 0.91764706 0.34509804 0.04705882
v 10.77136326 -95.51000214 71.28157806 0.91764706 0.34509804 0.04705882
v 31.99610138 -95.51000214 71.14328003 0.91764706 0.34509804 0.04705882
v 10.40389919 -95.51000214 71.14328003 0.91764706 0.34509804 0.04705882
v 32.35373306 -95.51000214 70.98123932 0.91764706 0.34509804 0.04705882
v 10.04626751 -95.51000214 70.98123932 0.91764706 0.34509804 0.04705882
v 32.70000076 -95.51000214 70.79615021 0.91764706 0.34509804 0.04705882
v 9.69999981 -95.51000214 70.79615021 0.91764706 0.34509804 0.04705882
v 33.03342056 -95.51000214 70.58882141 0.91764706 0.34509804 0.04705882
v 9.36657906 -95.51000214 70.58882141 0.91764706 0.34509804 0.04705882
v 33.35256958 -95.51000214 70.36012268 0.91764706 0.34509804 0.04705882
v 9.04743099 -95.51000214 70.36012268 0.91764706 0.34509804 0.04705882
v 33.65607452 -95.51000214 70.11103821 0.91764706 0.34509804 0.04705882
v 8.74392509 -95.51000214 70.11103821 0.91764706 0.34509804 0.04705882
v 33.94264221 -95.51000214 69.84264374 0.91764706 0.34509804 0.04705882
v 8.45735931 -95.51000214 69.84264374 0.91764706 0.34509804 0.04705882
v 34.21104050 -95.51000214 69.55607605 0.91764706 0.34509804 0.04705882
v 8.18896103 -95.51000214 69.55607605 0.91764706 0.34509804 0.04705882
v 34.46012115 -95.51000214 69.25257111 0.91764706 0.34509804 0.04705882
v 7.93987989 -95.51000214 69.25257111 0.91764706 0.34509804 0.04705882
v 34.68881607 -95.51000214 68.93341827 0.91764706 0.34509804 0.04705882
v 7.71118212 -95.51000214 68.93341827 0.91764706 0.34509804 0.04705882
v 34.89615250 -95.51000214 68.59999847 0.91764706 0.34509804 0.04705882
v 7.50384760 -95.51000214 68.59999847 0.91764706 0.34509804 0.04705882
v 35.08123779 -95.51000214 68.25373077 0.91764706 0.34509804 0.04705882
v 7.31876373 -95.51000214 68.25373077 0.91764706 0.34509804 0.04705882
v 35.24327850 -95.51000214 67.89610291 0.91764706 0.34509804 0.04705882
v 7.15672302 -95.51000214 67.89610291 0.91764706 0.34509804 0.04705882
v 35.38158035 -95.51000214 67.52863312 0.91764706 0.34509804 0.04705882
v 7.01841927 -95.51000214 67.52863312 0.91764706 0.34509804 0.04705882
v 35.49555588 -95.51000214 67.15291595 0.91764706 0.34509804 0.04705882
v 6.90444517 -95.51000214 67.15291595 0.91764706 0.34509804 0.04705882
v 35.58471298 -95.51000214 66.77053833 0.91764706 0.34509804 0.04705882
v 6.81528854 -95.51000214 66.77053833 0.91764706 0.34509804 0.04705882
v 35.64867020 -95.51000214 66.38315582 0.91764706 0.34509804 0.04705882
v 6.75133085 -95.51000214 66.38315582 0.91764706 0.34509804 0.04705882
v 35.68715286 -95.51000214 65.99241638 0.91764706 0.34509804 0.04705882
v 6.71284628 -95.51000214 65.99241638 0.91764706 0.34509804 0.04705882
v 35.70000076 -95.51000214 65.59999847 0.91764706 0.34509804 0.04705882
v 6.69999981 -95.51000214 65.59999847 0.91764706 0.34509804 0.04705882
v 35.70000076 -95.51000214 58.59999847 0.91764706 0.34509804 0.04705882
v 6.69999981 -95.51000214 58.59999847 0.91764706 0.34509804 0.04705882
v 35.68715286 -95.51000214 58.20758057 0.91764706 0.34509804 0.04705882
v 6.71284628 -95.51000214 58.20758057 0.91764706 0.34509804 0.04705882
v 35.64867020 -95.51000214 57.81684113 0.91764706 0.34509804 0.04705882
v 6.75133085 -95.51000214 57.81684113 0.91764706 0.34509804 0.04705882
v 35.58471298 -95.51000214 57.42945862 0.91764706 0.34509804 0.04705882
v 6.81528854 -95.51000214 57.42945862 0.91764706 0.34509804 0.04705882
v 35.49555588 -95.51000214 57.04708481 0.91764706 0.34509804 0.04705882
v 6.90444517 -95.51000214 57.04708481 0.91764706 0.34509804 0.04705882
v 35.38158035 -95.51000214 56.67136383 0.91764706 0.34509804 0.04705882
v 7.01841927 -95.51000214 56.67136383 0.91764706 0.34509804 0.04705882
v 35.24327850 -95.51000214 56.30389786 0.91764706 0.34509804 0.04705882
v 7.15672302 -95.51000214 56.30389786 0.91764706 0.34509804 0.04705882
v 35.08123779 -95.51000214 55.94626617 0.91764706 0.34509804 0.04705882
v 7.31876373 -95.51000214 55.94626617 0.91764706 0.34509804 0.04705882
v 34.89615250 -95.51000214 55.59999847 0.91764706 0.34509804 0.04705882
v 7.50384760 -95.51000214 55.59999847 0.91764706 0.34509804 0.04705882
v 34.68881607 -95.51000214 55.26657867 0.91764706 0.34509804 0.04705882
v 7.71118212 -95.51000214 55.26657867 0.91764706 0.34509804 0.04705882
v 34.46012115 -95.51000214 54.94742966 0.91764706 0.34509804 0.04705882
v 7.93987989 -95.51000214 54.94742966 0.91764706 0.34509804 0.04705882
v 34.21104050 -95.51000214 54.64392471 0.91764706 0.34509804 0.04705882
v 8.18896103 -95.51000214 54.64392471 0.91764706 0.34509804 0.04705882
v 33.94264221 -95.51000214 54.35736084 0.91764706 0.34509804 0.04705882
v 8.45735931 -95.51000214 54.35736084 0.91764706 0.34509804 0.04705882
v 33.65607452 -95.51000214 54.08896255 0.91764706 0.34509804 0.04705882
v 8.74392509 -95.51000214 54.08896255 0.91764706 0.34509804 0.04705882
v 33.35256958 -95.51000214 53.83987808 0.91764706 0.34509804 0.04705882
v 9.04743099 -95.51000214 53.83987808 0.91764706 0.34509804 0.04705882
v 33.03342056 -95.51000214 53.61118317 0.91764706 0.34509804 0.04705882
v 9.36657906 -95.51000214 53.61118317 0.91764706 0.34509804 0.04705882
v 32.70000076 -95.51000214 53.40384674 0.91764706 0.34509804 0.04705882
v 9.69999981 -95.51000214 53.40384674 0.91764706 0.34509804 0.04705882
v 32.35373306 -95.51000214 53.21876526 0.91764706 0.34509804 0.04705882
v 10.04626751 -95.51000214 53.21876526 0.91764706 0.34509804 0.04705882
v 31.99610138 -95.51000214 53.05672455 0.91764706 0.34509804 0.04705882
v 10.40389919 -95.51000214 53.05672455 0.91764706 0.34509804 0.04705882
v 31.62863731 -95.51000214 52.91841888 0.91764706 0.34509804 0.04705882
v 10.77136326 -95.51000214 52.91841888 0.91764706 0.34509804 0.04705882
v 31.25291443 -95.51000214 52.80444336 0.91764706 0.34509804 0.04705882
v 11.14708614 -95.51000214 52.80444336 0.91764706 0.34509804 0.04705882
v 30.87054253 -95.51000214 52.71529007 0.91764706 0.34509804 0.04705882
v 11.52945805 -95.51000214 52.71529007 0.91764706 0.34509804 0.04705882
v 30.48315620 -95.51000214 52.65132904 0.91764706 0.34509804 0.04705882
v 11.91684246 -95.51000214 52.65132904 0.91764706 0.34509804 0.04705882
v 30.09241867 -95.51000214 52.61284637 0.91764706 0.34509804 0.04705882
v 12.30758095 -95.51000214 52.61284637 0.91764706 0.34509804 0.04705882
v 29.70000076 -95.51000214 52.59999847 0.91764706 0.34509804 0.04705882
v 12.69999981 -95.51000214 52.59999847 0.91764706 0.34509804 0.04705882
v 29.70000076 -62.90999985 71.59999847 0.91764706 0.34509804 0.04705882
v 30.09241867 -62.90999985 71.58715057 0.91764706 0.34509804 0.04705882
v 12.69999981 -62.90999985 71.59999847 0.91764706 0.34509804 0.04705882
v 12.30758095 -62.90999985 71.58715057 0.91764706 0.34509804 0.04705882
v 30.48315620 -62.90999985 71.54866791 0.91764706 0.34509804 0.04705882
v 11.91684246 -62.90999985 71.54866791 0.91764706 0.34509804 0.04705882
v 30.87054253 -62.90999985 71.48471069 0.91764706 0.34509804 0.04705882
v 11.52945805 -62.90999985 71.48471069 0.91764706 0.34509804 0.04705882
v 31.25291443 -62.90999985 71.39555359 0.91764706 0.34509804 0.04705882
v 11.14708614 -62.90999985 71.39555359 0.91764706 0.34509804 0.04705882
v 31.62863731 -62.90999985 71.28157806 0.91764706 0.34509804 0.04705882
v 10.77136326 -62.90999985 71.28157806 0.91764706 0.34509804 0.04705882
v 31.99610138 -62.90999985 71.14328003 0.91764706 0.34509804 0.04705882
v 10.40389919 -62.90999985 71.14328003 0.91764706 0.34509804 0.04705882
v 32.35373306 -62.90999985 70.98123932 0.91764706 0.34509804 0.04705882
v 10.04626751 -62.90999985 70.98123932 0.91764706 0.34509804 0.04705882
v 32.70000076 -62.90999985 70.79615021 0.91764706 0.34509804 0.04705882
v 9.69999981 -62.90999985 70.79615021 0.91764706 0.34509804 0.04705882
v 33.03342056 -62.90999985 70.58882141 0.91764706 0.34509804 0.04705882
v 9.36657906 -62.90999985 70.58882141 0.91764706 0.34509804 0.04705882
v 33.35256958 -62.90999985 70.36012268 0.91764706 0.34509804 0.04705882
v 9.04743099 -62.90999985 70.36012268 0.91764706 0.34509804 0.04705882
v 33.65607452 -62.90999985 70.11103821 0.91764706 0.34509804 0.04705882
v 8.74392509 -62.90999985 70.11103821 0.91764706 0.34509804 0.04705882
v 33.94264221 -62.90999985 69.84264374 0.91764706 0.34509804 0.04705882
v 8.45735931 -62.90999985 69.84264374 0.91764706 0.34509804 0.04705882
v 34.21104050 -62.90999985 69.55607605 0.91764706 0.34509804 0.04705882
v 8.18896103 -62.90999985 69.55607605 0.91764706 0.34509804 0.04705882
v 34.46012115 -62.90999985 69.25257111 0.91764706 0.34509804 0.04705882
v 7.93987989 -62.90999985 69.25257111 0.91764706 0.34509804 0.04705882
v 34.68881607 -62.90999985 68.93341827 0.91764706 0.34509804 0.04705882
v 7.71118212 -62.90999985 68.93341827 0.91764706 0.34509804 0.04705882
v 34.89615250 -62.90999985 68.59999847 0.91764706 0.34509804 0.04705882
v 7.50384760 -62.90999985 68.59999847 0.91764706 0.34509804 0.04705882
v 35.08123779 -62.90999985 68.25373077 0.91764706 0.34509804 0.04705882
v 7.31876373 -62.90999985 68.25373077 0.91764706 0.34509804 0.04705882
v 35.24327850 -62.90999985 67.89610291 0.91764706 0.34509804 0.04705882
v 7.15672302 -62.90999985 67.89610291 0.91764706 0.34509804 0.04705882
v 35.38158035 -62.90999985 67.52863312 0.91764706 0.34509804 0.04705882
v 7.01841927 -62.90999985 67.52863312 0.91764706 0.34509804 0.04705882
v 35.49555588 -62.90999985 67.15291595 0.91764706 0.34509804 0.04705882
v 6.90444517 -62.90999985 67.15291595 0.91764706 0.34509804 0.04705882
v 35.58471298 -62.90999985 66.77053833 0.91764706 0.34509804 0.04705882
v 6.81528854 -62.90999985 66.77053833 0.91764706 0.34509804 0.04705882
v 35.64867020 -62.90999985 66.38315582 0.91764706 0.34509804 0.04705882
v 6.75133085 -62.90999985 66.38315582 0.91764706 0.34509804 0.04705882
v 35.68715286 -62.90999985 65.99241638 0.91764706 0.34509804 0.04705882
v 6.71284628 -62.90999985 65.99241638 0.91764706 0.34509804 0.04705882
v 35.70000076 -62.90999985 65.59999847 0.91764706 0.34509804 0.04705882
v 6.69999981 -62.90999985 65.59999847 0.91764706 0.34509804 0.04705882
v 35.70000076 -62.90999985 58.59999847 0.91764706 0.34509804 0.04705882
v 6.69999981 -62.90999985 58.59999847 0.91764706 0.34509804 0.04705882
v 35.68715286 -62.90999985 58.20758057 0.91764706 0.34509804 0.04705882
v 6.71284628 -62.90999985 58.20758057 0.91764706 0.34509804 0.04705882
v 35.64867020 -62.90999985 57.81684113 0.91764706 0.34509804 0.04705882
v 6.75133085 -62.90999985 57.81684113 0.91764706 0.34509804 0.04705882
v 35.58471298 -62.90999985 57.42945862 0.91764706 0.34509804 0.04705882
v 6.81528854 -62.90999985 57.42945862 0.91764706 0.34509804 0.04705882
v 35.49555588 -62.90999985 57.04708481 0.91764706 0.34509804 0.04705882
v 6.90444517 -62.90999985 57.04708481 0.91764706 0.34509804 0.04705882
v 35.38158035 -62.90999985 56.67136383 0.91764706 0.34509804 0.04705882
v 7.01841927 -62.90999985 56.67136383 0.91764706 0.34509804 0.04705882
v 35.24327850 -62.90999985 56.30389786 0.91764706 0.34509804 0.04705882
v 7.15672302 -62.90999985 56.30389786 0.91764706 0.34509804 0.04705882
v 35.08123779 -62.90999985 55.94626617 0.91764706 0.34509804 0.04705882
v 7.31876373 -62.90999985 55.94626617 0.91764706 0.34509804 0.04705882
v 34.89615250 -62.90999985 55.59999847 0.91764706 0.34509804 0.04705882
v 7.50384760 -62.90999985 55.59999847 0.91764706 0.34509804 0.04705882
v 34.68881607 -62.90999985 55.26657867 0.91764706 0.34509804 0.04705882
v 7.71118212 -62.90999985 55.26657867 0.91764706 0.34509804 0.04705882
v 34.46012115 -62.90999985 54.94742966 0.91764706 0.34509804 0.04705882
v 7.93987989 -62.90999985 54.94742966 0.91764706 0.34509804 0.04705882
v 34.21104050 -62.90999985 54.64392471 0.91764706 0.34509804 0.04705882
v 8.18896103 -62.90999985 54.64392471 0.91764706 0.34509804 0.04705882
v 33.94264221 -62.90999985 54.35736084 0.91764706 0.34509804 0.04705882
v 8.45735931 -62.90999985 54.35736084 0.91764706 0.34509804 0.04705882
v 33.65607452 -62.90999985 54.08896255 0.91764706 0.34509804 0.04705882
v 8.74392509 -62.90999985 54.08896255 0.91764706 0.34509804 0.04705882
v 33.35256958 -62.90999985 53.83987808 0.91764706 0.34509804 0.04705882
v 9.04743099 -62.90999985 53.83987808 0.91764706 0.34509804 0.04705882
v 33.03342056 -62.90999985 53.61118317 0.91764706 0.34509804 0.04705882
v 9.36657906 -62.90999985 53.61118317 0.91764706 0.34509804 0.04705882
v 32.70000076 -62.90999985 53.40384674 0.91764706 0.34509804 0.04705882
v 9.69999981 -62.90999985 53.40384674 0.91764706 0.34509804 0.04705882
v 32.35373306 -62.90999985 53.21876526 0.91764706 0.34509804 0.04705882
v 10.04626751 -62.90999985 53.21876526 0.91764706 0.34509804 0.04705882
v 31.99610138 -62.90999985 53.05672455 0.91764706 0.34509804 0.04705882
v 10.40389919 -62.90999985 53.05672455 0.91764706 0.34509804 0.04705882
v 31.62863731 -62.90999985 52.91841888 0.91764706 0.34509804 0.04705882
v 10.77136326 -62.90999985 52.91841888 0.91764706 0.34509804 0.04705882
v 31.25291443 -62.90999985 52.80444336 0.91764706 0.34509804 0.04705882
v 11.14708614 -62.90999985 52.80444336 0.91764706 0.34509804 0.04705882
v 30.87054253 -62.90999985 52.71529007 0.91764706 0.34509804 0.04705882
v 11.52945805 -62.90999985 52.71529007 0.91764706 0.34509804 0.04705882
v 30.48315620 -62.90999985 52.65132904 0.91764706 0.34509804 0.04705882
v 11.91684246 -62.90999985 52.65132904 0.91764706 0.34509804 0.04705882
v 30.09241867 -62.90999985 52.61284637 0.91764706 0.34509804 0.04705882
v 12.30758095 -62.90999985 52.61284637 0.91764706 0.34509804 0.04705882
v 29.70000076 -62.90999985 52.59999847 0.91764706 0.34509804 0.04705882
v 12.69999981 -62.90999985 52.59999847 0.91764706 0.34509804 0.04705882
v 29.70000076 -107.51000214 62.09999847 0.91764706 0.34509804 0.04705882
v 21.20000076 -107.51000214 62.09999847 0.91764706 0.34509804 0.04705882
v 29.53667450 -107.51000214 60.44173050 0.91764706 0.34509804 0.04705882
v 29.70000076 -95.51000214 62.09999847 0.91764706 0.34509804 0.04705882
v 29.53667450 -95.51000214 60.44173050 0.91764706 0.34509804 0.04705882
v 21.20000076 -95.51000214 62.09999847 0.91764706 0.34509804 0.04705882
v 29.05297661 -107.51000214 58.84719086 0.91764706 0.34509804 0.04705882
v 29.05297661 -95.51000214 58.84719086 0.91764706 0.34509804 0.04705882
v 28.26749229 -107.51000214 57.37765121 0.91764706 0.34509804 0.04705882
v 28.26749229 -95.51000214 57.37765121 0.91764706 0.34509804 0.04705882
v 27.21040726 -107.51000214 56.08959198 0.91764706 0.34509804 0.04705882
v 27.21040726 -95.51000214 56.08959198 0.91764706 0.34509804 0.04705882
v 25.92234612 -107.51000214 55.03250885 0.91764706 0.34509804 0.04705882
v 25.92234612 -95.51000214 55.03250885 0.91764706 0.34509804 0.04705882
v 24.45280838 -107.51000214 54.24702454 0.91764706 0.34509804 0.04705882
v 24.45280838 -95.51000214 54.24702454 0.91764706 0.34509804 0.04705882
v 22.85826683 -107.51000214 53.76332474 0.91764706 0.34509804 0.04705882
v 22.85826683 -95.51000214 53.76332474 0.91764706 0.34509804 0.04705882
v 21.20000076 -107.51000214 53.59999847 0.91764706 0.34509804 0.04705882
v 21.20000076 -95.51000214 53.59999847 0.91764706 0.34509804 0.04705882
v 19.54173279 -107.51000214 53.76332474 0.91764706 0.34509804 0.04705882
v 19.54173279 -95.51000214 53.76332474 0.91764706 0.34509804 0.04705882
v 17.94719124 -107.51000214 54.24702454 0.91764706 0.34509804 0.04705882
v 17.94719124 -95.51000214 54.24702454 0.91764706 0.34509804 0.04705882
v 16.47765350 -107.51000214 55.03250885 0.91764706 0.34509804 0.04705882
v 16.47765350 -95.51000214 55.03250885 0.91764706 0.34509804 0.04705882
v 15.18959236 -107.51000214 56.08959198 0.91764706 0.34509804 0.04705882
v 15.18959236 -95.51000214 56.08959198 0.91764706 0.34509804 0.04705882
v 14.13250828 -107.51000214 57.37765121 0.91764706 0.34509804 0.04705882
v 14.13250828 -95.51000214 57.37765121 0.91764706 0.34509804 0.04705882
v 13.34702396 -107.51000214 58.84719086 0.91764706 0.34509804 0.04705882
v 13.34702396 -95.51000214 58.84719086 0.91764706 0.34509804 0.04705882
v 12.86332512 -107.51000214 60.44173050 0.91764706 0.34509804 0.04705882
v 12.86332512 -95.51000214 60.44173050 0.91764706 0.34509804 0.04705882
v 12.69999981 -107.51000214 62.09999847 0.91764706 0.34509804 0.04705882
v 12.69999981 -95.51000214 62.09999847 0.91764706 0.34509804 0.04705882
v 12.86332512 -107.51000214 63.75826645 0.91764706 0.34509804 0.04705882
v 12.86332512 -95.51000214 63.75826645 0.91764706 0.34509804 0.04705882
v 13.34702396 -107.51000214 65.35280609 0.91764706 0.34509804 0.04705882
v 13.34702396 -95.51000214 65.35280609 0.91764706 0.34509804 0.04705882
v 14.13250828 -107.51000214 66.82234955 0.91764706 0.34509804 0.04705882
v 14.13250828 -95.51000214 66.82234955 0.91764706 0.34509804 0.04705882
v 15.18959236 -107.51000214 68.11040497 0.91764706 0.34509804 0.04705882
v 15.18959236 -95.51000214 68.11040497 0.91764706 0.34509804 0.04705882
v 16.47765350 -107.51000214 69.16748810 0.91764706 0.34509804 0.04705882
v 16.47765350 -95.51000214 69.16748810 0.91764706 0.34509804 0.04705882
v 17.94719124 -107.51000214 69.95297241 0.91764706 0.34509804 0.04705882
v 17.94719124 -95.51000214 69.95297241 0.91764706 0.34509804 0.04705882
v 19.54173279 -107.51000214 70.43667603 0.91764706 0.34509804 0.04705882
v 19.54173279 -95.51000214 70.43667603 0.91764706 0.34509804 0.04705882
v 21.20000076 -107.51000214 70.59999847 0.91764706 0.34509804 0.04705882
v 21.20000076 -95.51000214 70.59999847 0.91764706 0.34509804 0.04705882
v 22.85826683 -107.51000214 70.43667603 0.91764706 0.34509804 0.04705882
v 22.85826683 -95.51000214 70.43667603 0.91764706 0.34509804 0.04705882
v 24.45280838 -107.51000214 69.95297241 0.91764706 0.34509804 0.04705882
v 24.45280838 -95.51000214 69.95297241 0.91764706 0.34509804 0.04705882
v 25.92234612 -107.51000214 69.16748810 0.91764706 0.34509804 0.04705882
v 25.92234612 -95.51000214 69.16748810 0.91764706 0.34509804 0.04705882
v 27.21040726 -107.51000214 68.11040497 0.91764706 0.34509804 0.04705882
v 27.21040726 -95.51000214 68.11040497 0.91764706 0.34509804 0.04705882
v 28.26749229 -107.51000214 66.82234955 0.91764706 0.34509804 0.04705882
v 28.26749229 -95.51000214 66.82234955 0.91764706 0.34509804 0.04705882
v 29.05297661 -107.51000214 65.35280609 0.91764706 0.34509804 0.04705882
v 29.05297661 -95.51000214 65.35280609 0.91764706 0.34509804 0.04705882
v 29.53667450 -107.51000214 63.75826645 0.91764706 0.34509804 0.04705882
v 29.53667450 -95.51000214 63.75826645 0.91764706 0.34509804 0.04705882
v 28.70000076 -165.91000366 62.09999847 0.91764706 0.34509804 0.04705882
v 21.20000076 -165.91000366 62.09999847 0.91764706 0.34509804 0.04705882
v 28.55588913 -165.91000366 60.63682175 0.91764706 0.34509804 0.04705882
v 28.70000076 -107.51000214 62.09999847 0.91764706 0.34509804 0.04705882
v 28.55588913 -107.51000214 60.63682175 0.91764706 0.34509804 0.04705882
v 28.12909698 -165.91000366 59.22987366 0.91764706 0.34509804 0.04705882
v 28.12909698 -107.51000214 59.22987366 0.91764706 0.34509804 0.04705882
v 27.43602180 -165.91000366 57.93322372 0.91764706 0.34509804 0.04705882
v 27.43602180 -107.51000214 57.93322372 0.91764706 0.34509804 0.04705882
v 26.50330162 -165.91000366 56.79669952 0.91764706 0.34509804 0.04705882
v 26.50330162 -107.51000214 56.79669952 0.91764706 0.34509804 0.04705882
v 25.36677742 -165.91000366 55.86397934 0.91764706 0.34509804 0.04705882
v 25.36677742 -107.51000214 55.86397934 0.91764706 0.34509804 0.04705882
v 24.07012558 -165.91000366 55.17090225 0.91764706 0.34509804 0.04705882
v 24.07012558 -107.51000214 55.17090225 0.91764706 0.34509804 0.04705882
v 22.66317749 -165.91000366 54.74411011 0.91764706 0.34509804 0.04705882
v 22.66317749 -107.51000214 54.74411011 0.91764706 0.34509804 0.04705882
v 21.20000076 -165.91000366 54.59999847 0.91764706 0.34509804 0.04705882
v 21.20000076 -107.51000214 54.59999847 0.91764706 0.34509804 0.04705882
v 19.73682213 -165.91000366 54.74411011 0.91764706 0.34509804 0.04705882
v 19.73682213 -107.51000214 54.74411011 0.91764706 0.34509804 0.04705882
v 18.32987404 -165.91000366 55.17090225 0.91764706 0.34509804 0.04705882
v 18.32987404 -107.51000214 55.17090225 0.91764706 0.34509804 0.04705882
v 17.03322411 -165.91000366 55.86397934 0.91764706 0.34509804 0.04705882
v 17.03322411 -107.51000214 55.86397934 0.91764706 0.34509804 0.04705882
v 15.89669895 -165.91000366 56.79669952 0.91764706 0.34509804 0.04705882
v 15.89669895 -107.51000214 56.79669952 0.91764706 0.34509804 0.04705882
v 14.96397781 -165.91000366 57.93322372 0.91764706 0.34509804 0.04705882
v 14.96397781 -107.51000214 57.93322372 0.91764706 0.34509804 0.04705882
v 14.27090359 -165.91000366 59.22987366 0.91764706 0.34509804 0.04705882
v 14.27090359 -107.51000214 59.22987366 0.91764706 0.34509804 0.04705882
v 13.84411049 -165.91000366 60.63682175 0.91764706 0.34509804 0.04705882
v 13.84411049 -107.51000214 60.63682175 0.91764706 0.34509804 0.04705882
v 13.69999981 -165.91000366 62.09999847 0.91764706 0.34509804 0.04705882
v 13.69999981 -107.51000214 62.09999847 0.91764706 0.34509804 0.04705882
v 13.84411049 -165.91000366 63.56317902 0.91764706 0.34509804 0.04705882
v 13.84411049 -107.51000214 63.56317902 0.91764706 0.34509804 0.04705882
v 14.27090359 -165.91000366 64.97012329 0.91764706 0.34509804 0.04705882
v 14.27090359 -107.51000214 64.97012329 0.91764706 0.34509804 0.04705882
v 14.96397781 -165.91000366 66.26677704 0.91764706 0.34509804 0.04705882
v 14.96397781 -107.51000214 66.26677704 0.91764706 0.34509804 0.04705882
v 15.89669895 -165.91000366 67.40329742 0.91764706 0.34509804 0.04705882
v 15.89669895 -107.51000214 67.40329742 0.91764706 0.34509804 0.04705882
v 17.03322411 -165.91000366 68.33602142 0.91764706 0.34509804 0.04705882
v 17.03322411 -107.51000214 68.33602142 0.91764706 0.34509804 0.04705882
v 18.32987404 -165.91000366 69.02909851 0.91764706 0.34509804 0.04705882
v 18.32987404 -107.51000214 69.02909851 0.91764706 0.34509804 0.04705882
v 19.73682213 -165.91000366 69.45588684 0.91764706 0.34509804 0.04705882
v 19.73682213 -107.51000214 69.45588684 0.91764706 0.34509804 0.04705882
v 21.20000076 -165.91000366 69.59999847 0.91764706 0.34509804 0.04705882
v 21.20000076 -107.51000214 69.59999847 0.91764706 0.34509804 0.04705882
v 22.66317749 -165.91000366 69.45588684 0.91764706 0.34509804 0.04705882
v 22.66317749 -107.51000214 69.45588684 0.91764706 0.34509804 0.04705882
v 24.07012558 -165.91000366 69.02909851 0.91764706 0.34509804 0.04705882
v 24.07012558 -107.51000214 69.02909851 0.91764706 0.34509804 0.04705882
v 25.36677742 -165.91000366 68.33602142 0.91764706 0.34509804 0.04705882
v 25.36677742 -107.51000214 68.33602142 0.91764706 0.34509804 0.04705882
v 26.50330162 -165.91000366 67.40329742 0.91764706 0.34509804 0.04705882
v 26.50330162 -107.51000214 67.40329742 0.91764706 0.34509804 0.04705882
v 27.43602180 -165.91000366 66.26677704 0.91764706 0.34509804 0.04705882
v 27.43602180 -107.51000214 66.26677704 0.91764706 0.34509804 0.04705882
v 28.12909698 -165.91000366 64.97012329 0.91764706 0.34509804 0.04705882
v 28.12909698 -107.51000214 64.97012329 0.91764706 0.34509804 0.04705882
v 28.55588913 -165.91000366 63.56317902 0.91764706 0.34509804 0.04705882
v 28.55588913 -107.51000214 63.56317902 0.91764706 0.34509804 0.04705882
v -4.40387535 -106.34553528 45.00000000 0.00784314 0.51764706 0.78039216
v -4.69971180 -105.50008392 45.00000000 0.00784314 0.51764706 0.78039216
v -4.80000019 -104.61000061 45.00000000 0.00784314 0.51764706 0.78039216
v -9.86123848 -99.49117279 55.09360123 0.00784314 0.51764706 0.78039216
v -8.00000000 -99.09169769 54.51693726 0.00784314 0.51764706 0.78039216
v -4.80000019 -100.94261932 55.50090790 0.00784314 0.51764706 0.78039216
v -4.80000019 -99.09169769 54.51693726 0.00784314 0.51764706 0.78039216
v -4.09185839 -99.61000061 54.84999847 0.00784314 0.51764706 0.78039216
v -4.21854925 -100.24314880 55.36685181 0.00784314 0.51764706 0.78039216
v -4.32162952 -99.61000061 55.40471649 0.00784314 0.51764706 0.78039216
v -11.00000000 -89.67866516 49.12008667 0.00784314 0.51764706 0.78039216
v -4.80000019 -94.61000061 45.00000000 0.00784314 0.51764706 0.78039216
v -4.69971180 -93.71991730 45.00000000 0.00784314 0.51764706 0.78039216
v -4.40387535 -92.87446594 45.00000000 0.00784314 0.51764706 0.78039216
v -6.00000000 -88.86573029 48.71694946 0.00784314 0.51764706 0.78039216
v -14.75277710 -90.37070465 51.03805542 0.00784314 0.51764706 0.78039216
v -12.86123848 -90.07814026 49.69675064 0.00784314 0.51764706 0.78039216
v -16.08499718 -90.40784454 52.90360641 0.00784314 0.51764706 0.78039216
v -4.80000019 -94.61000061 51.94741058 0.00784314 0.51764706 0.78039216
v -4.21854925 -98.97685242 55.36685181 0.00784314 0.51764706 0.78039216
v -4.40387535 -92.87446594 50.95236206 0.00784314 0.51764706 0.78039216
v -4.69971180 -93.71991730 51.43709183 0.00784314 0.51764706 0.78039216
v -17.49072647 -78.64434052 45.66129303 0.00784314 0.51764706 0.78039216
v -16.98720551 -88.61835480 52.79040527 0.00784314 0.51764706 0.78039216
v -17.27851868 -88.69491577 54.55940628 0.00784314 0.51764706 0.78039216
v -17.22092438 -77.26239777 44.48076630 0.00784314 0.51764706 0.78039216
v -18.62130356 -77.30870056 45.80852890 0.00784314 0.51764706 0.78039216
v -18.90939522 -78.19693756 47.13645172 0.00784314 0.51764706 0.78039216
v -19.51950645 -77.12538910 47.32726669 0.00784314 0.51764706 0.78039216
v -19.60474205 -77.55617523 48.54485703 0.00784314 0.51764706 0.78039216
v -19.79555511 -77.16363525 48.94477844 0.00784314 0.51764706 0.78039216
v -19.52664948 -77.43081665 50.59790802 0.00784314 0.51764706 0.78039216
v -19.66806793 -76.35589600 50.62096024 0.00784314 0.51764706 0.78039216
v -19.19615173 -75.92568207 51.77022934 0.00784314 0.51764706 0.78039216
v -18.24264145 -76.05276489 53.00635529 0.00784314 0.51764706 0.78039216
v -17.31904793 -74.38985443 53.27947998 0.00784314 0.51764706 0.78039216
v -12.78932667 -88.18903351 48.61454010 0.00784314 0.51764706 0.78039216
v -11.00000000 -88.05279541 48.31381226 0.00784314 0.51764706 0.78039216
v -16.08499718 -88.50515747 51.00092316 0.00784314 0.51764706 0.78039216
v -14.59563637 -88.35283661 49.51937103 0.00784314 0.51764706 0.78039216
v -15.71806622 -78.44046783 44.45617294 0.00784314 0.51764706 0.78039216
v -15.63290882 -76.77206421 43.49104309 0.00784314 0.51764706 0.78039216
v -14.14669418 -77.72968292 43.75682449 0.00784314 0.51764706 0.78039216
v -13.87291813 -77.05729675 43.39709854 0.00784314 0.51764706 0.78039216
v -13.74031448 -77.17079926 43.44785309 0.00784314 0.51764706 0.78039216
v -15.65168667 -74.54106140 54.11471176 0.00784314 0.51764706 0.78039216
v -14.00000000 -73.16601562 53.64805222 0.00784314 0.51764706 0.78039216
v -16.98720551 -88.98435211 56.35029602 0.00784314 0.51764706 0.78039216
v -11.75277710 -99.78373718 56.43490601 0.00784314 0.51764706 0.78039216
v -13.08499718 -99.82086945 58.30045700 0.00784314 0.51764706 0.78039216
v -11.59563637 -101.30242157 58.45277405 0.00784314 0.51764706 0.78039216
v -13.62916470 -99.66740417 60.11658478 0.00784314 0.51764706 0.78039216
v -12.59619427 -101.00653839 60.25426483 0.00784314 0.51764706 0.78039216
v -13.08499718 -100.20157623 62.00341415 0.00784314 0.51764706 0.78039216
v -6.14758253 -104.34954834 58.76008224 0.00784314 0.51764706 0.78039216
v -4.80000019 -104.48399353 58.55377579 0.00784314 0.51764706 0.78039216
v -4.80000019 -104.61000061 58.67977905 0.00784314 0.51764706 0.78039216
v -8.33012676 -104.68712616 60.30774307 0.00784314 0.51764706 0.78039216
v -4.69971180 -105.50008392 59.54450607 0.00784314 0.51764706 0.78039216
v -4.40387535 -106.34553528 60.31515121 0.00784314 0.51764706 0.78039216
v -4.29527998 -106.51836395 60.46051788 0.00784314 0.51764706 0.78039216
v -6.14758253 -106.23478699 60.64531708 0.00784314 0.51764706 0.78039216
v -9.86123848 -101.12504578 56.72747040 0.00784314 0.51764706 0.78039216
v -4.80000019 -102.69142914 56.86220551 0.00784314 0.51764706 0.78039216
v -4.09185839 -100.76000214 56.00000000 0.00784314 0.51764706 0.78039216
v -4.32162952 -100.20528412 56.00000000 0.00784314 0.51764706 0.78039216
v -4.40000010 -99.61000061 56.00000000 0.00784314 0.51764706 0.78039216
v -4.21854925 -100.24314880 56.63314819 0.00784314 0.51764706 0.78039216
v -4.32162952 -99.61000061 56.59528351 0.00784314 0.51764706 0.78039216
v -4.09185839 -99.61000061 57.15000153 0.00784314 0.51764706 0.78039216
v -10.49519062 -104.55289459 64.55583191 0.00784314 0.51764706 0.78039216
v -10.90831280 -103.08748627 66.43724823 0.00784314 0.51764706 0.78039216
v -10.49519062 -101.20606995 67.90264893 0.00784314 0.51764706 0.78039216
v -7.75000000 -107.28369141 64.83658600 0.00784314 0.51764706 0.78039216
v -9.86730385 -104.72997284 62.46030045 0.00784314 0.51764706 0.78039216
v -8.14881039 -106.43946075 62.63605118 0.00784314 0.51764706 0.78039216
v -9.30330086 -106.09804535 64.71469116 0.00784314 0.51764706 0.78039216
v -6.06460810 -107.48348999 62.82505798 0.00784314 0.51764706 0.78039216
v -5.94114304 -108.02901459 64.91321564 0.00784314 0.51764706 0.78039216
v -8.14881039 -106.87873077 66.90869904 0.00784314 0.51764706 0.78039216
v -9.86730385 -105.16925049 66.73294067 0.00784314 0.51764706 0.78039216
v -6.06460810 -107.90579224 66.93262482 0.00784314 0.51764706 0.78039216
v -9.86730385 -99.11054230 68.07973480 0.00784314 0.51764706 0.78039216
v -13.98720455 -98.03138733 58.18725586 0.00784314 0.51764706 0.78039216
v -14.27851772 -98.10794067 59.95625687 0.00784314 0.51764706 0.78039216
v -13.98720455 -98.39738464 61.74714279 0.00784314 0.51764706 0.78039216
v -14.27851772 -96.60649872 61.45770645 0.00784314 0.51764706 0.78039216
v -4.32162952 -99.01471710 56.00000000 0.00784314 0.51764706 0.78039216
v -4.09185839 -98.45999908 56.00000000 0.00784314 0.51764706 0.78039216
v -4.21854925 -98.97685242 56.63314819 0.00784314 0.51764706 0.78039216
v -13.62916470 -96.76682281 63.01716232 0.00784314 0.51764706 0.78039216
v -13.08499718 -98.65365601 63.55133820 0.00784314 0.51764706 0.78039216
v -12.59619427 -96.90450287 64.35629272 0.00784314 0.51764706 0.78039216
v -12.46604633 -95.75087738 64.11494446 0.00784314 0.51764706 0.78039216
v -11.59563637 -95.10301208 64.65218353 0.00784314 0.51764706 0.78039216
v -10.55182076 -94.44406891 64.85402679 0.00784314 0.51764706 0.78039216
v -10.11064243 -94.25863647 64.97898102 0.00784314 0.51764706 0.78039216
v -8.33012676 -96.95798492 68.03688812 0.00784314 0.51764706 0.78039216
v -6.14758253 -95.41032410 67.69931030 0.00784314 0.51764706 0.78039216
v -4.80000019 -95.20401764 67.83375549 0.00784314 0.51764706 0.78039216
v -4.80000019 -94.61000061 67.20427704 0.00784314 0.51764706 0.78039216
v -9.74055862 -93.50502777 64.64085388 0.00784314 0.51764706 0.78039216
v -8.51367283 -93.07428741 64.60388184 0.00784314 0.51764706 0.78039216
v -8.24152565 -93.01935577 64.61697388 0.00784314 0.51764706 0.78039216
v -7.44262981 -92.58900452 64.37023926 0.00784314 0.51764706 0.78039216
v -5.23068476 -92.01871490 64.04326630 0.00784314 0.51764706 0.78039216
v -4.08711910 -92.37035370 64.70471954 0.00784314 0.51764706 0.78039216
v -4.40387535 -92.87446594 65.29425049 0.00784314 0.51764706 0.78039216
v -4.64595079 -93.56627655 66.13859558 0.00784314 0.51764706 0.78039216
v -4.69971180 -93.71991730 66.28732300 0.00784314 0.51764706 0.78039216
v -8.33012676 -105.57282257 68.92258453 0.00784314 0.51764706 0.78039216
v -6.14758253 -107.08339691 68.89942932 0.00784314 0.51764706 0.78039216
v -6.14758253 -105.54966736 70.43315887 0.00784314 0.51764706 0.78039216
v -4.40387535 -106.34553528 70.17926025 0.00784314 0.51764706 0.78039216
v -4.61043978 -105.75521088 70.70538330 0.00784314 0.51764706 0.78039216
v -4.69971180 -105.50008392 70.78888702 0.00784314 0.51764706 0.78039216
v -4.80000019 -104.61000061 71.12911987 0.00784314 0.51764706 0.78039216
v -9.86730385 -103.38317871 68.51900482 0.00784314 0.51764706 0.78039216
v -8.14881039 -103.55893707 70.22849274 0.00784314 0.51764706 0.78039216
v -9.30330086 -101.36492920 69.44780731 0.00784314 0.51764706 0.78039216
v -8.14881039 -99.28629303 69.78921509 0.00784314 0.51764706 0.78039216
v -7.75000000 -101.48683167 70.63344574 0.00784314 0.51764706 0.78039216
v -6.06460810 -103.58286285 71.25555420 0.00784314 0.51764706 0.78039216
v -4.80000019 -103.68137360 71.50833893 0.00784314 0.51764706 0.78039216
v -5.94114304 -101.56345367 71.37876892 0.00784314 0.51764706 0.78039216
v -6.06460810 -99.47529602 70.83325195 0.00784314 0.51764706 0.78039216
v -4.80000019 -99.42721558 71.07096863 0.00784314 0.51764706 0.78039216
v -4.80000019 -101.58723450 71.61003876 0.00784314 0.51764706 0.78039216
v -4.40387535 -106.34553528 81.00000000 0.00784314 0.51764706 0.78039216
v -4.69971180 -105.50008392 81.00000000 0.00784314 0.51764706 0.78039216
v -4.80000019 -104.61000061 81.00000000 0.00784314 0.51764706 0.78039216
v -6.14758253 -97.29555511 69.58454895 0.00784314 0.51764706 0.78039216
v -4.80000019 -97.16110992 69.79085541 0.00784314 0.51764706 0.78039216
v -4.80000019 -94.61000061 81.00000000 0.00784314 0.51764706 0.78039216
v -4.69971180 -93.71991730 81.00000000 0.00784314 0.51764706 0.78039216
v -4.40387535 -92.87446594 81.00000000 0.00784314 0.51764706 0.78039216
v -17.27851868 -87.19346619 56.06085587 0.00784314 0.51764706 0.78039216
v -16.62916565 -87.35379028 57.62031174 0.00784314 0.51764706 0.78039216
v -15.59619427 -87.49147034 58.95944595 0.00784314 0.51764706 0.78039216
v -14.59563637 -85.68997955 59.25533295 0.00784314 0.51764706 0.78039216
v -12.78932667 -85.85379028 60.16016769 0.00784314 0.51764706 0.78039216
v -11.00000000 -84.36415863 59.65461731 0.00784314 0.51764706 0.78039216
v -42.44306564 -58.02711868 36.44594955 0.00784314 0.51764706 0.78039216
v -51.12500000 -56.78550720 33.56242371 0.00784314 0.51764706 0.78039216
v -50.88889694 -57.01292801 33.58580399 0.00784314 0.51764706 0.78039216
v -51.09286118 -56.98171234 33.58259583 0.00784314 0.51764706 0.78039216
v -51.12500000 -53.97278595 33.27324295 0.00784314 0.51764706 0.78039216
v -51.27183151 -53.05059814 33.17843246 0.00784314 0.51764706 0.78039216
v -51.12500000 -57.07186890 36.34774017 0.00784314 0.51764706 0.78039216
v -51.09286118 -57.26807404 36.36791229 0.00784314 0.51764706 0.78039216
v -50.88889694 -57.29928589 36.37112045 0.00784314 0.51764706 0.78039216
v -51.12500000 -54.25914764 36.05856323 0.00784314 0.51764706 0.78039216
v -51.27183151 -53.33695602 35.96375275 0.00784314 0.51764706 0.78039216
v -52.97326660 -50.40609360 32.90655136 0.00784314 0.51764706 0.78039216
v -54.13488007 -47.98160172 32.65728760 0.00784314 0.51764706 0.78039216
v -54.22413635 -47.73765945 32.63220596 0.00784314 0.51764706 0.78039216
v -53.10374832 -50.18127441 32.88343430 0.00784314 0.51764706 0.78039216
v -51.66754532 -52.26108170 33.09726334 0.00784314 0.51764706 0.78039216
v -52.97326660 -50.69245529 35.69186783 0.00784314 0.51764706 0.78039216
v -53.10374832 -50.46763611 35.66875458 0.00784314 0.51764706 0.78039216
v -54.13488007 -48.26796341 35.44260406 0.00784314 0.51764706 0.78039216
v -54.22413635 -48.02402115 35.41752243 0.00784314 0.51764706 0.78039216
v -51.66754532 -52.54743958 35.88257980 0.00784314 0.51764706 0.78039216
v -45.66861343 -56.98986053 33.58343124 0.00784314 0.51764706 0.78039216
v -44.87882996 -57.09151840 33.59388351 0.00784314 0.51764706 0.78039216
v -42.44306564 -57.74075699 33.66063309 0.00784314 0.51764706 0.78039216
v -45.66861343 -57.27622223 36.36875153 0.00784314 0.51764706 0.78039216
v -44.87882996 -57.37788010 36.37919998 0.00784314 0.51764706 0.78039216
v -44.71461105 -50.65827942 35.68835449 0.00784314 0.51764706 0.78039216
v -44.37500000 -50.89482880 35.71267319 0.00784314 0.51764706 0.78039216
v -42.91368484 -51.57267761 35.78236389 0.00784314 0.51764706 0.78039216
v -44.68387604 -49.40066147 35.55905914 0.00784314 0.51764706 0.78039216
v -44.65117645 -48.06267166 35.42149734 0.00784314 0.51764706 0.78039216
v -42.93457794 -49.51070786 35.57036972 0.00784314 0.51764706 0.78039216
v -42.97690964 -48.77721024 35.49496078 0.00784314 0.51764706 0.78039216
v -39.75548553 -57.99736786 33.68701553 0.00784314 0.51764706 0.78039216
v -39.49451447 -57.99736786 33.68701553 0.00784314 0.51764706 0.78039216
v -42.18606186 -58.07219696 36.45058441 0.00784314 0.51764706 0.78039216
v -39.75548553 -58.28372955 36.47233200 0.00784314 0.51764706 0.78039216
v -39.49451447 -58.28372955 36.47233200 0.00784314 0.51764706 0.78039216
v -37.06393814 -58.07219696 36.45058441 0.00784314 0.51764706 0.78039216
v -36.80693436 -58.02711868 36.44594955 0.00784314 0.51764706 0.78039216
v -42.18606186 -57.78583527 33.66526794 0.00784314 0.51764706 0.78039216
v -37.06393814 -57.78583527 33.66526794 0.00784314 0.51764706 0.78039216
v -36.80693436 -57.74075699 33.66063309 0.00784314 0.51764706 0.78039216
v -39.14538193 -56.33699417 36.67715454 0.00784314 0.51764706 0.78039216
v -39.14538193 -55.88562393 36.22578049 0.00784314 0.51764706 0.78039216
v -39.53961182 -55.06921768 36.14184570 0.00784314 0.51764706 0.78039216
v -39.76998901 -55.09812164 36.59878540 0.00784314 0.51764706 0.78039216
v -39.65692902 -54.48889923 36.08218384 0.00784314 0.51764706 0.78039216
v -39.74993134 -53.81868362 36.01327896 0.00784314 0.51764706 0.78039216
v -39.65692902 -53.14846420 35.94437408 0.00784314 0.51764706 0.78039216
v -39.97166443 -53.87342834 36.54578400 0.00784314 0.51764706 0.78039216
v -38.11428452 -57.36268616 36.78260803 0.00784314 0.51764706 0.78039216
v -38.14846802 -57.03233719 36.34367752 0.00784314 0.51764706 0.78039216
v -37.70283508 -57.32060623 36.37331390 0.00784314 0.51764706 0.78039216
v -38.85559464 -56.32891846 36.27135849 0.00784314 0.51764706 0.78039216
v -36.10748291 -57.77735138 35.81079102 0.00784314 0.51764706 0.78039216
v -36.52023315 -57.95069885 36.43809509 0.00784314 0.51764706 0.78039216
v -41.64718628 -51.79482651 35.80520248 0.00784314 0.51764706 0.78039216
v -41.35624695 -51.98780441 35.82504272 0.00784314 0.51764706 0.78039216
v -40.74844742 -51.50639725 35.77555084 0.00784314 0.51764706 0.78039216
v -40.66915512 -52.04760361 35.83119202 0.00784314 0.51764706 0.78039216
v -40.68567276 -51.93485641 35.81959915 0.00784314 0.51764706 0.78039216
v -40.31504059 -51.92149353 35.81822586 0.00784314 0.51764706 0.78039216
v -40.25967789 -51.93549347 35.81966400 0.00784314 0.51764706 0.78039216
v -39.53961182 -52.56814575 35.88470840 0.00784314 0.51764706 0.78039216
v -39.47819901 -52.44096375 35.87163544 0.00784314 0.51764706 0.78039216
v -39.75029373 -52.10722733 35.83732224 0.00784314 0.51764706 0.78039216
v -39.75548553 -52.08606720 35.83514786 0.00784314 0.51764706 0.78039216
v -39.75289154 -52.06364441 35.83283997 0.00784314 0.51764706 0.78039216
v -39.66084671 -52.12759781 35.83941650 0.00784314 0.51764706 0.78039216
v -39.53882217 -52.12759781 35.83941650 0.00784314 0.51764706 0.78039216
v -39.53880310 -52.11778259 35.83840561 0.00784314 0.51764706 0.78039216
v -39.53881073 -52.12128830 35.83876801 0.00784314 0.51764706 0.78039216
v -39.75548553 -51.67384720 35.79276657 0.00784314 0.51764706 0.78039216
v -39.31928253 -52.11186981 35.83779907 0.00784314 0.51764706 0.78039216
v -39.50836945 -51.71552277 35.79705048 0.00784314 0.51764706 0.78039216
v -39.47875977 -51.57886887 35.78300095 0.00784314 0.51764706 0.78039216
v -39.31760406 -51.74769211 35.80035782 0.00784314 0.51764706 0.78039216
v -39.76998901 -52.63358307 36.34540558 0.00784314 0.51764706 0.78039216
v -39.69695663 -52.48754120 36.32466125 0.00784314 0.51764706 0.78039216
v -39.73414612 -52.50645447 36.50862503 0.00784314 0.51764706 0.78039216
v -40.36529160 -51.35013962 35.75948334 0.00784314 0.51764706 0.78039216
v -40.30492783 -51.36571503 35.76108551 0.00784314 0.51764706 0.78039216
v -40.64979553 -48.11532974 35.42691040 0.00784314 0.51764706 0.78039216
v -38.96997070 -52.08146667 35.83467484 0.00784314 0.51764706 0.78039216
v -38.58531570 -51.80937958 35.80670166 0.00784314 0.51764706 0.78039216
v -37.73587036 -51.20851517 35.74492645 0.00784314 0.51764706 0.78039216
v -36.33631516 -51.57267761 35.78236389 0.00784314 0.51764706 0.78039216
v -38.31034851 -47.82262039 35.39681625 0.00784314 0.51764706 0.78039216
v -36.88212585 -49.92459488 35.61292267 0.00784314 0.51764706 0.78039216
v -36.88640976 -49.40066528 35.55905914 0.00784314 0.51764706 0.78039216
v -36.87934494 -49.10344315 35.52849960 0.00784314 0.51764706 0.78039216
v -36.30582047 -49.50070953 35.56934357 0.00784314 0.51764706 0.78039216
v -36.34475327 -47.80893707 35.39541245 0.00784314 0.51764706 0.78039216
v -36.01956177 -48.21816254 35.43748474 0.00784314 0.51764706 0.78039216
v -34.44827271 -57.11207199 33.59599686 0.00784314 0.51764706 0.78039216
v -34.37274933 -57.08601379 33.59331894 0.00784314 0.51764706 0.78039216
v -33.44636154 -56.93585968 33.57788086 0.00784314 0.51764706 0.78039216
v -34.95250702 -57.38615417 34.96847153 0.00784314 0.51764706 0.78039216
v -34.37274933 -57.20509338 34.75153351 0.00784314 0.51764706 0.78039216
v -34.44827271 -57.23414993 34.78339767 0.00784314 0.51764706 0.78039216
v -33.67646408 -57.07238007 34.54682922 0.00784314 0.51764706 0.78039216
v -33.44636154 -57.03004456 34.49396896 0.00784314 0.51764706 0.78039216
v -31.33400536 -56.99204254 34.21414566 0.00784314 0.51764706 0.78039216
v -34.87500000 -50.89482880 35.71267319 0.00784314 0.51764706 0.78039216
v -35.64043808 -49.42811966 35.56188202 0.00784314 0.51764706 0.78039216
v -35.60787201 -49.43665695 35.56275940 0.00784314 0.51764706 0.78039216
v -34.70302963 -49.77689743 35.59774017 0.00784314 0.51764706 0.78039216
v -34.57683563 -49.70685959 35.59053802 0.00784314 0.51764706 0.78039216
v -35.58928680 -48.29245758 35.44512177 0.00784314 0.51764706 0.78039216
v -35.73071671 -47.74849701 35.38919830 0.00784314 0.51764706 0.78039216
v -35.72868347 -47.78636551 35.39308929 0.00784314 0.51764706 0.78039216
v -35.57778931 -47.83436203 35.39802551 0.00784314 0.51764706 0.78039216
v -35.52113342 -48.02513123 35.41763687 0.00784314 0.51764706 0.78039216
v -35.51071930 -47.85569763 35.40021896 0.00784314 0.51764706 0.78039216
v -34.17520142 -49.81211472 35.60136032 0.00784314 0.51764706 0.78039216
v -33.55421448 -49.97485352 35.61809158 0.00784314 0.51764706 0.78039216
v -33.27415848 -49.69626617 35.58945084 0.00784314 0.51764706 0.78039216
v -33.74872971 -48.61026001 35.47779465 0.00784314 0.51764706 0.78039216
v -33.56143570 -48.49994278 35.46645355 0.00784314 0.51764706 0.78039216
v -33.53475952 -48.48423386 35.46483994 0.00784314 0.51764706 0.78039216
v -39.52211380 -56.23074722 37.93447495 0.00784314 0.51764706 0.78039216
v -39.14538193 -56.60055923 39.24074173 0.00784314 0.51764706 0.78039216
v -39.97166443 -55.15112305 37.82347870 0.00784314 0.51764706 0.78039216
v -40.12500000 -53.99254227 37.70436478 0.00784314 0.51764706 0.78039216
v -39.76998901 -55.35150528 39.06332397 0.00784314 0.51764706 0.78039216
v -39.52211380 -54.22265625 39.94256592 0.00784314 0.51764706 0.78039216
v -39.97166443 -54.11166000 38.86294174 0.00784314 0.51764706 0.78039216
v -39.76998901 -52.88696671 38.80994415 0.00784314 0.51764706 0.78039216
v -39.14538193 -52.85954666 39.94302750 0.00784314 0.51764706 0.78039216
v -38.80698013 -57.15784073 38.02978897 0.00784314 0.51764706 0.78039216
v -37.87500000 -57.86922455 38.10292816 0.00784314 0.51764706 0.78039216
v -38.11428452 -57.62625122 39.34619141 0.00784314 0.51764706 0.78039216
v -39.14538193 -55.52891922 40.31238174 0.00784314 0.51764706 0.78039216
v -39.14538193 -52.96533585 40.04881668 0.00784314 0.51764706 0.78039216
v -38.22307587 -56.84270859 40.55452728 0.00784314 0.51764706 0.78039216
v -38.11428452 -55.63437271 41.33806992 0.00784314 0.51764706 0.78039216
v -36.86376572 -55.64872742 41.95430756 0.00784314 0.51764706 0.78039216
v -38.80698013 -54.31797028 40.86965942 0.00784314 0.51764706 0.78039216
v -39.07746506 -52.87023163 40.04692078 0.00784314 0.51764706 0.78039216
v -38.11428452 -53.07078552 41.07450485 0.00784314 0.51764706 0.78039216
v -38.12229919 -52.96791840 40.99708176 0.00784314 0.51764706 0.78039216
v -38.01785660 -52.97486115 41.06464386 0.00784314 0.51764706 0.78039216
v -37.87500000 -54.39110947 41.58104324 0.00784314 0.51764706 0.78039216
v -36.78968430 -54.43708420 42.02824020 0.00784314 0.51764706 0.78039216
v -36.86376572 -53.18418884 41.70092773 0.00784314 0.51764706 0.78039216
v -36.86958694 -53.03127289 41.61332703 0.00784314 0.51764706 0.78039216
v -36.68465042 -53.03507614 41.65032196 0.00784314 0.51764706 0.78039216
v -39.97166443 -52.83396530 37.58525085 0.00784314 0.51764706 0.78039216
v -39.88041687 -52.61482620 37.56272125 0.00784314 0.51764706 0.78039216
v -39.73414612 -52.72319794 38.61681366 0.00784314 0.51764706 0.78039216
v -39.69695663 -52.74211121 38.80078125 0.00784314 0.51764706 0.78039216
v -35.62500000 -53.27850723 41.90912247 0.00784314 0.51764706 0.78039216
v -35.62500000 -53.05003738 41.79582214 0.00784314 0.51764706 0.78039216
v -34.08115387 -53.05960464 41.88890457 0.00784314 0.51764706 0.78039216
v -33.56926346 -53.06085587 41.90107346 0.00784314 0.51764706 0.78039216
v -31.68915176 -53.89123917 42.40421295 0.00784314 0.51764706 0.78039216
v -54.85561752 -45.39329147 32.39117813 0.00784314 0.51764706 0.78039216
v -54.90093613 -45.13763428 32.36489487 0.00784314 0.51764706 0.78039216
v -55.11358261 -42.71979904 32.11631393 0.00784314 0.51764706 0.78039216
v -54.85561752 -45.67964935 35.17649841 0.00784314 0.51764706 0.78039216
v -54.90093613 -45.42399597 35.15021515 0.00784314 0.51764706 0.78039216
v -55.11358261 -43.00616074 34.90163422 0.00784314 0.51764706 0.78039216
v -55.11358261 -42.74655914 34.87494278 0.00784314 0.51764706 0.78039216
v -48.85947037 -44.52392197 35.05767441 0.00784314 0.51764706 0.78039216
v -48.93441391 -43.67179871 34.97006989 0.00784314 0.51764706 0.78039216
v -49.00000000 -42.92609787 34.89340210 0.00784314 0.51764706 0.78039216
v -49.00000000 -42.82662201 34.88317490 0.00784314 0.51764706 0.78039216
v -55.11358261 -42.46020126 32.08962631 0.00784314 0.51764706 0.78039216
v -54.90093613 -40.04236603 31.84104729 0.00784314 0.51764706 0.78039216
v -54.85561752 -39.78670883 31.81476212 0.00784314 0.51764706 0.78039216
v -54.90093613 -40.32872772 34.62636566 0.00784314 0.51764706 0.78039216
v -54.85561752 -40.07307053 34.60008240 0.00784314 0.51764706 0.78039216
v -54.22413635 -37.72870255 34.35905457 0.00784314 0.51764706 0.78039216
v -54.13488007 -37.48475647 34.33397293 0.00784314 0.51764706 0.78039216
v -42.86769104 -44.43029785 32.29217529 0.00784314 0.51764706 0.78039216
v -43.22733307 -43.56660080 32.20337677 0.00784314 0.51764706 0.78039216
v -43.34999847 -42.63973618 32.10808563 0.00784314 0.51764706 0.78039216
v -48.44215775 -46.07319641 35.21695709 0.00784314 0.51764706 0.78039216
v -48.70240021 -42.91834641 34.89260483 0.00784314 0.51764706 0.78039216
v -48.67415619 -42.82662201 34.88317490 0.00784314 0.51764706 0.78039216
v -46.64324188 -43.61424255 34.96415329 0.00784314 0.51764706 0.78039216
v -44.59206772 -45.64408112 35.17284012 0.00784314 0.51764706 0.78039216
v -44.58617401 -45.40291595 35.14804459 0.00784314 0.51764706 0.78039216
v -44.61869049 -46.73337936 35.28483200 0.00784314 0.51764706 0.78039216
v -44.57382202 -44.89757919 35.09609222 0.00784314 0.51764706 0.78039216
v -44.54257965 -43.61912155 34.96465302 0.00784314 0.51764706 0.78039216
v -43.21189499 -44.70558929 35.07635498 0.00784314 0.51764706 0.78039216
v -43.21714783 -44.61462402 35.06700134 0.00784314 0.51764706 0.78039216
v -43.88708115 -44.40247345 35.04518890 0.00784314 0.51764706 0.78039216
v -43.23946762 -44.22787476 35.02724075 0.00784314 0.51764706 0.78039216
v -43.07096863 -44.71012115 35.07682037 0.00784314 0.51764706 0.78039216
v -43.07476425 -44.65283966 35.07093048 0.00784314 0.51764706 0.78039216
v -42.86769104 -44.71665955 35.07749176 0.00784314 0.51764706 0.78039216
v -43.22733307 -43.85296249 34.98869324 0.00784314 0.51764706 0.78039216
v -43.34999847 -42.92609787 34.89340210 0.00784314 0.51764706 0.78039216
v -43.34999847 -42.82662201 34.88317490 0.00784314 0.51764706 0.78039216
v -43.32934570 -42.67055511 34.86713028 0.00784314 0.51764706 0.78039216
v -43.22733307 -41.61339951 32.00256729 0.00784314 0.51764706 0.78039216
v -42.86769104 -40.74969864 31.91376877 0.00784314 0.51764706 0.78039216
v -43.34999847 -42.54026031 32.09785843 0.00784314 0.51764706 0.78039216
v -48.20609665 -41.30663681 34.72690582 0.00784314 0.51764706 0.78039216
v -46.37630844 -41.94895172 34.79294205 0.00784314 0.51764706 0.78039216
v -47.79048920 -39.95697784 34.58814621 0.00784314 0.51764706 0.78039216
v -47.76073456 -38.22587585 34.41016769 0.00784314 0.51764706 0.78039216
v -47.29224777 -38.33897781 34.42179871 0.00784314 0.51764706 0.78039216
v -44.49686432 -41.74851990 34.77233505 0.00784314 0.51764706 0.78039216
v -44.47868347 -41.00471115 34.69586182 0.00784314 0.51764706 0.78039216
v -43.37752151 -41.83581543 34.78131104 0.00784314 0.51764706 0.78039216
v -43.22733307 -41.89976120 34.78788376 0.00784314 0.51764706 0.78039216
v -43.25732422 -41.89618683 34.78751755 0.00784314 0.51764706 0.78039216
v -43.33194351 -40.76943207 34.67167282 0.00784314 0.51764706 0.78039216
v -42.86769104 -41.03606033 34.69908524 0.00784314 0.51764706 0.78039216
v -42.78421021 -37.61160660 34.34701538 0.00784314 0.51764706 0.78039216
v -54.22413635 -37.44234085 31.57373619 0.00784314 0.51764706 0.78039216
v -54.13488007 -37.19839859 31.54865646 0.00784314 0.51764706 0.78039216
v -53.10374832 -34.99872589 31.32250595 0.00784314 0.51764706 0.78039216
v -52.97326660 -34.77390289 31.29939270 0.00784314 0.51764706 0.78039216
v -51.66754532 -32.91891861 31.10867882 0.00784314 0.51764706 0.78039216
v -53.10374832 -35.28508759 34.10782242 0.00784314 0.51764706 0.78039216
v -52.97326660 -35.06026459 34.08470917 0.00784314 0.51764706 0.78039216
v -51.66754532 -33.20528030 33.89399719 0.00784314 0.51764706 0.78039216
v -51.25608444 -32.36608887 33.80772018 0.00784314 0.51764706 0.78039216
v -51.25608444 -32.07972717 31.02240181 0.00784314 0.51764706 0.78039216
v -51.12500000 -31.20721245 30.93269730 0.00784314 0.51764706 0.78039216
v -51.12500000 -28.23486710 30.62710762 0.00784314 0.51764706 0.78039216
v -51.09271622 -28.03211212 30.60626411 0.00784314 0.51764706 0.78039216
v -50.88889313 -28.00000000 30.60296249 0.00784314 0.51764706 0.78039216
v -51.12500000 -28.52122688 33.41242599 0.00784314 0.51764706 0.78039216
v -51.09271622 -28.31847382 33.39158249 0.00784314 0.51764706 0.78039216
v -50.88889313 -28.28636169 33.38827896 0.00784314 0.51764706 0.78039216
v -51.12500000 -31.49357414 33.71801758 0.00784314 0.51764706 0.78039216
v -46.83591080 -36.91201401 34.27508926 0.00784314 0.51764706 0.78039216
v -46.26585007 -36.34494019 34.21678925 0.00784314 0.51764706 0.78039216
v -44.35950470 -36.12806320 34.19449234 0.00784314 0.51764706 0.78039216
v -43.77428436 -34.96105576 34.07450867 0.00784314 0.51764706 0.78039216
v -43.15701675 -35.06706238 34.08541107 0.00784314 0.51764706 0.78039216
v -44.37500000 -34.85789108 34.06390381 0.00784314 0.51764706 0.78039216
v -44.32865524 -34.86585236 34.06472397 0.00784314 0.51764706 0.78039216
v -43.79574585 -34.58919907 34.03627777 0.00784314 0.51764706 0.78039216
v -44.94182968 -28.00000000 30.60296249 0.00784314 0.51764706 0.78039216
v -44.16537476 -27.89831352 30.59250641 0.00784314 0.51764706 0.78039216
v -42.44306564 -27.43924332 30.54530907 0.00784314 0.51764706 0.78039216
v -44.94182968 -28.28636169 33.38827896 0.00784314 0.51764706 0.78039216
v -44.16537476 -28.18467331 33.37782669 0.00784314 0.51764706 0.78039216
v -42.44306564 -27.72560310 33.33062744 0.00784314 0.51764706 0.78039216
v -42.29558563 -45.17197418 32.36842728 0.00784314 0.51764706 0.78039216
v -41.54999924 -45.74108124 32.42693710 0.00784314 0.51764706 0.78039216
v -40.68174744 -46.09883881 32.46371841 0.00784314 0.51764706 0.78039216
v -39.75000000 -46.22085953 32.47626114 0.00784314 0.51764706 0.78039216
v -39.50000000 -46.22085953 32.47626114 0.00784314 0.51764706 0.78039216
v -38.56825256 -46.09883881 32.46371841 0.00784314 0.51764706 0.78039216
v -37.70000076 -45.74108124 32.42693710 0.00784314 0.51764706 0.78039216
v -36.95441437 -45.17197418 32.36842728 0.00784314 0.51764706 0.78039216
v -36.38230896 -44.43029785 32.29217529 0.00784314 0.51764706 0.78039216
v -36.02266693 -43.56660080 32.20337677 0.00784314 0.51764706 0.78039216
v -41.54999924 -46.02744293 35.21225357 0.00784314 0.51764706 0.78039216
v -42.29558563 -45.45833588 35.15374374 0.00784314 0.51764706 0.78039216
v -40.80441284 -46.35728073 35.24616623 0.00784314 0.51764706 0.78039216
v -40.68174744 -46.38519669 35.24903488 0.00784314 0.51764706 0.78039216
v -41.36545563 -47.29510498 35.34258270 0.00784314 0.51764706 0.78039216
v -40.77911377 -46.64495468 35.27574158 0.00784314 0.51764706 0.78039216
v -40.61797714 -47.42417145 35.35585403 0.00784314 0.51764706 0.78039216
v -40.67774963 -46.67156219 35.27847672 0.00784314 0.51764706 0.78039216
v -39.75548553 -46.78697586 35.29034424 0.00784314 0.51764706 0.78039216
v -39.75143814 -46.66150284 35.27744293 0.00784314 0.51764706 0.78039216
v -39.75548553 -46.50650406 35.26150513 0.00784314 0.51764706 0.78039216
v -39.75000000 -46.50722122 35.26158142 0.00784314 0.51764706 0.78039216
v -39.52872086 -46.50722122 35.26158142 0.00784314 0.51764706 0.78039216
v -39.48204422 -46.55279541 35.26626587 0.00784314 0.51764706 0.78039216
v -39.50000000 -46.50722122 35.26158142 0.00784314 0.51764706 0.78039216
v -39.21945953 -46.59960938 35.27108002 0.00784314 0.51764706 0.78039216
v -39.22131348 -46.47072601 35.25782776 0.00784314 0.51764706 0.78039216
v -38.56825256 -46.38519669 35.24903488 0.00784314 0.51764706 0.78039216
v -37.70000076 -46.02744293 35.21225357 0.00784314 0.51764706 0.78039216
v -37.31821060 -46.17610931 35.22753906 0.00784314 0.51764706 0.78039216
v -36.86711121 -45.49137878 35.15714264 0.00784314 0.51764706 0.78039216
v -36.95441437 -45.45833588 35.15374374 0.00784314 0.51764706 0.78039216
v -36.37840652 -46.34650421 35.24505615 0.00784314 0.51764706 0.78039216
v -38.65473938 -47.20258331 35.33307266 0.00784314 0.51764706 0.78039216
v -38.35374832 -47.07661819 35.32012177 0.00784314 0.51764706 0.78039216
v -38.97967911 -46.67856979 35.27919769 0.00784314 0.51764706 0.78039216
v -38.36315536 -46.91497040 35.30350113 0.00784314 0.51764706 0.78039216
v -37.93217087 -47.39225388 35.35257339 0.00784314 0.51764706 0.78039216
v -37.95934677 -47.04568100 35.31694031 0.00784314 0.51764706 0.78039216
v -37.17263794 -47.42741013 35.35618591 0.00784314 0.51764706 0.78039216
v -37.18476105 -47.32320023 35.34547043 0.00784314 0.51764706 0.78039216
v -36.90061188 -47.66302872 35.38040924 0.00784314 0.51764706 0.78039216
v -36.87448883 -47.66988754 35.38111496 0.00784314 0.51764706 0.78039216
v -36.90226746 -47.46038055 35.35957718 0.00784314 0.51764706 0.78039216
v -36.87364960 -47.42216110 35.35564804 0.00784314 0.51764706 0.78039216
v -36.90306854 -47.36242676 35.34950638 0.00784314 0.51764706 0.78039216
v -37.27164841 -46.57632828 35.26868439 0.00784314 0.51764706 0.78039216
v -36.87242889 -47.06182861 35.31859970 0.00784314 0.51764706 0.78039216
v -36.90563583 -47.04858017 35.31723785 0.00784314 0.51764706 0.78039216
v -36.91054535 -46.44760513 35.25545120 0.00784314 0.51764706 0.78039216
v -36.87042236 -46.46895981 35.25764847 0.00784314 0.51764706 0.78039216
v -36.34789658 -47.67235947 35.38137054 0.00784314 0.51764706 0.78039216
v -36.35084534 -47.54428101 35.36820221 0.00784314 0.51764706 0.78039216
v -36.35721588 -47.26740265 35.33973694 0.00784314 0.51764706 0.78039216
v -36.38230896 -44.71665955 35.07749176 0.00784314 0.51764706 0.78039216
v -35.93956757 -43.86286163 34.98971176 0.00784314 0.51764706 0.78039216
v -36.02266693 -43.85296249 34.98869324 0.00784314 0.51764706 0.78039216
v -42.29558563 -40.00802612 31.83751678 0.00784314 0.51764706 0.78039216
v -41.54999924 -39.43891907 31.77900505 0.00784314 0.51764706 0.78039216
v -40.68174744 -39.08116150 31.74222374 0.00784314 0.51764706 0.78039216
v -39.75000000 -38.95913696 31.72967911 0.00784314 0.51764706 0.78039216
v -39.50000000 -38.95913696 31.72967911 0.00784314 0.51764706 0.78039216
v -36.02266693 -41.61339951 32.00256729 0.00784314 0.51764706 0.78039216
v -36.38230896 -40.74969864 31.91376877 0.00784314 0.51764706 0.78039216
v -38.56825256 -39.08116150 31.74222374 0.00784314 0.51764706 0.78039216
v -37.70000076 -39.43891907 31.77900505 0.00784314 0.51764706 0.78039216
v -36.95441437 -40.00802612 31.83751678 0.00784314 0.51764706 0.78039216
v -42.29558563 -40.29438782 34.62283325 0.00784314 0.51764706 0.78039216
v -41.54999924 -39.72528076 34.56432343 0.00784314 0.51764706 0.78039216
v -41.23959732 -39.59738159 34.55117416 0.00784314 0.51764706 0.78039216
v -41.27670670 -39.13013458 34.50313568 0.00784314 0.51764706 0.78039216
v -41.31335831 -38.66868591 34.45569611 0.00784314 0.51764706 0.78039216
v -41.51221848 -38.30944061 34.41876221 0.00784314 0.51764706 0.78039216
v -41.33826065 -38.35510254 34.42345428 0.00784314 0.51764706 0.78039216
v -40.68174744 -39.36752319 34.52754211 0.00784314 0.51764706 0.78039216
v -39.75000000 -39.24549866 34.51499557 0.00784314 0.51764706 0.78039216
v -39.75548553 -39.24621964 34.51507187 0.00784314 0.51764706 0.78039216
v -39.75548553 -39.20396423 34.51072693 0.00784314 0.51764706 0.78039216
v -39.75302124 -39.16501617 34.50672150 0.00784314 0.51764706 0.78039216
v -39.75548553 -39.08957291 34.49896622 0.00784314 0.51764706 0.78039216
v -39.48682022 -39.24722672 34.51517487 0.00784314 0.51764706 0.78039216
v -39.50000000 -39.24549866 34.51499557 0.00784314 0.51764706 0.78039216
v -39.51567459 -39.24549866 34.51499557 0.00784314 0.51764706 0.78039216
v -39.51566696 -39.24051666 34.51448441 0.00784314 0.51764706 0.78039216
v -39.75548553 -38.13456726 34.40078354 0.00784314 0.51764706 0.78039216
v -39.71605301 -37.74310303 34.36053467 0.00784314 0.51764706 0.78039216
v -35.96133423 -42.36318970 34.83552933 0.00784314 0.51764706 0.78039216
v -36.04840469 -41.83794785 34.78152847 0.00784314 0.51764706 0.78039216
v -36.02266693 -41.89976120 34.78788376 0.00784314 0.51764706 0.78039216
v -36.95441437 -40.29438782 34.62283325 0.00784314 0.51764706 0.78039216
v -36.38230896 -41.03606033 34.69908524 0.00784314 0.51764706 0.78039216
v -36.09100342 -41.04543304 34.70005035 0.00784314 0.51764706 0.78039216
v -36.51625061 -40.35676193 34.62924576 0.00784314 0.51764706 0.78039216
v -36.12502670 -40.41245651 34.63497162 0.00784314 0.51764706 0.78039216
v -38.56122589 -39.37041855 34.52783966 0.00784314 0.51764706 0.78039216
v -38.56133270 -39.36909866 34.52770615 0.00784314 0.51764706 0.78039216
v -38.80405807 -39.33664322 34.52436829 0.00784314 0.51764706 0.78039216
v -38.80637741 -39.29679871 34.52027130 0.00784314 0.51764706 0.78039216
v -38.56825256 -39.36752319 34.52754211 0.00784314 0.51764706 0.78039216
v -38.08723450 -39.56572342 34.54792023 0.00784314 0.51764706 0.78039216
v -37.70000076 -39.72528076 34.56432343 0.00784314 0.51764706 0.78039216
v -38.22294235 -38.39918518 34.42798615 0.00784314 0.51764706 0.78039216
v -38.30249023 -37.71541595 34.35768890 0.00784314 0.51764706 0.78039216
v -36.96425247 -39.87661743 34.57988358 0.00784314 0.51764706 0.78039216
v -36.84817123 -39.90049362 34.58233643 0.00784314 0.51764706 0.78039216
v -36.96731186 -39.50244522 34.54141235 0.00784314 0.51764706 0.78039216
v -36.84693146 -39.53404236 34.54466248 0.00784314 0.51764706 0.78039216
v -36.52522278 -39.96692657 34.58916855 0.00784314 0.51764706 0.78039216
v -36.15162659 -39.91755676 34.58409119 0.00784314 0.51764706 0.78039216
v -36.55467224 -38.68724060 34.45760345 0.00784314 0.51764706 0.78039216
v -36.24095154 -38.25568008 34.41323471 0.00784314 0.51764706 0.78039216
v -35.90000153 -42.63973618 32.10808563 0.00784314 0.51764706 0.78039216
v -35.83095932 -45.88355255 35.19746017 0.00784314 0.51764706 0.78039216
v -35.37683868 -45.67700577 35.17622375 0.00784314 0.51764706 0.78039216
v -35.51208496 -45.21644974 35.12887573 0.00784314 0.51764706 0.78039216
v -35.47126389 -47.21361923 35.33420563 0.00784314 0.51764706 0.78039216
v -35.76795578 -47.05571365 35.31797028 0.00784314 0.51764706 0.78039216
v -35.54549408 -46.54758453 35.26573181 0.00784314 0.51764706 0.78039216
v -35.88720322 -44.83714294 35.08987808 0.00784314 0.51764706 0.78039216
v -35.33350754 -44.97188568 35.10373306 0.00784314 0.51764706 0.78039216
v -35.28407288 -44.16741943 35.02102280 0.00784314 0.51764706 0.78039216
v -35.46865463 -43.48600388 34.95096588 0.00784314 0.51764706 0.78039216
v -35.90000153 -42.92609787 34.89340210 0.00784314 0.51764706 0.78039216
v -35.90000153 -42.82662201 34.88317490 0.00784314 0.51764706 0.78039216
v -35.45460510 -42.92609787 34.89340210 0.00784314 0.51764706 0.78039216
v -35.21991348 -43.12333298 34.91368103 0.00784314 0.51764706 0.78039216
v -30.80784416 -46.07319641 35.21695709 0.00784314 0.51764706 0.78039216
v -31.78719711 -47.45492172 35.35901260 0.00784314 0.51764706 0.78039216
v -31.74498749 -47.43005753 35.35645676 0.00784314 0.51764706 0.78039216
v -31.70193863 -47.40470505 35.35385132 0.00784314 0.51764706 0.78039216
v -30.39052773 -44.52392197 35.05767441 0.00784314 0.51764706 0.78039216
v -30.25000000 -42.92609787 34.89340210 0.00784314 0.51764706 0.78039216
v -35.90000153 -42.54026031 32.09785843 0.00784314 0.51764706 0.78039216
v -35.44189453 -42.41968536 34.84133911 0.00784314 0.51764706 0.78039216
v -35.15421295 -42.05416489 34.80375671 0.00784314 0.51764706 0.78039216
v -35.11439896 -41.40627670 34.73714828 0.00784314 0.51764706 0.78039216
v -35.38621521 -40.20121384 34.61325455 0.00784314 0.51764706 0.78039216
v -35.03848267 -40.17090988 34.61013794 0.00784314 0.51764706 0.78039216
v -34.88302231 -37.64107513 34.35004425 0.00784314 0.51764706 0.78039216
v -31.48926544 -38.22587585 34.41016769 0.00784314 0.51764706 0.78039216
v -41.55753326 -35.59430313 34.13961411 0.00784314 0.51764706 0.78039216
v -39.75340652 -37.33517838 34.31859589 0.00784314 0.51764706 0.78039216
v -39.67044067 -37.35691833 34.32083130 0.00784314 0.51764706 0.78039216
v -39.71964264 -36.80765152 34.26435852 0.00784314 0.51764706 0.78039216
v -39.75548553 -36.80147552 34.26372528 0.00784314 0.51764706 0.78039216
v -39.75548553 -35.65122986 34.14546967 0.00784314 0.51764706 0.78039216
v -41.64360809 -34.51051331 34.02819061 0.00784314 0.51764706 0.78039216
v -41.35624695 -33.76491547 33.95153427 0.00784314 0.51764706 0.78039216
v -39.75548553 -34.71920395 34.04964447 0.00784314 0.51764706 0.78039216
v -39.29811096 -34.79728317 34.05767441 0.00784314 0.51764706 0.78039216
v -39.75548553 -34.03486252 33.97928619 0.00784314 0.51764706 0.78039216
v -39.75548553 -33.62560272 33.93721008 0.00784314 0.51764706 0.78039216
v -39.75000000 -33.62512589 33.93716049 0.00784314 0.51764706 0.78039216
v -39.70246887 -33.63285065 33.93795776 0.00784314 0.51764706 0.78039216
v -39.70253754 -33.62512589 33.93716049 0.00784314 0.51764706 0.78039216
v -39.50564957 -33.66484451 33.94124603 0.00784314 0.51764706 0.78039216
v -39.49048996 -33.62679291 33.93733215 0.00784314 0.51764706 0.78039216
v -39.50000000 -33.62512589 33.93716049 0.00784314 0.51764706 0.78039216
v -38.45491028 -36.40524292 34.22298813 0.00784314 0.51764706 0.78039216
v -39.04550934 -35.18653488 34.09769058 0.00784314 0.51764706 0.78039216
v -38.58267975 -35.30696106 34.11007309 0.00784314 0.51764706 0.78039216
v -36.98548508 -37.27878952 34.31279755 0.00784314 0.51764706 0.78039216
v -36.83776474 -36.82792282 34.26644516 0.00784314 0.51764706 0.78039216
v -36.58549881 -37.34771347 34.31988525 0.00784314 0.51764706 0.78039216
v -36.61211777 -36.19105911 34.20096970 0.00784314 0.51764706 0.78039216
v -36.99491501 -36.12532043 34.19421005 0.00784314 0.51764706 0.78039216
v -36.83415604 -35.76192474 34.15684891 0.00784314 0.51764706 0.78039216
v -36.83134460 -34.93235779 34.07155991 0.00784314 0.51764706 0.78039216
v -36.36847305 -35.88309097 34.16930389 0.00784314 0.51764706 0.78039216
v -36.63372421 -35.25214005 34.10443878 0.00784314 0.51764706 0.78039216
v -36.63994598 -34.98173904 34.07663727 0.00784314 0.51764706 0.78039216
v -38.91471100 -34.86273575 34.06440353 0.00784314 0.51764706 0.78039216
v -39.09426880 -34.34851456 34.01153564 0.00784314 0.51764706 0.78039216
v -38.75960922 -33.78612137 33.95371628 0.00784314 0.51764706 0.78039216
v -38.71016312 -34.21114349 33.99740982 0.00784314 0.51764706 0.78039216
v -37.89375305 -33.76491547 33.95153427 0.00784314 0.51764706 0.78039216
v -37.00968552 -34.31808472 34.00840759 0.00784314 0.51764706 0.78039216
v -37.01178360 -34.06156540 33.98203278 0.00784314 0.51764706 0.78039216
v -36.65314484 -34.40824509 34.01767349 0.00784314 0.51764706 0.78039216
v -36.44491577 -34.46089935 34.02309036 0.00784314 0.51764706 0.78039216
v -36.65960693 -34.12749100 33.98881149 0.00784314 0.51764706 0.78039216
v -42.18606186 -27.39416313 30.54067421 0.00784314 0.51764706 0.78039216
v -39.75548553 -27.18263054 30.51892662 0.00784314 0.51764706 0.78039216
v -39.49451447 -27.18263054 30.51892662 0.00784314 0.51764706 0.78039216
v -42.18606186 -27.68052483 33.32599258 0.00784314 0.51764706 0.78039216
v -39.75548553 -27.46899033 33.30424500 0.00784314 0.51764706 0.78039216
v -39.49451447 -27.46899033 33.30424500 0.00784314 0.51764706 0.78039216
v -37.06393814 -27.39416313 30.54067421 0.00784314 0.51764706 0.78039216
v -36.80693436 -27.43924332 30.54530907 0.00784314 0.51764706 0.78039216
v -37.06393814 -27.68052483 33.32599258 0.00784314 0.51764706 0.78039216
v -36.80693436 -27.72560310 33.33062744 0.00784314 0.51764706 0.78039216
v -34.80007172 -36.29118729 34.21126175 0.00784314 0.51764706 0.78039216
v -35.83895493 -35.18839645 34.09788513 0.00784314 0.51764706 0.78039216
v -35.26785660 -35.48531723 34.12841034 0.00784314 0.51764706 0.78039216
v -34.74957657 -35.46945953 34.12678146 0.00784314 0.51764706 0.78039216
v -35.24972916 -34.76313019 34.05416107 0.00784314 0.51764706 0.78039216
v -35.25051880 -34.79456711 34.05739212 0.00784314 0.51764706 0.78039216
v -32.41408920 -36.91201401 34.27508926 0.00784314 0.51764706 0.78039216
v -35.08462524 -27.89831352 30.59250641 0.00784314 0.51764706 0.78039216
v -34.30817032 -28.00000000 30.60296249 0.00784314 0.51764706 0.78039216
v -35.08462524 -28.18467331 33.37782669 0.00784314 0.51764706 0.78039216
v -34.30817032 -28.28636169 33.38827896 0.00784314 0.51764706 0.78039216
v -23.15834045 -67.93964386 42.73139191 0.00784314 0.51764706 0.78039216
v -21.53028297 -67.49712372 39.83685684 0.00784314 0.51764706 0.78039216
v -20.57489395 -66.75164795 38.71821594 0.00784314 0.51764706 0.78039216
v -19.00000000 -66.41363525 38.23027039 0.00784314 0.51764706 0.78039216
v -22.02538490 -67.37217712 40.03919220 0.00784314 0.51764706 0.78039216
v -22.60816956 -67.89982605 41.39241791 0.00784314 0.51764706 0.78039216
v -23.00964737 -67.77544403 41.81222916 0.00784314 0.51764706 0.78039216
v -28.00000000 -57.89322662 34.33562469 0.00784314 0.51764706 0.78039216
v -28.00000000 -56.94142914 33.86362457 0.00784314 0.51764706 0.78039216
v -27.47516823 -56.93648148 33.83782196 0.00784314 0.51764706 0.78039216
v -25.54500771 -56.91880035 33.74792862 0.00784314 0.51764706 0.78039216
v -18.00000000 -56.87485504 33.64130020 0.00784314 0.51764706 0.78039216
v -18.00000000 -57.76778793 33.84786606 0.00784314 0.51764706 0.78039216
v -29.03931808 -53.08470154 42.13299561 0.00784314 0.51764706 0.78039216
v -11.00000000 -66.16313171 37.68049240 0.00784314 0.51764706 0.78039216
v -11.00000000 -67.66393280 38.42474747 0.00784314 0.51764706 0.78039216
v -10.22300720 -67.17397308 38.21458817 0.00784314 0.51764706 0.78039216
v -7.27765369 -54.97702026 43.11883926 0.00784314 0.51764706 0.78039216
v -7.31868505 -53.09847641 42.26699829 0.00784314 0.51764706 0.78039216
v -23.45416451 -67.69248199 43.38277054 0.00784314 0.51764706 0.78039216
v -23.51936722 -67.61518097 43.90608597 0.00784314 0.51764706 0.78039216
v -23.48358154 -67.62181854 44.21435547 0.00784314 0.51764706 0.78039216
v -23.57544136 -67.08045197 45.02365875 0.00784314 0.51764706 0.78039216
v -23.23652077 -66.93421173 45.79936981 0.00784314 0.51764706 0.78039216
v -23.08402443 -66.15341187 46.36664200 0.00784314 0.51764706 0.78039216
v -22.65273666 -65.77173615 46.90851593 0.00784314 0.51764706 0.78039216
v -22.54362679 -65.41719055 47.03547287 0.00784314 0.51764706 0.78039216
v -22.10050964 -65.16661835 47.30642319 0.00784314 0.51764706 0.78039216
v -21.48161125 -64.38642120 47.57487106 0.00784314 0.51764706 0.78039216
v -21.06538391 -64.30567169 47.73881531 0.00784314 0.51764706 0.78039216
v -20.51404572 -63.17719650 47.57187653 0.00784314 0.51764706 0.78039216
v -19.24791908 -63.14314270 47.73809814 0.00784314 0.51764706 0.78039216
v -19.00000000 -61.91674042 47.14410400 0.00784314 0.51764706 0.78039216
v -26.61613846 -55.05239868 43.16255951 0.00784314 0.51764706 0.78039216
v -25.60686302 -55.06549072 43.24289703 0.00784314 0.51764706 0.78039216
v -21.89108086 -55.41659927 43.63671112 0.00784314 0.51764706 0.78039216
v -18.00000000 -54.64662933 43.44393539 0.00784314 0.51764706 0.78039216
v -11.00000000 -62.75822830 48.14892960 0.00784314 0.51764706 0.78039216
v -12.18046474 -55.10335922 43.44748306 0.00784314 0.51764706 0.78039216
v -8.38760948 -54.96191025 43.17683792 0.00784314 0.51764706 0.78039216
v -2.53553486 -108.21387482 45.00000000 0.00784314 0.51764706 0.78039216
v -3.29395914 -107.73732758 45.00000000 0.00784314 0.51764706 0.78039216
v -3.92732596 -107.10395813 45.00000000 0.00784314 0.51764706 0.78039216
v -1.69008374 -108.50971222 45.00000000 0.00784314 0.51764706 0.78039216
v -0.80000001 -108.61000061 45.00000000 0.00784314 0.51764706 0.78039216
v -2.09999990 -103.83499908 45.00000000 0.00784314 0.51764706 0.78039216
v -2.73314643 -101.72854614 55.36685181 0.00784314 0.51764706 0.78039216
v -2.09999990 -101.60186005 54.84999847 0.00784314 0.51764706 0.78039216
v -2.09999990 -101.83162689 55.40471649 0.00784314 0.51764706 0.78039216
v -3.25000000 -99.61000061 54.00814056 0.00784314 0.51764706 0.78039216
v -2.73314643 -100.24314880 53.88145065 0.00784314 0.51764706 0.78039216
v -2.69528389 -99.61000061 53.77836990 0.00784314 0.51764706 0.78039216
v -2.09999990 -100.76000214 54.00814056 0.00784314 0.51764706 0.78039216
v -2.09999990 -100.20528412 53.77836990 0.00784314 0.51764706 0.78039216
v -2.09999990 -99.61000061 53.70000076 0.00784314 0.51764706 0.78039216
v -3.42790556 -100.93790436 54.67209625 0.00784314 0.51764706 0.78039216
v -2.75859189 -101.40930939 54.72769928 0.00784314 0.51764706 0.78039216
v -2.75859189 -100.88230133 54.20069504 0.00784314 0.51764706 0.78039216
v -3.37230206 -101.40930939 55.34140778 0.00784314 0.51764706 0.78039216
v -3.89930654 -100.88230133 55.34140778 0.00784314 0.51764706 0.78039216
v -3.37230206 -100.26859283 54.20069504 0.00784314 0.51764706 0.78039216
v -3.89930654 -100.26859283 54.72769928 0.00784314 0.51764706 0.78039216
v -3.72634554 -99.61000061 54.37365341 0.00784314 0.51764706 0.78039216
v -2.09999990 -101.23634338 54.37365341 0.00784314 0.51764706 0.78039216
v -2.09999990 -95.38500214 45.00000000 0.00784314 0.51764706 0.78039216
v -3.92732596 -92.11604309 45.00000000 0.00784314 0.51764706 0.78039216
v -3.29395914 -91.48267365 45.00000000 0.00784314 0.51764706 0.78039216
v -2.53553486 -91.00612640 45.00000000 0.00784314 0.51764706 0.78039216
v -1.69008374 -90.71028900 45.00000000 0.00784314 0.51764706 0.78039216
v -0.80000001 -90.61000061 45.00000000 0.00784314 0.51764706 0.78039216
v -1.00000000 -89.67866516 49.12008667 0.00784314 0.51764706 0.78039216
v -2.73314643 -98.97685242 53.88145065 0.00784314 0.51764706 0.78039216
v -2.09999990 -99.01471710 53.77836990 0.00784314 0.51764706 0.78039216
v -2.09999990 -98.45999908 54.00814056 0.00784314 0.51764706 0.78039216
v -3.37230206 -98.95140839 54.20069504 0.00784314 0.51764706 0.78039216
v -3.89930654 -98.95140839 54.72769928 0.00784314 0.51764706 0.78039216
v -3.42790556 -98.28209686 54.67209625 0.00784314 0.51764706 0.78039216
v -2.75859189 -98.33769989 54.20069504 0.00784314 0.51764706 0.78039216
v -2.75859189 -97.81069183 54.72769928 0.00784314 0.51764706 0.78039216
v -3.89930654 -98.33769989 55.34140778 0.00784314 0.51764706 0.78039216
v -3.37230206 -97.81069183 55.34140778 0.00784314 0.51764706 0.78039216
v -2.73314643 -97.49144745 55.36685181 0.00784314 0.51764706 0.78039216
v -2.09999990 -97.98365784 54.37365341 0.00784314 0.51764706 0.78039216
v -2.09999990 -97.61814117 54.84999847 0.00784314 0.51764706 0.78039216
v -2.09999990 -97.38837433 55.40471649 0.00784314 0.51764706 0.78039216
v -3.29395914 -91.48267365 50.15439606 0.00784314 0.51764706 0.78039216
v -3.92732596 -92.11604309 50.51752853 0.00784314 0.51764706 0.78039216
v -2.53553486 -91.00612640 49.88117218 0.00784314 0.51764706 0.78039216
v -1.69008374 -90.71028900 49.71155548 0.00784314 0.51764706 0.78039216
v -0.80000001 -90.61000061 49.65440750 0.00784314 0.51764706 0.78039216
v -0.80206847 -90.61022949 49.65419006 0.00784314 0.51764706 0.78039216
v 1.30371296 -90.61000061 50.00257111 0.00784314 0.51764706 0.78039216
v 6.19999981 -95.38500214 52.09999847 0.00784314 0.51764706 0.78039216
v 3.07521820 -90.61000061 50.81348801 0.00784314 0.51764706 0.78039216
v 4.53221607 -90.61000061 52.20771027 0.00784314 0.51764706 0.78039216
v 6.19999981 -90.61000061 52.09999847 0.00784314 0.51764706 0.78039216
v 5.46225977 -90.61000061 53.40243530 0.00784314 0.51764706 0.78039216
v 6.07754707 -90.61000061 54.86997223 0.00784314 0.51764706 0.78039216
v 11.19999981 -108.61000061 51.50000000 0.00784314 0.51764706 0.78039216
v 11.19999981 -103.83499908 51.50000000 0.00784314 0.51764706 0.78039216
v -1.00000000 -88.05279541 48.31381226 0.00784314 0.51764706 0.78039216
v 0.78932691 -88.18903351 48.61454010 0.00784314 0.51764706 0.78039216
v 2.59563589 -88.35283661 49.51937103 0.00784314 0.51764706 0.78039216
v 3.59619403 -86.55135345 49.81525803 0.00784314 0.51764706 0.78039216
v 4.08499718 -88.50515747 51.00092316 0.00784314 0.51764706 0.78039216
v 4.62916517 -86.68902588 51.15439606 0.00784314 0.51764706 0.78039216
v 4.98720455 -85.05847168 52.42441177 0.00784314 0.51764706 0.78039216
v 5.27851772 -86.84935760 52.71385193 0.00784314 0.51764706 0.78039216
v 5.27851772 -85.34790802 54.21529770 0.00784314 0.51764706 0.78039216
v -3.69249535 -77.17079926 43.44785309 0.00784314 0.51764706 0.78039216
v -3.00000000 -76.57091522 43.17961502 0.00784314 0.51764706 0.78039216
v -1.34831357 -76.69667053 43.45721054 0.00784314 0.51764706 0.78039216
v 0.31904852 -76.84787750 44.29243851 0.00784314 0.51764706 0.78039216
v 1.42795575 -76.07993317 44.97891617 0.00784314 0.51764706 0.78039216
v 1.67290795 -76.36933899 45.34754562 0.00784314 0.51764706 0.78039216
v 2.19615245 -75.31204987 45.80168915 0.00784314 0.51764706 0.78039216
v 2.45884347 -75.38857269 46.43202591 0.00784314 0.51764706 0.78039216
v 2.79555488 -75.46004486 47.24118805 0.00784314 0.51764706 0.78039216
v 2.86355257 -75.34749603 47.72028732 0.00784314 0.51764706 0.78039216
v 2.98751783 -75.33293152 48.63370895 0.00784314 0.51764706 0.78039216
v 2.84818912 -74.31307983 48.74559784 0.00784314 0.51764706 0.78039216
v 0.73090595 -73.82643890 52.56063843 0.00784314 0.51764706 0.78039216
v 1.69384348 -74.24925232 51.91189575 0.00784314 0.51764706 0.78039216
v 0.31904852 -74.38985443 53.27947998 0.00784314 0.51764706 0.78039216
v -3.00000000 -73.16601562 53.64805222 0.00784314 0.51764706 0.78039216
v -1.28193402 -72.79727173 53.11574554 0.00784314 0.51764706 0.78039216
v 2.74038982 -74.46791077 49.61941147 0.00784314 0.51764706 0.78039216
v 2.52665043 -74.14476013 50.26006317 0.00784314 0.51764706 0.78039216
v 31.20000076 -108.61000061 51.50000000 0.00784314 0.51764706 0.78039216
v 31.20000076 -103.83499908 51.50000000 0.00784314 0.51764706 0.78039216
v 43.20000076 -108.61000061 45.00000000 0.00784314 0.51764706 0.78039216
v 44.09008408 -108.50971222 45.00000000 0.00784314 0.51764706 0.78039216
v 44.93553543 -108.21387482 45.00000000 0.00784314 0.51764706 0.78039216
v 45.69395828 -107.73732758 45.00000000 0.00784314 0.51764706 0.78039216
v 46.32732773 -107.10395813 45.00000000 0.00784314 0.51764706 0.78039216
v 46.80387497 -106.34553528 45.00000000 0.00784314 0.51764706 0.78039216
v 47.09971237 -105.50008392 45.00000000 0.00784314 0.51764706 0.78039216
v 47.20000076 -104.61000061 45.00000000 0.00784314 0.51764706 0.78039216
v 44.50000000 -103.83499908 45.00000000 0.00784314 0.51764706 0.78039216
v 44.50000000 -101.60186005 54.84999847 0.00784314 0.51764706 0.78039216
v 44.50000000 -101.83162689 55.40471649 0.00784314 0.51764706 0.78039216
v 45.13314819 -101.72854614 55.36685181 0.00784314 0.51764706 0.78039216
v 44.50000000 -100.76000214 54.00814056 0.00784314 0.51764706 0.78039216
v 44.50000000 -100.20528412 53.77836990 0.00784314 0.51764706 0.78039216
v 44.50000000 -99.61000061 53.70000076 0.00784314 0.51764706 0.78039216
v 45.13314819 -100.24314880 53.88145065 0.00784314 0.51764706 0.78039216
v 45.09528351 -99.61000061 53.77836990 0.00784314 0.51764706 0.78039216
v 45.65000153 -99.61000061 54.00814056 0.00784314 0.51764706 0.78039216
v 44.50000000 -101.23634338 54.37365341 0.00784314 0.51764706 0.78039216
v 45.15859222 -101.40930939 54.72769928 0.00784314 0.51764706 0.78039216
v 45.15859222 -100.88230133 54.20069504 0.00784314 0.51764706 0.78039216
v 45.82790375 -100.93790436 54.67209625 0.00784314 0.51764706 0.78039216
v 45.77230072 -101.40930939 55.34140778 0.00784314 0.51764706 0.78039216
v 46.29930496 -100.88230133 55.34140778 0.00784314 0.51764706 0.78039216
v 45.77230072 -100.26859283 54.20069504 0.00784314 0.51764706 0.78039216
v 46.29930496 -100.26859283 54.72769928 0.00784314 0.51764706 0.78039216
v 46.12634659 -99.61000061 54.37365341 0.00784314 0.51764706 0.78039216
v 46.49185944 -99.61000061 54.84999847 0.00784314 0.51764706 0.78039216
v 46.61854935 -100.24314880 55.36685181 0.00784314 0.51764706 0.78039216
v 46.72163010 -99.61000061 55.40471649 0.00784314 0.51764706 0.78039216
v 44.50000000 -95.38500214 45.00000000 0.00784314 0.51764706 0.78039216
v 47.20000076 -94.61000061 45.00000000 0.00784314 0.51764706 0.78039216
v 43.20000076 -90.61000061 45.00000000 0.00784314 0.51764706 0.78039216
v 47.09971237 -93.71991730 45.00000000 0.00784314 0.51764706 0.78039216
v 46.80387497 -92.87446594 45.00000000 0.00784314 0.51764706 0.78039216
v 46.32732773 -92.11604309 45.00000000 0.00784314 0.51764706 0.78039216
v 45.69395828 -91.48267365 45.00000000 0.00784314 0.51764706 0.78039216
v 44.09008408 -90.71028900 45.00000000 0.00784314 0.51764706 0.78039216
v 44.93553543 -91.00612640 45.00000000 0.00784314 0.51764706 0.78039216
v 36.20000076 -95.38500214 52.09999847 0.00784314 0.51764706 0.78039216
v 36.20000076 -90.61000061 52.09999847 0.00784314 0.51764706 0.78039216
v 44.50000000 -99.01471710 53.77836990 0.00784314 0.51764706 0.78039216
v 44.50000000 -98.45999908 54.00814056 0.00784314 0.51764706 0.78039216
v 45.13314819 -98.97685242 53.88145065 0.00784314 0.51764706 0.78039216
v 44.50000000 -97.98365784 54.37365341 0.00784314 0.51764706 0.78039216
v 45.15859222 -98.33769989 54.20069504 0.00784314 0.51764706 0.78039216
v 45.15859222 -97.81069183 54.72769928 0.00784314 0.51764706 0.78039216
v 44.50000000 -97.61814117 54.84999847 0.00784314 0.51764706 0.78039216
v 44.50000000 -97.38837433 55.40471649 0.00784314 0.51764706 0.78039216
v 45.13314819 -97.49144745 55.36685181 0.00784314 0.51764706 0.78039216
v 45.77230072 -98.95140839 54.20069504 0.00784314 0.51764706 0.78039216
v 46.29930496 -98.95140839 54.72769928 0.00784314 0.51764706 0.78039216
v 45.82790375 -98.28209686 54.67209625 0.00784314 0.51764706 0.78039216
v 45.77230072 -97.81069183 55.34140778 0.00784314 0.51764706 0.78039216
v 46.29930496 -98.33769989 55.34140778 0.00784314 0.51764706 0.78039216
v 46.61854935 -98.97685242 55.36685181 0.00784314 0.51764706 0.78039216
v -3.92732596 -107.10395813 61.36073303 0.00784314 0.51764706 0.78039216
v -3.25000000 -101.60186005 56.00000000 0.00784314 0.51764706 0.78039216
v -2.69528389 -101.83162689 56.00000000 0.00784314 0.51764706 0.78039216
v -2.73314643 -101.72854614 56.63314819 0.00784314 0.51764706 0.78039216
v -2.09999990 -101.91000366 56.00000000 0.00784314 0.51764706 0.78039216
v -2.09999990 -101.83162689 56.59528351 0.00784314 0.51764706 0.78039216
v -2.09999990 -101.60186005 57.15000153 0.00784314 0.51764706 0.78039216
v -3.72634554 -101.23634338 56.00000000 0.00784314 0.51764706 0.78039216
v -3.37230206 -101.40930939 56.65859222 0.00784314 0.51764706 0.78039216
v -3.89930654 -100.88230133 56.65859222 0.00784314 0.51764706 0.78039216
v -3.42790556 -100.93790436 57.32790375 0.00784314 0.51764706 0.78039216
v -2.75859189 -101.40930939 57.27230072 0.00784314 0.51764706 0.78039216
v -3.89930654 -100.26859283 57.27230072 0.00784314 0.51764706 0.78039216
v -2.75859189 -100.88230133 57.79930496 0.00784314 0.51764706 0.78039216
v -3.37230206 -100.26859283 57.79930496 0.00784314 0.51764706 0.78039216
v -3.72634554 -99.61000061 57.62634659 0.00784314 0.51764706 0.78039216
v -3.25000000 -99.61000061 57.99185944 0.00784314 0.51764706 0.78039216
v -2.73314643 -100.24314880 58.11854935 0.00784314 0.51764706 0.78039216
v -2.69528389 -99.61000061 58.22163010 0.00784314 0.51764706 0.78039216
v -2.09999990 -101.23634338 57.62634659 0.00784314 0.51764706 0.78039216
v -2.09999990 -100.76000214 57.99185944 0.00784314 0.51764706 0.78039216
v -2.09999990 -100.20528412 58.22163010 0.00784314 0.51764706 0.78039216
v -2.09999990 -99.61000061 58.29999924 0.00784314 0.51764706 0.78039216
v -2.40614676 -100.34910583 60.00000000 0.00784314 0.51764706 0.78039216
v -2.83910370 -99.91614532 60.00000000 0.00784314 0.51764706 0.78039216
v -2.66568542 -100.17568207 60.00000000 0.00784314 0.51764706 0.78039216
v -2.90000010 -99.61000061 60.00000000 0.00784314 0.51764706 0.78039216
v -2.83910370 -99.30385590 60.00000000 0.00784314 0.51764706 0.78039216
v -2.66568542 -99.04431152 60.00000000 0.00784314 0.51764706 0.78039216
v -2.09999990 -100.41000366 60.00000000 0.00784314 0.51764706 0.78039216
v -2.68769860 -108.11826324 62.69666672 0.00784314 0.51764706 0.78039216
v -2.53553486 -108.21387482 62.95937729 0.00784314 0.51764706 0.78039216
v -3.29395914 -107.73732758 62.24710464 0.00784314 0.51764706 0.78039216
v -1.69008374 -108.50971222 63.47583008 0.00784314 0.51764706 0.78039216
v -1.29865313 -108.55381775 63.34284592 0.00784314 0.51764706 0.78039216
v -0.80000001 -108.61000061 63.27138901 0.00784314 0.51764706 0.78039216
v -1.19996190 -108.98987579 65.01200104 0.00784314 0.51764706 0.78039216
v 0.07847378 -108.61000061 62.75341415 0.00784314 0.51764706 0.78039216
v 1.00000000 -108.76487732 62.82357788 0.00784314 0.51764706 0.78039216
v 1.00000000 -108.61000061 62.51126099 0.00784314 0.51764706 0.78039216
v 1.92152619 -108.61000061 62.75341415 0.00784314 0.51764706 0.78039216
v 1.00000000 -109.27798462 65.04162598 0.00784314 0.51764706 0.78039216
v -2.53553486 -108.21387482 68.18056488 0.00784314 0.51764706 0.78039216
v -1.33988905 -108.85022736 67.30066681 0.00784314 0.51764706 0.78039216
v -1.69008374 -108.50971222 67.93582153 0.00784314 0.51764706 0.78039216
v -1.37061310 -108.54570770 68.02893829 0.00784314 0.51764706 0.78039216
v -0.80000001 -108.61000061 68.16247559 0.00784314 0.51764706 0.78039216
v 1.00000000 -109.21486664 67.20043182 0.00784314 0.51764706 0.78039216
v 3.28593707 -108.61000061 63.55791092 0.00784314 0.51764706 0.78039216
v 3.19996190 -108.98987579 65.01200104 0.00784314 0.51764706 0.78039216
v 4.12189102 -108.61000061 64.97294617 0.00784314 0.51764706 0.78039216
v 3.99070382 -108.61000061 66.49127960 0.00784314 0.51764706 0.78039216
v 3.33988905 -108.85022736 67.30066681 0.00784314 0.51764706 0.78039216
v 3.82737732 -108.61000061 67.29506683 0.00784314 0.51764706 0.78039216
v 3.36412644 -108.61000061 67.87518311 0.00784314 0.51764706 0.78039216
v -3.72634554 -97.98365784 56.00000000 0.00784314 0.51764706 0.78039216
v -3.89930654 -98.95140839 57.27230072 0.00784314 0.51764706 0.78039216
v -3.89930654 -98.33769989 56.65859222 0.00784314 0.51764706 0.78039216
v -3.37230206 -97.81069183 56.65859222 0.00784314 0.51764706 0.78039216
v -3.42790556 -98.28209686 57.32790375 0.00784314 0.51764706 0.78039216
v -2.75859189 -97.81069183 57.27230072 0.00784314 0.51764706 0.78039216
v -3.25000000 -97.61814117 56.00000000 0.00784314 0.51764706 0.78039216
v -2.69528389 -97.38837433 56.00000000 0.00784314 0.51764706 0.78039216
v -2.73314643 -97.49144745 56.63314819 0.00784314 0.51764706 0.78039216
v -2.09999990 -97.30999756 56.00000000 0.00784314 0.51764706 0.78039216
v -2.09999990 -97.38837433 56.59528351 0.00784314 0.51764706 0.78039216
v -2.09999990 -97.61814117 57.15000153 0.00784314 0.51764706 0.78039216
v -3.37230206 -98.95140839 57.79930496 0.00784314 0.51764706 0.78039216
v -2.73314643 -98.97685242 58.11854935 0.00784314 0.51764706 0.78039216
v -2.75859189 -98.33769989 57.79930496 0.00784314 0.51764706 0.78039216
v -2.09999990 -98.45999908 57.99185944 0.00784314 0.51764706 0.78039216
v -2.09999990 -97.98365784 57.62634659 0.00784314 0.51764706 0.78039216
v -2.09999990 -99.01471710 58.22163010 0.00784314 0.51764706 0.78039216
v -2.40614676 -98.87089539 60.00000000 0.00784314 0.51764706 0.78039216
v -2.09999990 -98.80999756 60.00000000 0.00784314 0.51764706 0.78039216
v 6.19999981 -90.61000061 55.77672577 0.00784314 0.51764706 0.78039216
v 6.19999981 -89.68487549 56.70184708 0.00784314 0.51764706 0.78039216
v 6.19999981 -90.61000061 58.33470535 0.00784314 0.51764706 0.78039216
v 5.16272354 -90.61000061 60.68194580 0.00784314 0.51764706 0.78039216
v 4.22687912 -90.61000061 61.71440506 0.00784314 0.51764706 0.78039216
v 6.08898258 -90.61000061 58.95736694 0.00784314 0.51764706 0.78039216
v -3.82999992 -92.01871490 64.04326630 0.00784314 0.51764706 0.78039216
v -3.92732596 -92.11604309 64.22634888 0.00784314 0.51764706 0.78039216
v -3.29395914 -91.48267365 63.73593521 0.00784314 0.51764706 0.78039216
v -2.53553486 -91.00612640 63.46271133 0.00784314 0.51764706 0.78039216
v -1.69008374 -90.71028900 63.29309845 0.00784314 0.51764706 0.78039216
v -0.80000001 -90.61000061 63.23559952 0.00784314 0.51764706 0.78039216
v 0.32706320 -90.61000061 63.23559952 0.00784314 0.51764706 0.78039216
v 2.27317858 -90.61000061 62.88796997 0.00784314 0.51764706 0.78039216
v 3.64099884 -90.61000061 62.07616806 0.00784314 0.51764706 0.78039216
v 11.19999981 -108.61000061 63.37554169 0.00784314 0.51764706 0.78039216
v -3.29395914 -107.73732758 68.91722107 0.00784314 0.51764706 0.78039216
v -3.47448492 -107.55680084 69.25685883 0.00784314 0.51764706 0.78039216
v -3.92732596 -107.10395813 69.56895447 0.00784314 0.51764706 0.78039216
v 0.73889893 -108.61000061 68.94618988 0.00784314 0.51764706 0.78039216
v 1.00000000 -108.61000061 69.06010437 0.00784314 0.51764706 0.78039216
v 1.26110113 -108.61000061 68.94618988 0.00784314 0.51764706 0.78039216
v -2.53553486 -108.21387482 81.00000000 0.00784314 0.51764706 0.78039216
v -3.29395914 -107.73732758 81.00000000 0.00784314 0.51764706 0.78039216
v -3.92732596 -107.10395813 81.00000000 0.00784314 0.51764706 0.78039216
v -1.69008374 -108.50971222 81.00000000 0.00784314 0.51764706 0.78039216
v -0.80000001 -108.61000061 81.00000000 0.00784314 0.51764706 0.78039216
v -2.09999990 -103.83499908 81.00000000 0.00784314 0.51764706 0.78039216
v -2.40614676 -100.34910583 81.00000000 0.00784314 0.51764706 0.78039216
v -2.83910370 -99.91614532 81.00000000 0.00784314 0.51764706 0.78039216
v -2.66568542 -100.17568207 81.00000000 0.00784314 0.51764706 0.78039216
v -2.90000010 -99.61000061 81.00000000 0.00784314 0.51764706 0.78039216
v -2.83910370 -99.30385590 81.00000000 0.00784314 0.51764706 0.78039216
v -2.66568542 -99.04431152 81.00000000 0.00784314 0.51764706 0.78039216
v -2.09999990 -100.41000366 81.00000000 0.00784314 0.51764706 0.78039216
v -2.40614676 -98.87089539 81.00000000 0.00784314 0.51764706 0.78039216
v -2.09999990 -98.80999756 81.00000000 0.00784314 0.51764706 0.78039216
v -2.09999990 -95.38500214 81.00000000 0.00784314 0.51764706 0.78039216
v -3.92732596 -92.11604309 81.00000000 0.00784314 0.51764706 0.78039216
v -3.29395914 -91.48267365 81.00000000 0.00784314 0.51764706 0.78039216
v -2.53553486 -91.00612640 81.00000000 0.00784314 0.51764706 0.78039216
v -1.69008374 -90.71028900 81.00000000 0.00784314 0.51764706 0.78039216
v -0.80000001 -90.61000061 81.00000000 0.00784314 0.51764706 0.78039216
v 6.19999981 -95.38500214 81.00000000 0.00784314 0.51764706 0.78039216
v 6.19999981 -90.61000061 81.00000000 0.00784314 0.51764706 0.78039216
v 11.19999981 -108.61000061 81.00000000 0.00784314 0.51764706 0.78039216
v 11.19999981 -103.83499908 81.00000000 0.00784314 0.51764706 0.78039216
v -1.00000000 -84.36415863 59.65461731 0.00784314 0.51764706 0.78039216
v 0.86123812 -83.96468353 59.07795334 0.00784314 0.51764706 0.78039216
v 4.98720455 -85.42446136 55.98429871 0.00784314 0.51764706 0.78039216
v 2.75277686 -83.67211151 57.73664856 0.00784314 0.51764706 0.78039216
v 4.08499718 -85.53766632 57.77378464 0.00784314 0.51764706 0.78039216
v 2.59563589 -85.68997955 59.25533295 0.00784314 0.51764706 0.78039216
v 44.50000000 -101.91000366 56.00000000 0.00784314 0.51764706 0.78039216
v 45.09528351 -101.83162689 56.00000000 0.00784314 0.51764706 0.78039216
v 44.50000000 -101.83162689 56.59528351 0.00784314 0.51764706 0.78039216
v 44.50000000 -101.60186005 57.15000153 0.00784314 0.51764706 0.78039216
v 45.13314819 -101.72854614 56.63314819 0.00784314 0.51764706 0.78039216
v 45.65000153 -101.60186005 56.00000000 0.00784314 0.51764706 0.78039216
v 45.15859222 -101.40930939 57.27230072 0.00784314 0.51764706 0.78039216
v 46.12634659 -101.23634338 56.00000000 0.00784314 0.51764706 0.78039216
v 46.49185944 -100.76000214 56.00000000 0.00784314 0.51764706 0.78039216
v 45.77230072 -101.40930939 56.65859222 0.00784314 0.51764706 0.78039216
v 46.29930496 -100.88230133 56.65859222 0.00784314 0.51764706 0.78039216
v 45.82790375 -100.93790436 57.32790375 0.00784314 0.51764706 0.78039216
v 46.72163010 -100.20528412 56.00000000 0.00784314 0.51764706 0.78039216
v 46.79999924 -99.61000061 56.00000000 0.00784314 0.51764706 0.78039216
v 46.29930496 -100.26859283 57.27230072 0.00784314 0.51764706 0.78039216
v 46.61854935 -100.24314880 56.63314819 0.00784314 0.51764706 0.78039216
v 46.72163010 -99.61000061 56.59528351 0.00784314 0.51764706 0.78039216
v 46.49185944 -99.61000061 57.15000153 0.00784314 0.51764706 0.78039216
v 44.50000000 -101.23634338 57.62634659 0.00784314 0.51764706 0.78039216
v 44.50000000 -100.76000214 57.99185944 0.00784314 0.51764706 0.78039216
v 45.15859222 -100.88230133 57.79930496 0.00784314 0.51764706 0.78039216
v 45.13314819 -100.24314880 58.11854935 0.00784314 0.51764706 0.78039216
v 44.50000000 -100.20528412 58.22163010 0.00784314 0.51764706 0.78039216
v 44.50000000 -99.61000061 58.29999924 0.00784314 0.51764706 0.78039216
v 45.09528351 -99.61000061 58.22163010 0.00784314 0.51764706 0.78039216
v 45.77230072 -100.26859283 57.79930496 0.00784314 0.51764706 0.78039216
v 46.12634659 -99.61000061 57.62634659 0.00784314 0.51764706 0.78039216
v 45.65000153 -99.61000061 57.99185944 0.00784314 0.51764706 0.78039216
v 44.50000000 -100.41000366 60.00000000 0.00784314 0.51764706 0.78039216
v 44.80614853 -100.34910583 60.00000000 0.00784314 0.51764706 0.78039216
v 45.06568527 -100.17568207 60.00000000 0.00784314 0.51764706 0.78039216
v 45.23910522 -99.91614532 60.00000000 0.00784314 0.51764706 0.78039216
v 45.06568527 -99.04431152 60.00000000 0.00784314 0.51764706 0.78039216
v 45.29999924 -99.61000061 60.00000000 0.00784314 0.51764706 0.78039216
v 45.23910522 -99.30385590 60.00000000 0.00784314 0.51764706 0.78039216
v 45.15859222 -97.81069183 57.27230072 0.00784314 0.51764706 0.78039216
v 44.50000000 -97.30999756 56.00000000 0.00784314 0.51764706 0.78039216
v 45.09528351 -97.38837433 56.00000000 0.00784314 0.51764706 0.78039216
v 44.50000000 -97.38837433 56.59528351 0.00784314 0.51764706 0.78039216
v 44.50000000 -97.61814117 57.15000153 0.00784314 0.51764706 0.78039216
v 45.13314819 -97.49144745 56.63314819 0.00784314 0.51764706 0.78039216
v 46.12634659 -97.98365784 56.00000000 0.00784314 0.51764706 0.78039216
v 46.72163010 -99.01471710 56.00000000 0.00784314 0.51764706 0.78039216
v 46.49185944 -98.45999908 56.00000000 0.00784314 0.51764706 0.78039216
v 46.29930496 -98.95140839 57.27230072 0.00784314 0.51764706 0.78039216
v 45.77230072 -97.81069183 56.65859222 0.00784314 0.51764706 0.78039216
v 46.29930496 -98.33769989 56.65859222 0.00784314 0.51764706 0.78039216
v 45.82790375 -98.28209686 57.32790375 0.00784314 0.51764706 0.78039216
v 46.61854935 -98.97685242 56.63314819 0.00784314 0.51764706 0.78039216
v 45.65000153 -97.61814117 56.00000000 0.00784314 0.51764706 0.78039216
v 44.50000000 -98.45999908 57.99185944 0.00784314 0.51764706 0.78039216
v 44.50000000 -97.98365784 57.62634659 0.00784314 0.51764706 0.78039216
v 45.13314819 -98.97685242 58.11854935 0.00784314 0.51764706 0.78039216
v 45.15859222 -98.33769989 57.79930496 0.00784314 0.51764706 0.78039216
v 44.50000000 -99.01471710 58.22163010 0.00784314 0.51764706 0.78039216
v 45.77230072 -98.95140839 57.79930496 0.00784314 0.51764706 0.78039216
v 44.50000000 -98.80999756 60.00000000 0.00784314 0.51764706 0.78039216
v 44.80614853 -98.87089539 60.00000000 0.00784314 0.51764706 0.78039216
v 31.20000076 -108.61000061 81.00000000 0.00784314 0.51764706 0.78039216
v 31.20000076 -103.83499908 81.00000000 0.00784314 0.51764706 0.78039216
v 43.20000076 -108.61000061 81.00000000 0.00784314 0.51764706 0.78039216
v 44.09008408 -108.50971222 81.00000000 0.00784314 0.51764706 0.78039216
v 44.93553543 -108.21387482 81.00000000 0.00784314 0.51764706 0.78039216
v 45.69395828 -107.73732758 81.00000000 0.00784314 0.51764706 0.78039216
v 46.32732773 -107.10395813 81.00000000 0.00784314 0.51764706 0.78039216
v 46.80387497 -106.34553528 81.00000000 0.00784314 0.51764706 0.78039216
v 47.09971237 -105.50008392 81.00000000 0.00784314 0.51764706 0.78039216
v 47.20000076 -104.61000061 81.00000000 0.00784314 0.51764706 0.78039216
v 44.50000000 -103.83499908 81.00000000 0.00784314 0.51764706 0.78039216
v 44.50000000 -100.41000366 81.00000000 0.00784314 0.51764706 0.78039216
v 44.80614853 -100.34910583 81.00000000 0.00784314 0.51764706 0.78039216
v 45.06568527 -100.17568207 81.00000000 0.00784314 0.51764706 0.78039216
v 45.23910522 -99.91614532 81.00000000 0.00784314 0.51764706 0.78039216
v 45.06568527 -99.04431152 81.00000000 0.00784314 0.51764706 0.78039216
v 45.29999924 -99.61000061 81.00000000 0.00784314 0.51764706 0.78039216
v 45.23910522 -99.30385590 81.00000000 0.00784314 0.51764706 0.78039216
v 36.20000076 -95.38500214 81.00000000 0.00784314 0.51764706 0.78039216
v 36.20000076 -90.61000061 81.00000000 0.00784314 0.51764706 0.78039216
v 44.50000000 -98.80999756 81.00000000 0.00784314 0.51764706 0.78039216
v 44.80614853 -98.87089539 81.00000000 0.00784314 0.51764706 0.78039216
v 44.50000000 -95.38500214 81.00000000 0.00784314 0.51764706 0.78039216
v 47.20000076 -94.61000061 81.00000000 0.00784314 0.51764706 0.78039216
v 43.20000076 -90.61000061 81.00000000 0.00784314 0.51764706 0.78039216
v 47.09971237 -93.71991730 81.00000000 0.00784314 0.51764706 0.78039216
v 46.80387497 -92.87446594 81.00000000 0.00784314 0.51764706 0.78039216
v 46.32732773 -92.11604309 81.00000000 0.00784314 0.51764706 0.78039216
v 45.69395828 -91.48267365 81.00000000 0.00784314 0.51764706 0.78039216
v 44.09008408 -90.71028900 81.00000000 0.00784314 0.51764706 0.78039216
v 44.93553543 -91.00612640 81.00000000 0.00784314 0.51764706 0.78039216
v -1.00000000 -58.88798141 34.43789673 0.00784314 0.51764706 0.78039216
v 0.43172163 -59.19527054 34.88148499 0.00784314 0.51764706 0.78039216
v 1.88675129 -59.42032242 35.91325760 0.00784314 0.51764706 0.78039216
v -3.00000000 -66.07306671 38.05350876 0.00784314 0.51764706 0.78039216
v -2.94483995 -66.20607758 38.12567902 0.00784314 0.51764706 0.78039216
v -1.21931612 -65.91418457 38.29299545 0.00784314 0.51764706 0.78039216
v -1.48595417 -65.15317535 37.80250168 0.00784314 0.51764706 0.78039216
v 0.04246115 -65.29177856 38.56812668 0.00784314 0.51764706 0.78039216
v 0.48021257 -65.64941406 39.15147400 0.00784314 0.51764706 0.78039216
v 0.63975996 -65.61939240 39.28828049 0.00784314 0.51764706 0.78039216
v 1.30268979 -65.42066193 39.82174683 0.00784314 0.51764706 0.78039216
v 1.81726015 -65.41096497 40.72668839 0.00784314 0.51764706 0.78039216
v 1.82094777 -65.40961456 40.73260498 0.00784314 0.51764706 0.78039216
v 2.06609607 -65.51644897 41.33592606 0.00784314 0.51764706 0.78039216
v 2.35356688 -64.99021912 41.77765274 0.00784314 0.51764706 0.78039216
v 2.46243286 -65.09535217 42.60454559 0.00784314 0.51764706 0.78039216
v 2.52255511 -64.68186951 42.96230698 0.00784314 0.51764706 0.78039216
v -1.00000000 -56.79872894 33.62369156 0.00784314 0.51764706 0.78039216
v 1.49954057 -56.78145981 33.56200790 0.00784314 0.51764706 0.78039216
v 2.28932238 -56.88311768 33.57245636 0.00784314 0.51764706 0.78039216
v -1.00000000 -57.63731384 33.81768417 0.00784314 0.51764706 0.78039216
v -0.16454060 -56.80623627 33.73223877 0.00784314 0.51764706 0.78039216
v 0.37640533 -57.74211121 34.04901505 0.00784314 0.51764706 0.78039216
v 0.32139292 -56.81169128 33.80594635 0.00784314 0.51764706 0.78039216
v 0.98253495 -56.82294083 33.94350433 0.00784314 0.51764706 0.78039216
v 1.49954057 -56.84629059 34.19260025 0.00784314 0.51764706 0.78039216
v 1.76587379 -57.86811447 34.74503708 0.00784314 0.51764706 0.78039216
v 2.28932238 -56.99069214 34.61879349 0.00784314 0.51764706 0.78039216
v 2.30219364 -56.99488068 34.62650681 0.00784314 0.51764706 0.78039216
v -1.81091106 -48.49097061 35.46553040 0.00784314 0.51764706 0.78039216
v 2.11131358 -51.22293854 35.74640656 0.00784314 0.51764706 0.78039216
v 0.55115962 -49.42126465 35.56117630 0.00784314 0.51764706 0.78039216
v 1.27499998 -49.41537857 35.56056976 0.00784314 0.51764706 0.78039216
v 2.05006337 -50.00912476 35.62161255 0.00784314 0.51764706 0.78039216
v 2.07605076 -50.02902985 35.62366104 0.00784314 0.51764706 0.78039216
v 2.35278606 -50.24102783 35.64545441 0.00784314 0.51764706 0.78039216
v 2.21759963 -49.56167603 35.57561111 0.00784314 0.51764706 0.78039216
v 2.34228063 -49.61820984 35.58142471 0.00784314 0.51764706 0.78039216
v 2.54375768 -56.95093536 33.57942963 0.00784314 0.51764706 0.78039216
v 2.80076194 -56.99601364 33.58406448 0.00784314 0.51764706 0.78039216
v 5.14451551 -57.19999313 33.60503387 0.00784314 0.51764706 0.78039216
v 5.40548468 -57.19999313 33.60503387 0.00784314 0.51764706 0.78039216
v 7.74923801 -56.99601364 33.58406448 0.00784314 0.51764706 0.78039216
v 8.00624275 -56.95093536 33.57942963 0.00784314 0.51764706 0.78039216
v 8.38750267 -56.84931183 33.56898117 0.00784314 0.51764706 0.78039216
v 2.54375768 -57.08721161 34.90491486 0.00784314 0.51764706 0.78039216
v 2.62558889 -57.11054993 34.99380493 0.00784314 0.51764706 0.78039216
v 2.80076194 -57.16051483 35.18408585 0.00784314 0.51764706 0.78039216
v 3.16309929 -57.22978592 35.55439758 0.00784314 0.51764706 0.78039216
v 3.44373035 -57.28712845 35.87709808 0.00784314 0.51764706 0.78039216
v 3.86573219 -57.37506104 36.37891006 0.00784314 0.51764706 0.78039216
v 3.99559307 -57.17014694 36.35784531 0.00784314 0.51764706 0.78039216
v 5.14451551 -57.48635101 36.39035416 0.00784314 0.51764706 0.78039216
v 5.40548468 -57.48635101 36.39035416 0.00784314 0.51764706 0.78039216
v 4.79538250 -55.58562469 36.19493866 0.00784314 0.51764706 0.78039216
v 4.79538250 -56.03699493 36.64631271 0.00784314 0.51764706 0.78039216
v 5.18961191 -54.76921844 36.11100388 0.00784314 0.51764706 0.78039216
v 5.41998768 -54.79812241 36.56794357 0.00784314 0.51764706 0.78039216
v 5.30693007 -54.18889999 36.05134201 0.00784314 0.51764706 0.78039216
v 5.39993191 -53.51868057 35.98243332 0.00784314 0.51764706 0.78039216
v 5.30693007 -52.84846497 35.91352844 0.00784314 0.51764706 0.78039216
v 5.62166643 -53.57342911 36.51494217 0.00784314 0.51764706 0.78039216
v 7.74923801 -57.28237534 36.36938477 0.00784314 0.51764706 0.78039216
v 8.00624275 -57.23729706 36.36474991 0.00784314 0.51764706 0.78039216
v 8.38750267 -57.13567352 36.35430145 0.00784314 0.51764706 0.78039216
v 3.66875434 -51.63806534 35.78908539 0.00784314 0.51764706 0.78039216
v 3.76184249 -51.32044601 35.75643158 0.00784314 0.51764706 0.78039216
v 3.79846787 -50.30502701 35.65203476 0.00784314 0.51764706 0.78039216
v 3.86888170 -50.50904083 35.67301178 0.00784314 0.51764706 0.78039216
v 4.00053120 -50.50603104 35.67270279 0.00784314 0.51764706 0.78039216
v 4.24153090 -51.68791580 35.79421234 0.00784314 0.51764706 0.78039216
v 5.22454929 -52.44096375 35.87163544 0.00784314 0.51764706 0.78039216
v 5.18961191 -52.26814651 35.85386658 0.00784314 0.51764706 0.78039216
v 4.93872738 -51.74859238 35.80044937 0.00784314 0.51764706 0.78039216
v 5.27500010 -51.77785873 35.80345917 0.00784314 0.51764706 0.78039216
v 5.38889933 -52.47516632 36.20428467 0.00784314 0.51764706 0.78039216
v 5.44528246 -52.48908615 36.33969116 0.00784314 0.51764706 0.78039216
v 4.79538250 -51.45174026 35.76993179 0.00784314 0.51764706 0.78039216
v 2.50568008 -49.61930466 35.58153534 0.00784314 0.51764706 0.78039216
v 2.48548961 -48.62320709 35.47912598 0.00784314 0.51764706 0.78039216
v 3.54492307 -47.82871246 35.39744568 0.00784314 0.51764706 0.78039216
v 4.04376268 -49.52244186 35.57157898 0.00784314 0.51764706 0.78039216
v 4.31243181 -48.00672913 35.41574478 0.00784314 0.51764706 0.78039216
v 6.88124561 -51.63806534 35.78908539 0.00784314 0.51764706 0.78039216
v 6.90596533 -50.87762451 35.71090698 0.00784314 0.51764706 0.78039216
v 7.31589556 -51.52221298 35.77717590 0.00784314 0.51764706 0.78039216
v 8.31079960 -51.25702667 35.74991226 0.00784314 0.51764706 0.78039216
v 8.43868637 -51.22293854 35.74640656 0.00784314 0.51764706 0.78039216
v 6.94770813 -49.59351730 35.57888412 0.00784314 0.51764706 0.78039216
v 6.27112579 -48.19604874 35.43521118 0.00784314 0.51764706 0.78039216
v 6.68166304 -48.60602951 35.47735977 0.00784314 0.51764706 0.78039216
v -2.00255942 -55.33415985 42.95026779 0.00784314 0.51764706 0.78039216
v -1.35307288 -54.51372910 42.60513687 0.00784314 0.51764706 0.78039216
v 0.32607773 -53.12835693 41.98894501 0.00784314 0.51764706 0.78039216
v 0.37205541 -53.06655884 41.95653915 0.00784314 0.51764706 0.78039216
v 0.75639439 -53.07376099 42.02660751 0.00784314 0.51764706 0.78039216
v 5.62166643 -54.85112381 37.79263687 0.00784314 0.51764706 0.78039216
v 5.41998768 -55.05150223 39.03248215 0.00784314 0.51764706 0.78039216
v 5.62166643 -53.81165695 38.83209991 0.00784314 0.51764706 0.78039216
v 5.17211437 -53.92265701 39.91172409 0.00784314 0.51764706 0.78039216
v 5.77500010 -53.69254303 37.67351913 0.00784314 0.51764706 0.78039216
v 3.68661427 -52.98506927 41.16392517 0.00784314 0.51764706 0.78039216
v 3.87457108 -52.96935272 41.01104736 0.00784314 0.51764706 0.78039216
v 4.74150515 -52.88068771 40.14865875 0.00784314 0.51764706 0.78039216
v 4.85536242 -52.86551285 40.00105667 0.00784314 0.51764706 0.78039216
v 4.45698071 -54.01797104 40.83881760 0.00784314 0.51764706 0.78039216
v 2.45062041 -53.04668808 41.76325607 0.00784314 0.51764706 0.78039216
v 5.62166643 -52.60651398 37.48185730 0.00784314 0.51764706 0.78039216
v 5.63236809 -52.61482620 37.56272125 0.00784314 0.51764706 0.78039216
v 5.62166643 -52.62314224 37.64358139 0.00784314 0.51764706 0.78039216
v 5.44528246 -52.74056625 38.78574753 0.00784314 0.51764706 0.78039216
v 5.38889933 -52.75448990 38.92115402 0.00784314 0.51764706 0.78039216
v 9.15063572 -56.74765396 33.55852890 0.00784314 0.51764706 0.78039216
v 9.15063572 -57.03401566 36.34384918 0.00784314 0.51764706 0.78039216
v 9.89999962 -50.54508972 35.67671585 0.00784314 0.51764706 0.78039216
v 11.22078514 -49.62511826 35.58213425 0.00784314 0.51764706 0.78039216
v 12.26480103 -48.58657455 35.47536087 0.00784314 0.51764706 0.78039216
v 12.35234356 -48.39355469 35.45551682 0.00784314 0.51764706 0.78039216
v 12.33713150 -48.22059250 35.43773270 0.00784314 0.51764706 0.78039216
v 12.36091137 -48.16691589 35.43221664 0.00784314 0.51764706 0.78039216
v 16.54224777 -56.71499634 33.55517197 0.00784314 0.51764706 0.78039216
v 16.74253845 -56.68298721 33.55188370 0.00784314 0.51764706 0.78039216
v 16.77499962 -56.47910309 33.53092194 0.00784314 0.51764706 0.78039216
v 16.54224777 -57.00135803 36.34049225 0.00784314 0.51764706 0.78039216
v 16.74253845 -56.96934891 36.33720016 0.00784314 0.51764706 0.78039216
v 16.77499962 -56.76546478 36.31623840 0.00784314 0.51764706 0.78039216
v 16.77499962 -53.09529495 35.93890762 0.00784314 0.51764706 0.78039216
v 16.77499962 -52.80893326 33.15358734 0.00784314 0.51764706 0.78039216
v 16.90608597 -51.93641663 33.06388474 0.00784314 0.51764706 0.78039216
v 17.31754303 -51.09722900 32.97760391 0.00784314 0.51764706 0.78039216
v 18.19025230 -49.85740662 32.85013962 0.00784314 0.51764706 0.78039216
v 18.32073593 -49.63258362 32.82702637 0.00784314 0.51764706 0.78039216
v 16.90608597 -52.22277832 35.84920120 0.00784314 0.51764706 0.78039216
v 17.31754303 -51.38358688 35.76292419 0.00784314 0.51764706 0.78039216
v 18.19025230 -50.14376831 35.63545609 0.00784314 0.51764706 0.78039216
v 18.32073593 -49.91894531 35.61234283 0.00784314 0.51764706 0.78039216
v 19.31503296 -47.79785156 35.39427185 0.00784314 0.51764706 0.78039216
v 2.40620971 -64.73349762 43.80908585 0.00784314 0.51764706 0.78039216
v 2.31433082 -64.35205078 44.12564850 0.00784314 0.51764706 0.78039216
v 2.11449790 -64.00473785 44.69231033 0.00784314 0.51764706 0.78039216
v 1.86013472 -64.14700317 45.26596451 0.00784314 0.51764706 0.78039216
v 1.32309759 -63.50133133 45.88441467 0.00784314 0.51764706 0.78039216
v 1.22428238 -63.57225800 46.01877975 0.00784314 0.51764706 0.78039216
v -3.00000000 -61.91674042 47.14410400 0.00784314 0.51764706 0.78039216
v -1.39888597 -62.95313263 47.44340134 0.00784314 0.51764706 0.78039216
v -1.40815914 -62.90664291 47.42076874 0.00784314 0.51764706 0.78039216
v 0.04246115 -63.03859329 46.80625153 0.00784314 0.51764706 0.78039216
v -2.49701643 -57.02223206 44.04349899 0.00784314 0.51764706 0.78039216
v 2.15730858 -44.08056259 32.25621796 0.00784314 0.51764706 0.78039216
v 1.89210653 -43.51481628 32.19805145 0.00784314 0.51764706 0.78039216
v 1.72969210 -42.91185379 32.13606262 0.00784314 0.51764706 0.78039216
v -2.73573494 -47.17710876 35.33045197 0.00784314 0.51764706 0.78039216
v 2.29646993 -44.56462479 35.06185913 0.00784314 0.51764706 0.78039216
v 2.15730858 -44.36692429 35.04153442 0.00784314 0.51764706 0.78039216
v 1.89210653 -43.80117798 34.98337173 0.00784314 0.51764706 0.78039216
v 1.72969210 -43.19821548 34.92137909 0.00784314 0.51764706 0.78039216
v 1.67499995 -42.57636261 34.85744476 0.00784314 0.51764706 0.78039216
v 1.67499995 -42.29000092 32.07212830 0.00784314 0.51764706 0.78039216
v 1.72969210 -41.66814423 32.00819397 0.00784314 0.51764706 0.78039216
v 1.89210653 -41.06518555 31.94620323 0.00784314 0.51764706 0.78039216
v 2.15730858 -40.49943924 31.88803864 0.00784314 0.51764706 0.78039216
v -3.41715670 -39.42926407 34.53388977 0.00784314 0.51764706 0.78039216
v -2.73573494 -37.97561264 34.38443756 0.00784314 0.51764706 0.78039216
v -0.67078537 -42.47940063 34.84747696 0.00784314 0.51764706 0.78039216
v 1.72969210 -41.95450592 34.79351425 0.00784314 0.51764706 0.78039216
v 1.89210653 -41.35154343 34.73152161 0.00784314 0.51764706 0.78039216
v 2.12380767 -40.85726547 34.68070602 0.00784314 0.51764706 0.78039216
v 2.15730858 -40.78580093 34.67335510 0.00784314 0.51764706 0.78039216
v 1.01332700 -38.73870087 34.46289444 0.00784314 0.51764706 0.78039216
v 1.99095714 -38.00473022 34.38743210 0.00784314 0.51764706 0.78039216
v 3.47499990 -45.39134216 32.39097977 0.00784314 0.51764706 0.78039216
v 4.64986658 -45.81671906 32.43471146 0.00784314 0.51764706 0.78039216
v 4.04372740 -45.65515518 32.41810226 0.00784314 0.51764706 0.78039216
v 5.27500010 -45.87112427 32.44030762 0.00784314 0.51764706 0.78039216
v 2.51724005 -44.59189987 32.30878830 0.00784314 0.51764706 0.78039216
v 2.96096468 -45.03329849 32.35416794 0.00784314 0.51764706 0.78039216
v 5.90013361 -45.81671906 32.43471146 0.00784314 0.51764706 0.78039216
v 6.50627232 -45.65515518 32.41810226 0.00784314 0.51764706 0.78039216
v 7.07499981 -45.39134216 32.39097977 0.00784314 0.51764706 0.78039216
v 7.58903551 -45.03329849 32.35416794 0.00784314 0.51764706 0.78039216
v 8.03275967 -44.59189987 32.30878830 0.00784314 0.51764706 0.78039216
v 8.39269161 -44.08056259 32.25621796 0.00784314 0.51764706 0.78039216
v 8.65789318 -43.51481628 32.19805145 0.00784314 0.51764706 0.78039216
v 8.82030773 -42.91185379 32.13606262 0.00784314 0.51764706 0.78039216
v 2.96096468 -45.31966019 35.13948822 0.00784314 0.51764706 0.78039216
v 4.02146530 -45.93119049 35.20235825 0.00784314 0.51764706 0.78039216
v 3.31314254 -45.56496429 35.16470718 0.00784314 0.51764706 0.78039216
v 3.47499990 -45.67770386 35.17629623 0.00784314 0.51764706 0.78039216
v 4.03707695 -46.04255295 35.21380615 0.00784314 0.51764706 0.78039216
v 4.04372740 -45.94151688 35.20341873 0.00784314 0.51764706 0.78039216
v 4.64986658 -46.10308075 35.22003174 0.00784314 0.51764706 0.78039216
v 5.27500010 -46.15748596 35.22562408 0.00784314 0.51764706 0.78039216
v 2.51724005 -44.87826157 35.09410477 0.00784314 0.51764706 0.78039216
v 5.90013361 -46.10308075 35.22003174 0.00784314 0.51764706 0.78039216
v 6.50627232 -45.94151688 35.20341873 0.00784314 0.51764706 0.78039216
v 7.16838455 -46.05743790 35.21533966 0.00784314 0.51764706 0.78039216
v 7.07499981 -45.67770386 35.17629623 0.00784314 0.51764706 0.78039216
v 7.12292290 -45.64432526 35.17286682 0.00784314 0.51764706 0.78039216
v 7.58903551 -45.31966019 35.13948822 0.00784314 0.51764706 0.78039216
v 8.03275967 -44.87826157 35.09410477 0.00784314 0.51764706 0.78039216
v 8.22402477 -44.60654068 35.06616974 0.00784314 0.51764706 0.78039216
v 8.39269161 -44.36692429 35.04153442 0.00784314 0.51764706 0.78039216
v 8.65789318 -43.80117798 34.98337173 0.00784314 0.51764706 0.78039216
v 8.82030773 -43.19821548 34.92137909 0.00784314 0.51764706 0.78039216
v 2.51724005 -39.98809814 31.83546829 0.00784314 0.51764706 0.78039216
v 2.96096468 -39.54669952 31.79008675 0.00784314 0.51764706 0.78039216
v 3.47499990 -39.18865585 31.75327682 0.00784314 0.51764706 0.78039216
v 4.04372740 -38.92484665 31.72615433 0.00784314 0.51764706 0.78039216
v 4.64986658 -38.76328278 31.70954323 0.00784314 0.51764706 0.78039216
v 5.27500010 -38.70887756 31.70394897 0.00784314 0.51764706 0.78039216
v 8.82030773 -41.66814423 32.00819397 0.00784314 0.51764706 0.78039216
v 8.65789318 -41.06518555 31.94620323 0.00784314 0.51764706 0.78039216
v 8.39269161 -40.49943924 31.88803864 0.00784314 0.51764706 0.78039216
v 5.90013361 -38.76328278 31.70954323 0.00784314 0.51764706 0.78039216
v 6.50627232 -38.92484665 31.72615433 0.00784314 0.51764706 0.78039216
v 7.07499981 -39.18865585 31.75327682 0.00784314 0.51764706 0.78039216
v 7.58903551 -39.54669952 31.79008675 0.00784314 0.51764706 0.78039216
v 8.03275967 -39.98809814 31.83546829 0.00784314 0.51764706 0.78039216
v 2.51724005 -40.27445984 34.62078476 0.00784314 0.51764706 0.78039216
v 2.74795938 -40.04494858 34.59719086 0.00784314 0.51764706 0.78039216
v 2.96096468 -39.83306122 34.57540512 0.00784314 0.51764706 0.78039216
v 3.04296136 -39.77594757 34.56953430 0.00784314 0.51764706 0.78039216
v 2.43858194 -39.04502487 34.49438477 0.00784314 0.51764706 0.78039216
v 3.47499990 -39.47501755 34.53859329 0.00784314 0.51764706 0.78039216
v 4.00509310 -38.62427521 34.45112991 0.00784314 0.51764706 0.78039216
v 3.53712535 -37.56388855 34.34210968 0.00784314 0.51764706 0.78039216
v 4.04372740 -39.21120453 34.51147079 0.00784314 0.51764706 0.78039216
v 4.13808918 -39.18605423 34.50888443 0.00784314 0.51764706 0.78039216
v 4.64986658 -39.04964447 34.49486160 0.00784314 0.51764706 0.78039216
v 4.76842165 -39.03932571 34.49380112 0.00784314 0.51764706 0.78039216
v 5.27500010 -38.99523544 34.48926926 0.00784314 0.51764706 0.78039216
v 4.75415707 -38.10292435 34.39752960 0.00784314 0.51764706 0.78039216
v 8.82030773 -41.95450592 34.79351425 0.00784314 0.51764706 0.78039216
v 8.65789318 -41.35154343 34.73152161 0.00784314 0.51764706 0.78039216
v 8.03275967 -40.27445984 34.62078476 0.00784314 0.51764706 0.78039216
v 8.39269161 -40.78580093 34.67335510 0.00784314 0.51764706 0.78039216
v 8.17004585 -40.46949387 34.64083862 0.00784314 0.51764706 0.78039216
v 5.90013361 -39.04964447 34.49486160 0.00784314 0.51764706 0.78039216
v 6.41222334 -39.18613815 34.50889587 0.00784314 0.51764706 0.78039216
v 7.07499981 -39.47501755 34.53859329 0.00784314 0.51764706 0.78039216
v 6.50627232 -39.21120453 34.51147079 0.00784314 0.51764706 0.78039216
v 6.53285265 -38.80739975 34.46995544 0.00784314 0.51764706 0.78039216
v 7.58903551 -39.83306122 34.57540512 0.00784314 0.51764706 0.78039216
v 8.08871841 -39.39982224 34.53086472 0.00784314 0.51764706 0.78039216
v -1.81091106 -36.66175079 34.24935913 0.00784314 0.51764706 0.78039216
v -0.67078537 -35.52760315 34.13275909 0.00784314 0.51764706 0.78039216
v 2.11997986 -35.22155762 34.10129166 0.00784314 0.51764706 0.78039216
v 0.64999998 -34.60763168 34.03817368 0.00784314 0.51764706 0.78039216
v 2.08541250 -34.80672455 34.05864334 0.00784314 0.51764706 0.78039216
v 1.64963031 -34.14393997 33.99050140 0.00784314 0.51764706 0.78039216
v 2.14778304 -34.18316650 33.99453354 0.00784314 0.51764706 0.78039216
v 2.12155986 -33.92705154 33.96820450 0.00784314 0.51764706 0.78039216
v 2.33080530 -33.87127686 33.96247101 0.00784314 0.51764706 0.78039216
v 0.75715238 -28.00000000 30.60296249 0.00784314 0.51764706 0.78039216
v 1.53360951 -27.89831352 30.59250641 0.00784314 0.51764706 0.78039216
v 0.75715238 -28.28636169 33.38827896 0.00784314 0.51764706 0.78039216
v 1.53360951 -28.18467331 33.37782669 0.00784314 0.51764706 0.78039216
v 2.77419758 -33.75309372 33.95031738 0.00784314 0.51764706 0.78039216
v 2.84727240 -33.73361588 33.94831467 0.00784314 0.51764706 0.78039216
v 3.70937133 -33.74379730 33.94936371 0.00784314 0.51764706 0.78039216
v 3.66802597 -33.53705978 33.92810822 0.00784314 0.51764706 0.78039216
v 3.87483454 -33.49671936 33.92396164 0.00784314 0.51764706 0.78039216
v 5.27500010 -33.37486267 33.91143417 0.00784314 0.51764706 0.78039216
v 6.20680904 -37.31951904 34.31698608 0.00784314 0.51764706 0.78039216
v 6.08650780 -36.22633362 34.20459366 0.00784314 0.51764706 0.78039216
v 6.22414970 -35.75669479 34.15631104 0.00784314 0.51764706 0.78039216
v 7.95472670 -37.29227829 34.31418610 0.00784314 0.51764706 0.78039216
v 7.92678976 -36.01133347 34.18249130 0.00784314 0.51764706 0.78039216
v 5.77752686 -33.41859818 33.91592789 0.00784314 0.51764706 0.78039216
v 6.88124561 -33.51465607 33.92580414 0.00784314 0.51764706 0.78039216
v 2.54375768 -27.62906456 30.56482506 0.00784314 0.51764706 0.78039216
v 2.80076170 -27.58398438 30.56019020 0.00784314 0.51764706 0.78039216
v 5.14451551 -27.38000870 30.53921890 0.00784314 0.51764706 0.78039216
v 5.40548468 -27.38000870 30.53921890 0.00784314 0.51764706 0.78039216
v 2.54375768 -27.91542435 33.35014343 0.00784314 0.51764706 0.78039216
v 2.80076170 -27.87034607 33.34550858 0.00784314 0.51764706 0.78039216
v 5.14451551 -27.66636848 33.32453918 0.00784314 0.51764706 0.78039216
v 5.40548468 -27.66636848 33.32453918 0.00784314 0.51764706 0.78039216
v 7.74923801 -27.58398438 30.56019020 0.00784314 0.51764706 0.78039216
v 8.00624275 -27.62906456 30.56482506 0.00784314 0.51764706 0.78039216
v 7.74923801 -27.87034607 33.34550858 0.00784314 0.51764706 0.78039216
v 8.00624275 -27.91542435 33.35014343 0.00784314 0.51764706 0.78039216
v 8.87500000 -42.57636261 34.85744476 0.00784314 0.51764706 0.78039216
v 13.28573513 -46.07940674 35.21759796 0.00784314 0.51764706 0.78039216
v 12.23563480 -47.06656647 35.31908798 0.00784314 0.51764706 0.78039216
v 12.36091137 -46.73876572 35.28538513 0.00784314 0.51764706 0.78039216
v 13.22373867 -46.47220230 35.25798035 0.00784314 0.51764706 0.78039216
v 13.08137989 -44.85357285 35.09156799 0.00784314 0.51764706 0.78039216
v 14.41298103 -43.85002899 34.98839188 0.00784314 0.51764706 0.78039216
v 14.52499962 -42.57636261 34.85744476 0.00784314 0.51764706 0.78039216
v 8.87500000 -42.29000092 32.07212830 0.00784314 0.51764706 0.78039216
v 14.18926430 -41.95465851 34.79352951 0.00784314 0.51764706 0.78039216
v 14.38447189 -40.97853851 34.69317245 0.00784314 0.51764706 0.78039216
v 13.96715641 -39.42926407 34.53388977 0.00784314 0.51764706 0.78039216
v 19.31503296 -47.51148987 32.60895157 0.00784314 0.51764706 0.78039216
v 19.40428925 -47.26754379 32.58387375 0.00784314 0.51764706 0.78039216
v 20.01321602 -45.00691986 32.35145569 0.00784314 0.51764706 0.78039216
v 20.05853271 -44.75126648 32.32517242 0.00784314 0.51764706 0.78039216
v 20.01321602 -45.29328156 35.13677597 0.00784314 0.51764706 0.78039216
v 19.40428925 -47.55390549 35.36919022 0.00784314 0.51764706 0.78039216
v 20.05853271 -45.03762436 35.11048889 0.00784314 0.51764706 0.78039216
v 20.26358414 -42.70616150 34.87079239 0.00784314 0.51764706 0.78039216
v 20.26358414 -42.41979980 32.08547211 0.00784314 0.51764706 0.78039216
v 20.26358414 -42.16019821 32.05878448 0.00784314 0.51764706 0.78039216
v 20.01321602 -39.57307816 31.79279900 0.00784314 0.51764706 0.78039216
v 20.05853271 -39.82873535 31.81908226 0.00784314 0.51764706 0.78039216
v 20.26358414 -42.44655991 34.84410095 0.00784314 0.51764706 0.78039216
v 20.05853271 -40.11509705 34.60440063 0.00784314 0.51764706 0.78039216
v 20.01321602 -39.85943985 34.57811737 0.00784314 0.51764706 0.78039216
v 19.40428925 -37.59881592 34.34569931 0.00784314 0.51764706 0.78039216
v 11.22078514 -35.52760315 34.13275909 0.00784314 0.51764706 0.78039216
v 9.89999962 -34.60763168 34.03817368 0.00784314 0.51764706 0.78039216
v 12.36091137 -36.66175079 34.24935913 0.00784314 0.51764706 0.78039216
v 9.01639080 -27.89831352 30.59250641 0.00784314 0.51764706 0.78039216
v 9.79284763 -28.00000000 30.60296249 0.00784314 0.51764706 0.78039216
v 9.01639080 -28.18467331 33.37782669 0.00784314 0.51764706 0.78039216
v 9.79284763 -28.28636169 33.38827896 0.00784314 0.51764706 0.78039216
v 18.32073593 -34.94741440 31.31723022 0.00784314 0.51764706 0.78039216
v 18.19025230 -34.72259521 31.29411697 0.00784314 0.51764706 0.78039216
v 17.31754303 -33.48277283 31.16664886 0.00784314 0.51764706 0.78039216
v 16.92183113 -32.69325638 31.08547974 0.00784314 0.51764706 0.78039216
v 19.40428925 -37.31245422 31.56038284 0.00784314 0.51764706 0.78039216
v 19.31503296 -37.06851196 31.53530312 0.00784314 0.51764706 0.78039216
v 18.32073593 -35.23377609 34.10255051 0.00784314 0.51764706 0.78039216
v 18.19025230 -35.00895309 34.07943344 0.00784314 0.51764706 0.78039216
v 17.31754303 -33.76913452 33.95196915 0.00784314 0.51764706 0.78039216
v 16.92183113 -32.97961807 33.87079620 0.00784314 0.51764706 0.78039216
v 19.31503296 -37.35486984 34.32062149 0.00784314 0.51764706 0.78039216
v 16.77499962 -31.77106476 30.99066734 0.00784314 0.51764706 0.78039216
v 16.77499962 -28.23486710 30.62710762 0.00784314 0.51764706 0.78039216
v 16.53889465 -28.00000000 30.60296249 0.00784314 0.51764706 0.78039216
v 16.74271774 -28.03211212 30.60626411 0.00784314 0.51764706 0.78039216
v 16.77499962 -28.52122688 33.41242599 0.00784314 0.51764706 0.78039216
v 16.53889465 -28.28636169 33.38827896 0.00784314 0.51764706 0.78039216
v 16.74271774 -28.31847382 33.39158249 0.00784314 0.51764706 0.78039216
v 16.77499962 -32.05742645 33.77598572 0.00784314 0.51764706 0.78039216
v -0.81335574 -103.70999908 45.67295074 0.13333333 0.77254902 0.36862745
v -1.47705102 -103.70999908 46.33664322 0.13333333 0.77254902 0.36862745
v -1.90316951 -103.70999908 47.17295074 0.13333333 0.77254902 0.36862745
v -2.04999995 -103.70999908 48.09999847 0.13333333 0.77254902 0.36862745
v 0.02294902 -103.70999908 45.24682999 0.13333333 0.77254902 0.36862745
v 0.94999999 -103.70999908 45.09999847 0.13333333 0.77254902 0.36862745
v -2.46763802 -101.54185486 56.00000000 0.13333333 0.77254902 0.36862745
v -2.50056219 -101.45221710 55.44943619 0.13333333 0.77254902 0.36862745
v -2.50056219 -101.45221710 56.55056381 0.13333333 0.77254902 0.36862745
v -2.52268863 -101.17461395 54.89365005 0.13333333 0.77254902 0.36862745
v -2.95000005 -101.34204865 56.00000000 0.13333333 0.77254902 0.36862745
v -3.05634952 -101.17461395 55.42731094 0.13333333 0.77254902 0.36862745
v -3.05634952 -101.17461395 56.57268906 0.13333333 0.77254902 0.36862745
v -2.04999995 -101.59683228 56.00000000 0.13333333 0.77254902 0.36862745
v -2.04999995 -101.54185486 55.58236313 0.13333333 0.77254902 0.36862745
v -2.04999995 -101.54185486 56.41763687 0.13333333 0.77254902 0.36862745
v -2.04999995 -101.52557373 55.47638321 0.13333333 0.77254902 0.36862745
v -2.04999995 -101.52557373 56.52361679 0.13333333 0.77254902 0.36862745
v -2.04999995 -101.36206055 55.08163071 0.13333333 0.77254902 0.36862745
v -2.04999995 -101.31281281 54.98143005 0.13333333 0.77254902 0.36862745
v -3.36421347 -101.02421570 56.00000000 0.13333333 0.77254902 0.36862745
v -3.10470057 -100.76470184 54.84529877 0.13333333 0.77254902 0.36862745
v -2.52268863 -100.71634674 54.43538666 0.13333333 0.77254902 0.36862745
v -3.51461458 -100.71634674 55.42731094 0.13333333 0.77254902 0.36862745
v -3.51461458 -100.71634674 56.57268906 0.13333333 0.77254902 0.36862745
v -2.04999995 -101.05047607 54.63954544 0.13333333 0.77254902 0.36862745
v -2.04999995 -100.97045898 54.55952454 0.13333333 0.77254902 0.36862745
v -3.68205070 -100.61000061 56.00000000 0.13333333 0.77254902 0.36862745
v -3.51461458 -100.18268585 54.89365005 0.13333333 0.77254902 0.36862745
v -3.05634952 -100.18268585 54.43538666 0.13333333 0.77254902 0.36862745
v -2.50056219 -100.16056061 54.15778351 0.13333333 0.77254902 0.36862745
v -3.79221678 -100.16056061 55.44943619 0.13333333 0.77254902 0.36862745
v -3.88185167 -100.12763977 56.00000000 0.13333333 0.77254902 0.36862745
v -3.79221678 -100.16056061 56.55056381 0.13333333 0.77254902 0.36862745
v -2.04999995 -100.62857056 54.29718781 0.13333333 0.77254902 0.36862745
v -2.04999995 -100.52836609 54.24794006 0.13333333 0.77254902 0.36862745
v -2.04999995 -100.13362122 54.08443069 0.13333333 0.77254902 0.36862745
v -2.04999995 -100.02764130 54.06814957 0.13333333 0.77254902 0.36862745
v -2.52268863 -101.17461395 57.10634995 0.13333333 0.77254902 0.36862745
v -2.04999995 -101.36206055 56.91836929 0.13333333 0.77254902 0.36862745
v -2.04999995 -101.31281281 57.01856995 0.13333333 0.77254902 0.36862745
v -3.10470057 -100.76470184 57.15470123 0.13333333 0.77254902 0.36862745
v -2.52268863 -100.71634674 57.56461334 0.13333333 0.77254902 0.36862745
v -2.04999995 -101.05047607 57.36045456 0.13333333 0.77254902 0.36862745
v -2.04999995 -100.97045898 57.44047546 0.13333333 0.77254902 0.36862745
v -3.51461458 -100.18268585 57.10634995 0.13333333 0.77254902 0.36862745
v -3.05634952 -100.18268585 57.56461334 0.13333333 0.77254902 0.36862745
v -2.50056219 -100.16056061 57.84221649 0.13333333 0.77254902 0.36862745
v -2.04999995 -100.62857056 57.70281219 0.13333333 0.77254902 0.36862745
v -2.04999995 -100.52836609 57.75205994 0.13333333 0.77254902 0.36862745
v -2.04999995 -100.13362122 57.91556931 0.13333333 0.77254902 0.36862745
v -2.04999995 -100.02764130 57.93185043 0.13333333 0.77254902 0.36862745
v 11.69999981 -103.70999908 45.09999847 0.13333333 0.77254902 0.36862745
v 11.69999981 -103.70999908 62.09999847 0.13333333 0.77254902 0.36862745
v 11.84432602 -103.70999908 63.74965668 0.13333333 0.77254902 0.36862745
v 12.27291965 -103.70999908 65.34918976 0.13333333 0.77254902 0.36862745
v 12.97275829 -103.70999908 66.84999847 0.13333333 0.77254902 0.36862745
v 13.92257786 -103.70999908 68.20648193 0.13333333 0.77254902 0.36862745
v -2.04999995 -103.70999908 76.09999847 0.13333333 0.77254902 0.36862745
v -1.90316951 -103.70999908 77.02705383 0.13333333 0.77254902 0.36862745
v -1.47705102 -103.70999908 77.86335754 0.13333333 0.77254902 0.36862745
v -0.81335574 -103.70999908 78.52705383 0.13333333 0.77254902 0.36862745
v 0.02294902 -103.70999908 78.95317078 0.13333333 0.77254902 0.36862745
v 0.94999999 -103.70999908 79.09999847 0.13333333 0.77254902 0.36862745
v 3.46794915 -103.70999908 79.09999847 0.13333333 0.77254902 0.36862745
v 3.20000005 -103.70999908 80.09999847 0.13333333 0.77254902 0.36862745
v 3.20000005 -103.70999908 90.09999847 0.13333333 0.77254902 0.36862745
v 3.46794915 -103.70999908 91.09999847 0.13333333 0.77254902 0.36862745
v 4.19999981 -103.70999908 91.83205414 0.13333333 0.77254902 0.36862745
v 5.19999981 -103.70999908 92.09999847 0.13333333 0.77254902 0.36862745
v 15.09351730 -103.70999908 69.37741852 0.13333333 0.77254902 0.36862745
v 16.45000076 -103.70999908 70.32723999 0.13333333 0.77254902 0.36862745
v 17.95080948 -103.70999908 71.02707672 0.13333333 0.77254902 0.36862745
v 19.55034256 -103.70999908 71.45567322 0.13333333 0.77254902 0.36862745
v -3.36421347 -99.61000061 54.58578491 0.13333333 0.77254902 0.36862745
v -3.68205070 -99.61000061 55.00000000 0.13333333 0.77254902 0.36862745
v -2.95000005 -99.61000061 54.26794815 0.13333333 0.77254902 0.36862745
v -2.46763802 -99.61000061 54.06814957 0.13333333 0.77254902 0.36862745
v -3.88185167 -99.61000061 55.48236084 0.13333333 0.77254902 0.36862745
v -3.95000005 -99.61000061 56.00000000 0.13333333 0.77254902 0.36862745
v -3.88185167 -99.61000061 56.51763916 0.13333333 0.77254902 0.36862745
v -2.04999995 -99.61000061 54.01316452 0.13333333 0.77254902 0.36862745
v -2.04999995 -99.19235992 54.06814957 0.13333333 0.77254902 0.36862745
v -3.51461458 -99.03730774 54.89365005 0.13333333 0.77254902 0.36862745
v -3.05634952 -99.03730774 54.43538666 0.13333333 0.77254902 0.36862745
v -2.50056219 -99.05944061 54.15778351 0.13333333 0.77254902 0.36862745
v -3.79221678 -99.05944061 55.44943619 0.13333333 0.77254902 0.36862745
v -3.88185167 -99.09236145 56.00000000 0.13333333 0.77254902 0.36862745
v -3.79221678 -99.05944061 56.55056381 0.13333333 0.77254902 0.36862745
v -3.68205070 -98.61000061 56.00000000 0.13333333 0.77254902 0.36862745
v -2.04999995 -99.08638000 54.08443069 0.13333333 0.77254902 0.36862745
v -2.04999995 -98.69163513 54.24794006 0.13333333 0.77254902 0.36862745
v -2.04999995 -98.59143066 54.29718781 0.13333333 0.77254902 0.36862745
v -2.52268863 -98.50364685 54.43538666 0.13333333 0.77254902 0.36862745
v -3.10470057 -98.45529938 54.84529877 0.13333333 0.77254902 0.36862745
v -3.51461458 -98.50364685 55.42731094 0.13333333 0.77254902 0.36862745
v -3.51461458 -98.50364685 56.57268906 0.13333333 0.77254902 0.36862745
v -3.36421347 -98.19578552 56.00000000 0.13333333 0.77254902 0.36862745
v -2.04999995 -98.24954224 54.55952454 0.13333333 0.77254902 0.36862745
v -2.04999995 -98.16952515 54.63954544 0.13333333 0.77254902 0.36862745
v -2.52268863 -98.04538727 54.89365005 0.13333333 0.77254902 0.36862745
v -3.05634952 -98.04538727 55.42731094 0.13333333 0.77254902 0.36862745
v -3.05634952 -98.04538727 56.57268906 0.13333333 0.77254902 0.36862745
v -2.95000005 -97.87795258 56.00000000 0.13333333 0.77254902 0.36862745
v -2.50056219 -97.76778412 55.44943619 0.13333333 0.77254902 0.36862745
v -2.50056219 -97.76778412 56.55056381 0.13333333 0.77254902 0.36862745
v -2.46763802 -97.67814636 56.00000000 0.13333333 0.77254902 0.36862745
v -2.04999995 -97.90718842 54.98143005 0.13333333 0.77254902 0.36862745
v -2.04999995 -97.85794067 55.08163071 0.13333333 0.77254902 0.36862745
v -2.04999995 -97.69442749 55.47638321 0.13333333 0.77254902 0.36862745
v -2.04999995 -97.69442749 56.52361679 0.13333333 0.77254902 0.36862745
v -2.04999995 -97.67814636 55.58236313 0.13333333 0.77254902 0.36862745
v -2.04999995 -97.62316895 56.00000000 0.13333333 0.77254902 0.36862745
v -2.04999995 -97.67814636 56.41763687 0.13333333 0.77254902 0.36862745
v -3.68205070 -99.61000061 57.00000000 0.13333333 0.77254902 0.36862745
v -3.36421347 -99.61000061 57.41421509 0.13333333 0.77254902 0.36862745
v -2.95000005 -99.61000061 57.73205185 0.13333333 0.77254902 0.36862745
v -2.46763802 -99.61000061 57.93185043 0.13333333 0.77254902 0.36862745
v -2.04999995 -99.61000061 57.98683548 0.13333333 0.77254902 0.36862745
v -2.04999995 -99.19235992 57.93185043 0.13333333 0.77254902 0.36862745
v -3.51461458 -99.03730774 57.10634995 0.13333333 0.77254902 0.36862745
v -3.05634952 -99.03730774 57.56461334 0.13333333 0.77254902 0.36862745
v -2.50056219 -99.05944061 57.84221649 0.13333333 0.77254902 0.36862745
v -2.04999995 -99.08638000 57.91556931 0.13333333 0.77254902 0.36862745
v -2.04999995 -98.69163513 57.75205994 0.13333333 0.77254902 0.36862745
v -2.04999995 -98.59143066 57.70281219 0.13333333 0.77254902 0.36862745
v -2.52268863 -98.50364685 57.56461334 0.13333333 0.77254902 0.36862745
v -3.10470057 -98.45529938 57.15470123 0.13333333 0.77254902 0.36862745
v -2.04999995 -98.24954224 57.44047546 0.13333333 0.77254902 0.36862745
v -2.04999995 -98.16952515 57.36045456 0.13333333 0.77254902 0.36862745
v -2.52268863 -98.04538727 57.10634995 0.13333333 0.77254902 0.36862745
v -2.04999995 -97.90718842 57.01856995 0.13333333 0.77254902 0.36862745
v -2.04999995 -97.85794067 56.91836929 0.13333333 0.77254902 0.36862745
v -0.81335574 -95.51000214 45.67295074 0.13333333 0.77254902 0.36862745
v -1.47705102 -95.51000214 46.33664322 0.13333333 0.77254902 0.36862745
v -1.90316951 -95.51000214 47.17295074 0.13333333 0.77254902 0.36862745
v -2.04999995 -95.51000214 48.09999847 0.13333333 0.77254902 0.36862745
v 0.02294902 -95.51000214 45.24682999 0.13333333 0.77254902 0.36862745
v 0.94999999 -95.51000214 45.09999847 0.13333333 0.77254902 0.36862745
v 11.69999981 -95.51000214 45.09999847 0.13333333 0.77254902 0.36862745
v 11.69999981 -95.51000214 62.09999847 0.13333333 0.77254902 0.36862745
v 11.84432602 -95.51000214 63.74965668 0.13333333 0.77254902 0.36862745
v 12.27291965 -95.51000214 65.34918976 0.13333333 0.77254902 0.36862745
v 12.97275829 -95.51000214 66.84999847 0.13333333 0.77254902 0.36862745
v 13.92257786 -95.51000214 68.20648193 0.13333333 0.77254902 0.36862745
v -2.04999995 -95.51000214 76.09999847 0.13333333 0.77254902 0.36862745
v -1.90316951 -95.51000214 77.02705383 0.13333333 0.77254902 0.36862745
v -1.47705102 -95.51000214 77.86335754 0.13333333 0.77254902 0.36862745
v -0.81335574 -95.51000214 78.52705383 0.13333333 0.77254902 0.36862745
v 0.02294902 -95.51000214 78.95317078 0.13333333 0.77254902 0.36862745
v 0.94999999 -95.51000214 79.09999847 0.13333333 0.77254902 0.36862745
v 3.46794915 -95.51000214 79.09999847 0.13333333 0.77254902 0.36862745
v 3.20000005 -95.51000214 80.09999847 0.13333333 0.77254902 0.36862745
v 3.20000005 -95.51000214 90.09999847 0.13333333 0.77254902 0.36862745
v 3.46794915 -95.51000214 91.09999847 0.13333333 0.77254902 0.36862745
v 4.19999981 -95.51000214 91.83205414 0.13333333 0.77254902 0.36862745
v 5.19999981 -95.51000214 92.09999847 0.13333333 0.77254902 0.36862745
v 15.09351730 -95.51000214 69.37741852 0.13333333 0.77254902 0.36862745
v 16.45000076 -95.51000214 70.32723999 0.13333333 0.77254902 0.36862745
v 17.95080948 -95.51000214 71.02707672 0.13333333 0.77254902 0.36862745
v 19.55034256 -95.51000214 71.45567322 0.13333333 0.77254902 0.36862745
v 30.70000076 -103.70999908 45.09999847 0.13333333 0.77254902 0.36862745
v 30.70000076 -103.70999908 62.09999847 0.13333333 0.77254902 0.36862745
v 30.55567360 -103.70999908 63.74965668 0.13333333 0.77254902 0.36862745
v 30.12707901 -103.70999908 65.34918976 0.13333333 0.77254902 0.36862745
v 28.47742271 -103.70999908 68.20648193 0.13333333 0.77254902 0.36862745
v 29.42724228 -103.70999908 66.84999847 0.13333333 0.77254902 0.36862745
v 41.45000076 -103.70999908 45.09999847 0.13333333 0.77254902 0.36862745
v 42.37705231 -103.70999908 45.24682999 0.13333333 0.77254902 0.36862745
v 43.21335602 -103.70999908 45.67295074 0.13333333 0.77254902 0.36862745
v 43.87705231 -103.70999908 46.33664322 0.13333333 0.77254902 0.36862745
v 44.30316925 -103.70999908 47.17295074 0.13333333 0.77254902 0.36862745
v 44.45000076 -103.70999908 48.09999847 0.13333333 0.77254902 0.36862745
v 44.45000076 -101.59683228 56.00000000 0.13333333 0.77254902 0.36862745
v 44.45000076 -101.54185486 55.58236313 0.13333333 0.77254902 0.36862745
v 44.45000076 -101.54185486 56.41763687 0.13333333 0.77254902 0.36862745
v 44.45000076 -101.52557373 55.47638321 0.13333333 0.77254902 0.36862745
v 44.45000076 -101.52557373 56.52361679 0.13333333 0.77254902 0.36862745
v 44.45000076 -101.36206055 55.08163071 0.13333333 0.77254902 0.36862745
v 44.45000076 -101.31281281 54.98143005 0.13333333 0.77254902 0.36862745
v 44.86763763 -101.54185486 56.00000000 0.13333333 0.77254902 0.36862745
v 44.90056229 -101.45221710 55.44943619 0.13333333 0.77254902 0.36862745
v 44.90056229 -101.45221710 56.55056381 0.13333333 0.77254902 0.36862745
v 44.92268753 -101.17461395 54.89365005 0.13333333 0.77254902 0.36862745
v 45.34999847 -101.34204865 56.00000000 0.13333333 0.77254902 0.36862745
v 45.45634842 -101.17461395 55.42731094 0.13333333 0.77254902 0.36862745
v 45.45634842 -101.17461395 56.57268906 0.13333333 0.77254902 0.36862745
v 44.45000076 -101.05047607 54.63954544 0.13333333 0.77254902 0.36862745
v 44.45000076 -100.97045898 54.55952454 0.13333333 0.77254902 0.36862745
v 45.76421356 -101.02421570 56.00000000 0.13333333 0.77254902 0.36862745
v 45.50469971 -100.76470184 54.84529877 0.13333333 0.77254902 0.36862745
v 44.92268753 -100.71634674 54.43538666 0.13333333 0.77254902 0.36862745
v 45.91461563 -100.71634674 55.42731094 0.13333333 0.77254902 0.36862745
v 45.91461563 -100.71634674 56.57268906 0.13333333 0.77254902 0.36862745
v 44.45000076 -100.62857056 54.29718781 0.13333333 0.77254902 0.36862745
v 44.45000076 -100.52836609 54.24794006 0.13333333 0.77254902 0.36862745
v 44.45000076 -100.13362122 54.08443069 0.13333333 0.77254902 0.36862745
v 46.08205032 -100.61000061 56.00000000 0.13333333 0.77254902 0.36862745
v 44.90056229 -100.16056061 54.15778351 0.13333333 0.77254902 0.36862745
v 45.45634842 -100.18268585 54.43538666 0.13333333 0.77254902 0.36862745
v 45.91461563 -100.18268585 54.89365005 0.13333333 0.77254902 0.36862745
v 46.19221497 -100.16056061 55.44943619 0.13333333 0.77254902 0.36862745
v 46.28185272 -100.12763977 56.00000000 0.13333333 0.77254902 0.36862745
v 46.19221497 -100.16056061 56.55056381 0.13333333 0.77254902 0.36862745
v 44.45000076 -100.02764130 54.06814957 0.13333333 0.77254902 0.36862745
v 44.45000076 -101.36206055 56.91836929 0.13333333 0.77254902 0.36862745
v 44.45000076 -101.31281281 57.01856995 0.13333333 0.77254902 0.36862745
v 44.92268753 -101.17461395 57.10634995 0.13333333 0.77254902 0.36862745
v 44.45000076 -101.05047607 57.36045456 0.13333333 0.77254902 0.36862745
v 44.45000076 -100.97045898 57.44047546 0.13333333 0.77254902 0.36862745
v 45.50469971 -100.76470184 57.15470123 0.13333333 0.77254902 0.36862745
v 44.92268753 -100.71634674 57.56461334 0.13333333 0.77254902 0.36862745
v 44.45000076 -100.62857056 57.70281219 0.13333333 0.77254902 0.36862745
v 44.45000076 -100.52836609 57.75205994 0.13333333 0.77254902 0.36862745
v 44.45000076 -100.13362122 57.91556931 0.13333333 0.77254902 0.36862745
v 45.45634842 -100.18268585 57.56461334 0.13333333 0.77254902 0.36862745
v 44.90056229 -100.16056061 57.84221649 0.13333333 0.77254902 0.36862745
v 45.91461563 -100.18268585 57.10634995 0.13333333 0.77254902 0.36862745
v 44.45000076 -100.02764130 57.93185043 0.13333333 0.77254902 0.36862745
v 22.84965706 -103.70999908 71.45567322 0.13333333 0.77254902 0.36862745
v 21.20000076 -103.70999908 71.59999847 0.13333333 0.77254902 0.36862745
v 24.44919205 -103.70999908 71.02707672 0.13333333 0.77254902 0.36862745
v 27.30648232 -103.70999908 69.37741852 0.13333333 0.77254902 0.36862745
v 25.95000076 -103.70999908 70.32723999 0.13333333 0.77254902 0.36862745
v 38.93205261 -103.70999908 79.09999847 0.13333333 0.77254902 0.36862745
v 39.20000076 -103.70999908 80.09999847 0.13333333 0.77254902 0.36862745
v 41.45000076 -103.70999908 79.09999847 0.13333333 0.77254902 0.36862745
v 42.37705231 -103.70999908 78.95317078 0.13333333 0.77254902 0.36862745
v 44.45000076 -103.70999908 76.09999847 0.13333333 0.77254902 0.36862745
v 44.30316925 -103.70999908 77.02705383 0.13333333 0.77254902 0.36862745
v 43.87705231 -103.70999908 77.86335754 0.13333333 0.77254902 0.36862745
v 43.21335602 -103.70999908 78.52705383 0.13333333 0.77254902 0.36862745
v 37.20000076 -103.70999908 92.09999847 0.13333333 0.77254902 0.36862745
v 38.20000076 -103.70999908 91.83205414 0.13333333 0.77254902 0.36862745
v 39.20000076 -103.70999908 90.09999847 0.13333333 0.77254902 0.36862745
v 38.93205261 -103.70999908 91.09999847 0.13333333 0.77254902 0.36862745
v 30.70000076 -95.51000214 45.09999847 0.13333333 0.77254902 0.36862745
v 30.70000076 -95.51000214 62.09999847 0.13333333 0.77254902 0.36862745
v 30.55567360 -95.51000214 63.74965668 0.13333333 0.77254902 0.36862745
v 30.12707901 -95.51000214 65.34918976 0.13333333 0.77254902 0.36862745
v 28.47742271 -95.51000214 68.20648193 0.13333333 0.77254902 0.36862745
v 29.42724228 -95.51000214 66.84999847 0.13333333 0.77254902 0.36862745
v 44.45000076 -99.61000061 54.01316452 0.13333333 0.77254902 0.36862745
v 44.45000076 -99.19235992 54.06814957 0.13333333 0.77254902 0.36862745
v 44.86763763 -99.61000061 54.06814957 0.13333333 0.77254902 0.36862745
v 45.34999847 -99.61000061 54.26794815 0.13333333 0.77254902 0.36862745
v 45.76421356 -99.61000061 54.58578491 0.13333333 0.77254902 0.36862745
v 46.08205032 -99.61000061 55.00000000 0.13333333 0.77254902 0.36862745
v 46.28185272 -99.61000061 55.48236084 0.13333333 0.77254902 0.36862745
v 46.34999847 -99.61000061 56.00000000 0.13333333 0.77254902 0.36862745
v 46.28185272 -99.61000061 56.51763916 0.13333333 0.77254902 0.36862745
v 44.45000076 -99.08638000 54.08443069 0.13333333 0.77254902 0.36862745
v 44.45000076 -98.69163513 54.24794006 0.13333333 0.77254902 0.36862745
v 44.45000076 -98.59143066 54.29718781 0.13333333 0.77254902 0.36862745
v 44.90056229 -99.05944061 54.15778351 0.13333333 0.77254902 0.36862745
v 45.45634842 -99.03730774 54.43538666 0.13333333 0.77254902 0.36862745
v 45.91461563 -99.03730774 54.89365005 0.13333333 0.77254902 0.36862745
v 46.19221497 -99.05944061 55.44943619 0.13333333 0.77254902 0.36862745
v 46.28185272 -99.09236145 56.00000000 0.13333333 0.77254902 0.36862745
v 46.19221497 -99.05944061 56.55056381 0.13333333 0.77254902 0.36862745
v 46.08205032 -98.61000061 56.00000000 0.13333333 0.77254902 0.36862745
v 44.45000076 -98.24954224 54.55952454 0.13333333 0.77254902 0.36862745
v 44.45000076 -98.16952515 54.63954544 0.13333333 0.77254902 0.36862745
v 44.92268753 -98.50364685 54.43538666 0.13333333 0.77254902 0.36862745
v 45.50469971 -98.45529938 54.84529877 0.13333333 0.77254902 0.36862745
v 45.91461563 -98.50364685 55.42731094 0.13333333 0.77254902 0.36862745
v 45.91461563 -98.50364685 56.57268906 0.13333333 0.77254902 0.36862745
v 45.76421356 -98.19578552 56.00000000 0.13333333 0.77254902 0.36862745
v 44.45000076 -97.90718842 54.98143005 0.13333333 0.77254902 0.36862745
v 44.45000076 -97.85794067 55.08163071 0.13333333 0.77254902 0.36862745
v 44.45000076 -97.69442749 55.47638321 0.13333333 0.77254902 0.36862745
v 44.45000076 -97.69442749 56.52361679 0.13333333 0.77254902 0.36862745
v 44.45000076 -97.67814636 55.58236313 0.13333333 0.77254902 0.36862745
v 44.45000076 -97.62316895 56.00000000 0.13333333 0.77254902 0.36862745
v 44.45000076 -97.67814636 56.41763687 0.13333333 0.77254902 0.36862745
v 44.92268753 -98.04538727 54.89365005 0.13333333 0.77254902 0.36862745
v 45.45634842 -98.04538727 55.42731094 0.13333333 0.77254902 0.36862745
v 45.45634842 -98.04538727 56.57268906 0.13333333 0.77254902 0.36862745
v 45.34999847 -97.87795258 56.00000000 0.13333333 0.77254902 0.36862745
v 44.90056229 -97.76778412 55.44943619 0.13333333 0.77254902 0.36862745
v 44.90056229 -97.76778412 56.55056381 0.13333333 0.77254902 0.36862745
v 44.86763763 -97.67814636 56.00000000 0.13333333 0.77254902 0.36862745
v 44.45000076 -99.61000061 57.98683548 0.13333333 0.77254902 0.36862745
v 44.45000076 -99.19235992 57.93185043 0.13333333 0.77254902 0.36862745
v 44.86763763 -99.61000061 57.93185043 0.13333333 0.77254902 0.36862745
v 45.34999847 -99.61000061 57.73205185 0.13333333 0.77254902 0.36862745
v 45.76421356 -99.61000061 57.41421509 0.13333333 0.77254902 0.36862745
v 46.08205032 -99.61000061 57.00000000 0.13333333 0.77254902 0.36862745
v 44.45000076 -99.08638000 57.91556931 0.13333333 0.77254902 0.36862745
v 44.45000076 -98.69163513 57.75205994 0.13333333 0.77254902 0.36862745
v 44.45000076 -98.59143066 57.70281219 0.13333333 0.77254902 0.36862745
v 45.45634842 -99.03730774 57.56461334 0.13333333 0.77254902 0.36862745
v 44.90056229 -99.05944061 57.84221649 0.13333333 0.77254902 0.36862745
v 45.91461563 -99.03730774 57.10634995 0.13333333 0.77254902 0.36862745
v 44.45000076 -98.24954224 57.44047546 0.13333333 0.77254902 0.36862745
v 44.45000076 -98.16952515 57.36045456 0.13333333 0.77254902 0.36862745
v 44.92268753 -98.50364685 57.56461334 0.13333333 0.77254902 0.36862745
v 45.50469971 -98.45529938 57.15470123 0.13333333 0.77254902 0.36862745
v 44.45000076 -97.90718842 57.01856995 0.13333333 0.77254902 0.36862745
v 44.45000076 -97.85794067 56.91836929 0.13333333 0.77254902 0.36862745
v 44.92268753 -98.04538727 57.10634995 0.13333333 0.77254902 0.36862745
v 41.45000076 -95.51000214 45.09999847 0.13333333 0.77254902 0.36862745
v 42.37705231 -95.51000214 45.24682999 0.13333333 0.77254902 0.36862745
v 43.21335602 -95.51000214 45.67295074 0.13333333 0.77254902 0.36862745
v 43.87705231 -95.51000214 46.33664322 0.13333333 0.77254902 0.36862745
v 44.30316925 -95.51000214 47.17295074 0.13333333 0.77254902 0.36862745
v 44.45000076 -95.51000214 48.09999847 0.13333333 0.77254902 0.36862745
v 22.84965706 -95.51000214 71.45567322 0.13333333 0.77254902 0.36862745
v 21.20000076 -95.51000214 71.59999847 0.13333333 0.77254902 0.36862745
v 24.44919205 -95.51000214 71.02707672 0.13333333 0.77254902 0.36862745
v 27.30648232 -95.51000214 69.37741852 0.13333333 0.77254902 0.36862745
v 25.95000076 -95.51000214 70.32723999 0.13333333 0.77254902 0.36862745
v 38.93205261 -95.51000214 79.09999847 0.13333333 0.77254902 0.36862745
v 39.20000076 -95.51000214 80.09999847 0.13333333 0.77254902 0.36862745
v 41.45000076 -95.51000214 79.09999847 0.13333333 0.77254902 0.36862745
v 42.37705231 -95.51000214 78.95317078 0.13333333 0.77254902 0.36862745
v 44.45000076 -95.51000214 76.09999847 0.13333333 0.77254902 0.36862745
v 44.30316925 -95.51000214 77.02705383 0.13333333 0.77254902 0.36862745
v 43.87705231 -95.51000214 77.86335754 0.13333333 0.77254902 0.36862745
v 43.21335602 -95.51000214 78.52705383 0.13333333 0.77254902 0.36862745
v 37.20000076 -95.51000214 92.09999847 0.13333333 0.77254902 0.36862745
v 38.20000076 -95.51000214 91.83205414 0.13333333 0.77254902 0.36862745
v 39.20000076 -95.51000214 90.09999847 0.13333333 0.77254902 0.36862745
v 38.93205261 -95.51000214 91.09999847 0.13333333 0.77254902 0.36862745
v 5.27500000 -40.75592454 15.94865246 0.98039216 0.80000000 0.08235294
v 8.27500000 -40.75592454 15.94865246 0.98039216 0.80000000 0.08235294
v 8.27500000 -43.00590188 37.83329552 0.98039216 0.80000000 0.08235294
v 5.27500000 -43.00590188 37.83329552 0.98039216 0.80000000 0.08235294
v 8.21735584 -40.17372244 16.00850911 0.98039216 0.80000000 0.08235294
v 8.21735584 -42.42369978 37.89315217 0.98039216 0.80000000 0.08235294
v 8.04663860 -39.61389404 16.06606551 0.98039216 0.80000000 0.08235294
v 8.04663860 -41.86387138 37.95070857 0.98039216 0.80000000 0.08235294
v 7.76940884 -39.09795323 16.11910979 0.98039216 0.80000000 0.08235294
v 7.76940884 -41.34793058 38.00375285 0.98039216 0.80000000 0.08235294
v 7.39632034 -38.64572733 16.16560349 0.98039216 0.80000000 0.08235294
v 7.39632034 -40.89570468 38.05024655 0.98039216 0.80000000 0.08235294
v 6.94171070 -38.27459513 16.20375988 0.98039216 0.80000000 0.08235294
v 6.94171070 -40.52457247 38.08840295 0.98039216 0.80000000 0.08235294
v 6.42305030 -37.99881902 16.23211264 0.98039216 0.80000000 0.08235294
v 6.42305030 -40.24879636 38.11675570 0.98039216 0.80000000 0.08235294
v 5.86027097 -37.82899693 16.24957218 0.98039216 0.80000000 0.08235294
v 5.86027097 -40.07897428 38.13421525 0.98039216 0.80000000 0.08235294
v 5.27500000 -37.77165503 16.25546755 0.98039216 0.80000000 0.08235294
v 5.27500000 -40.02163237 38.14011061 0.98039216 0.80000000 0.08235294
v 4.68972903 -37.82899693 16.24957218 0.98039216 0.80000000 0.08235294
v 4.68972903 -40.07897428 38.13421525 0.98039216 0.80000000 0.08235294
v 4.12694970 -37.99881902 16.23211264 0.98039216 0.80000000 0.08235294
v 4.12694970 -40.24879636 38.11675570 0.98039216 0.80000000 0.08235294
v 3.60828930 -38.27459513 16.20375988 0.98039216 0.80000000 0.08235294
v 3.60828930 -40.52457247 38.08840295 0.98039216 0.80000000 0.08235294
v 3.15367966 -38.64572733 16.16560349 0.98039216 0.80000000 0.08235294
v 3.15367966 -40.89570468 38.05024655 0.98039216 0.80000000 0.08235294
v 2.78059116 -39.09795323 16.11910979 0.98039216 0.80000000 0.08235294
v 2.78059116 -41.34793058 38.00375285 0.98039216 0.80000000 0.08235294
v 2.50336140 -39.61389404 16.06606551 0.98039216 0.80000000 0.08235294
v 2.50336140 -41.86387138 37.95070857 0.98039216 0.80000000 0.08235294
v 2.33264416 -40.17372244 16.00850911 0.98039216 0.80000000 0.08235294
v 2.33264416 -42.42369978 37.89315217 0.98039216 0.80000000 0.08235294
v 2.27500000 -40.75592454 15.94865246 0.98039216 0.80000000 0.08235294
v 2.27500000 -43.00590188 37.83329552 0.98039216 0.80000000 0.08235294
v 2.33264416 -41.33812664 15.88879580 0.98039216 0.80000000 0.08235294
v 2.33264416 -43.58810398 37.77343886 0.98039216 0.80000000 0.08235294
v 2.50336140 -41.89795504 15.83123941 0.98039216 0.80000000 0.08235294
v 2.50336140 -44.14793238 37.71588247 0.98039216 0.80000000 0.08235294
v 2.78059116 -42.41389584 15.77819513 0.98039216 0.80000000 0.08235294
v 2.78059116 -44.66387319 37.66283819 0.98039216 0.80000000 0.08235294
v 3.15367966 -42.86612174 15.73170143 0.98039216 0.80000000 0.08235294
v 3.15367966 -45.11609909 37.61634449 0.98039216 0.80000000 0.08235294
v 3.60828930 -43.23725395 15.69354503 0.98039216 0.80000000 0.08235294
v 3.60828930 -45.48723129 37.57818809 0.98039216 0.80000000 0.08235294
v 4.12694970 -43.51303006 15.66519227 0.98039216 0.80000000 0.08235294
v 4.12694970 -45.76300740 37.54983534 0.98039216 0.80000000 0.08235294
v 4.68972903 -43.68285214 15.64773273 0.98039216 0.80000000 0.08235294
v 4.68972903 -45.93282949 37.53237579 0.98039216 0.80000000 0.08235294
v 5.27500000 -43.74019405 15.64183737 0.98039216 0.80000000 0.08235294
v 5.27500000 -45.99017139 37.52648043 0.98039216 0.80000000 0.08235294
v 5.86027097 -43.68285214 15.64773273 0.98039216 0.80000000 0.08235294
v 5.86027097 -45.93282949 37.53237579 0.98039216 0.80000000 0.08235294
v 6.42305030 -43.51303006 15.66519227 0.98039216 0.80000000 0.08235294
v 6.42305030 -45.76300740 37.54983534 0.98039216 0.80000000 0.08235294
v 6.94171070 -43.23725395 15.69354503 0.98039216 0.80000000 0.08235294
v 6.94171070 -45.48723129 37.57818809 0.98039216 0.80000000 0.08235294
v 7.39632034 -42.86612174 15.73170143 0.98039216 0.80000000 0.08235294
v 7.39632034 -45.11609909 37.61634449 0.98039216 0.80000000 0.08235294
v 7.76940884 -42.41389584 15.77819513 0.98039216 0.80000000 0.08235294
v 7.76940884 -44.66387319 37.66283819 0.98039216 0.80000000 0.08235294
v 8.04663860 -41.89795504 15.83123941 0.98039216 0.80000000 0.08235294
v 8.04663860 -44.14793238 37.71588247 0.98039216 0.80000000 0.08235294
v 8.21735584 -41.33812664 15.88879580 0.98039216 0.80000000 0.08235294
v 8.21735584 -43.58810398 37.77343886 0.98039216 0.80000000 0.08235294
v 5.27500000 -42.58658792 33.75479386 0.98039216 0.80000000 0.08235294
v 13.90000000 -42.58658792 33.75479386 0.98039216 0.80000000 0.08235294
v 13.90000000 -42.77067698 35.54535556 0.98039216 0.80000000 0.08235294
v 5.27500000 -42.77067698 35.54535556 0.98039216 0.80000000 0.08235294
v 13.76896687 -41.09672566 33.90796777 0.98039216 0.80000000 0.08235294
v 13.76896687 -41.28081471 35.69852947 0.98039216 0.80000000 0.08235294
v 13.37984885 -39.65213210 34.05648757 0.98039216 0.80000000 0.08235294
v 13.37984885 -39.83622116 35.84704927 0.98039216 0.80000000 0.08235294
v 12.74446911 -38.29670050 34.19584055 0.98039216 0.80000000 0.08235294
v 12.74446911 -38.48078956 35.98640226 0.98039216 0.80000000 0.08235294
v 11.88213332 -37.07161496 34.32179256 0.98039216 0.80000000 0.08235294
v 11.88213332 -37.25570402 36.11235427 0.98039216 0.80000000 0.08235294
v 10.81904313 -36.01409909 34.43051660 0.98039216 0.80000000 0.08235294
v 10.81904313 -36.19818814 36.22107830 0.98039216 0.80000000 0.08235294
v 9.58750000 -35.15628496 34.51870914 0.98039216 0.80000000 0.08235294
v 9.58750000 -35.34037401 36.30927085 0.98039216 0.80000000 0.08235294
v 8.22492374 -34.52423682 34.58369051 0.98039216 0.80000000 0.08235294
v 8.22492374 -34.70832588 36.37425221 0.98039216 0.80000000 0.08235294
v 6.77271553 -34.13715914 34.62348627 0.98039216 0.80000000 0.08235294
v 6.77271553 -34.32124820 36.41404797 0.98039216 0.80000000 0.08235294
v 5.27500000 -34.00681309 34.63688725 0.98039216 0.80000000 0.08235294
v 5.27500000 -34.19090214 36.42744895 0.98039216 0.80000000 0.08235294
v 3.77728447 -34.13715914 34.62348627 0.98039216 0.80000000 0.08235294
v 3.77728447 -34.32124820 36.41404797 0.98039216 0.80000000 0.08235294
v 2.32507626 -34.52423682 34.58369051 0.98039216 0.80000000 0.08235294
v 2.32507626 -34.70832588 36.37425221 0.98039216 0.80000000 0.08235294
v 0.96250000 -35.15628496 34.51870914 0.98039216 0.80000000 0.08235294
v 0.96250000 -35.34037401 36.30927085 0.98039216 0.80000000 0.08235294
v -0.26904313 -36.01409909 34.43051660 0.98039216 0.80000000 0.08235294
v -0.26904313 -36.19818814 36.22107830 0.98039216 0.80000000 0.08235294
v -1.33213332 -37.07161496 34.32179256 0.98039216 0.80000000 0.08235294
v -1.33213332 -37.25570402 36.11235427 0.98039216 0.80000000 0.08235294
v -2.19446911 -38.29670050 34.19584055 0.98039216 0.80000000 0.08235294
v -2.19446911 -38.48078956 35.98640226 0.98039216 0.80000000 0.08235294
v -2.82984885 -39.65213210 34.05648757 0.98039216 0.80000000 0.08235294
v -2.82984885 -39.83622116 35.84704927 0.98039216 0.80000000 0.08235294
v -3.21896687 -41.09672566 33.90796777 0.98039216 0.80000000 0.08235294
v -3.21896687 -41.28081471 35.69852947 0.98039216 0.80000000 0.08235294
v -3.35000000 -42.58658792 33.75479386 0.98039216 0.80000000 0.08235294
v -3.35000000 -42.77067698 35.54535556 0.98039216 0.80000000 0.08235294
v -3.21896687 -44.07645019 33.60161995 0.98039216 0.80000000 0.08235294
v -3.21896687 -44.26053924 35.39218165 0.98039216 0.80000000 0.08235294
v -2.82984885 -45.52104374 33.45310015 0.98039216 0.80000000 0.08235294
v -2.82984885 -45.70513280 35.24366186 0.98039216 0.80000000 0.08235294
v -2.19446911 -46.87647534 33.31374716 0.98039216 0.80000000 0.08235294
v -2.19446911 -47.06056440 35.10430887 0.98039216 0.80000000 0.08235294
v -1.33213332 -48.10156088 33.18779516 0.98039216 0.80000000 0.08235294
v -1.33213332 -48.28564994 34.97835686 0.98039216 0.80000000 0.08235294
v -0.26904313 -49.15907676 33.07907112 0.98039216 0.80000000 0.08235294
v -0.26904313 -49.34316582 34.86963282 0.98039216 0.80000000 0.08235294
v 0.96250000 -50.01689089 32.99087857 0.98039216 0.80000000 0.08235294
v 0.96250000 -50.20097995 34.78144028 0.98039216 0.80000000 0.08235294
v 2.32507626 -50.64893902 32.92589721 0.98039216 0.80000000 0.08235294
v 2.32507626 -50.83302808 34.71645891 0.98039216 0.80000000 0.08235294
v 3.77728447 -51.03601670 32.88610145 0.98039216 0.80000000 0.08235294
v 3.77728447 -51.22010576 34.67666315 0.98039216 0.80000000 0.08235294
v 5.27500000 -51.16636276 32.87270047 0.98039216 0.80000000 0.08235294
v 5.27500000 -51.35045182 34.66326217 0.98039216 0.80000000 0.08235294
v 6.77271553 -51.03601670 32.88610145 0.98039216 0.80000000 0.08235294
v 6.77271553 -51.22010576 34.67666315 0.98039216 0.80000000 0.08235294
v 8.22492374 -50.64893902 32.92589721 0.98039216 0.80000000 0.08235294
v 8.22492374 -50.83302808 34.71645891 0.98039216 0.80000000 0.08235294
v 9.58750000 -50.01689089 32.99087857 0.98039216 0.80000000 0.08235294
v 9.58750000 -50.20097995 34.78144028 0.98039216 0.80000000 0.08235294
v 10.81904313 -49.15907676 33.07907112 0.98039216 0.80000000 0.08235294
v 10.81904313 -49.34316582 34.86963282 0.98039216 0.80000000 0.08235294
v 11.88213332 -48.10156088 33.18779516 0.98039216 0.80000000 0.08235294
v 11.88213332 -48.28564994 34.97835686 0.98039216 0.80000000 0.08235294
v 12.74446911 -46.87647534 33.31374716 0.98039216 0.80000000 0.08235294
v 12.74446911 -47.06056440 35.10430887 0.98039216 0.80000000 0.08235294
v 13.37984885 -45.52104374 33.45310015 0.98039216 0.80000000 0.08235294
v 13.37984885 -45.70513280 35.24366186 0.98039216 0.80000000 0.08235294
v 13.76896687 -44.07645019 33.60161995 0.98039216 0.80000000 0.08235294
v 13.76896687 -44.26053924 35.39218165 0.98039216 0.80000000 0.08235294
v 5.27500000 -42.77067698 35.54535556 0.98039216 0.80000000 0.08235294
v 11.04500000 -42.77067698 35.54535556 0.98039216 0.80000000 0.08235294
v 11.04500000 -43.23089962 40.02175983 0.98039216 0.80000000 0.08235294
v 5.27500000 -43.23089962 40.02175983 0.98039216 0.80000000 0.08235294
v 8.16000000 -37.79991198 36.05640382 0.98039216 0.80000000 0.08235294
v 8.16000000 -38.26013462 40.53280808 0.98039216 0.80000000 0.08235294
v 2.39000000 -37.79991198 36.05640382 0.98039216 0.80000000 0.08235294
v 2.39000000 -38.26013462 40.53280808 0.98039216 0.80000000 0.08235294
v -0.49500000 -42.77067698 35.54535556 0.98039216 0.80000000 0.08235294
v -0.49500000 -43.23089962 40.02175983 0.98039216 0.80000000 0.08235294
v 2.39000000 -47.74144198 35.03430731 0.98039216 0.80000000 0.08235294
v 2.39000000 -48.20166462 39.51071157 0.98039216 0.80000000 0.08235294
v 8.16000000 -47.74144198 35.03430731 0.98039216 0.80000000 0.08235294
v 8.16000000 -48.20166462 39.51071157 0.98039216 0.80000000 0.08235294
v -39.62500000 -41.05592454 15.97865246 0.98039216 0.80000000 0.08235294
v -36.62500000 -41.05592454 15.97865246 0.98039216 0.80000000 0.08235294
v -36.62500000 -43.30590188 37.86329552 0.98039216 0.80000000 0.08235294
v -39.62500000 -43.30590188 37.86329552 0.98039216 0.80000000 0.08235294
v -36.68264416 -40.47372244 16.03850911 0.98039216 0.80000000 0.08235294
v -36.68264416 -42.72369978 37.92315217 0.98039216 0.80000000 0.08235294
v -36.85336140 -39.91389404 16.09606551 0.98039216 0.80000000 0.08235294
v -36.85336140 -42.16387138 37.98070857 0.98039216 0.80000000 0.08235294
v -37.13059116 -39.39795323 16.14910979 0.98039216 0.80000000 0.08235294
v -37.13059116 -41.64793058 38.03375285 0.98039216 0.80000000 0.08235294
v -37.50367966 -38.94572733 16.19560349 0.98039216 0.80000000 0.08235294
v -37.50367966 -41.19570468 38.08024655 0.98039216 0.80000000 0.08235294
v -37.95828930 -38.57459513 16.23375988 0.98039216 0.80000000 0.08235294
v -37.95828930 -40.82457247 38.11840295 0.98039216 0.80000000 0.08235294
v -38.47694970 -38.29881902 16.26211264 0.98039216 0.80000000 0.08235294
v -38.47694970 -40.54879636 38.14675570 0.98039216 0.80000000 0.08235294
v -39.03972903 -38.12899693 16.27957218 0.98039216 0.80000000 0.08235294
v -39.03972903 -40.37897428 38.16421525 0.98039216 0.80000000 0.08235294
v -39.62500000 -38.07165503 16.28546755 0.98039216 0.80000000 0.08235294
v -39.62500000 -40.32163237 38.17011061 0.98039216 0.80000000 0.08235294
v -40.21027097 -38.12899693 16.27957218 0.98039216 0.80000000 0.08235294
v -40.21027097 -40.37897428 38.16421525 0.98039216 0.80000000 0.08235294
v -40.77305030 -38.29881902 16.26211264 0.98039216 0.80000000 0.08235294
v -40.77305030 -40.54879636 38.14675570 0.98039216 0.80000000 0.08235294
v -41.29171070 -38.57459513 16.23375988 0.98039216 0.80000000 0.08235294
v -41.29171070 -40.82457247 38.11840295 0.98039216 0.80000000 0.08235294
v -41.74632034 -38.94572733 16.19560349 0.98039216 0.80000000 0.08235294
v -41.74632034 -41.19570468 38.08024655 0.98039216 0.80000000 0.08235294
v -42.11940884 -39.39795323 16.14910979 0.98039216 0.80000000 0.08235294
v -42.11940884 -41.64793058 38.03375285 0.98039216 0.80000000 0.08235294
v -42.39663860 -39.91389404 16.09606551 0.98039216 0.80000000 0.08235294
v -42.39663860 -42.16387138 37.98070857 0.98039216 0.80000000 0.08235294
v -42.56735584 -40.47372244 16.03850911 0.98039216 0.80000000 0.08235294
v -42.56735584 -42.72369978 37.92315217 0.98039216 0.80000000 0.08235294
v -42.62500000 -41.05592454 15.97865246 0.98039216 0.80000000 0.08235294
v -42.62500000 -43.30590188 37.86329552 0.98039216 0.80000000 0.08235294
v -42.56735584 -41.63812664 15.91879580 0.98039216 0.80000000 0.08235294
v -42.56735584 -43.88810398 37.80343886 0.98039216 0.80000000 0.08235294
v -42.39663860 -42.19795504 15.86123941 0.98039216 0.80000000 0.08235294
v -42.39663860 -44.44793238 37.74588247 0.98039216 0.80000000 0.08235294
v -42.11940884 -42.71389584 15.80819513 0.98039216 0.80000000 0.08235294
v -42.11940884 -44.96387319 37.69283819 0.98039216 0.80000000 0.08235294
v -41.74632034 -43.16612174 15.76170143 0.98039216 0.80000000 0.08235294
v -41.74632034 -45.41609909 37.64634449 0.98039216 0.80000000 0.08235294
v -41.29171070 -43.53725395 15.72354503 0.98039216 0.80000000 0.08235294
v -41.29171070 -45.78723129 37.60818809 0.98039216 0.80000000 0.08235294
v -40.77305030 -43.81303006 15.69519227 0.98039216 0.80000000 0.08235294
v -40.77305030 -46.06300740 37.57983534 0.98039216 0.80000000 0.08235294
v -40.21027097 -43.98285214 15.67773273 0.98039216 0.80000000 0.08235294
v -40.21027097 -46.23282949 37.56237579 0.98039216 0.80000000 0.08235294
v -39.62500000 -44.04019405 15.67183737 0.98039216 0.80000000 0.08235294
v -39.62500000 -46.29017139 37.55648043 0.98039216 0.80000000 0.08235294
v -39.03972903 -43.98285214 15.67773273 0.98039216 0.80000000 0.08235294
v -39.03972903 -46.23282949 37.56237579 0.98039216 0.80000000 0.08235294
v -38.47694970 -43.81303006 15.69519227 0.98039216 0.80000000 0.08235294
v -38.47694970 -46.06300740 37.57983534 0.98039216 0.80000000 0.08235294
v -37.95828930 -43.53725395 15.72354503 0.98039216 0.80000000 0.08235294
v -37.95828930 -45.78723129 37.60818809 0.98039216 0.80000000 0.08235294
v -37.50367966 -43.16612174 15.76170143 0.98039216 0.80000000 0.08235294
v -37.50367966 -45.41609909 37.64634449 0.98039216 0.80000000 0.08235294
v -37.13059116 -42.71389584 15.80819513 0.98039216 0.80000000 0.08235294
v -37.13059116 -44.96387319 37.69283819 0.98039216 0.80000000 0.08235294
v -36.85336140 -42.19795504 15.86123941 0.98039216 0.80000000 0.08235294
v -36.85336140 -44.44793238 37.74588247 0.98039216 0.80000000 0.08235294
v -36.68264416 -41.63812664 15.91879580 0.98039216 0.80000000 0.08235294
v -36.68264416 -43.88810398 37.80343886 0.98039216 0.80000000 0.08235294
v -39.62500000 -42.88658792 33.78479386 0.98039216 0.80000000 0.08235294
v -31.00000000 -42.88658792 33.78479386 0.98039216 0.80000000 0.08235294
v -31.00000000 -43.07067698 35.57535556 0.98039216 0.80000000 0.08235294
v -39.62500000 -43.07067698 35.57535556 0.98039216 0.80000000 0.08235294
v -31.13103313 -41.39672566 33.93796777 0.98039216 0.80000000 0.08235294
v -31.13103313 -41.58081471 35.72852947 0.98039216 0.80000000 0.08235294
v -31.52015115 -39.95213210 34.08648757 0.98039216 0.80000000 0.08235294
v -31.52015115 -40.13622116 35.87704927 0.98039216 0.80000000 0.08235294
v -32.15553089 -38.59670050 34.22584055 0.98039216 0.80000000 0.08235294
v -32.15553089 -38.78078956 36.01640226 0.98039216 0.80000000 0.08235294
v -33.01786668 -37.37161496 34.35179256 0.98039216 0.80000000 0.08235294
v -33.01786668 -37.55570402 36.14235427 0.98039216 0.80000000 0.08235294
v -34.08095687 -36.31409909 34.46051660 0.98039216 0.80000000 0.08235294
v -34.08095687 -36.49818814 36.25107830 0.98039216 0.80000000 0.08235294
v -35.31250000 -35.45628496 34.54870914 0.98039216 0.80000000 0.08235294
v -35.31250000 -35.64037401 36.33927085 0.98039216 0.80000000 0.08235294
v -36.67507626 -34.82423682 34.61369051 0.98039216 0.80000000 0.08235294
v -36.67507626 -35.00832588 36.40425221 0.98039216 0.80000000 0.08235294
v -38.12728447 -34.43715914 34.65348627 0.98039216 0.80000000 0.08235294
v -38.12728447 -34.62124820 36.44404797 0.98039216 0.80000000 0.08235294
v -39.62500000 -34.30681309 34.66688725 0.98039216 0.80000000 0.08235294
v -39.62500000 -34.49090214 36.45744895 0.98039216 0.80000000 0.08235294
v -41.12271553 -34.43715914 34.65348627 0.98039216 0.80000000 0.08235294
v -41.12271553 -34.62124820 36.44404797 0.98039216 0.80000000 0.08235294
v -42.57492374 -34.82423682 34.61369051 0.98039216 0.80000000 0.08235294
v -42.57492374 -35.00832588 36.40425221 0.98039216 0.80000000 0.08235294
v -43.93750000 -35.45628496 34.54870914 0.98039216 0.80000000 0.08235294
v -43.93750000 -35.64037401 36.33927085 0.98039216 0.80000000 0.08235294
v -45.16904313 -36.31409909 34.46051660 0.98039216 0.80000000 0.08235294
v -45.16904313 -36.49818814 36.25107830 0.98039216 0.80000000 0.08235294
v -46.23213332 -37.37161496 34.35179256 0.98039216 0.80000000 0.08235294
v -46.23213332 -37.55570402 36.14235427 0.98039216 0.80000000 0.08235294
v -47.09446911 -38.59670050 34.22584055 0.98039216 0.80000000 0.08235294
v -47.09446911 -38.78078956 36.01640226 0.98039216 0.80000000 0.08235294
v -47.72984885 -39.95213210 34.08648757 0.98039216 0.80000000 0.08235294
v -47.72984885 -40.13622116 35.87704927 0.98039216 0.80000000 0.08235294
v -48.11896687 -41.39672566 33.93796777 0.98039216 0.80000000 0.08235294
v -48.11896687 -41.58081471 35.72852947 0.98039216 0.80000000 0.08235294
v -48.25000000 -42.88658792 33.78479386 0.98039216 0.80000000 0.08235294
v -48.25000000 -43.07067698 35.57535556 0.98039216 0.80000000 0.08235294
v -48.11896687 -44.37645019 33.63161995 0.98039216 0.80000000 0.08235294
v -48.11896687 -44.56053924 35.42218165 0.98039216 0.80000000 0.08235294
v -47.72984885 -45.82104374 33.48310015 0.98039216 0.80000000 0.08235294
v -47.72984885 -46.00513280 35.27366186 0.98039216 0.80000000 0.08235294
v -47.09446911 -47.17647534 33.34374716 0.98039216 0.80000000 0.08235294
v -47.09446911 -47.36056440 35.13430887 0.98039216 0.80000000 0.08235294
v -46.23213332 -48.40156088 33.21779516 0.98039216 0.80000000 0.08235294
v -46.23213332 -48.58564994 35.00835686 0.98039216 0.80000000 0.08235294
v -45.16904313 -49.45907676 33.10907112 0.98039216 0.80000000 0.08235294
v -45.16904313 -49.64316582 34.89963282 0.98039216 0.80000000 0.08235294
v -43.93750000 -50.31689089 33.02087857 0.98039216 0.80000000 0.08235294
v -43.93750000 -50.50097995 34.81144028 0.98039216 0.80000000 0.08235294
v -42.57492374 -50.94893902 32.95589721 0.98039216 0.80000000 0.08235294
v -42.57492374 -51.13302808 34.74645891 0.98039216 0.80000000 0.08235294
v -41.12271553 -51.33601670 32.91610145 0.98039216 0.80000000 0.08235294
v -41.12271553 -51.52010576 34.70666315 0.98039216 0.80000000 0.08235294
v -39.62500000 -51.46636276 32.90270047 0.98039216 0.80000000 0.08235294
v -39.62500000 -51.65045182 34.69326217 0.98039216 0.80000000 0.08235294
v -38.12728447 -51.33601670 32.91610145 0.98039216 0.80000000 0.08235294
v -38.12728447 -51.52010576 34.70666315 0.98039216 0.80000000 0.08235294
v -36.67507626 -50.94893902 32.95589721 0.98039216 0.80000000 0.08235294
v -36.67507626 -51.13302808 34.74645891 0.98039216 0.80000000 0.08235294
v -35.31250000 -50.31689089 33.02087857 0.98039216 0.80000000 0.08235294
v -35.31250000 -50.50097995 34.81144028 0.98039216 0.80000000 0.08235294
v -34.08095687 -49.45907676 33.10907112 0.98039216 0.80000000 0.08235294
v -34.08095687 -49.64316582 34.89963282 0.98039216 0.80000000 0.08235294
v -33.01786668 -48.40156088 33.21779516 0.98039216 0.80000000 0.08235294
v -33.01786668 -48.58564994 35.00835686 0.98039216 0.80000000 0.08235294
v -32.15553089 -47.17647534 33.34374716 0.98039216 0.80000000 0.08235294
v -32.15553089 -47.36056440 35.13430887 0.98039216 0.80000000 0.08235294
v -31.52015115 -45.82104374 33.48310015 0.98039216 0.80000000 0.08235294
v -31.52015115 -46.00513280 35.27366186 0.98039216 0.80000000 0.08235294
v -31.13103313 -44.37645019 33.63161995 0.98039216 0.80000000 0.08235294
v -31.13103313 -44.56053924 35.42218165 0.98039216 0.80000000 0.08235294
v -39.62500000 -43.07067698 35.57535556 0.98039216 0.80000000 0.08235294
v -33.85500000 -43.07067698 35.57535556 0.98039216 0.80000000 0.08235294
v -33.85500000 -43.53089962 40.05175983 0.98039216 0.80000000 0.08235294
v -39.62500000 -43.53089962 40.05175983 0.98039216 0.80000000 0.08235294
v -36.74000000 -38.09991198 36.08640382 0.98039216 0.80000000 0.08235294
v -36.74000000 -38.56013462 40.56280808 0.98039216 0.80000000 0.08235294
v -42.51000000 -38.09991198 36.08640382 0.98039216 0.80000000 0.08235294
v -42.51000000 -38.56013462 40.56280808 0.98039216 0.80000000 0.08235294
v -45.39500000 -43.07067698 35.57535556 0.98039216 0.80000000 0.08235294
v -45.39500000 -43.53089962 40.05175983 0.98039216 0.80000000 0.08235294
v -42.51000000 -48.04144198 35.06430731 0.98039216 0.80000000 0.08235294
v -42.51000000 -48.50166462 39.54071157 0.98039216 0.80000000 0.08235294
v -36.74000000 -48.04144198 35.06430731 0.98039216 0.80000000 0.08235294
v -36.74000000 -48.50166462 39.54071157 0.98039216 0.80000000 0.08235294
f 1 2 3
f 4 1 3
f 5 6 7
f 8 5 7
f 9 4 3
f 9 3 10
f 8 7 11
f 12 8 11
f 13 9 10
f 13 10 14
f 15 13 14
f 15 14 16
f 17 15 16
f 17 16 18
f 19 17 18
f 19 18 20
f 21 19 20
f 21 20 22
f 23 21 22
f 23 22 24
f 25 23 24
f 25 24 26
f 27 25 26
f 27 26 28
f 29 27 28
f 29 28 30
f 31 29 30
f 31 30 32
f 33 31 32
f 33 32 34
f 35 33 34
f 35 34 36
f 37 35 36
f 37 36 38
f 39 37 38
f 39 38 40
f 41 39 40
f 41 40 42
f 43 41 42
f 43 42 44
f 45 43 44
f 45 44 46
f 47 45 46
f 47 46 48
f 49 47 48
f 49 48 50
f 51 49 50
f 51 50 52
f 53 51 52
f 53 52 54
f 55 53 54
f 55 54 56
f 57 55 56
f 57 56 58
f 59 57 58
f 59 58 60
f 61 59 60
f 61 60 62
f 63 61 62
f 63 62 64
f 65 63 64
f 65 64 66
f 67 65 66
f 67 66 68
f 69 67 68
f 69 68 70
f 71 69 70
f 71 70 72
f 73 71 72
f 73 72 74
f 73 74 75
f 76 73 75
f 77 76 75
f 77 75 78
f 79 77 78
f 79 78 80
f 81 79 80
f 81 80 82
f 83 81 82
f 83 82 84
f 85 83 84
f 85 84 86
f 87 85 86
f 87 86 88
f 12 11 89
f 90 12 89
f 90 89 91
f 92 90 91
f 92 91 93
f 94 92 93
f 94 93 95
f 96 94 95
f 96 95 97
f 98 96 97
f 98 97 99
f 100 98 99
f 100 99 101
f 102 100 101
f 102 101 103
f 104 102 103
f 104 103 105
f 106 104 105
f 106 105 107
f 108 106 107
f 108 107 109
f 110 108 109
f 110 109 111
f 112 110 111
f 112 111 113
f 114 112 113
f 114 113 115
f 116 114 115
f 116 115 117
f 118 116 117
f 118 117 119
f 120 118 119
f 120 119 121
f 122 120 121
f 122 121 123
f 124 122 123
f 124 123 125
f 126 124 125
f 126 125 127
f 128 126 127
f 128 127 129
f 130 128 129
f 130 129 131
f 132 130 131
f 132 131 133
f 134 132 133
f 134 133 135
f 136 134 135
f 136 135 87
f 136 87 88
f 137 138 139
f 137 139 140
f 141 142 143
f 141 143 144
f 137 140 145
f 146 137 145
f 147 141 144
f 147 144 148
f 146 145 149
f 150 146 149
f 150 149 151
f 152 150 151
f 152 151 153
f 154 152 153
f 154 153 155
f 156 154 155
f 156 155 157
f 158 156 157
f 158 157 159
f 160 158 159
f 160 159 161
f 162 160 161
f 162 161 163
f 164 162 163
f 164 163 165
f 166 164 165
f 166 165 167
f 168 166 167
f 168 167 169
f 170 168 169
f 170 169 171
f 172 170 171
f 172 171 173
f 174 172 173
f 174 173 175
f 176 174 175
f 176 175 177
f 178 176 177
f 178 177 179
f 180 178 179
f 180 179 181
f 182 180 181
f 182 181 183
f 184 182 183
f 184 183 185
f 186 184 185
f 186 185 187
f 188 186 187
f 188 187 189
f 190 188 189
f 190 189 191
f 192 190 191
f 192 191 193
f 194 192 193
f 194 193 195
f 196 194 195
f 196 195 197
f 198 196 197
f 198 197 199
f 200 198 199
f 200 199 201
f 202 200 201
f 202 201 203
f 204 202 203
f 204 203 205
f 206 204 205
f 206 205 207
f 208 206 207
f 208 207 209
f 210 208 209
f 211 210 209
f 211 209 212
f 211 212 213
f 214 211 213
f 214 213 215
f 216 214 215
f 216 215 217
f 218 216 217
f 218 217 219
f 220 218 219
f 220 219 221
f 222 220 221
f 222 221 223
f 224 222 223
f 225 147 148
f 225 148 226
f 227 225 226
f 227 226 228
f 229 227 228
f 229 228 230
f 231 229 230
f 231 230 232
f 233 231 232
f 233 232 234
f 235 233 234
f 235 234 236
f 237 235 236
f 237 236 238
f 239 237 238
f 239 238 240
f 241 239 240
f 241 240 242
f 243 241 242
f 243 242 244
f 245 243 244
f 245 244 246
f 247 245 246
f 247 246 248
f 249 247 248
f 249 248 250
f 251 249 250
f 251 250 252
f 253 251 252
f 253 252 254
f 255 253 254
f 255 254 256
f 257 255 256
f 257 256 258
f 259 257 258
f 259 258 260
f 261 259 260
f 261 260 262
f 263 261 262
f 263 262 264
f 265 263 264
f 265 264 266
f 267 265 266
f 267 266 268
f 269 267 268
f 269 268 270
f 271 269 270
f 271 270 272
f 223 271 272
f 224 223 272
f 139 138 1
f 1 138 2
f 140 139 4
f 4 139 1
f 145 140 9
f 9 140 4
f 149 145 13
f 13 145 9
f 151 149 15
f 15 149 13
f 153 151 17
f 17 151 15
f 155 153 19
f 19 153 17
f 157 155 21
f 21 155 19
f 159 157 23
f 23 157 21
f 161 159 25
f 25 159 23
f 163 161 27
f 27 161 25
f 165 163 29
f 29 163 27
f 167 165 31
f 31 165 29
f 169 167 33
f 33 167 31
f 171 169 35
f 35 169 33
f 173 171 37
f 37 171 35
f 175 173 39
f 39 173 37
f 177 175 41
f 41 175 39
f 179 177 43
f 43 177 41
f 181 179 45
f 45 179 43
f 183 181 47
f 47 181 45
f 185 183 49
f 49 183 47
f 187 185 51
f 51 185 49
f 189 187 53
f 53 187 51
f 191 189 55
f 55 189 53
f 193 191 57
f 57 191 55
f 195 193 59
f 59 193 57
f 197 195 61
f 61 195 59
f 199 197 63
f 63 197 61
f 201 199 65
f 65 199 63
f 203 201 67
f 67 201 65
f 205 203 69
f 69 203 67
f 207 205 71
f 71 205 69
f 209 207 73
f 73 207 71
f 212 209 76
f 76 209 73
f 213 212 77
f 77 212 76
f 215 213 79
f 79 213 77
f 217 215 81
f 81 215 79
f 219 217 83
f 83 217 81
f 221 219 85
f 85 219 83
f 223 221 87
f 87 221 85
f 271 223 135
f 135 223 87
f 269 271 133
f 133 271 135
f 267 269 131
f 131 269 133
f 265 267 129
f 129 267 131
f 263 265 127
f 127 265 129
f 261 263 125
f 125 263 127
f 259 261 123
f 123 261 125
f 257 259 121
f 121 259 123
f 255 257 119
f 119 257 121
f 253 255 117
f 117 255 119
f 251 253 115
f 115 253 117
f 249 251 113
f 113 251 115
f 247 249 111
f 111 249 113
f 245 247 109
f 109 247 111
f 243 245 107
f 107 245 109
f 241 243 105
f 105 243 107
f 239 241 103
f 103 241 105
f 237 239 101
f 101 239 103
f 235 237 99
f 99 237 101
f 233 235 97
f 97 235 99
f 231 233 95
f 95 233 97
f 229 231 93
f 93 231 95
f 227 229 91
f 91 229 93
f 225 227 89
f 89 227 91
f 147 225 11
f 11 225 89
f 141 147 7
f 7 147 11
f 142 141 6
f 6 141 7
f 143 142 5
f 5 142 6
f 144 143 8
f 8 143 5
f 148 144 12
f 12 144 8
f 226 148 90
f 90 148 12
f 228 226 92
f 92 226 90
f 230 228 94
f 94 228 92
f 232 230 96
f 96 230 94
f 234 232 98
f 98 232 96
f 236 234 100
f 100 234 98
f 238 236 102
f 102 236 100
f 240 238 104
f 104 238 102
f 242 240 106
f 106 240 104
f 244 242 108
f 108 242 106
f 246 244 110
f 110 244 108
f 248 246 112
f 112 246 110
f 250 248 114
f 114 248 112
f 252 250 116
f 116 250 114
f 254 252 118
f 118 252 116
f 256 254 120
f 120 254 118
f 258 256 122
f 122 256 120
f 260 258 124
f 124 258 122
f 262 260 126
f 126 260 124
f 264 262 128
f 128 262 126
f 266 264 130
f 130 264 128
f 268 266 132
f 132 266 130
f 270 268 134
f 134 268 132
f 272 270 136
f 136 270 134
f 224 272 88
f 88 272 136
f 222 224 86
f 86 224 88
f 220 222 84
f 84 222 86
f 218 220 82
f 82 220 84
f 216 218 80
f 80 218 82
f 214 216 78
f 78 216 80
f 211 214 75
f 75 214 78
f 210 211 74
f 74 211 75
f 208 210 72
f 72 210 74
f 206 208 70
f 70 208 72
f 204 206 68
f 68 206 70
f 202 204 66
f 66 204 68
f 200 202 64
f 64 202 66
f 198 200 62
f 62 200 64
f 196 198 60
f 60 198 62
f 194 196 58
f 58 196 60
f 192 194 56
f 56 194 58
f 190 192 54
f 54 192 56
f 188 190 52
f 52 190 54
f 186 188 50
f 50 188 52
f 184 186 48
f 48 186 50
f 182 184 46
f 46 184 48
f 180 182 44
f 44 182 46
f 178 180 42
f 42 180 44
f 176 178 40
f 40 178 42
f 174 176 38
f 38 176 40
f 172 174 36
f 36 174 38
f 170 172 34
f 34 172 36
f 168 170 32
f 32 170 34
f 166 168 30
f 30 168 32
f 164 166 28
f 28 166 30
f 162 164 26
f 26 164 28
f 160 162 24
f 24 162 26
f 158 160 22
f 22 160 24
f 156 158 20
f 20 158 22
f 154 156 18
f 18 156 20
f 152 154 16
f 16 154 18
f 150 152 14
f 14 152 16
f 146 150 10
f 10 150 14
f 138 137 2
f 2 137 3
f 137 146 3
f 3 146 10
f 273 274 142
f 275 273 142
f 276 275 142
f 277 276 142
f 278 277 142
f 279 278 142
f 280 279 142
f 281 280 142
f 282 281 142
f 283 282 142
f 284 283 142
f 142 285 286
f 142 286 287
f 142 287 288
f 142 288 289
f 142 289 290
f 142 290 291
f 142 291 292
f 142 292 293
f 284 142 293
f 143 294 295
f 143 295 296
f 143 296 297
f 143 297 298
f 143 298 299
f 143 299 300
f 143 300 301
f 143 301 302
f 143 302 303
f 143 303 304
f 143 304 305
f 306 307 143
f 308 306 143
f 309 308 143
f 310 309 143
f 311 310 143
f 312 311 143
f 313 312 143
f 314 313 143
f 314 143 305
f 294 143 274
f 274 143 142
f 295 294 273
f 273 294 274
f 296 295 275
f 275 295 273
f 297 296 276
f 276 296 275
f 298 297 277
f 277 297 276
f 299 298 278
f 278 298 277
f 300 299 279
f 279 299 278
f 301 300 280
f 280 300 279
f 302 301 281
f 281 301 280
f 303 302 282
f 282 302 281
f 304 303 283
f 283 303 282
f 305 304 284
f 284 304 283
f 314 305 293
f 293 305 284
f 313 314 292
f 292 314 293
f 312 313 291
f 291 313 292
f 311 312 290
f 290 312 291
f 310 311 289
f 289 311 290
f 309 310 288
f 288 310 289
f 308 309 287
f 287 309 288
f 306 308 286
f 286 308 287
f 143 307 142
f 142 307 285
f 307 306 285
f 285 306 286
f 138 315 316
f 138 316 317
f 138 317 318
f 138 318 319
f 138 319 320
f 138 320 321
f 138 321 322
f 138 322 323
f 138 323 324
f 138 324 325
f 138 325 326
f 327 328 138
f 329 327 138
f 330 329 138
f 331 330 138
f 332 331 138
f 333 332 138
f 334 333 138
f 335 334 138
f 335 138 326
f 336 337 139
f 338 336 139
f 339 338 139
f 340 339 139
f 341 340 139
f 342 341 139
f 343 342 139
f 344 343 139
f 345 344 139
f 346 345 139
f 347 346 139
f 139 348 349
f 139 349 350
f 139 350 351
f 139 351 352
f 139 352 353
f 139 353 354
f 139 354 355
f 139 355 356
f 347 139 356
f 315 139 337
f 138 139 315
f 316 337 336
f 315 337 316
f 317 336 338
f 316 336 317
f 318 338 339
f 317 338 318
f 319 339 340
f 318 339 319
f 320 340 341
f 319 340 320
f 321 341 342
f 320 341 321
f 322 342 343
f 321 342 322
f 323 343 344
f 322 343 323
f 324 344 345
f 323 344 324
f 325 345 346
f 324 345 325
f 326 346 347
f 325 346 326
f 335 347 356
f 326 347 335
f 334 356 355
f 335 356 334
f 333 355 354
f 334 355 333
f 332 354 353
f 333 354 332
f 331 353 352
f 332 353 331
f 330 352 351
f 331 352 330
f 329 351 350
f 330 351 329
f 327 350 349
f 329 350 327
f 138 348 139
f 328 348 138
f 328 349 348
f 327 349 328
f 1 357 358
f 1 358 359
f 1 359 360
f 1 360 361
f 1 361 362
f 1 362 363
f 1 363 364
f 365 366 6
f 367 365 6
f 368 367 6
f 369 368 6
f 370 369 6
f 371 370 6
f 372 371 6
f 4 1 364
f 372 6 7
f 4 364 373
f 4 373 374
f 4 374 375
f 4 375 376
f 4 376 377
f 9 4 377
f 13 9 377
f 13 377 378
f 15 13 378
f 17 15 378
f 19 17 378
f 19 378 379
f 21 19 379
f 23 21 379
f 23 379 380
f 25 23 380
f 27 25 380
f 27 380 381
f 29 27 381
f 31 29 381
f 31 381 382
f 33 31 382
f 35 33 382
f 37 35 382
f 37 382 383
f 39 37 383
f 41 39 383
f 43 41 383
f 43 383 384
f 45 43 384
f 47 45 384
f 47 384 385
f 49 47 385
f 51 49 385
f 53 51 385
f 53 385 386
f 55 53 386
f 57 55 386
f 57 386 387
f 59 57 387
f 61 59 387
f 61 387 388
f 63 61 388
f 65 63 388
f 65 388 389
f 67 65 389
f 69 67 389
f 69 389 390
f 71 69 390
f 71 390 391
f 73 71 391
f 73 391 392
f 73 392 393
f 73 393 394
f 73 394 395
f 396 372 7
f 397 396 7
f 398 397 7
f 399 398 7
f 400 399 7
f 400 7 11
f 400 11 89
f 401 400 89
f 401 89 91
f 401 91 93
f 401 93 95
f 402 401 95
f 402 95 97
f 402 97 99
f 403 402 99
f 403 99 101
f 403 101 103
f 404 403 103
f 404 103 105
f 404 105 107
f 405 404 107
f 405 107 109
f 405 109 111
f 405 111 113
f 406 405 113
f 406 113 115
f 406 115 117
f 406 117 119
f 407 406 119
f 407 119 121
f 407 121 123
f 408 407 123
f 408 123 125
f 408 125 127
f 408 127 129
f 409 408 129
f 409 129 131
f 409 131 133
f 410 409 133
f 410 133 135
f 410 135 87
f 411 410 87
f 411 87 85
f 411 85 83
f 412 411 83
f 412 83 81
f 412 81 79
f 413 412 79
f 413 79 77
f 414 413 77
f 414 77 76
f 415 414 76
f 416 415 76
f 417 416 76
f 418 417 76
f 73 395 419
f 420 418 76
f 421 420 76
f 421 76 73
f 422 421 73
f 423 422 73
f 424 423 73
f 424 73 419
f 425 426 427
f 428 425 427
f 429 428 427
f 430 429 427
f 431 430 427
f 432 431 427
f 433 432 427
f 434 435 436
f 434 436 437
f 434 437 438
f 434 438 439
f 434 439 440
f 434 440 441
f 434 441 442
f 433 427 443
f 444 434 442
f 445 433 443
f 446 445 443
f 447 446 443
f 448 447 443
f 449 448 443
f 449 443 450
f 449 450 451
f 452 449 451
f 452 451 453
f 452 453 454
f 452 454 455
f 456 452 455
f 456 455 457
f 456 457 458
f 459 456 458
f 459 458 460
f 459 460 461
f 462 459 461
f 462 461 463
f 462 463 464
f 465 462 464
f 465 464 466
f 465 466 467
f 465 467 468
f 469 465 468
f 469 468 470
f 469 470 471
f 469 471 472
f 473 469 472
f 473 472 474
f 473 474 475
f 476 473 475
f 476 475 477
f 476 477 478
f 476 478 479
f 480 476 479
f 480 479 481
f 480 481 482
f 483 480 482
f 483 482 484
f 483 484 485
f 486 483 485
f 486 485 487
f 486 487 488
f 489 486 488
f 489 488 490
f 489 490 491
f 492 489 491
f 492 491 493
f 494 492 493
f 494 493 495
f 496 494 495
f 497 496 495
f 498 497 495
f 499 498 495
f 444 442 500
f 444 500 501
f 444 501 502
f 444 502 503
f 444 503 504
f 505 444 504
f 506 505 504
f 506 504 507
f 508 506 507
f 509 508 507
f 510 509 507
f 510 507 511
f 512 510 511
f 513 512 511
f 513 511 514
f 515 513 514
f 516 515 514
f 516 514 517
f 518 516 517
f 519 518 517
f 519 517 520
f 521 519 520
f 522 521 520
f 523 522 520
f 523 520 524
f 525 523 524
f 526 525 524
f 527 526 524
f 527 524 528
f 529 527 528
f 530 529 528
f 530 528 531
f 532 530 531
f 533 532 531
f 534 533 531
f 534 531 535
f 536 534 535
f 537 536 535
f 537 535 538
f 539 537 538
f 540 539 538
f 540 538 541
f 542 540 541
f 543 542 541
f 543 541 544
f 545 543 544
f 546 545 544
f 546 544 547
f 548 546 547
f 548 547 549
f 550 548 549
f 550 549 551
f 550 551 552
f 550 552 553
f 550 553 554
f 555 499 495
f 550 554 556
f 550 556 557
f 495 550 557
f 495 557 558
f 495 558 559
f 495 559 560
f 555 495 560
f 434 444 6
f 6 444 7
f 435 434 366
f 366 434 6
f 436 435 365
f 365 435 366
f 437 436 367
f 367 436 365
f 438 437 368
f 368 437 367
f 439 438 369
f 369 438 368
f 440 439 370
f 370 439 369
f 441 440 371
f 371 440 370
f 442 441 372
f 372 441 371
f 500 442 396
f 396 442 372
f 501 500 397
f 397 500 396
f 502 501 398
f 398 501 397
f 503 502 399
f 399 502 398
f 504 503 400
f 400 503 399
f 507 504 401
f 401 504 400
f 511 507 402
f 402 507 401
f 514 511 403
f 403 511 402
f 517 514 404
f 404 514 403
f 520 517 405
f 405 517 404
f 524 520 406
f 406 520 405
f 528 524 407
f 407 524 406
f 531 528 408
f 408 528 407
f 535 531 409
f 409 531 408
f 538 535 410
f 410 535 409
f 541 538 411
f 411 538 410
f 544 541 412
f 412 541 411
f 547 544 413
f 413 544 412
f 549 547 414
f 414 547 413
f 551 549 415
f 415 549 414
f 552 551 416
f 416 551 415
f 553 552 417
f 417 552 416
f 554 553 418
f 418 553 417
f 556 554 420
f 420 554 418
f 557 556 421
f 421 556 420
f 558 557 422
f 422 557 421
f 559 558 423
f 423 558 422
f 560 559 424
f 424 559 423
f 555 560 419
f 419 560 424
f 499 555 395
f 395 555 419
f 498 499 394
f 394 499 395
f 497 498 393
f 393 498 394
f 496 497 392
f 392 497 393
f 494 496 391
f 391 496 392
f 492 494 390
f 390 494 391
f 489 492 389
f 389 492 390
f 486 489 388
f 388 489 389
f 483 486 387
f 387 486 388
f 480 483 386
f 386 483 387
f 476 480 385
f 385 480 386
f 473 476 384
f 384 476 385
f 469 473 383
f 383 473 384
f 465 469 382
f 382 469 383
f 462 465 381
f 381 465 382
f 459 462 380
f 380 462 381
f 456 459 379
f 379 459 380
f 452 456 378
f 378 456 379
f 449 452 377
f 377 452 378
f 448 449 376
f 376 449 377
f 447 448 375
f 375 448 376
f 446 447 374
f 374 447 375
f 445 446 373
f 373 446 374
f 433 445 364
f 364 445 373
f 432 433 363
f 363 433 364
f 431 432 362
f 362 432 363
f 430 431 361
f 361 431 362
f 429 430 360
f 360 430 361
f 428 429 359
f 359 429 360
f 425 428 358
f 358 428 359
f 426 425 357
f 357 425 358
f 427 426 1
f 1 426 357
f 443 427 4
f 4 427 1
f 450 443 9
f 9 443 4
f 451 450 13
f 13 450 9
f 453 451 15
f 15 451 13
f 454 453 17
f 17 453 15
f 455 454 19
f 19 454 17
f 457 455 21
f 21 455 19
f 458 457 23
f 23 457 21
f 460 458 25
f 25 458 23
f 461 460 27
f 27 460 25
f 463 461 29
f 29 461 27
f 464 463 31
f 31 463 29
f 466 464 33
f 33 464 31
f 467 466 35
f 35 466 33
f 468 467 37
f 37 467 35
f 470 468 39
f 39 468 37
f 471 470 41
f 41 470 39
f 472 471 43
f 43 471 41
f 474 472 45
f 45 472 43
f 475 474 47
f 47 474 45
f 477 475 49
f 49 475 47
f 478 477 51
f 51 477 49
f 479 478 53
f 53 478 51
f 481 479 55
f 55 479 53
f 482 481 57
f 57 481 55
f 484 482 59
f 59 482 57
f 485 484 61
f 61 484 59
f 487 485 63
f 63 485 61
f 488 487 65
f 65 487 63
f 490 488 67
f 67 488 65
f 491 490 69
f 69 490 67
f 493 491 71
f 71 491 69
f 495 493 73
f 73 493 71
f 550 495 76
f 76 495 73
f 548 550 77
f 77 550 76
f 546 548 79
f 79 548 77
f 545 546 81
f 81 546 79
f 543 545 83
f 83 545 81
f 542 543 85
f 85 543 83
f 540 542 87
f 87 542 85
f 539 540 135
f 135 540 87
f 537 539 133
f 133 539 135
f 536 537 131
f 131 537 133
f 534 536 129
f 129 536 131
f 533 534 127
f 127 534 129
f 532 533 125
f 125 533 127
f 530 532 123
f 123 532 125
f 529 530 121
f 121 530 123
f 527 529 119
f 119 529 121
f 526 527 117
f 117 527 119
f 525 526 115
f 115 526 117
f 523 525 113
f 113 525 115
f 522 523 111
f 111 523 113
f 521 522 109
f 109 522 111
f 519 521 107
f 107 521 109
f 518 519 105
f 105 519 107
f 516 518 103
f 103 518 105
f 515 516 101
f 101 516 103
f 513 515 99
f 99 515 101
f 512 513 97
f 97 513 99
f 510 512 95
f 95 512 97
f 509 510 93
f 93 510 95
f 508 509 91
f 91 509 93
f 506 508 89
f 89 508 91
f 444 505 7
f 7 505 11
f 505 506 11
f 11 506 89
f 427 561 562
f 427 562 563
f 427 563 564
f 427 564 565
f 427 565 566
f 427 566 567
f 427 567 568
f 427 568 569
f 427 569 570
f 427 570 571
f 427 571 572
f 427 572 573
f 427 573 574
f 427 574 575
f 427 575 576
f 427 576 577
f 427 577 578
f 427 578 579
f 427 579 580
f 427 580 581
f 427 581 582
f 427 582 583
f 427 583 584
f 427 584 585
f 443 427 585
f 443 585 586
f 443 586 587
f 443 587 588
f 443 588 589
f 443 589 590
f 443 590 591
f 450 443 591
f 451 450 591
f 453 451 591
f 453 591 592
f 454 453 592
f 455 454 592
f 457 455 592
f 457 592 593
f 458 457 593
f 460 458 593
f 461 460 593
f 461 593 594
f 463 461 594
f 464 463 594
f 466 464 594
f 466 594 595
f 467 466 595
f 468 467 595
f 470 468 595
f 471 470 595
f 472 471 595
f 474 472 595
f 475 474 595
f 477 475 595
f 477 595 596
f 478 477 596
f 479 478 596
f 481 479 596
f 482 481 596
f 484 482 596
f 484 596 597
f 485 484 597
f 487 485 597
f 488 487 597
f 490 488 597
f 490 597 598
f 491 490 598
f 491 598 599
f 493 491 599
f 493 599 600
f 493 600 601
f 495 493 601
f 495 601 602
f 495 602 603
f 495 603 604
f 495 604 605
f 495 605 606
f 495 606 607
f 495 607 608
f 550 495 608
f 550 608 609
f 550 609 610
f 550 610 611
f 550 611 612
f 550 612 613
f 550 613 614
f 550 614 615
f 550 615 616
f 550 616 617
f 550 617 618
f 550 618 619
f 550 619 620
f 548 550 620
f 548 620 621
f 546 548 621
f 545 546 621
f 543 545 621
f 543 621 622
f 542 543 622
f 540 542 622
f 539 540 622
f 539 622 623
f 537 539 623
f 536 537 623
f 534 536 623
f 534 623 624
f 533 534 624
f 532 533 624
f 530 532 624
f 529 530 624
f 529 624 625
f 527 529 625
f 526 527 625
f 525 526 625
f 525 625 626
f 523 525 626
f 522 523 626
f 521 522 626
f 521 626 627
f 519 521 627
f 518 519 627
f 516 518 627
f 516 627 628
f 515 516 628
f 513 515 628
f 512 513 628
f 510 512 628
f 509 510 628
f 508 509 628
f 506 508 628
f 506 628 629
f 505 506 629
f 505 629 630
f 444 505 630
f 444 630 631
f 444 631 632
f 444 632 633
f 444 633 634
f 444 634 635
f 444 635 636
f 434 444 636
f 434 636 637
f 434 637 638
f 434 638 639
f 434 639 640
f 434 640 641
f 434 641 642
f 434 642 643
f 434 643 644
f 434 644 645
f 434 645 646
f 434 646 647
f 648 649 434
f 650 648 434
f 651 650 434
f 652 651 434
f 653 652 434
f 654 653 434
f 655 654 434
f 656 655 434
f 657 656 434
f 658 657 434
f 659 658 434
f 660 659 434
f 660 434 647
f 661 662 663
f 664 661 663
f 665 664 663
f 666 665 663
f 667 666 663
f 668 667 663
f 669 668 663
f 670 669 663
f 671 670 663
f 672 671 663
f 673 672 663
f 674 673 663
f 675 674 663
f 676 675 663
f 677 676 663
f 678 677 663
f 679 678 663
f 680 679 663
f 681 680 663
f 682 681 663
f 683 682 663
f 684 683 663
f 685 684 663
f 686 685 663
f 686 663 687
f 688 686 687
f 689 688 687
f 690 689 687
f 691 690 687
f 692 691 687
f 693 692 687
f 693 687 694
f 693 694 695
f 693 695 696
f 697 693 696
f 697 696 698
f 697 698 699
f 697 699 700
f 701 697 700
f 701 700 702
f 701 702 703
f 701 703 704
f 705 701 704
f 705 704 706
f 705 706 707
f 705 707 708
f 709 705 708
f 709 708 710
f 709 710 711
f 709 711 712
f 709 712 713
f 709 713 714
f 709 714 715
f 709 715 716
f 709 716 717
f 718 709 717
f 718 717 719
f 718 719 720
f 718 720 721
f 718 721 722
f 718 722 723
f 724 718 723
f 724 723 725
f 724 725 726
f 724 726 727
f 724 727 728
f 729 724 728
f 729 728 730
f 731 729 730
f 731 730 732
f 733 731 732
f 734 733 732
f 734 732 735
f 736 734 735
f 737 736 735
f 738 737 735
f 739 738 735
f 740 739 735
f 741 740 735
f 742 741 735
f 742 735 743
f 744 742 743
f 745 744 743
f 746 745 743
f 747 746 743
f 748 747 743
f 749 748 743
f 750 749 743
f 751 750 743
f 752 751 743
f 753 752 743
f 754 753 743
f 755 754 743
f 755 743 756
f 757 755 756
f 757 756 758
f 757 758 759
f 757 759 760
f 761 757 760
f 761 760 762
f 761 762 763
f 761 763 764
f 765 761 764
f 765 764 766
f 765 766 767
f 765 767 768
f 769 765 768
f 769 768 770
f 769 770 771
f 769 771 772
f 769 772 773
f 774 769 773
f 774 773 775
f 774 775 776
f 774 776 777
f 778 774 777
f 778 777 779
f 778 779 780
f 778 780 781
f 782 778 781
f 782 781 783
f 782 783 784
f 782 784 785
f 786 782 785
f 786 785 787
f 786 787 788
f 786 788 789
f 786 789 790
f 786 790 791
f 786 791 792
f 786 792 793
f 794 786 793
f 794 793 795
f 796 794 795
f 796 795 797
f 798 796 797
f 799 798 797
f 800 799 797
f 801 800 797
f 802 801 797
f 803 802 797
f 803 797 804
f 805 803 804
f 806 805 804
f 807 806 804
f 808 807 804
f 809 808 804
f 810 809 804
f 811 810 804
f 812 811 804
f 813 812 804
f 814 813 804
f 815 814 804
f 804 816 817
f 804 817 818
f 804 818 819
f 804 819 820
f 804 820 821
f 804 821 822
f 804 822 823
f 804 823 824
f 804 824 825
f 804 825 826
f 804 826 827
f 804 827 828
f 815 804 828
f 804 797 434
f 434 797 444
f 816 804 649
f 649 804 434
f 817 816 648
f 648 816 649
f 818 817 650
f 650 817 648
f 819 818 651
f 651 818 650
f 820 819 652
f 652 819 651
f 821 820 653
f 653 820 652
f 822 821 654
f 654 821 653
f 823 822 655
f 655 822 654
f 824 823 656
f 656 823 655
f 825 824 657
f 657 824 656
f 826 825 658
f 658 825 657
f 827 826 659
f 659 826 658
f 828 827 660
f 660 827 659
f 815 828 647
f 647 828 660
f 814 815 646
f 646 815 647
f 813 814 645
f 645 814 646
f 812 813 644
f 644 813 645
f 811 812 643
f 643 812 644
f 810 811 642
f 642 811 643
f 809 810 641
f 641 810 642
f 808 809 640
f 640 809 641
f 807 808 639
f 639 808 640
f 806 807 638
f 638 807 639
f 805 806 637
f 637 806 638
f 803 805 636
f 636 805 637
f 802 803 635
f 635 803 636
f 801 802 634
f 634 802 635
f 800 801 633
f 633 801 634
f 799 800 632
f 632 800 633
f 798 799 631
f 631 799 632
f 796 798 630
f 630 798 631
f 794 796 629
f 629 796 630
f 786 794 628
f 628 794 629
f 782 786 627
f 627 786 628
f 778 782 626
f 626 782 627
f 774 778 625
f 625 778 626
f 769 774 624
f 624 774 625
f 765 769 623
f 623 769 624
f 761 765 622
f 622 765 623
f 757 761 621
f 621 761 622
f 755 757 620
f 620 757 621
f 754 755 619
f 619 755 620
f 753 754 618
f 618 754 619
f 752 753 617
f 617 753 618
f 751 752 616
f 616 752 617
f 750 751 615
f 615 751 616
f 749 750 614
f 614 750 615
f 748 749 613
f 613 749 614
f 747 748 612
f 612 748 613
f 746 747 611
f 611 747 612
f 745 746 610
f 610 746 611
f 744 745 609
f 609 745 610
f 742 744 608
f 608 744 609
f 741 742 607
f 607 742 608
f 740 741 606
f 606 741 607
f 739 740 605
f 605 740 606
f 738 739 604
f 604 739 605
f 737 738 603
f 603 738 604
f 736 737 602
f 602 737 603
f 734 736 601
f 601 736 602
f 733 734 600
f 600 734 601
f 731 733 599
f 599 733 600
f 729 731 598
f 598 731 599
f 724 729 597
f 597 729 598
f 718 724 596
f 596 724 597
f 709 718 595
f 595 718 596
f 705 709 594
f 594 709 595
f 701 705 593
f 593 705 594
f 697 701 592
f 592 701 593
f 693 697 591
f 591 697 592
f 692 693 590
f 590 693 591
f 691 692 589
f 589 692 590
f 690 691 588
f 588 691 589
f 689 690 587
f 587 690 588
f 688 689 586
f 586 689 587
f 686 688 585
f 585 688 586
f 685 686 584
f 584 686 585
f 684 685 583
f 583 685 584
f 683 684 582
f 582 684 583
f 682 683 581
f 581 683 582
f 681 682 580
f 580 682 581
f 680 681 579
f 579 681 580
f 679 680 578
f 578 680 579
f 678 679 577
f 577 679 578
f 677 678 576
f 576 678 577
f 676 677 575
f 575 677 576
f 675 676 574
f 574 676 575
f 674 675 573
f 573 675 574
f 673 674 572
f 572 674 573
f 672 673 571
f 571 673 572
f 671 672 570
f 570 672 571
f 670 671 569
f 569 671 570
f 669 670 568
f 568 670 569
f 668 669 567
f 567 669 568
f 667 668 566
f 566 668 567
f 666 667 565
f 565 667 566
f 665 666 564
f 564 666 565
f 664 665 563
f 563 665 564
f 661 664 562
f 562 664 563
f 662 661 561
f 561 661 562
f 663 662 427
f 427 662 561
f 687 663 443
f 443 663 427
f 694 687 450
f 450 687 443
f 695 694 451
f 451 694 450
f 696 695 453
f 453 695 451
f 698 696 454
f 454 696 453
f 699 698 455
f 455 698 454
f 700 699 457
f 457 699 455
f 702 700 458
f 458 700 457
f 703 702 460
f 460 702 458
f 704 703 461
f 461 703 460
f 706 704 463
f 463 704 461
f 707 706 464
f 464 706 463
f 708 707 466
f 466 707 464
f 710 708 467
f 467 708 466
f 711 710 468
f 468 710 467
f 712 711 470
f 470 711 468
f 713 712 471
f 471 712 470
f 714 713 472
f 472 713 471
f 715 714 474
f 474 714 472
f 716 715 475
f 475 715 474
f 717 716 477
f 477 716 475
f 719 717 478
f 478 717 477
f 720 719 479
f 479 719 478
f 721 720 481
f 481 720 479
f 722 721 482
f 482 721 481
f 723 722 484
f 484 722 482
f 725 723 485
f 485 723 484
f 726 725 487
f 487 725 485
f 727 726 488
f 488 726 487
f 728 727 490
f 490 727 488
f 730 728 491
f 491 728 490
f 732 730 493
f 493 730 491
f 735 732 495
f 495 732 493
f 743 735 550
f 550 735 495
f 756 743 548
f 548 743 550
f 758 756 546
f 546 756 548
f 759 758 545
f 545 758 546
f 760 759 543
f 543 759 545
f 762 760 542
f 542 760 543
f 763 762 540
f 540 762 542
f 764 763 539
f 539 763 540
f 766 764 537
f 537 764 539
f 767 766 536
f 536 766 537
f 768 767 534
f 534 767 536
f 770 768 533
f 533 768 534
f 771 770 532
f 532 770 533
f 772 771 530
f 530 771 532
f 773 772 529
f 529 772 530
f 775 773 527
f 527 773 529
f 776 775 526
f 526 775 527
f 777 776 525
f 525 776 526
f 779 777 523
f 523 777 525
f 780 779 522
f 522 779 523
f 781 780 521
f 521 780 522
f 783 781 519
f 519 781 521
f 784 783 518
f 518 783 519
f 785 784 516
f 516 784 518
f 787 785 515
f 515 785 516
f 788 787 513
f 513 787 515
f 789 788 512
f 512 788 513
f 790 789 510
f 510 789 512
f 791 790 509
f 509 790 510
f 792 791 508
f 508 791 509
f 793 792 506
f 506 792 508
f 797 795 444
f 444 795 505
f 795 793 505
f 505 793 506
f 829 830 831
f 829 832 830
f 832 833 830
f 832 834 833
f 834 835 833
f 834 836 835
f 836 837 835
f 836 838 837
f 838 839 837
f 838 840 839
f 840 841 839
f 840 842 841
f 842 843 841
f 842 844 843
f 844 845 843
f 844 846 845
f 846 847 845
f 846 848 847
f 848 849 847
f 848 850 849
f 850 851 849
f 850 852 851
f 852 853 851
f 852 854 853
f 854 855 853
f 854 856 855
f 856 857 855
f 856 858 857
f 858 859 857
f 858 860 859
f 860 861 859
f 860 862 861
f 862 863 861
f 862 864 863
f 864 865 863
f 864 866 865
f 866 867 865
f 866 868 867
f 868 869 867
f 868 870 869
f 870 871 869
f 870 872 871
f 872 873 871
f 872 874 873
f 874 875 873
f 874 876 875
f 876 877 875
f 876 878 877
f 878 879 877
f 878 880 879
f 880 881 879
f 880 882 881
f 882 883 881
f 882 884 883
f 884 885 883
f 884 886 885
f 886 887 885
f 886 888 887
f 888 889 887
f 888 890 889
f 890 891 889
f 890 892 891
f 892 893 891
f 892 894 893
f 894 895 893
f 894 896 895
f 896 897 895
f 896 898 897
f 898 899 897
f 898 900 899
f 900 901 899
f 900 902 901
f 902 903 901
f 902 904 903
f 904 905 903
f 904 906 905
f 906 907 905
f 906 908 907
f 908 909 907
f 908 910 909
f 910 911 909
f 910 912 911
f 912 913 911
f 912 914 913
f 914 915 913
f 914 916 915
f 916 917 915
f 916 918 917
f 918 919 917
f 918 920 919
f 920 921 919
f 920 922 921
f 922 923 921
f 922 924 923
f 924 925 923
f 924 926 925
f 926 927 925
f 926 928 927
f 929 930 931
f 930 932 931
f 930 933 932
f 933 934 932
f 933 935 934
f 935 936 934
f 935 937 936
f 937 938 936
f 937 939 938
f 939 940 938
f 939 941 940
f 941 942 940
f 941 943 942
f 943 944 942
f 943 945 944
f 945 946 944
f 945 947 946
f 947 948 946
f 947 949 948
f 949 950 948
f 949 951 950
f 951 952 950
f 951 953 952
f 953 954 952
f 953 955 954
f 955 956 954
f 955 957 956
f 957 958 956
f 957 959 958
f 959 960 958
f 959 961 960
f 961 962 960
f 961 963 962
f 963 964 962
f 963 965 964
f 965 966 964
f 965 967 966
f 967 968 966
f 967 969 968
f 969 970 968
f 969 971 970
f 971 972 970
f 971 973 972
f 973 974 972
f 973 975 974
f 975 976 974
f 975 977 976
f 977 978 976
f 977 979 978
f 979 980 978
f 979 981 980
f 981 982 980
f 981 983 982
f 983 984 982
f 983 985 984
f 985 986 984
f 985 987 986
f 987 988 986
f 987 989 988
f 989 990 988
f 989 991 990
f 991 992 990
f 991 993 992
f 993 994 992
f 993 995 994
f 995 996 994
f 995 997 996
f 997 998 996
f 997 999 998
f 999 1000 998
f 999 1001 1000
f 1001 1002 1000
f 1001 1003 1002
f 1003 1004 1002
f 1003 1005 1004
f 1005 1006 1004
f 1005 1007 1006
f 1007 1008 1006
f 1007 1009 1008
f 1009 1010 1008
f 1009 1011 1010
f 1011 1012 1010
f 1011 1013 1012
f 1013 1014 1012
f 1013 1015 1014
f 1015 1016 1014
f 1015 1017 1016
f 1017 1018 1016
f 1017 1019 1018
f 1019 1020 1018
f 1019 1021 1020
f 1021 1022 1020
f 1021 1023 1022
f 1023 1024 1022
f 1023 1025 1024
f 1025 1026 1024
f 1025 1027 1026
f 1027 1028 1026
f 930 929 830
f 830 929 831
f 933 930 833
f 833 930 830
f 935 933 835
f 835 933 833
f 937 935 837
f 837 935 835
f 939 937 839
f 839 937 837
f 941 939 841
f 841 939 839
f 943 941 843
f 843 941 841
f 945 943 845
f 845 943 843
f 947 945 847
f 847 945 845
f 949 947 849
f 849 947 847
f 951 949 851
f 851 949 849
f 953 951 853
f 853 951 851
f 955 953 855
f 855 953 853
f 957 955 857
f 857 955 855
f 959 957 859
f 859 957 857
f 961 959 861
f 861 959 859
f 963 961 863
f 863 961 861
f 965 963 865
f 865 963 863
f 967 965 867
f 867 965 865
f 969 967 869
f 869 967 867
f 971 969 871
f 871 969 869
f 973 971 873
f 873 971 871
f 975 973 875
f 875 973 873
f 977 975 877
f 877 975 875
f 979 977 879
f 879 977 877
f 981 979 881
f 881 979 879
f 983 981 883
f 883 981 881
f 985 983 885
f 885 983 883
f 987 985 887
f 887 985 885
f 989 987 889
f 889 987 887
f 991 989 891
f 891 989 889
f 993 991 893
f 893 991 891
f 995 993 895
f 895 993 893
f 997 995 897
f 897 995 895
f 999 997 899
f 899 997 897
f 1001 999 901
f 901 999 899
f 1003 1001 903
f 903 1001 901
f 1005 1003 905
f 905 1003 903
f 1007 1005 907
f 907 1005 905
f 1009 1007 909
f 909 1007 907
f 1011 1009 911
f 911 1009 909
f 1013 1011 913
f 913 1011 911
f 1015 1013 915
f 915 1013 913
f 1017 1015 917
f 917 1015 915
f 1019 1017 919
f 919 1017 917
f 1021 1019 921
f 921 1019 919
f 1023 1021 923
f 923 1021 921
f 1025 1023 925
f 925 1023 923
f 1027 1025 927
f 927 1025 925
f 1028 1027 928
f 928 1027 927
f 1026 1028 926
f 926 1028 928
f 1024 1026 924
f 924 1026 926
f 1022 1024 922
f 922 1024 924
f 1020 1022 920
f 920 1022 922
f 1018 1020 918
f 918 1020 920
f 1016 1018 916
f 916 1018 918
f 1014 1016 914
f 914 1016 916
f 1012 1014 912
f 912 1014 914
f 1010 1012 910
f 910 1012 912
f 1008 1010 908
f 908 1010 910
f 1006 1008 906
f 906 1008 908
f 1004 1006 904
f 904 1006 906
f 1002 1004 902
f 902 1004 904
f 1000 1002 900
f 900 1002 902
f 998 1000 898
f 898 1000 900
f 996 998 896
f 896 998 898
f 994 996 894
f 894 996 896
f 992 994 892
f 892 994 894
f 990 992 890
f 890 992 892
f 988 990 888
f 888 990 890
f 986 988 886
f 886 988 888
f 984 986 884
f 884 986 886
f 982 984 882
f 882 984 884
f 980 982 880
f 880 982 882
f 978 980 878
f 878 980 880
f 976 978 876
f 876 978 878
f 974 976 874
f 874 976 876
f 972 974 872
f 872 974 874
f 970 972 870
f 870 972 872
f 968 970 868
f 868 970 870
f 966 968 866
f 866 968 868
f 964 966 864
f 864 966 866
f 962 964 862
f 862 964 864
f 960 962 860
f 860 962 862
f 958 960 858
f 858 960 860
f 956 958 856
f 856 958 858
f 954 956 854
f 854 956 856
f 952 954 852
f 852 954 854
f 950 952 850
f 850 952 852
f 948 950 848
f 848 950 850
f 946 948 846
f 846 948 848
f 944 946 844
f 844 946 846
f 942 944 842
f 842 944 844
f 940 942 840
f 840 942 842
f 938 940 838
f 838 940 840
f 936 938 836
f 836 938 838
f 934 936 834
f 834 936 836
f 932 934 832
f 832 934 834
f 929 931 831
f 831 931 829
f 931 932 829
f 829 932 832
f 1029 1030 1031
f 1032 1029 1031
f 1031 1030 1033
f 1033 1032 1031
f 1029 1034 1030
f 1035 1029 1032
f 1035 1034 1029
f 1030 1034 1033
f 1036 1032 1033
f 1033 1034 1036
f 1036 1035 1032
f 1034 1035 1036
f 1037 1038 1039
f 1040 1037 1039
f 1039 1038 1041
f 1041 1040 1039
f 1037 1042 1038
f 1043 1037 1040
f 1043 1042 1037
f 1038 1042 1041
f 1044 1040 1041
f 1041 1042 1044
f 1044 1043 1040
f 1042 1043 1044
f 1045 1046 1047
f 1048 1045 1047
f 1047 1046 1049
f 1049 1048 1047
f 1045 1050 1046
f 1051 1045 1048
f 1051 1050 1045
f 1046 1050 1049
f 1052 1048 1049
f 1049 1050 1052
f 1052 1051 1048
f 1050 1051 1052
f 1053 1054 1055
f 1056 1053 1055
f 1055 1054 1057
f 1057 1056 1055
f 1053 1058 1054
f 1059 1053 1056
f 1059 1058 1053
f 1054 1058 1057
f 1060 1056 1057
f 1057 1058 1060
f 1060 1059 1056
f 1058 1059 1060
f 1061 1062 1063
f 1064 1061 1063
f 1063 1062 1065
f 1065 1064 1063
f 1061 1066 1062
f 1067 1061 1064
f 1067 1066 1061
f 1062 1066 1065
f 1068 1064 1065
f 1065 1066 1068
f 1068 1067 1064
f 1066 1067 1068
f 1069 1070 1071
f 1072 1069 1071
f 1071 1070 1073
f 1073 1072 1071
f 1069 1074 1070
f 1075 1069 1072
f 1075 1074 1069
f 1070 1074 1073
f 1076 1072 1073
f 1073 1074 1076
f 1076 1075 1072
f 1074 1075 1076
f 1077 1078 1079
f 1080 1077 1079
f 1079 1078 1081
f 1081 1080 1079
f 1077 1082 1078
f 1083 1077 1080
f 1083 1082 1077
f 1078 1082 1081
f 1084 1080 1081
f 1081 1082 1084
f 1084 1083 1080
f 1082 1083 1084
f 1085 1086 1087
f 1088 1085 1087
f 1087 1086 1089
f 1089 1088 1087
f 1085 1090 1086
f 1091 1085 1088
f 1091 1090 1085
f 1086 1090 1089
f 1092 1088 1089
f 1089 1090 1092
f 1092 1091 1088
f 1090 1091 1092
f 1093 1094 1095
f 1096 1093 1095
f 1095 1094 1097
f 1097 1096 1095
f 1093 1098 1094
f 1099 1093 1096
f 1099 1098 1093
f 1094 1098 1097
f 1100 1096 1097
f 1097 1098 1100
f 1100 1099 1096
f 1098 1099 1100
f 1101 1102 662
f 1103 1104 1105
f 1106 1103 1105
f 816 1107 1108
f 1109 688 689
f 1109 689 690
f 1109 690 691
f 1109 691 692
f 1109 692 693
f 1109 693 697
f 1109 697 701
f 1109 701 705
f 1109 705 709
f 1109 709 718
f 1109 718 724
f 1109 724 729
f 1109 729 731
f 1109 731 733
f 1109 733 734
f 1109 734 736
f 1109 736 737
f 1109 737 738
f 1109 738 739
f 1109 739 740
f 688 1109 1110
f 686 688 1110
f 685 686 1110
f 684 685 1110
f 683 684 1110
f 682 683 1110
f 681 682 1110
f 680 681 1110
f 679 680 1110
f 678 679 1110
f 677 678 1110
f 676 677 1110
f 675 676 1110
f 674 675 1110
f 673 674 1110
f 672 673 1110
f 671 672 1110
f 670 671 1110
f 669 670 1110
f 668 669 1110
f 667 668 1110
f 666 667 1110
f 665 666 1110
f 664 665 1110
f 661 664 1110
f 1109 740 741
f 662 661 1110
f 1101 662 1110
f 1109 741 742
f 1109 742 744
f 1111 1109 744
f 1111 744 745
f 1111 745 746
f 1111 746 747
f 1111 747 748
f 1111 748 749
f 1111 749 750
f 1111 750 751
f 1111 751 752
f 1111 752 753
f 1111 753 754
f 1111 754 755
f 1111 755 757
f 1111 757 761
f 1111 761 765
f 1111 765 769
f 1111 769 774
f 1111 774 778
f 1111 778 782
f 1111 782 786
f 1111 786 794
f 1111 794 796
f 1111 796 798
f 1111 798 799
f 1111 799 800
f 1111 800 801
f 1112 1111 801
f 1112 801 802
f 1112 802 803
f 1112 803 805
f 1112 805 806
f 1112 806 807
f 1112 807 808
f 1112 808 809
f 1112 809 810
f 1112 810 811
f 1112 811 812
f 1112 812 813
f 1112 813 814
f 1112 814 815
f 1112 815 828
f 1112 828 827
f 1112 827 826
f 1112 826 825
f 1112 825 824
f 1112 824 823
f 1112 823 822
f 1112 822 821
f 1112 821 820
f 1112 820 819
f 1112 819 818
f 1112 818 817
f 1112 817 816
f 1112 816 1108
f 1101 1110 1112
f 1105 1101 1112
f 1106 1105 1112
f 1106 1112 1108
f 1113 1114 1115
f 1116 1117 1118
f 1116 1118 1119
f 1120 1121 1122
f 1123 1124 1125
f 1126 1123 1125
f 1127 1126 1125
f 1128 1127 1125
f 1129 1128 1125
f 1130 1129 1125
f 1131 1130 1125
f 1132 1131 1125
f 1133 1132 1125
f 1134 1133 1125
f 1135 1134 1125
f 1136 1135 1125
f 1137 1136 1125
f 1138 1137 1125
f 1139 1138 1125
f 1140 1139 1125
f 1141 1140 1125
f 1142 1141 1125
f 1143 1142 1125
f 1144 1143 1125
f 1145 1125 1124
f 1145 1124 1146
f 1145 1146 1147
f 1145 1147 1148
f 1145 1148 1149
f 1145 1149 1150
f 1145 1150 1151
f 1145 1151 1152
f 1145 1152 1153
f 1145 1153 1154
f 1145 1154 1155
f 1145 1155 1156
f 1145 1156 1157
f 1145 1157 1158
f 1145 1158 1159
f 1145 1159 1160
f 1145 1160 1161
f 1145 1161 1162
f 1145 1162 1163
f 1145 1163 1164
f 1145 1164 1165
f 1145 1165 1166
f 1145 1166 1167
f 1145 1167 1168
f 1145 1168 1169
f 1170 1144 1125
f 1145 1169 1113
f 1145 1113 1115
f 1171 1170 1125
f 1172 1171 1125
f 1172 1125 1173
f 1174 1172 1173
f 1175 1174 1173
f 1176 1175 1173
f 1177 1176 1173
f 1178 1177 1173
f 1179 1178 1173
f 1180 1179 1173
f 1181 1180 1173
f 1182 1181 1173
f 1183 1182 1173
f 1184 1183 1173
f 1185 1184 1173
f 1186 1185 1173
f 1187 1186 1173
f 1188 1187 1173
f 1189 1188 1173
f 1190 1189 1173
f 1191 1190 1173
f 1192 1191 1173
f 1193 1192 1173
f 1194 1193 1173
f 1195 1194 1173
f 1196 1195 1173
f 1197 1196 1173
f 1198 1197 1173
f 1198 1173 1199
f 1200 1198 1199
f 1201 1200 1199
f 1202 1201 1199
f 1203 1202 1199
f 1204 1203 1199
f 1205 1204 1199
f 1206 1205 1199
f 1207 1206 1199
f 1208 1207 1199
f 1209 1208 1199
f 1210 1209 1199
f 1211 1210 1199
f 1212 1211 1199
f 1213 1212 1199
f 1214 1213 1199
f 1215 1214 1199
f 1216 1215 1199
f 1217 1216 1199
f 1218 1217 1199
f 1219 1218 1199
f 1220 1219 1199
f 1221 1220 1199
f 1222 1221 1199
f 1223 1222 1199
f 1224 1223 1199
f 1122 1224 1199
f 1120 1122 1199
f 1199 1145 1115
f 1199 1115 1116
f 1199 1116 1119
f 1120 1199 1119
f 1199 1173 1112
f 1112 1173 1111
f 1145 1199 1110
f 1110 1199 1112
f 1173 1125 1111
f 1111 1125 1109
f 1125 1145 1109
f 1109 1145 1110
f 1169 1168 661
f 661 1168 664
f 1113 1169 662
f 662 1169 661
f 1114 1113 1102
f 1102 1113 662
f 1115 1114 1101
f 1101 1114 1102
f 1116 1115 1105
f 1105 1115 1101
f 1117 1116 1104
f 1104 1116 1105
f 1118 1117 1103
f 1103 1117 1104
f 1119 1118 1106
f 1106 1118 1103
f 1120 1119 1108
f 1108 1119 1106
f 1121 1120 1107
f 1107 1120 1108
f 1122 1121 816
f 816 1121 1107
f 1224 1122 817
f 817 1122 816
f 1223 1224 818
f 818 1224 817
f 1222 1223 819
f 819 1223 818
f 1221 1222 820
f 820 1222 819
f 1220 1221 821
f 821 1221 820
f 1219 1220 822
f 822 1220 821
f 1218 1219 823
f 823 1219 822
f 1217 1218 824
f 824 1218 823
f 1216 1217 825
f 825 1217 824
f 1215 1216 826
f 826 1216 825
f 1214 1215 827
f 827 1215 826
f 1213 1214 828
f 828 1214 827
f 1212 1213 815
f 815 1213 828
f 1211 1212 814
f 814 1212 815
f 1210 1211 813
f 813 1211 814
f 1209 1210 812
f 812 1210 813
f 1208 1209 811
f 811 1209 812
f 1207 1208 810
f 810 1208 811
f 1206 1207 809
f 809 1207 810
f 1205 1206 808
f 808 1206 809
f 1204 1205 807
f 807 1205 808
f 1203 1204 806
f 806 1204 807
f 1202 1203 805
f 805 1203 806
f 1201 1202 803
f 803 1202 805
f 1200 1201 802
f 802 1201 803
f 1198 1200 801
f 801 1200 802
f 1197 1198 800
f 800 1198 801
f 1196 1197 799
f 799 1197 800
f 1195 1196 798
f 798 1196 799
f 1194 1195 796
f 796 1195 798
f 1193 1194 794
f 794 1194 796
f 1192 1193 786
f 786 1193 794
f 1191 1192 782
f 782 1192 786
f 1190 1191 778
f 778 1191 782
f 1189 1190 774
f 774 1190 778
f 1188 1189 769
f 769 1189 774
f 1187 1188 765
f 765 1188 769
f 1186 1187 761
f 761 1187 765
f 1185 1186 757
f 757 1186 761
f 1184 1185 755
f 755 1185 757
f 1183 1184 754
f 754 1184 755
f 1182 1183 753
f 753 1183 754
f 1181 1182 752
f 752 1182 753
f 1180 1181 751
f 751 1181 752
f 1179 1180 750
f 750 1180 751
f 1178 1179 749
f 749 1179 750
f 1177 1178 748
f 748 1178 749
f 1176 1177 747
f 747 1177 748
f 1175 1176 746
f 746 1176 747
f 1174 1175 745
f 745 1175 746
f 1172 1174 744
f 744 1174 745
f 1171 1172 742
f 742 1172 744
f 1170 1171 741
f 741 1171 742
f 1144 1170 740
f 740 1170 741
f 1143 1144 739
f 739 1144 740
f 1142 1143 738
f 738 1143 739
f 1141 1142 737
f 737 1142 738
f 1140 1141 736
f 736 1141 737
f 1139 1140 734
f 734 1140 736
f 1138 1139 733
f 733 1139 734
f 1137 1138 731
f 731 1138 733
f 1136 1137 729
f 729 1137 731
f 1135 1136 724
f 724 1136 729
f 1134 1135 718
f 718 1135 724
f 1133 1134 709
f 709 1134 718
f 1132 1133 705
f 705 1133 709
f 1131 1132 701
f 701 1132 705
f 1130 1131 697
f 697 1131 701
f 1129 1130 693
f 693 1130 697
f 1128 1129 692
f 692 1129 693
f 1127 1128 691
f 691 1128 692
f 1126 1127 690
f 690 1127 691
f 1123 1126 689
f 689 1126 690
f 1124 1123 688
f 688 1123 689
f 1146 1124 686
f 686 1124 688
f 1147 1146 685
f 685 1146 686
f 1148 1147 684
f 684 1147 685
f 1149 1148 683
f 683 1148 684
f 1150 1149 682
f 682 1149 683
f 1151 1150 681
f 681 1150 682
f 1152 1151 680
f 680 1151 681
f 1153 1152 679
f 679 1152 680
f 1154 1153 678
f 678 1153 679
f 1155 1154 677
f 677 1154 678
f 1156 1155 676
f 676 1155 677
f 1157 1156 675
f 675 1156 676
f 1158 1157 674
f 674 1157 675
f 1159 1158 673
f 673 1158 674
f 1160 1159 672
f 672 1159 673
f 1161 1160 671
f 671 1160 672
f 1162 1161 670
f 670 1161 671
f 1163 1162 669
f 669 1162 670
f 1164 1163 668
f 668 1163 669
f 1165 1164 667
f 667 1164 668
f 1166 1165 666
f 666 1165 667
f 1168 1167 664
f 664 1167 665
f 1167 1166 665
f 665 1166 666
f 1225 1226 1227
f 1228 1225 1227
f 1227 1226 1229
f 1229 1228 1227
f 1225 1230 1226
f 1231 1225 1228
f 1231 1230 1225
f 1226 1230 1229
f 1232 1228 1229
f 1229 1230 1232
f 1232 1231 1228
f 1230 1231 1232
f 1233 1234 1235
f 1236 1233 1235
f 1235 1234 1237
f 1237 1236 1235
f 1233 1238 1234
f 1239 1233 1236
f 1239 1238 1233
f 1234 1238 1237
f 1240 1236 1237
f 1237 1238 1240
f 1240 1239 1236
f 1238 1239 1240
f 1241 1242 1243
f 1241 1243 1244
f 1245 1246 1247
f 1245 1247 1248
f 1245 1248 1249
f 1245 1249 1250
f 1251 1241 1244
f 1242 1241 1252
f 1245 1250 1253
f 1251 1244 1254
f 1246 1245 1110
f 1255 1246 1110
f 1256 1255 1110
f 1257 1256 1110
f 1258 1257 1110
f 1259 1258 1110
f 1260 1259 1110
f 1261 1260 1110
f 1262 1261 1110
f 1263 1262 1110
f 1264 1263 1110
f 1265 1264 1110
f 1266 1265 1110
f 1267 1266 1110
f 1268 1251 1254
f 1269 1267 1110
f 1268 1254 1270
f 1242 1252 1271
f 1245 1253 1272
f 1273 1268 1270
f 1274 1242 1271
f 1275 1269 1110
f 1274 1271 1276
f 1273 1270 1277
f 1245 1272 1278
f 1279 1274 1276
f 1280 1273 1277
f 1280 1277 1281
f 1279 1276 1282
f 1283 1275 1110
f 1245 1278 1284
f 1285 1280 1281
f 1286 1279 1282
f 1286 1282 1287
f 1285 1281 1288
f 1289 1283 1110
f 1245 1284 1290
f 1291 1286 1287
f 1292 1285 1288
f 1292 1288 1293
f 1291 1287 1294
f 1295 1289 1110
f 1245 1290 1296
f 1297 1292 1293
f 1298 1291 1294
f 1298 1294 1299
f 1297 1293 1300
f 1301 1295 1110
f 1245 1296 1302
f 1303 1298 1299
f 1304 1297 1300
f 1304 1300 1305
f 1303 1299 1306
f 1307 1301 1110
f 1245 1302 1308
f 1309 1303 1306
f 1310 1304 1305
f 1310 1305 1311
f 1309 1306 1312
f 1313 1307 1110
f 1245 1308 1314
f 1315 1309 1312
f 1316 1310 1311
f 1316 1311 1317
f 1315 1312 1318
f 1319 1313 1110
f 1245 1314 1320
f 1321 1316 1317
f 1322 1315 1318
f 1322 1318 1323
f 1321 1317 1324
f 1325 1319 1110
f 1245 1320 1326
f 1327 1322 1323
f 1328 1321 1324
f 1328 1324 1329
f 1327 1323 1330
f 1331 1325 1110
f 1245 1326 1332
f 1333 1328 1329
f 1334 1327 1330
f 1334 1330 1335
f 1333 1329 1336
f 1337 1331 1110
f 1245 1332 1338
f 1339 1334 1335
f 1340 1333 1336
f 1340 1336 1341
f 1339 1335 1342
f 1343 1337 1110
f 1245 1338 1344
f 1345 1340 1341
f 1346 1339 1342
f 1346 1342 1347
f 1345 1341 1348
f 1349 1343 1110
f 1245 1344 1350
f 1351 1345 1348
f 1352 1346 1347
f 1351 1348 1353
f 1352 1347 1354
f 1349 1110 1112
f 1355 1349 1112
f 1356 1355 1112
f 1357 1356 1112
f 1358 1357 1112
f 1359 1358 1112
f 1360 1359 1112
f 1361 1360 1112
f 1362 1361 1112
f 1363 1362 1112
f 1364 1363 1112
f 1365 1364 1112
f 1366 1365 1112
f 1367 1366 1112
f 1368 1367 1112
f 1369 1368 1112
f 1370 1369 1112
f 1371 1370 1112
f 1372 1371 1112
f 1373 1372 1112
f 1374 1373 1112
f 1353 1374 1112
f 1351 1353 1112
f 1375 1351 1112
f 1376 1375 1112
f 1377 1376 1112
f 1378 1377 1112
f 1379 1378 1112
f 1380 1379 1112
f 1381 1380 1112
f 1382 1381 1112
f 1383 1382 1112
f 1384 1383 1112
f 1385 1384 1112
f 1386 1385 1112
f 1387 1386 1112
f 1388 1387 1112
f 1389 1388 1112
f 1390 1389 1112
f 1391 1390 1112
f 1392 1391 1112
f 1393 1392 1112
f 1394 1393 1112
f 1395 1394 1112
f 1396 1395 1112
f 1397 1396 1112
f 1398 1397 1112
f 1399 1398 1112
f 1400 1399 1112
f 1401 1400 1112
f 1402 1401 1112
f 1403 1402 1112
f 1404 1403 1112
f 1405 1404 1112
f 1406 1405 1112
f 1407 1406 1112
f 1408 1407 1112
f 1408 1112 1409
f 1410 1408 1409
f 1411 1410 1409
f 1412 1411 1409
f 1413 1412 1409
f 1414 1413 1409
f 1415 1414 1409
f 1416 1415 1409
f 1417 1416 1409
f 1418 1417 1409
f 1419 1418 1409
f 1420 1419 1409
f 1421 1420 1409
f 1422 1421 1409
f 1423 1422 1409
f 1424 1423 1409
f 1425 1424 1409
f 1426 1425 1409
f 1427 1426 1409
f 1428 1427 1409
f 1429 1428 1409
f 1430 1429 1409
f 1431 1430 1409
f 1432 1431 1409
f 1433 1432 1409
f 1434 1433 1409
f 1435 1434 1409
f 1436 1435 1409
f 1437 1436 1409
f 1438 1437 1409
f 1439 1438 1409
f 1440 1439 1409
f 1441 1440 1409
f 1442 1441 1409
f 1443 1442 1409
f 1444 1443 1409
f 1445 1444 1409
f 1446 1445 1409
f 1447 1446 1409
f 1448 1447 1409
f 1449 1352 1354
f 1245 1350 1450
f 1449 1354 1451
f 1452 1448 1409
f 1453 1449 1451
f 1245 1450 1454
f 1453 1451 1455
f 1456 1452 1409
f 1457 1453 1455
f 1245 1454 1458
f 1457 1455 1459
f 1460 1456 1409
f 1461 1457 1459
f 1245 1458 1462
f 1461 1459 1463
f 1464 1460 1409
f 1465 1461 1463
f 1245 1462 1466
f 1465 1463 1467
f 1468 1464 1409
f 1469 1465 1467
f 1245 1466 1470
f 1469 1467 1471
f 1472 1468 1409
f 1473 1469 1471
f 1245 1470 1474
f 1473 1471 1475
f 1476 1472 1409
f 1477 1473 1475
f 1245 1474 1478
f 1477 1475 1479
f 1480 1476 1409
f 1481 1477 1479
f 1481 1479 1482
f 1245 1478 1483
f 1484 1480 1409
f 1485 1481 1482
f 1485 1482 1486
f 1245 1483 1487
f 1488 1484 1409
f 1489 1485 1486
f 1489 1486 1490
f 1245 1487 1491
f 1409 1245 1491
f 1409 1491 1492
f 1409 1492 1493
f 1488 1409 1493
f 1488 1493 1494
f 1495 1488 1494
f 1495 1494 1496
f 1497 1495 1496
f 1497 1496 1498
f 1499 1497 1498
f 1499 1498 1500
f 1490 1499 1500
f 1489 1490 1500
f 1501 1502 1503
f 1504 1501 1503
f 1505 1506 1507
f 1508 1505 1507
f 1509 1508 1507
f 1510 1509 1507
f 1504 1503 1511
f 1512 1503 1502
f 1513 1510 1507
f 1514 1504 1511
f 1515 1507 1506
f 1515 1506 1516
f 1515 1516 1517
f 1515 1517 1518
f 1515 1518 1519
f 1515 1519 1520
f 1515 1520 1521
f 1515 1521 1522
f 1515 1522 1523
f 1515 1523 1524
f 1515 1524 1525
f 1515 1525 1526
f 1515 1526 1527
f 1515 1527 1528
f 1514 1511 1529
f 1515 1528 1530
f 1531 1514 1529
f 1532 1512 1502
f 1533 1513 1507
f 1531 1529 1534
f 1532 1502 1535
f 1515 1530 1536
f 1537 1532 1535
f 1538 1531 1534
f 1539 1533 1507
f 1537 1535 1540
f 1538 1534 1541
f 1542 1538 1541
f 1543 1537 1540
f 1515 1536 1544
f 1545 1539 1507
f 1542 1541 1546
f 1543 1540 1547
f 1548 1543 1547
f 1549 1542 1546
f 1515 1544 1550
f 1551 1545 1507
f 1548 1547 1552
f 1549 1546 1553
f 1554 1549 1553
f 1555 1548 1552
f 1515 1550 1556
f 1557 1551 1507
f 1554 1553 1558
f 1555 1552 1559
f 1560 1555 1559
f 1561 1554 1558
f 1515 1556 1562
f 1563 1557 1507
f 1560 1559 1564
f 1561 1558 1565
f 1566 1561 1565
f 1567 1560 1564
f 1515 1562 1568
f 1569 1563 1507
f 1567 1564 1570
f 1566 1565 1571
f 1572 1566 1571
f 1573 1567 1570
f 1515 1568 1574
f 1575 1569 1507
f 1573 1570 1576
f 1572 1571 1577
f 1578 1572 1577
f 1579 1573 1576
f 1515 1574 1580
f 1581 1575 1507
f 1578 1577 1582
f 1579 1576 1583
f 1584 1579 1583
f 1585 1578 1582
f 1515 1580 1586
f 1587 1581 1507
f 1584 1583 1588
f 1585 1582 1589
f 1590 1585 1589
f 1591 1584 1588
f 1515 1586 1592
f 1593 1587 1507
f 1590 1589 1594
f 1591 1588 1595
f 1596 1591 1595
f 1597 1590 1594
f 1515 1592 1598
f 1599 1593 1507
f 1596 1595 1600
f 1597 1594 1601
f 1602 1597 1601
f 1603 1596 1600
f 1515 1598 1604
f 1605 1599 1507
f 1602 1601 1606
f 1603 1600 1607
f 1608 1603 1607
f 1609 1602 1606
f 1515 1604 1610
f 1611 1605 1507
f 1609 1606 1612
f 1608 1607 1613
f 1614 1609 1612
f 1615 1608 1613
f 1616 1515 1610
f 1616 1610 1617
f 1616 1617 1618
f 1616 1618 1619
f 1616 1619 1620
f 1616 1620 1621
f 1616 1621 1622
f 1616 1622 1623
f 1616 1623 1624
f 1616 1624 1625
f 1616 1625 1626
f 1616 1626 1627
f 1616 1627 1628
f 1616 1628 1629
f 1616 1629 1630
f 1616 1630 1631
f 1616 1631 1632
f 1616 1632 1633
f 1616 1633 1634
f 1616 1634 1635
f 1616 1635 1636
f 1616 1636 1614
f 1616 1614 1612
f 1616 1612 1637
f 1616 1637 1638
f 1616 1638 1639
f 1616 1639 1640
f 1616 1640 1641
f 1616 1641 1642
f 1616 1642 1643
f 1616 1643 1644
f 1616 1644 1645
f 1616 1645 1646
f 1616 1646 1647
f 1616 1647 1648
f 1616 1648 1649
f 1616 1649 1650
f 1616 1650 1651
f 1616 1651 1652
f 1616 1652 1653
f 1616 1653 1654
f 1616 1654 1655
f 1616 1655 1656
f 1616 1656 1657
f 1616 1657 1658
f 1616 1658 1659
f 1616 1659 1660
f 1616 1660 1661
f 1616 1661 1662
f 1616 1662 1663
f 1616 1663 1664
f 1616 1664 1665
f 1616 1665 1666
f 1616 1666 1667
f 1616 1667 1668
f 1616 1668 1669
f 1616 1669 1670
f 1671 1616 1670
f 1671 1670 1672
f 1671 1672 1673
f 1671 1673 1674
f 1671 1674 1675
f 1671 1675 1676
f 1671 1676 1677
f 1671 1677 1678
f 1671 1678 1679
f 1671 1679 1680
f 1671 1680 1681
f 1671 1681 1682
f 1671 1682 1683
f 1671 1683 1684
f 1671 1684 1685
f 1671 1685 1686
f 1671 1686 1687
f 1671 1687 1688
f 1671 1688 1689
f 1671 1689 1690
f 1671 1690 1691
f 1671 1691 1692
f 1671 1692 1693
f 1671 1693 1694
f 1671 1694 1695
f 1671 1695 1696
f 1671 1696 1697
f 1671 1697 1698
f 1671 1698 1699
f 1671 1699 1700
f 1671 1700 1701
f 1671 1701 1702
f 1671 1702 1703
f 1671 1703 1704
f 1671 1704 1705
f 1671 1705 1706
f 1671 1706 1707
f 1671 1707 1708
f 1671 1708 1709
f 1671 1709 1710
f 1615 1613 1711
f 1712 1611 1507
f 1713 1615 1711
f 1671 1710 1714
f 1713 1711 1715
f 1716 1712 1507
f 1717 1713 1715
f 1671 1714 1718
f 1717 1715 1719
f 1720 1716 1507
f 1721 1717 1719
f 1671 1718 1722
f 1721 1719 1723
f 1724 1720 1507
f 1725 1721 1723
f 1671 1722 1726
f 1725 1723 1727
f 1728 1724 1507
f 1729 1725 1727
f 1671 1726 1730
f 1729 1727 1731
f 1732 1728 1507
f 1733 1729 1731
f 1671 1730 1734
f 1733 1731 1735
f 1736 1732 1507
f 1737 1733 1735
f 1671 1734 1738
f 1737 1735 1739
f 1740 1736 1507
f 1741 1737 1739
f 1671 1738 1742
f 1741 1739 1743
f 1744 1741 1743
f 1745 1740 1507
f 1671 1742 1746
f 1744 1743 1747
f 1748 1744 1747
f 1749 1745 1507
f 1671 1746 1750
f 1748 1747 1751
f 1752 1748 1751
f 1753 1749 1507
f 1753 1507 1671
f 1754 1753 1671
f 1755 1754 1671
f 1755 1671 1750
f 1756 1755 1750
f 1756 1750 1757
f 1758 1756 1757
f 1758 1757 1759
f 1760 1758 1759
f 1760 1759 1761
f 1762 1760 1761
f 1762 1761 1752
f 1762 1752 1751
f 1515 1616 1110
f 1110 1616 1112
f 1507 1515 1245
f 1245 1515 1110
f 1616 1671 1112
f 1112 1671 1409
f 1671 1507 1409
f 1409 1507 1245
f 1516 1506 1255
f 1255 1506 1246
f 1517 1516 1256
f 1256 1516 1255
f 1518 1517 1257
f 1257 1517 1256
f 1519 1518 1258
f 1258 1518 1257
f 1520 1519 1259
f 1259 1519 1258
f 1521 1520 1260
f 1260 1520 1259
f 1522 1521 1261
f 1261 1521 1260
f 1523 1522 1262
f 1262 1522 1261
f 1524 1523 1263
f 1263 1523 1262
f 1525 1524 1264
f 1264 1524 1263
f 1526 1525 1265
f 1265 1525 1264
f 1527 1526 1266
f 1266 1526 1265
f 1528 1527 1267
f 1267 1527 1266
f 1530 1528 1269
f 1269 1528 1267
f 1536 1530 1275
f 1275 1530 1269
f 1544 1536 1283
f 1283 1536 1275
f 1550 1544 1289
f 1289 1544 1283
f 1556 1550 1295
f 1295 1550 1289
f 1562 1556 1301
f 1301 1556 1295
f 1568 1562 1307
f 1307 1562 1301
f 1574 1568 1313
f 1313 1568 1307
f 1580 1574 1319
f 1319 1574 1313
f 1586 1580 1325
f 1325 1580 1319
f 1592 1586 1331
f 1331 1586 1325
f 1598 1592 1337
f 1337 1592 1331
f 1604 1598 1343
f 1343 1598 1337
f 1610 1604 1349
f 1349 1604 1343
f 1617 1610 1355
f 1355 1610 1349
f 1618 1617 1356
f 1356 1617 1355
f 1619 1618 1357
f 1357 1618 1356
f 1620 1619 1358
f 1358 1619 1357
f 1621 1620 1359
f 1359 1620 1358
f 1622 1621 1360
f 1360 1621 1359
f 1623 1622 1361
f 1361 1622 1360
f 1624 1623 1362
f 1362 1623 1361
f 1625 1624 1363
f 1363 1624 1362
f 1626 1625 1364
f 1364 1625 1363
f 1627 1626 1365
f 1365 1626 1364
f 1628 1627 1366
f 1366 1627 1365
f 1629 1628 1367
f 1367 1628 1366
f 1630 1629 1368
f 1368 1629 1367
f 1631 1630 1369
f 1369 1630 1368
f 1632 1631 1370
f 1370 1631 1369
f 1633 1632 1371
f 1371 1632 1370
f 1634 1633 1372
f 1372 1633 1371
f 1635 1634 1373
f 1373 1634 1372
f 1636 1635 1374
f 1374 1635 1373
f 1614 1636 1353
f 1353 1636 1374
f 1609 1614 1348
f 1348 1614 1353
f 1602 1609 1341
f 1341 1609 1348
f 1597 1602 1336
f 1336 1602 1341
f 1590 1597 1329
f 1329 1597 1336
f 1585 1590 1324
f 1324 1590 1329
f 1578 1585 1317
f 1317 1585 1324
f 1572 1578 1311
f 1311 1578 1317
f 1566 1572 1305
f 1305 1572 1311
f 1561 1566 1300
f 1300 1566 1305
f 1554 1561 1293
f 1293 1561 1300
f 1549 1554 1288
f 1288 1554 1293
f 1542 1549 1281
f 1281 1549 1288
f 1538 1542 1277
f 1277 1542 1281
f 1531 1538 1270
f 1270 1538 1277
f 1514 1531 1254
f 1254 1531 1270
f 1504 1514 1244
f 1244 1514 1254
f 1501 1504 1243
f 1243 1504 1244
f 1502 1501 1242
f 1242 1501 1243
f 1535 1502 1274
f 1274 1502 1242
f 1540 1535 1279
f 1279 1535 1274
f 1547 1540 1286
f 1286 1540 1279
f 1552 1547 1291
f 1291 1547 1286
f 1559 1552 1298
f 1298 1552 1291
f 1564 1559 1303
f 1303 1559 1298
f 1570 1564 1309
f 1309 1564 1303
f 1576 1570 1315
f 1315 1570 1309
f 1583 1576 1322
f 1322 1576 1315
f 1588 1583 1327
f 1327 1583 1322
f 1595 1588 1334
f 1334 1588 1327
f 1600 1595 1339
f 1339 1595 1334
f 1607 1600 1346
f 1346 1600 1339
f 1613 1607 1352
f 1352 1607 1346
f 1711 1613 1449
f 1449 1613 1352
f 1715 1711 1453
f 1453 1711 1449
f 1719 1715 1457
f 1457 1715 1453
f 1723 1719 1461
f 1461 1719 1457
f 1727 1723 1465
f 1465 1723 1461
f 1731 1727 1469
f 1469 1727 1465
f 1735 1731 1473
f 1473 1731 1469
f 1739 1735 1477
f 1477 1735 1473
f 1743 1739 1481
f 1481 1739 1477
f 1747 1743 1485
f 1485 1743 1481
f 1751 1747 1489
f 1489 1747 1485
f 1762 1751 1500
f 1500 1751 1489
f 1760 1762 1498
f 1498 1762 1500
f 1758 1760 1496
f 1496 1760 1498
f 1756 1758 1494
f 1494 1758 1496
f 1755 1756 1493
f 1493 1756 1494
f 1754 1755 1492
f 1492 1755 1493
f 1753 1754 1491
f 1491 1754 1492
f 1749 1753 1487
f 1487 1753 1491
f 1745 1749 1483
f 1483 1749 1487
f 1740 1745 1478
f 1478 1745 1483
f 1736 1740 1474
f 1474 1740 1478
f 1732 1736 1470
f 1470 1736 1474
f 1728 1732 1466
f 1466 1732 1470
f 1724 1728 1462
f 1462 1728 1466
f 1720 1724 1458
f 1458 1724 1462
f 1716 1720 1454
f 1454 1720 1458
f 1712 1716 1450
f 1450 1716 1454
f 1611 1712 1350
f 1350 1712 1450
f 1605 1611 1344
f 1344 1611 1350
f 1599 1605 1338
f 1338 1605 1344
f 1593 1599 1332
f 1332 1599 1338
f 1587 1593 1326
f 1326 1593 1332
f 1581 1587 1320
f 1320 1587 1326
f 1575 1581 1314
f 1314 1581 1320
f 1569 1575 1308
f 1308 1575 1314
f 1563 1569 1302
f 1302 1569 1308
f 1557 1563 1296
f 1296 1563 1302
f 1551 1557 1290
f 1290 1557 1296
f 1545 1551 1284
f 1284 1551 1290
f 1539 1545 1278
f 1278 1545 1284
f 1533 1539 1272
f 1272 1539 1278
f 1513 1533 1253
f 1253 1533 1272
f 1510 1513 1250
f 1250 1513 1253
f 1509 1510 1249
f 1249 1510 1250
f 1508 1509 1248
f 1248 1509 1249
f 1506 1505 1246
f 1246 1505 1247
f 1505 1508 1247
f 1247 1508 1248
f 1750 1746 1488
f 1488 1746 1484
f 1757 1750 1495
f 1495 1750 1488
f 1759 1757 1497
f 1497 1757 1495
f 1761 1759 1499
f 1499 1759 1497
f 1752 1761 1490
f 1490 1761 1499
f 1748 1752 1486
f 1486 1752 1490
f 1744 1748 1482
f 1482 1748 1486
f 1741 1744 1479
f 1479 1744 1482
f 1737 1741 1475
f 1475 1741 1479
f 1733 1737 1471
f 1471 1737 1475
f 1729 1733 1467
f 1467 1733 1471
f 1725 1729 1463
f 1463 1729 1467
f 1721 1725 1459
f 1459 1725 1463
f 1717 1721 1455
f 1455 1721 1459
f 1713 1717 1451
f 1451 1717 1455
f 1615 1713 1354
f 1354 1713 1451
f 1608 1615 1347
f 1347 1615 1354
f 1603 1608 1342
f 1342 1608 1347
f 1596 1603 1335
f 1335 1603 1342
f 1591 1596 1330
f 1330 1596 1335
f 1584 1591 1323
f 1323 1591 1330
f 1579 1584 1318
f 1318 1584 1323
f 1573 1579 1312
f 1312 1579 1318
f 1567 1573 1306
f 1306 1573 1312
f 1560 1567 1299
f 1299 1567 1306
f 1555 1560 1294
f 1294 1560 1299
f 1548 1555 1287
f 1287 1555 1294
f 1543 1548 1282
f 1282 1548 1287
f 1537 1543 1276
f 1276 1543 1282
f 1532 1537 1271
f 1271 1537 1276
f 1512 1532 1252
f 1252 1532 1271
f 1503 1512 1241
f 1241 1512 1252
f 1511 1503 1251
f 1251 1503 1241
f 1529 1511 1268
f 1268 1511 1251
f 1534 1529 1273
f 1273 1529 1268
f 1541 1534 1280
f 1280 1534 1273
f 1546 1541 1285
f 1285 1541 1280
f 1553 1546 1292
f 1292 1546 1285
f 1558 1553 1297
f 1297 1553 1292
f 1565 1558 1304
f 1304 1558 1297
f 1571 1565 1310
f 1310 1565 1304
f 1577 1571 1316
f 1316 1571 1310
f 1582 1577 1321
f 1321 1577 1316
f 1589 1582 1328
f 1328 1582 1321
f 1594 1589 1333
f 1333 1589 1328
f 1601 1594 1340
f 1340 1594 1333
f 1606 1601 1345
f 1345 1601 1340
f 1612 1606 1351
f 1351 1606 1345
f 1637 1612 1375
f 1375 1612 1351
f 1638 1637 1376
f 1376 1637 1375
f 1639 1638 1377
f 1377 1638 1376
f 1640 1639 1378
f 1378 1639 1377
f 1641 1640 1379
f 1379 1640 1378
f 1642 1641 1380
f 1380 1641 1379
f 1643 1642 1381
f 1381 1642 1380
f 1644 1643 1382
f 1382 1643 1381
f 1645 1644 1383
f 1383 1644 1382
f 1646 1645 1384
f 1384 1645 1383
f 1647 1646 1385
f 1385 1646 1384
f 1648 1647 1386
f 1386 1647 1385
f 1649 1648 1387
f 1387 1648 1386
f 1650 1649 1388
f 1388 1649 1387
f 1651 1650 1389
f 1389 1650 1388
f 1652 1651 1390
f 1390 1651 1389
f 1653 1652 1391
f 1391 1652 1390
f 1654 1653 1392
f 1392 1653 1391
f 1655 1654 1393
f 1393 1654 1392
f 1656 1655 1394
f 1394 1655 1393
f 1657 1656 1395
f 1395 1656 1394
f 1658 1657 1396
f 1396 1657 1395
f 1659 1658 1397
f 1397 1658 1396
f 1660 1659 1398
f 1398 1659 1397
f 1661 1660 1399
f 1399 1660 1398
f 1662 1661 1400
f 1400 1661 1399
f 1663 1662 1401
f 1401 1662 1400
f 1664 1663 1402
f 1402 1663 1401
f 1665 1664 1403
f 1403 1664 1402
f 1666 1665 1404
f 1404 1665 1403
f 1667 1666 1405
f 1405 1666 1404
f 1668 1667 1406
f 1406 1667 1405
f 1669 1668 1407
f 1407 1668 1406
f 1670 1669 1408
f 1408 1669 1407
f 1672 1670 1410
f 1410 1670 1408
f 1673 1672 1411
f 1411 1672 1410
f 1674 1673 1412
f 1412 1673 1411
f 1675 1674 1413
f 1413 1674 1412
f 1676 1675 1414
f 1414 1675 1413
f 1677 1676 1415
f 1415 1676 1414
f 1678 1677 1416
f 1416 1677 1415
f 1679 1678 1417
f 1417 1678 1416
f 1680 1679 1418
f 1418 1679 1417
f 1681 1680 1419
f 1419 1680 1418
f 1682 1681 1420
f 1420 1681 1419
f 1683 1682 1421
f 1421 1682 1420
f 1684 1683 1422
f 1422 1683 1421
f 1685 1684 1423
f 1423 1684 1422
f 1686 1685 1424
f 1424 1685 1423
f 1687 1686 1425
f 1425 1686 1424
f 1688 1687 1426
f 1426 1687 1425
f 1689 1688 1427
f 1427 1688 1426
f 1690 1689 1428
f 1428 1689 1427
f 1691 1690 1429
f 1429 1690 1428
f 1692 1691 1430
f 1430 1691 1429
f 1693 1692 1431
f 1431 1692 1430
f 1694 1693 1432
f 1432 1693 1431
f 1695 1694 1433
f 1433 1694 1432
f 1696 1695 1434
f 1434 1695 1433
f 1697 1696 1435
f 1435 1696 1434
f 1698 1697 1436
f 1436 1697 1435
f 1699 1698 1437
f 1437 1698 1436
f 1700 1699 1438
f 1438 1699 1437
f 1701 1700 1439
f 1439 1700 1438
f 1702 1701 1440
f 1440 1701 1439
f 1703 1702 1441
f 1441 1702 1440
f 1704 1703 1442
f 1442 1703 1441
f 1705 1704 1443
f 1443 1704 1442
f 1706 1705 1444
f 1444 1705 1443
f 1707 1706 1445
f 1445 1706 1444
f 1708 1707 1446
f 1446 1707 1445
f 1709 1708 1447
f 1447 1708 1446
f 1710 1709 1448
f 1448 1709 1447
f 1714 1710 1452
f 1452 1710 1448
f 1718 1714 1456
f 1456 1714 1452
f 1722 1718 1460
f 1460 1718 1456
f 1726 1722 1464
f 1464 1722 1460
f 1730 1726 1468
f 1468 1726 1464
f 1734 1730 1472
f 1472 1730 1468
f 1738 1734 1476
f 1476 1734 1472
f 1746 1742 1484
f 1484 1742 1480
f 1742 1738 1480
f 1480 1738 1476
f 1763 1764 1765
f 1763 1766 1764
f 1767 1768 1769
f 1768 1770 1769
f 1768 1767 1764
f 1764 1767 1765
f 1770 1768 1766
f 1766 1768 1764
f 1767 1769 1765
f 1765 1769 1763
f 1769 1770 1763
f 1763 1770 1766
f 1771 1772 1773
f 1774 1771 1773
f 1773 1772 1775
f 1775 1774 1773
f 1771 1776 1772
f 1777 1771 1774
f 1777 1776 1771
f 1772 1776 1775
f 1778 1774 1775
f 1775 1776 1778
f 1778 1777 1774
f 1776 1777 1778
f 1779 1780 1781
f 1782 1779 1781
f 1781 1780 1783
f 1783 1782 1781
f 1779 1784 1780
f 1785 1779 1782
f 1785 1784 1779
f 1780 1784 1783
f 1786 1782 1783
f 1783 1784 1786
f 1786 1785 1782
f 1784 1785 1786
f 1787 1788 1789
f 1790 1787 1789
f 1789 1788 1791
f 1791 1790 1789
f 1787 1792 1788
f 1793 1787 1790
f 1793 1792 1787
f 1788 1792 1791
f 1794 1790 1791
f 1791 1792 1794
f 1794 1793 1790
f 1792 1793 1794
f 1795 1796 1797
f 1798 1795 1797
f 1797 1796 1799
f 1799 1798 1797
f 1795 1800 1796
f 1801 1795 1798
f 1801 1800 1795
f 1796 1800 1799
f 1802 1798 1799
f 1799 1800 1802
f 1802 1801 1798
f 1800 1801 1802
f 1803 1804 1805
f 1806 1803 1805
f 1805 1804 1807
f 1807 1806 1805
f 1803 1808 1804
f 1809 1803 1806
f 1809 1808 1803
f 1804 1808 1807
f 1810 1806 1807
f 1807 1808 1810
f 1810 1809 1806
f 1808 1809 1810
f 1811 1812 1813
f 1811 1813 1814
f 1814 1813 1815
f 1814 1815 1816
f 1813 1812 1817
f 1813 1817 1815
f 1815 1817 1818
f 1815 1818 1816
f 1817 1812 1819
f 1817 1819 1818
f 1818 1819 1820
f 1818 1820 1816
f 1819 1812 1821
f 1819 1821 1820
f 1820 1821 1822
f 1820 1822 1816
f 1821 1812 1823
f 1821 1823 1822
f 1822 1823 1824
f 1822 1824 1816
f 1823 1812 1825
f 1823 1825 1824
f 1824 1825 1826
f 1824 1826 1816
f 1825 1812 1827
f 1825 1827 1826
f 1826 1827 1828
f 1826 1828 1816
f 1827 1812 1829
f 1827 1829 1828
f 1828 1829 1830
f 1828 1830 1816
f 1829 1812 1831
f 1829 1831 1830
f 1830 1831 1832
f 1830 1832 1816
f 1831 1812 1833
f 1831 1833 1832
f 1832 1833 1834
f 1832 1834 1816
f 1833 1812 1835
f 1833 1835 1834
f 1834 1835 1836
f 1834 1836 1816
f 1835 1812 1837
f 1835 1837 1836
f 1836 1837 1838
f 1836 1838 1816
f 1837 1812 1839
f 1837 1839 1838
f 1838 1839 1840
f 1838 1840 1816
f 1839 1812 1841
f 1839 1841 1840
f 1840 1841 1842
f 1840 1842 1816
f 1841 1812 1843
f 1841 1843 1842
f 1842 1843 1844
f 1842 1844 1816
f 1843 1812 1845
f 1843 1845 1844
f 1844 1845 1846
f 1844 1846 1816
f 1845 1812 1847
f 1845 1847 1846
f 1846 1847 1848
f 1846 1848 1816
f 1847 1812 1849
f 1847 1849 1848
f 1848 1849 1850
f 1848 1850 1816
f 1849 1812 1851
f 1849 1851 1850
f 1850 1851 1852
f 1850 1852 1816
f 1851 1812 1853
f 1851 1853 1852
f 1852 1853 1854
f 1852 1854 1816
f 1853 1812 1855
f 1853 1855 1854
f 1854 1855 1856
f 1854 1856 1816
f 1855 1812 1857
f 1855 1857 1856
f 1856 1857 1858
f 1856 1858 1816
f 1857 1812 1859
f 1857 1859 1858
f 1858 1859 1860
f 1858 1860 1816
f 1859 1812 1861
f 1859 1861 1860
f 1860 1861 1862
f 1860 1862 1816
f 1861 1812 1863
f 1861 1863 1862
f 1862 1863 1864
f 1862 1864 1816
f 1863 1812 1865
f 1863 1865 1864
f 1864 1865 1866
f 1864 1866 1816
f 1865 1812 1867
f 1865 1867 1866
f 1866 1867 1868
f 1866 1868 1816
f 1867 1812 1869
f 1867 1869 1868
f 1868 1869 1870
f 1868 1870 1816
f 1869 1812 1871
f 1869 1871 1870
f 1870 1871 1872
f 1870 1872 1816
f 1871 1812 1873
f 1871 1873 1872
f 1872 1873 1874
f 1872 1874 1816
f 1873 1812 1875
f 1873 1875 1874
f 1874 1875 1876
f 1874 1876 1816
f 1875 1812 1811
f 1875 1811 1876
f 1876 1811 1814
f 1876 1814 1816
f 1877 1878 1879
f 1880 1877 1879
f 1879 1878 1881
f 1881 1880 1879
f 1877 1882 1878
f 1883 1877 1880
f 1883 1882 1877
f 1878 1882 1881
f 1884 1880 1881
f 1881 1882 1884
f 1884 1883 1880
f 1882 1883 1884
f 1885 1886 1887
f 1888 1885 1887
f 1887 1886 1889
f 1889 1888 1887
f 1885 1890 1886
f 1891 1885 1888
f 1891 1890 1885
f 1886 1890 1889
f 1892 1888 1889
f 1889 1890 1892
f 1892 1891 1888
f 1890 1891 1892
f 1893 1894 1895
f 1896 1893 1895
f 1895 1894 1897
f 1897 1896 1895
f 1893 1898 1894
f 1899 1893 1896
f 1899 1898 1893
f 1894 1898 1897
f 1900 1896 1897
f 1897 1898 1900
f 1900 1899 1896
f 1898 1899 1900
f 1901 1902 1903
f 1904 1901 1903
f 1903 1902 1905
f 1905 1904 1903
f 1901 1906 1902
f 1907 1901 1904
f 1907 1906 1901
f 1902 1906 1905
f 1908 1904 1905
f 1905 1906 1908
f 1908 1907 1904
f 1906 1907 1908
f 1909 1910 1911
f 1912 1909 1911
f 1911 1910 1913
f 1913 1912 1911
f 1909 1914 1910
f 1915 1909 1912
f 1915 1914 1909
f 1910 1914 1913
f 1916 1912 1913
f 1913 1914 1916
f 1916 1915 1912
f 1914 1915 1916
f 1917 1918 1919
f 1917 1919 1920
f 1921 1917 1920
f 1918 1922 1923
f 1919 1918 1923
f 1924 1919 1923
f 1924 1923 1925
f 1926 1927 1928
f 1929 1926 1928
f 1930 1924 1925
f 1930 1925 1931
f 1921 1920 1932
f 1933 1921 1932
f 1934 1930 1931
f 1934 1931 1935
f 1933 1932 1936
f 1937 1933 1936
f 1938 1934 1935
f 1938 1935 1939
f 1940 1938 1939
f 1940 1939 1941
f 1942 1940 1941
f 1942 1941 1943
f 1944 1942 1943
f 1944 1943 1945
f 1946 1944 1945
f 1946 1945 1947
f 1948 1946 1947
f 1948 1947 1949
f 1950 1948 1949
f 1950 1949 1951
f 1952 1950 1951
f 1952 1951 1953
f 1954 1952 1953
f 1954 1953 1955
f 1956 1954 1955
f 1956 1955 1957
f 1958 1956 1957
f 1958 1957 1959
f 1960 1958 1959
f 1960 1959 1961
f 1962 1960 1961
f 1962 1961 1963
f 1964 1962 1963
f 1964 1963 1965
f 1966 1964 1965
f 1966 1965 1967
f 1968 1966 1967
f 1968 1967 1969
f 1970 1968 1969
f 1970 1969 1971
f 1972 1970 1971
f 1972 1971 1973
f 1974 1972 1973
f 1974 1973 1975
f 1976 1974 1975
f 1976 1975 1977
f 1978 1976 1977
f 1978 1977 1979
f 1980 1978 1979
f 1980 1979 1981
f 1982 1980 1981
f 1982 1981 1983
f 1984 1982 1983
f 1984 1983 1985
f 1986 1984 1985
f 1986 1985 1987
f 1988 1986 1987
f 1988 1987 1989
f 1990 1988 1989
f 1990 1989 1991
f 1992 1990 1991
f 1992 1991 1993
f 1994 1992 1993
f 1994 1993 1995
f 1994 1995 1996
f 1997 1994 1996
f 1997 1996 1929
f 1937 1936 1998
f 1999 1937 1998
f 1999 1998 2000
f 2001 1999 2000
f 2001 2000 2002
f 2003 2001 2002
f 2003 2002 2004
f 2005 2003 2004
f 2005 2004 2006
f 2007 2005 2006
f 2007 2006 2008
f 2009 2007 2008
f 2009 2008 2010
f 2011 2009 2010
f 2011 2010 2012
f 2013 2011 2012
f 2013 2012 2014
f 2015 2013 2014
f 2015 2014 2016
f 2017 2015 2016
f 2017 2016 2018
f 2019 2017 2018
f 2019 2018 2020
f 2021 2019 2020
f 2021 2020 2022
f 2023 2021 2022
f 2023 2022 2024
f 2025 2023 2024
f 2025 2024 2026
f 2027 2025 2026
f 2027 2026 2028
f 2029 2027 2028
f 2029 2028 2030
f 2031 2029 2030
f 2031 2030 2032
f 2033 2031 2032
f 2033 2032 2034
f 2035 2033 2034
f 2035 2034 2036
f 2037 2035 2036
f 2037 2036 2038
f 2039 2037 2038
f 2039 2038 2040
f 2041 2039 2040
f 2041 2040 2042
f 2043 2041 2042
f 2043 2042 2044
f 2045 2043 2044
f 2045 2044 2046
f 2047 2045 2046
f 2047 2046 2048
f 2049 2047 2048
f 2050 2049 2048
f 2050 2048 2051
f 2050 2051 2052
f 2050 2052 2053
f 2050 2053 2054
f 2050 2054 2055
f 2050 2055 2056
f 2050 2056 2057
f 2050 2057 2058
f 2050 2058 2059
f 2050 2059 2060
f 2050 2060 2061
f 2050 2061 2062
f 2050 2062 2063
f 2050 2063 2064
f 2050 2064 2065
f 2050 2065 2066
f 2050 2066 2067
f 2050 2067 2068
f 2050 2068 2069
f 2050 2069 2070
f 2050 2070 2071
f 2050 2071 2072
f 2050 2072 2073
f 2050 2073 2074
f 2050 2074 2075
f 2050 2075 2076
f 2050 2076 2077
f 2050 2077 2078
f 2050 2078 2079
f 2050 2079 2080
f 2050 2080 2081
f 2082 2050 2081
f 2083 2082 2081
f 2083 2081 2084
f 2085 2083 2084
f 2085 2084 2086
f 2087 2085 2086
f 2087 2086 2088
f 2089 2087 2088
f 2089 2088 2090
f 2091 2089 2090
f 2091 2090 2092
f 2093 2091 2092
f 2093 2092 2094
f 2095 2093 2094
f 2095 2094 2096
f 2097 2095 2096
f 2097 2096 2098
f 2099 2097 2098
f 2099 2098 2100
f 2101 2099 2100
f 2101 2100 2102
f 2103 2101 2102
f 2103 2102 2104
f 2105 2103 2104
f 2105 2104 2106
f 2107 2105 2106
f 2107 2106 2108
f 2109 2107 2108
f 2109 2108 2110
f 2111 2109 2110
f 2111 2110 2112
f 2113 2111 2112
f 2113 2112 2114
f 2115 2113 2114
f 2115 2114 2116
f 2117 2115 2116
f 2117 2116 2118
f 2119 2117 2118
f 2119 2118 2120
f 2121 2119 2120
f 2121 2120 2122
f 2123 2121 2122
f 2123 2122 2124
f 2125 2123 2124
f 2125 2124 2126
f 2127 2125 2126
f 2127 2126 2128
f 2129 2127 2128
f 2129 2128 2130
f 2131 2129 2130
f 2131 2130 2132
f 2133 2131 2132
f 2133 2132 2134
f 2135 2133 2134
f 2135 2134 2136
f 2137 2135 2136
f 2137 2136 2138
f 2139 2137 2138
f 2139 2138 2140
f 2141 2139 2140
f 2141 2140 2142
f 2143 2141 2142
f 2143 2142 2144
f 2145 2143 2144
f 2145 2144 2146
f 2147 2145 2146
f 2147 2146 2148
f 2149 2147 2148
f 2149 2148 2150
f 2149 2150 2151
f 2149 2151 2152
f 2149 2152 2153
f 2149 2153 2154
f 2149 2154 2155
f 2149 2155 2156
f 2149 2156 2157
f 2149 2157 2158
f 2149 2158 2159
f 2149 2159 2160
f 2149 2160 2161
f 2149 2161 2162
f 2149 2162 2163
f 2149 2163 2164
f 2149 2164 2165
f 2149 2165 2166
f 2149 2166 2167
f 2149 2167 2168
f 2149 2168 2169
f 2149 2169 2170
f 2149 2170 2171
f 2149 2171 2172
f 2149 2172 2173
f 2149 2173 2174
f 2149 2174 2175
f 2149 2175 2176
f 2149 2176 2177
f 2149 2177 2178
f 2149 2178 2179
f 2149 2179 2180
f 2149 2180 2181
f 2182 2149 2181
f 2182 2181 2183
f 2184 2182 2183
f 2184 2183 2185
f 2186 2184 2185
f 2186 2185 2187
f 2188 2186 2187
f 2188 2187 2189
f 2190 2188 2189
f 2190 2189 2191
f 2192 2190 2191
f 2192 2191 2193
f 2194 2192 2193
f 2194 2193 2195
f 2196 2194 2195
f 2196 2195 2197
f 2198 2196 2197
f 2198 2197 2199
f 2200 2198 2199
f 2200 2199 2201
f 2202 2200 2201
f 2202 2201 2203
f 2204 2202 2203
f 2204 2203 2205
f 2206 2204 2205
f 2206 2205 2207
f 2208 2206 2207
f 2208 2207 2209
f 2210 2208 2209
f 2210 2209 2211
f 2212 2210 2211
f 2212 2211 2213
f 2214 2212 2213
f 2214 2213 2215
f 2216 2214 2215
f 2216 2215 2217
f 2218 2216 2217
f 2218 2217 2219
f 2220 2218 2219
f 2220 2219 2221
f 2222 2220 2221
f 2222 2221 2223
f 2224 2222 2223
f 2224 2223 2225
f 2226 2224 2225
f 2226 2225 2227
f 2228 2226 2227
f 2228 2227 2229
f 2230 2228 2229
f 2230 2229 2231
f 2232 2230 2231
f 2232 2231 2233
f 2234 2232 2233
f 2234 2233 2235
f 2236 2234 2235
f 2236 2235 2237
f 2238 2236 2237
f 2239 2238 2237
f 2239 2237 2240
f 2241 2239 2240
f 2241 2240 2242
f 2241 2242 2243
f 2244 2241 2243
f 2244 2243 2245
f 2246 2244 2245
f 2246 2245 2247
f 2248 2246 2247
f 2248 2247 2249
f 2250 2248 2249
f 2250 2249 2251
f 2252 2250 2251
f 2252 2251 2253
f 2254 2252 2253
f 2254 2253 2255
f 2256 2254 2255
f 2256 2255 2257
f 2258 2256 2257
f 2258 2257 2259
f 2260 2258 2259
f 2260 2259 2261
f 2262 2260 2261
f 2262 2261 2263
f 2264 2262 2263
f 2264 2263 2265
f 2266 2264 2265
f 2266 2265 2267
f 2268 2266 2267
f 2268 2267 2269
f 2270 2268 2269
f 2270 2269 2271
f 2272 2270 2271
f 2272 2271 2273
f 2274 2272 2273
f 2274 2273 2275
f 2276 2274 2275
f 2276 2275 2277
f 2278 2276 2277
f 2278 2277 2279
f 2280 2278 2279
f 2280 2279 2281
f 2282 2280 2281
f 2282 2281 2283
f 2284 2282 2283
f 2284 2283 2285
f 2286 2284 2285
f 2286 2285 2287
f 2288 2286 2287
f 2288 2287 2289
f 2290 2288 2289
f 2290 2289 2291
f 2292 2290 2291
f 2292 2291 2293
f 2294 2292 2293
f 2294 2293 2295
f 2296 2294 2295
f 2296 2295 2297
f 2298 2296 2297
f 2298 2297 2299
f 2300 2298 2299
f 2300 2299 2301
f 2302 2300 2301
f 2302 2301 2303
f 2304 2302 2303
f 2305 2304 2303
f 2305 2303 2306
f 1928 2305 2306
f 2306 1997 1929
f 2306 1929 1928
f 2307 2308 2309
f 2310 2307 2309
f 2310 2309 2311
f 2312 2313 2308
f 2312 2308 2307
f 2312 2307 2314
f 2315 2312 2314
f 2316 2317 2318
f 2316 2318 2319
f 2315 2314 2320
f 2321 2315 2320
f 2322 2310 2311
f 2322 2311 2323
f 2321 2320 2324
f 2325 2321 2324
f 2326 2322 2323
f 2326 2323 2327
f 2325 2324 2328
f 2329 2325 2328
f 2329 2328 2330
f 2331 2329 2330
f 2331 2330 2332
f 2333 2331 2332
f 2333 2332 2334
f 2335 2333 2334
f 2335 2334 2336
f 2337 2335 2336
f 2337 2336 2338
f 2339 2337 2338
f 2339 2338 2340
f 2341 2339 2340
f 2341 2340 2342
f 2343 2341 2342
f 2343 2342 2344
f 2345 2343 2344
f 2345 2344 2346
f 2347 2345 2346
f 2347 2346 2348
f 2349 2347 2348
f 2349 2348 2350
f 2351 2349 2350
f 2351 2350 2352
f 2353 2351 2352
f 2353 2352 2354
f 2355 2353 2354
f 2355 2354 2356
f 2357 2355 2356
f 2357 2356 2358
f 2359 2357 2358
f 2359 2358 2360
f 2361 2359 2360
f 2361 2360 2362
f 2363 2361 2362
f 2363 2362 2364
f 2365 2363 2364
f 2365 2364 2366
f 2367 2365 2366
f 2367 2366 2368
f 2369 2367 2368
f 2369 2368 2370
f 2371 2369 2370
f 2371 2370 2372
f 2373 2371 2372
f 2373 2372 2374
f 2375 2373 2374
f 2375 2374 2376
f 2377 2375 2376
f 2377 2376 2378
f 2379 2377 2378
f 2379 2378 2380
f 2381 2379 2380
f 2381 2380 2382
f 2383 2381 2382
f 2383 2382 2384
f 2385 2383 2384
f 2386 2385 2384
f 2386 2384 2387
f 2319 2386 2387
f 2388 2326 2327
f 2388 2327 2389
f 2390 2388 2389
f 2390 2389 2391
f 2392 2390 2391
f 2392 2391 2393
f 2394 2392 2393
f 2394 2393 2395
f 2396 2394 2395
f 2396 2395 2397
f 2398 2396 2397
f 2398 2397 2399
f 2400 2398 2399
f 2400 2399 2401
f 2402 2400 2401
f 2402 2401 2403
f 2404 2402 2403
f 2404 2403 2405
f 2406 2404 2405
f 2406 2405 2407
f 2408 2406 2407
f 2408 2407 2409
f 2410 2408 2409
f 2410 2409 2411
f 2412 2410 2411
f 2412 2411 2413
f 2414 2412 2413
f 2414 2413 2415
f 2416 2414 2415
f 2416 2415 2417
f 2418 2416 2417
f 2418 2417 2419
f 2420 2418 2419
f 2420 2419 2421
f 2422 2420 2421
f 2422 2421 2423
f 2424 2422 2423
f 2424 2423 2425
f 2426 2424 2425
f 2426 2425 2427
f 2428 2426 2427
f 2428 2427 2429
f 2430 2428 2429
f 2430 2429 2431
f 2432 2430 2431
f 2432 2431 2433
f 2434 2432 2433
f 2434 2433 2435
f 2436 2434 2435
f 2436 2435 2437
f 2438 2436 2437
f 2438 2437 2439
f 2438 2439 2440
f 2441 2438 2440
f 2442 2441 2440
f 2443 2442 2440
f 2444 2443 2440
f 2445 2444 2440
f 2446 2445 2440
f 2447 2446 2440
f 2448 2447 2440
f 2449 2448 2440
f 2450 2449 2440
f 2451 2450 2440
f 2452 2451 2440
f 2453 2452 2440
f 2454 2453 2440
f 2455 2454 2440
f 2456 2455 2440
f 2457 2456 2440
f 2458 2457 2440
f 2459 2458 2440
f 2460 2459 2440
f 2461 2460 2440
f 2462 2461 2440
f 2463 2462 2440
f 2464 2463 2440
f 2465 2464 2440
f 2466 2465 2440
f 2467 2466 2440
f 2468 2467 2440
f 2469 2468 2440
f 2470 2469 2440
f 2471 2470 2440
f 2471 2440 2472
f 2471 2472 2473
f 2474 2471 2473
f 2474 2473 2475
f 2476 2474 2475
f 2476 2475 2477
f 2478 2476 2477
f 2478 2477 2479
f 2480 2478 2479
f 2480 2479 2481
f 2482 2480 2481
f 2482 2481 2483
f 2484 2482 2483
f 2484 2483 2485
f 2486 2484 2485
f 2486 2485 2487
f 2488 2486 2487
f 2488 2487 2489
f 2490 2488 2489
f 2490 2489 2491
f 2492 2490 2491
f 2492 2491 2493
f 2494 2492 2493
f 2494 2493 2495
f 2496 2494 2495
f 2496 2495 2497
f 2498 2496 2497
f 2498 2497 2499
f 2500 2498 2499
f 2500 2499 2501
f 2502 2500 2501
f 2502 2501 2503
f 2504 2502 2503
f 2504 2503 2505
f 2506 2504 2505
f 2506 2505 2507
f 2508 2506 2507
f 2508 2507 2509
f 2510 2508 2509
f 2510 2509 2511
f 2512 2510 2511
f 2512 2511 2513
f 2514 2512 2513
f 2514 2513 2515
f 2516 2514 2515
f 2516 2515 2517
f 2518 2516 2517
f 2518 2517 2519
f 2520 2518 2519
f 2520 2519 2521
f 2522 2520 2521
f 2522 2521 2523
f 2524 2522 2523
f 2524 2523 2525
f 2526 2524 2525
f 2526 2525 2527
f 2528 2526 2527
f 2528 2527 2529
f 2530 2528 2529
f 2530 2529 2531
f 2532 2530 2531
f 2532 2531 2533
f 2534 2532 2533
f 2534 2533 2535
f 2536 2534 2535
f 2536 2535 2537
f 2538 2536 2537
f 2538 2537 2539
f 2540 2538 2539
f 2541 2540 2539
f 2542 2541 2539
f 2543 2542 2539
f 2544 2543 2539
f 2545 2544 2539
f 2546 2545 2539
f 2547 2546 2539
f 2548 2547 2539
f 2549 2548 2539
f 2550 2549 2539
f 2551 2550 2539
f 2552 2551 2539
f 2553 2552 2539
f 2554 2553 2539
f 2555 2554 2539
f 2556 2555 2539
f 2557 2556 2539
f 2558 2557 2539
f 2559 2558 2539
f 2560 2559 2539
f 2561 2560 2539
f 2562 2561 2539
f 2563 2562 2539
f 2564 2563 2539
f 2565 2564 2539
f 2566 2565 2539
f 2567 2566 2539
f 2568 2567 2539
f 2569 2568 2539
f 2570 2569 2539
f 2571 2570 2539
f 2571 2539 2572
f 2573 2571 2572
f 2573 2572 2574
f 2575 2573 2574
f 2575 2574 2576
f 2577 2575 2576
f 2577 2576 2578
f 2579 2577 2578
f 2579 2578 2580
f 2581 2579 2580
f 2581 2580 2582
f 2583 2581 2582
f 2583 2582 2584
f 2585 2583 2584
f 2585 2584 2586
f 2587 2585 2586
f 2587 2586 2588
f 2589 2587 2588
f 2589 2588 2590
f 2591 2589 2590
f 2591 2590 2592
f 2593 2591 2592
f 2593 2592 2594
f 2595 2593 2594
f 2595 2594 2596
f 2597 2595 2596
f 2597 2596 2598
f 2599 2597 2598
f 2599 2598 2600
f 2601 2599 2600
f 2601 2600 2602
f 2603 2601 2602
f 2603 2602 2604
f 2605 2603 2604
f 2605 2604 2606
f 2607 2605 2606
f 2607 2606 2608
f 2609 2607 2608
f 2609 2608 2610
f 2611 2609 2610
f 2611 2610 2612
f 2613 2611 2612
f 2613 2612 2614
f 2615 2613 2614
f 2615 2614 2616
f 2617 2615 2616
f 2617 2616 2618
f 2619 2617 2618
f 2619 2618 2620
f 2621 2619 2620
f 2621 2620 2622
f 2623 2621 2622
f 2623 2622 2624
f 2625 2623 2624
f 2625 2624 2626
f 2627 2625 2626
f 2627 2626 2628
f 2627 2628 2629
f 2630 2627 2629
f 2630 2629 2631
f 2632 2630 2631
f 2633 2632 2631
f 2633 2631 2634
f 2635 2633 2634
f 2635 2634 2636
f 2637 2635 2636
f 2637 2636 2638
f 2639 2637 2638
f 2639 2638 2640
f 2641 2639 2640
f 2641 2640 2642
f 2643 2641 2642
f 2643 2642 2644
f 2645 2643 2644
f 2645 2644 2646
f 2647 2645 2646
f 2647 2646 2648
f 2649 2647 2648
f 2649 2648 2650
f 2651 2649 2650
f 2651 2650 2652
f 2653 2651 2652
f 2653 2652 2654
f 2655 2653 2654
f 2655 2654 2656
f 2657 2655 2656
f 2657 2656 2658
f 2659 2657 2658
f 2659 2658 2660
f 2661 2659 2660
f 2661 2660 2662
f 2663 2661 2662
f 2663 2662 2664
f 2665 2663 2664
f 2665 2664 2666
f 2667 2665 2666
f 2667 2666 2668
f 2669 2667 2668
f 2669 2668 2670
f 2671 2669 2670
f 2671 2670 2672
f 2673 2671 2672
f 2673 2672 2674
f 2675 2673 2674
f 2675 2674 2676
f 2677 2675 2676
f 2677 2676 2678
f 2679 2677 2678
f 2679 2678 2680
f 2681 2679 2680
f 2681 2680 2682
f 2683 2681 2682
f 2683 2682 2684
f 2685 2683 2684
f 2685 2684 2686
f 2687 2685 2686
f 2687 2686 2688
f 2689 2687 2688
f 2689 2688 2690
f 2691 2689 2690
f 2691 2690 2692
f 2693 2691 2692
f 2693 2692 2694
f 2693 2694 2695
f 2696 2693 2695
f 2696 2695 2316
f 2319 2387 2696
f 2316 2319 2696
f 2318 2317 1926
f 1926 2317 1927
f 2319 2318 1929
f 1929 2318 1926
f 2386 2319 1996
f 1996 2319 1929
f 2385 2386 1995
f 1995 2386 1996
f 2383 2385 1993
f 1993 2385 1995
f 2381 2383 1991
f 1991 2383 1993
f 2379 2381 1989
f 1989 2381 1991
f 2377 2379 1987
f 1987 2379 1989
f 2375 2377 1985
f 1985 2377 1987
f 2373 2375 1983
f 1983 2375 1985
f 2371 2373 1981
f 1981 2373 1983
f 2369 2371 1979
f 1979 2371 1981
f 2367 2369 1977
f 1977 2369 1979
f 2365 2367 1975
f 1975 2367 1977
f 2363 2365 1973
f 1973 2365 1975
f 2361 2363 1971
f 1971 2363 1973
f 2359 2361 1969
f 1969 2361 1971
f 2357 2359 1967
f 1967 2359 1969
f 2355 2357 1965
f 1965 2357 1967
f 2353 2355 1963
f 1963 2355 1965
f 2351 2353 1961
f 1961 2353 1963
f 2349 2351 1959
f 1959 2351 1961
f 2347 2349 1957
f 1957 2349 1959
f 2345 2347 1955
f 1955 2347 1957
f 2343 2345 1953
f 1953 2345 1955
f 2341 2343 1951
f 1951 2343 1953
f 2339 2341 1949
f 1949 2341 1951
f 2337 2339 1947
f 1947 2339 1949
f 2335 2337 1945
f 1945 2337 1947
f 2333 2335 1943
f 1943 2335 1945
f 2331 2333 1941
f 1941 2333 1943
f 2329 2331 1939
f 1939 2331 1941
f 2325 2329 1935
f 1935 2329 1939
f 2321 2325 1931
f 1931 2325 1935
f 2315 2321 1925
f 1925 2321 1931
f 2312 2315 1923
f 1923 2315 1925
f 2313 2312 1922
f 1922 2312 1923
f 2308 2313 1918
f 1918 2313 1922
f 2309 2308 1917
f 1917 2308 1918
f 2311 2309 1921
f 1921 2309 1917
f 2323 2311 1933
f 1933 2311 1921
f 2327 2323 1937
f 1937 2323 1933
f 2389 2327 1999
f 1999 2327 1937
f 2391 2389 2001
f 2001 2389 1999
f 2393 2391 2003
f 2003 2391 2001
f 2395 2393 2005
f 2005 2393 2003
f 2397 2395 2007
f 2007 2395 2005
f 2399 2397 2009
f 2009 2397 2007
f 2401 2399 2011
f 2011 2399 2009
f 2403 2401 2013
f 2013 2401 2011
f 2405 2403 2015
f 2015 2403 2013
f 2407 2405 2017
f 2017 2405 2015
f 2409 2407 2019
f 2019 2407 2017
f 2411 2409 2021
f 2021 2409 2019
f 2413 2411 2023
f 2023 2411 2021
f 2415 2413 2025
f 2025 2413 2023
f 2417 2415 2027
f 2027 2415 2025
f 2419 2417 2029
f 2029 2417 2027
f 2421 2419 2031
f 2031 2419 2029
f 2423 2421 2033
f 2033 2421 2031
f 2425 2423 2035
f 2035 2423 2033
f 2427 2425 2037
f 2037 2425 2035
f 2429 2427 2039
f 2039 2427 2037
f 2431 2429 2041
f 2041 2429 2039
f 2433 2431 2043
f 2043 2431 2041
f 2435 2433 2045
f 2045 2433 2043
f 2437 2435 2047
f 2047 2435 2045
f 2439 2437 2049
f 2049 2437 2047
f 2440 2439 2050
f 2050 2439 2049
f 2472 2440 2082
f 2082 2440 2050
f 2473 2472 2083
f 2083 2472 2082
f 2475 2473 2085
f 2085 2473 2083
f 2477 2475 2087
f 2087 2475 2085
f 2479 2477 2089
f 2089 2477 2087
f 2481 2479 2091
f 2091 2479 2089
f 2483 2481 2093
f 2093 2481 2091
f 2485 2483 2095
f 2095 2483 2093
f 2487 2485 2097
f 2097 2485 2095
f 2489 2487 2099
f 2099 2487 2097
f 2491 2489 2101
f 2101 2489 2099
f 2493 2491 2103
f 2103 2491 2101
f 2495 2493 2105
f 2105 2493 2103
f 2497 2495 2107
f 2107 2495 2105
f 2499 2497 2109
f 2109 2497 2107
f 2501 2499 2111
f 2111 2499 2109
f 2503 2501 2113
f 2113 2501 2111
f 2505 2503 2115
f 2115 2503 2113
f 2507 2505 2117
f 2117 2505 2115
f 2509 2507 2119
f 2119 2507 2117
f 2511 2509 2121
f 2121 2509 2119
f 2513 2511 2123
f 2123 2511 2121
f 2515 2513 2125
f 2125 2513 2123
f 2517 2515 2127
f 2127 2515 2125
f 2519 2517 2129
f 2129 2517 2127
f 2521 2519 2131
f 2131 2519 2129
f 2523 2521 2133
f 2133 2521 2131
f 2525 2523 2135
f 2135 2523 2133
f 2527 2525 2137
f 2137 2525 2135
f 2529 2527 2139
f 2139 2527 2137
f 2531 2529 2141
f 2141 2529 2139
f 2533 2531 2143
f 2143 2531 2141
f 2535 2533 2145
f 2145 2533 2143
f 2537 2535 2147
f 2147 2535 2145
f 2539 2537 2149
f 2149 2537 2147
f 2572 2539 2182
f 2182 2539 2149
f 2574 2572 2184
f 2184 2572 2182
f 2576 2574 2186
f 2186 2574 2184
f 2578 2576 2188
f 2188 2576 2186
f 2580 2578 2190
f 2190 2578 2188
f 2582 2580 2192
f 2192 2580 2190
f 2584 2582 2194
f 2194 2582 2192
f 2586 2584 2196
f 2196 2584 2194
f 2588 2586 2198
f 2198 2586 2196
f 2590 2588 2200
f 2200 2588 2198
f 2592 2590 2202
f 2202 2590 2200
f 2594 2592 2204
f 2204 2592 2202
f 2596 2594 2206
f 2206 2594 2204
f 2598 2596 2208
f 2208 2596 2206
f 2600 2598 2210
f 2210 2598 2208
f 2602 2600 2212
f 2212 2600 2210
f 2604 2602 2214
f 2214 2602 2212
f 2606 2604 2216
f 2216 2604 2214
f 2608 2606 2218
f 2218 2606 2216
f 2610 2608 2220
f 2220 2608 2218
f 2612 2610 2222
f 2222 2610 2220
f 2614 2612 2224
f 2224 2612 2222
f 2616 2614 2226
f 2226 2614 2224
f 2618 2616 2228
f 2228 2616 2226
f 2620 2618 2230
f 2230 2618 2228
f 2622 2620 2232
f 2232 2620 2230
f 2624 2622 2234
f 2234 2622 2232
f 2626 2624 2236
f 2236 2624 2234
f 2628 2626 2238
f 2238 2626 2236
f 2629 2628 2239
f 2239 2628 2238
f 2631 2629 2241
f 2241 2629 2239
f 2634 2631 2244
f 2244 2631 2241
f 2636 2634 2246
f 2246 2634 2244
f 2638 2636 2248
f 2248 2636 2246
f 2640 2638 2250
f 2250 2638 2248
f 2642 2640 2252
f 2252 2640 2250
f 2644 2642 2254
f 2254 2642 2252
f 2646 2644 2256
f 2256 2644 2254
f 2648 2646 2258
f 2258 2646 2256
f 2650 2648 2260
f 2260 2648 2258
f 2652 2650 2262
f 2262 2650 2260
f 2654 2652 2264
f 2264 2652 2262
f 2656 2654 2266
f 2266 2654 2264
f 2658 2656 2268
f 2268 2656 2266
f 2660 2658 2270
f 2270 2658 2268
f 2662 2660 2272
f 2272 2660 2270
f 2664 2662 2274
f 2274 2662 2272
f 2666 2664 2276
f 2276 2664 2274
f 2668 2666 2278
f 2278 2666 2276
f 2670 2668 2280
f 2280 2668 2278
f 2672 2670 2282
f 2282 2670 2280
f 2674 2672 2284
f 2284 2672 2282
f 2676 2674 2286
f 2286 2674 2284
f 2678 2676 2288
f 2288 2676 2286
f 2680 2678 2290
f 2290 2678 2288
f 2682 2680 2292
f 2292 2680 2290
f 2684 2682 2294
f 2294 2682 2292
f 2686 2684 2296
f 2296 2684 2294
f 2688 2686 2298
f 2298 2686 2296
f 2690 2688 2300
f 2300 2688 2298
f 2692 2690 2302
f 2302 2690 2300
f 2694 2692 2304
f 2304 2692 2302
f 2695 2694 2305
f 2305 2694 2304
f 2317 2316 1927
f 1927 2316 1928
f 2316 2695 1928
f 1928 2695 2305
f 2696 2387 2306
f 2306 2387 1997
f 2693 2696 2303
f 2303 2696 2306
f 2691 2693 2301
f 2301 2693 2303
f 2689 2691 2299
f 2299 2691 2301
f 2687 2689 2297
f 2297 2689 2299
f 2685 2687 2295
f 2295 2687 2297
f 2683 2685 2293
f 2293 2685 2295
f 2681 2683 2291
f 2291 2683 2293
f 2679 2681 2289
f 2289 2681 2291
f 2677 2679 2287
f 2287 2679 2289
f 2675 2677 2285
f 2285 2677 2287
f 2673 2675 2283
f 2283 2675 2285
f 2671 2673 2281
f 2281 2673 2283
f 2669 2671 2279
f 2279 2671 2281
f 2667 2669 2277
f 2277 2669 2279
f 2665 2667 2275
f 2275 2667 2277
f 2663 2665 2273
f 2273 2665 2275
f 2661 2663 2271
f 2271 2663 2273
f 2659 2661 2269
f 2269 2661 2271
f 2657 2659 2267
f 2267 2659 2269
f 2655 2657 2265
f 2265 2657 2267
f 2653 2655 2263
f 2263 2655 2265
f 2651 2653 2261
f 2261 2653 2263
f 2649 2651 2259
f 2259 2651 2261
f 2647 2649 2257
f 2257 2649 2259
f 2645 2647 2255
f 2255 2647 2257
f 2643 2645 2253
f 2253 2645 2255
f 2641 2643 2251
f 2251 2643 2253
f 2639 2641 2249
f 2249 2641 2251
f 2637 2639 2247
f 2247 2639 2249
f 2635 2637 2245
f 2245 2637 2247
f 2633 2635 2243
f 2243 2635 2245
f 2632 2633 2242
f 2242 2633 2243
f 2630 2632 2240
f 2240 2632 2242
f 2627 2630 2237
f 2237 2630 2240
f 2625 2627 2235
f 2235 2627 2237
f 2623 2625 2233
f 2233 2625 2235
f 2621 2623 2231
f 2231 2623 2233
f 2619 2621 2229
f 2229 2621 2231
f 2617 2619 2227
f 2227 2619 2229
f 2615 2617 2225
f 2225 2617 2227
f 2613 2615 2223
f 2223 2615 2225
f 2611 2613 2221
f 2221 2613 2223
f 2609 2611 2219
f 2219 2611 2221
f 2607 2609 2217
f 2217 2609 2219
f 2605 2607 2215
f 2215 2607 2217
f 2603 2605 2213
f 2213 2605 2215
f 2601 2603 2211
f 2211 2603 2213
f 2599 2601 2209
f 2209 2601 2211
f 2597 2599 2207
f 2207 2599 2209
f 2595 2597 2205
f 2205 2597 2207
f 2593 2595 2203
f 2203 2595 2205
f 2591 2593 2201
f 2201 2593 2203
f 2589 2591 2199
f 2199 2591 2201
f 2587 2589 2197
f 2197 2589 2199
f 2585 2587 2195
f 2195 2587 2197
f 2583 2585 2193
f 2193 2585 2195
f 2581 2583 2191
f 2191 2583 2193
f 2579 2581 2189
f 2189 2581 2191
f 2577 2579 2187
f 2187 2579 2189
f 2575 2577 2185
f 2185 2577 2187
f 2573 2575 2183
f 2183 2575 2185
f 2571 2573 2181
f 2181 2573 2183
f 2570 2571 2180
f 2180 2571 2181
f 2569 2570 2179
f 2179 2570 2180
f 2568 2569 2178
f 2178 2569 2179
f 2567 2568 2177
f 2177 2568 2178
f 2566 2567 2176
f 2176 2567 2177
f 2565 2566 2175
f 2175 2566 2176
f 2564 2565 2174
f 2174 2565 2175
f 2563 2564 2173
f 2173 2564 2174
f 2562 2563 2172
f 2172 2563 2173
f 2561 2562 2171
f 2171 2562 2172
f 2560 2561 2170
f 2170 2561 2171
f 2559 2560 2169
f 2169 2560 2170
f 2558 2559 2168
f 2168 2559 2169
f 2557 2558 2167
f 2167 2558 2168
f 2556 2557 2166
f 2166 2557 2167
f 2555 2556 2165
f 2165 2556 2166
f 2554 2555 2164
f 2164 2555 2165
f 2553 2554 2163
f 2163 2554 2164
f 2552 2553 2162
f 2162 2553 2163
f 2551 2552 2161
f 2161 2552 2162
f 2550 2551 2160
f 2160 2551 2161
f 2549 2550 2159
f 2159 2550 2160
f 2548 2549 2158
f 2158 2549 2159
f 2547 2548 2157
f 2157 2548 2158
f 2546 2547 2156
f 2156 2547 2157
f 2545 2546 2155
f 2155 2546 2156
f 2544 2545 2154
f 2154 2545 2155
f 2543 2544 2153
f 2153 2544 2154
f 2542 2543 2152
f 2152 2543 2153
f 2541 2542 2151
f 2151 2542 2152
f 2540 2541 2150
f 2150 2541 2151
f 2538 2540 2148
f 2148 2540 2150
f 2536 2538 2146
f 2146 2538 2148
f 2534 2536 2144
f 2144 2536 2146
f 2532 2534 2142
f 2142 2534 2144
f 2530 2532 2140
f 2140 2532 2142
f 2528 2530 2138
f 2138 2530 2140
f 2526 2528 2136
f 2136 2528 2138
f 2524 2526 2134
f 2134 2526 2136
f 2522 2524 2132
f 2132 2524 2134
f 2520 2522 2130
f 2130 2522 2132
f 2518 2520 2128
f 2128 2520 2130
f 2516 2518 2126
f 2126 2518 2128
f 2514 2516 2124
f 2124 2516 2126
f 2512 2514 2122
f 2122 2514 2124
f 2510 2512 2120
f 2120 2512 2122
f 2508 2510 2118
f 2118 2510 2120
f 2506 2508 2116
f 2116 2508 2118
f 2504 2506 2114
f 2114 2506 2116
f 2502 2504 2112
f 2112 2504 2114
f 2500 2502 2110
f 2110 2502 2112
f 2498 2500 2108
f 2108 2500 2110
f 2496 2498 2106
f 2106 2498 2108
f 2494 2496 2104
f 2104 2496 2106
f 2492 2494 2102
f 2102 2494 2104
f 2490 2492 2100
f 2100 2492 2102
f 2488 2490 2098
f 2098 2490 2100
f 2486 2488 2096
f 2096 2488 2098
f 2484 2486 2094
f 2094 2486 2096
f 2482 2484 2092
f 2092 2484 2094
f 2480 2482 2090
f 2090 2482 2092
f 2478 2480 2088
f 2088 2480 2090
f 2476 2478 2086
f 2086 2478 2088
f 2474 2476 2084
f 2084 2476 2086
f 2471 2474 2081
f 2081 2474 2084
f 2470 2471 2080
f 2080 2471 2081
f 2469 2470 2079
f 2079 2470 2080
f 2468 2469 2078
f 2078 2469 2079
f 2467 2468 2077
f 2077 2468 2078
f 2466 2467 2076
f 2076 2467 2077
f 2465 2466 2075
f 2075 2466 2076
f 2464 2465 2074
f 2074 2465 2075
f 2463 2464 2073
f 2073 2464 2074
f 2462 2463 2072
f 2072 2463 2073
f 2461 2462 2071
f 2071 2462 2072
f 2460 2461 2070
f 2070 2461 2071
f 2459 2460 2069
f 2069 2460 2070
f 2458 2459 2068
f 2068 2459 2069
f 2457 2458 2067
f 2067 2458 2068
f 2456 2457 2066
f 2066 2457 2067
f 2455 2456 2065
f 2065 2456 2066
f 2454 2455 2064
f 2064 2455 2065
f 2453 2454 2063
f 2063 2454 2064
f 2452 2453 2062
f 2062 2453 2063
f 2451 2452 2061
f 2061 2452 2062
f 2450 2451 2060
f 2060 2451 2061
f 2449 2450 2059
f 2059 2450 2060
f 2448 2449 2058
f 2058 2449 2059
f 2447 2448 2057
f 2057 2448 2058
f 2446 2447 2056
f 2056 2447 2057
f 2445 2446 2055
f 2055 2446 2056
f 2444 2445 2054
f 2054 2445 2055
f 2443 2444 2053
f 2053 2444 2054
f 2442 2443 2052
f 2052 2443 2053
f 2441 2442 2051
f 2051 2442 2052
f 2438 2441 2048
f 2048 2441 2051
f 2436 2438 2046
f 2046 2438 2048
f 2434 2436 2044
f 2044 2436 2046
f 2432 2434 2042
f 2042 2434 2044
f 2430 2432 2040
f 2040 2432 2042
f 2428 2430 2038
f 2038 2430 2040
f 2426 2428 2036
f 2036 2428 2038
f 2424 2426 2034
f 2034 2426 2036
f 2422 2424 2032
f 2032 2424 2034
f 2420 2422 2030
f 2030 2422 2032
f 2418 2420 2028
f 2028 2420 2030
f 2416 2418 2026
f 2026 2418 2028
f 2414 2416 2024
f 2024 2416 2026
f 2412 2414 2022
f 2022 2414 2024
f 2410 2412 2020
f 2020 2412 2022
f 2408 2410 2018
f 2018 2410 2020
f 2406 2408 2016
f 2016 2408 2018
f 2404 2406 2014
f 2014 2406 2016
f 2402 2404 2012
f 2012 2404 2014
f 2400 2402 2010
f 2010 2402 2012
f 2398 2400 2008
f 2008 2400 2010
f 2396 2398 2006
f 2006 2398 2008
f 2394 2396 2004
f 2004 2396 2006
f 2392 2394 2002
f 2002 2394 2004
f 2390 2392 2000
f 2000 2392 2002
f 2388 2390 1998
f 1998 2390 2000
f 2326 2388 1936
f 1936 2388 1998
f 2322 2326 1932
f 1932 2326 1936
f 2310 2322 1920
f 1920 2322 1932
f 2307 2310 1919
f 1919 2310 1920
f 2314 2307 1924
f 1924 2307 1919
f 2320 2314 1930
f 1930 2314 1924
f 2324 2320 1934
f 1934 2320 1930
f 2328 2324 1938
f 1938 2324 1934
f 2330 2328 1940
f 1940 2328 1938
f 2332 2330 1942
f 1942 2330 1940
f 2334 2332 1944
f 1944 2332 1942
f 2336 2334 1946
f 1946 2334 1944
f 2338 2336 1948
f 1948 2336 1946
f 2340 2338 1950
f 1950 2338 1948
f 2342 2340 1952
f 1952 2340 1950
f 2344 2342 1954
f 1954 2342 1952
f 2346 2344 1956
f 1956 2344 1954
f 2348 2346 1958
f 1958 2346 1956
f 2350 2348 1960
f 1960 2348 1958
f 2352 2350 1962
f 1962 2350 1960
f 2354 2352 1964
f 1964 2352 1962
f 2356 2354 1966
f 1966 2354 1964
f 2358 2356 1968
f 1968 2356 1966
f 2360 2358 1970
f 1970 2358 1968
f 2362 2360 1972
f 1972 2360 1970
f 2364 2362 1974
f 1974 2362 1972
f 2366 2364 1976
f 1976 2364 1974
f 2368 2366 1978
f 1978 2366 1976
f 2370 2368 1980
f 1980 2368 1978
f 2372 2370 1982
f 1982 2370 1980
f 2374 2372 1984
f 1984 2372 1982
f 2376 2374 1986
f 1986 2374 1984
f 2378 2376 1988
f 1988 2376 1986
f 2380 2378 1990
f 1990 2378 1988
f 2382 2380 1992
f 1992 2380 1990
f 2387 2384 1997
f 1997 2384 1994
f 2384 2382 1994
f 1994 2382 1992
f 2697 2698 2699
f 2697 2700 2698
f 2700 2701 2698
f 2700 2702 2701
f 2702 2703 2701
f 2702 2704 2703
f 2704 2705 2703
f 2704 2706 2705
f 2706 2707 2705
f 2706 2708 2707
f 2708 2709 2707
f 2708 2710 2709
f 2710 2711 2709
f 2710 2712 2711
f 2712 2713 2711
f 2712 2714 2713
f 2714 2715 2713
f 2714 2716 2715
f 2716 2717 2715
f 2716 2718 2717
f 2718 2719 2717
f 2718 2720 2719
f 2720 2721 2719
f 2720 2722 2721
f 2722 2723 2721
f 2722 2724 2723
f 2724 2725 2723
f 2724 2726 2725
f 2726 2727 2725
f 2726 2728 2727
f 2728 2729 2727
f 2728 2730 2729
f 2730 2731 2729
f 2730 2732 2731
f 2732 2733 2731
f 2732 2734 2733
f 2734 2735 2733
f 2734 2736 2735
f 2736 2737 2735
f 2736 2738 2737
f 2738 2739 2737
f 2738 2740 2739
f 2740 2741 2739
f 2740 2742 2741
f 2742 2743 2741
f 2742 2744 2743
f 2744 2745 2743
f 2744 2746 2745
f 2746 2747 2745
f 2746 2748 2747
f 2748 2749 2747
f 2748 2750 2749
f 2750 2751 2749
f 2750 2752 2751
f 2752 2753 2751
f 2752 2754 2753
f 2754 2755 2753
f 2754 2756 2755
f 2756 2757 2755
f 2756 2758 2757
f 2758 2759 2757
f 2758 2760 2759
f 2760 2761 2759
f 2760 2762 2761
f 2762 2763 2761
f 2762 2764 2763
f 2765 2766 2767
f 2766 2768 2767
f 2766 2769 2768
f 2769 2770 2768
f 2769 2771 2770
f 2771 2772 2770
f 2771 2773 2772
f 2773 2774 2772
f 2773 2775 2774
f 2775 2776 2774
f 2775 2777 2776
f 2777 2778 2776
f 2777 2779 2778
f 2779 2780 2778
f 2779 2781 2780
f 2781 2782 2780
f 2781 2783 2782
f 2783 2784 2782
f 2783 2785 2784
f 2785 2786 2784
f 2785 2787 2786
f 2787 2788 2786
f 2787 2789 2788
f 2789 2790 2788
f 2789 2791 2790
f 2791 2792 2790
f 2791 2793 2792
f 2793 2794 2792
f 2793 2795 2794
f 2795 2796 2794
f 2795 2797 2796
f 2797 2798 2796
f 2797 2082 2798
f 2082 2147 2798
f 2082 2083 2147
f 2083 2145 2147
f 2083 2085 2145
f 2085 2143 2145
f 2085 2087 2143
f 2087 2141 2143
f 2087 2089 2141
f 2089 2139 2141
f 2089 2091 2139
f 2091 2137 2139
f 2091 2093 2137
f 2093 2135 2137
f 2093 2095 2135
f 2095 2133 2135
f 2095 2097 2133
f 2097 2131 2133
f 2097 2099 2131
f 2099 2129 2131
f 2099 2101 2129
f 2101 2127 2129
f 2101 2103 2127
f 2103 2125 2127
f 2103 2105 2125
f 2105 2123 2125
f 2105 2107 2123
f 2107 2121 2123
f 2107 2109 2121
f 2109 2119 2121
f 2109 2111 2119
f 2111 2117 2119
f 2111 2113 2117
f 2113 2115 2117
f 2766 2765 2698
f 2698 2765 2699
f 2769 2766 2701
f 2701 2766 2698
f 2771 2769 2703
f 2703 2769 2701
f 2773 2771 2705
f 2705 2771 2703
f 2775 2773 2707
f 2707 2773 2705
f 2777 2775 2709
f 2709 2775 2707
f 2779 2777 2711
f 2711 2777 2709
f 2781 2779 2713
f 2713 2779 2711
f 2783 2781 2715
f 2715 2781 2713
f 2785 2783 2717
f 2717 2783 2715
f 2787 2785 2719
f 2719 2785 2717
f 2789 2787 2721
f 2721 2787 2719
f 2791 2789 2723
f 2723 2789 2721
f 2793 2791 2725
f 2725 2791 2723
f 2795 2793 2727
f 2727 2793 2725
f 2797 2795 2729
f 2729 2795 2727
f 2082 2797 2731
f 2731 2797 2729
f 2083 2082 2733
f 2733 2082 2731
f 2085 2083 2735
f 2735 2083 2733
f 2087 2085 2737
f 2737 2085 2735
f 2089 2087 2739
f 2739 2087 2737
f 2091 2089 2741
f 2741 2089 2739
f 2093 2091 2743
f 2743 2091 2741
f 2095 2093 2745
f 2745 2093 2743
f 2097 2095 2747
f 2747 2095 2745
f 2099 2097 2749
f 2749 2097 2747
f 2101 2099 2751
f 2751 2099 2749
f 2103 2101 2753
f 2753 2101 2751
f 2105 2103 2755
f 2755 2103 2753
f 2107 2105 2757
f 2757 2105 2755
f 2109 2107 2759
f 2759 2107 2757
f 2111 2109 2761
f 2761 2109 2759
f 2113 2111 2763
f 2763 2111 2761
f 2115 2113 2764
f 2764 2113 2763
f 2117 2115 2762
f 2762 2115 2764
f 2119 2117 2760
f 2760 2117 2762
f 2121 2119 2758
f 2758 2119 2760
f 2123 2121 2756
f 2756 2121 2758
f 2125 2123 2754
f 2754 2123 2756
f 2127 2125 2752
f 2752 2125 2754
f 2129 2127 2750
f 2750 2127 2752
f 2131 2129 2748
f 2748 2129 2750
f 2133 2131 2746
f 2746 2131 2748
f 2135 2133 2744
f 2744 2133 2746
f 2137 2135 2742
f 2742 2135 2744
f 2139 2137 2740
f 2740 2137 2742
f 2141 2139 2738
f 2738 2139 2740
f 2143 2141 2736
f 2736 2141 2738
f 2145 2143 2734
f 2734 2143 2736
f 2147 2145 2732
f 2732 2145 2734
f 2798 2147 2730
f 2730 2147 2732
f 2796 2798 2728
f 2728 2798 2730
f 2794 2796 2726
f 2726 2796 2728
f 2792 2794 2724
f 2724 2794 2726
f 2790 2792 2722
f 2722 2792 2724
f 2788 2790 2720
f 2720 2790 2722
f 2786 2788 2718
f 2718 2788 2720
f 2784 2786 2716
f 2716 2786 2718
f 2782 2784 2714
f 2714 2784 2716
f 2780 2782 2712
f 2712 2782 2714
f 2778 2780 2710
f 2710 2780 2712
f 2776 2778 2708
f 2708 2778 2710
f 2774 2776 2706
f 2706 2776 2708
f 2772 2774 2704
f 2704 2774 2706
f 2770 2772 2702
f 2702 2772 2704
f 2768 2770 2700
f 2700 2770 2702
f 2765 2767 2699
f 2699 2767 2697
f 2767 2768 2697
f 2697 2768 2700
f 2799 2800 2801
f 2802 2799 2801
f 2801 2800 2803
f 2803 2802 2801
f 2799 2804 2800
f 2805 2799 2802
f 2805 2804 2799
f 2800 2804 2803
f 2806 2802 2803
f 2803 2804 2806
f 2806 2805 2802
f 2804 2805 2806
f 2807 2808 2809
f 2810 2807 2809
f 2811 2812 2813
f 2811 2813 2814
f 2814 2810 2809
f 2814 2809 2811
f 2815 2816 2817
f 2815 2817 2818
f 2819 2820 2821
f 2822 2819 2821
f 2815 2818 2822
f 2821 2815 2822
f 2820 2819 2812
f 2812 2819 2813
f 2821 2820 2811
f 2811 2820 2812
f 2815 2821 2809
f 2809 2821 2811
f 2816 2815 2808
f 2808 2815 2809
f 2817 2816 2807
f 2807 2816 2808
f 2818 2817 2810
f 2810 2817 2807
f 2819 2822 2813
f 2813 2822 2814
f 2822 2818 2814
f 2814 2818 2810
f 2823 2824 2825
f 2823 2826 2824
f 2823 2825 2827
f 2823 2827 2826
f 2826 2828 2829
f 2826 2829 2830
f 2826 2827 2828
f 2825 2831 2827
f 2827 2832 2828
f 2824 2830 2833
f 2825 2824 2833
f 2825 2833 2831
f 2826 2830 2824
f 2830 2829 2834
f 2830 2834 2831
f 2827 2831 2832
f 2833 2830 2831
f 2831 2834 2832
f 2835 2836 2837
f 2835 2829 2836
f 2835 2834 2829
f 2836 2829 2828
f 2836 2828 2838
f 2836 2838 2837
f 2835 2837 2834
f 2837 2832 2834
f 2838 2828 2832
f 2837 2838 2832
f 2839 2840 2841
f 2842 2839 2841
f 2841 2840 2843
f 2843 2842 2841
f 2839 2844 2840
f 2845 2839 2842
f 2845 2844 2839
f 2840 2844 2843
f 2846 2842 2843
f 2843 2844 2846
f 2846 2845 2842
f 2844 2845 2846
f 2847 2848 2849
f 2850 2847 2849
f 2849 2848 2851
f 2851 2850 2849
f 2847 2852 2848
f 2853 2847 2850
f 2853 2852 2847
f 2848 2852 2851
f 2854 2850 2851
f 2851 2852 2854
f 2854 2853 2850
f 2852 2853 2854
f 2855 2856 2857
f 2858 2855 2857
f 2857 2856 2859
f 2859 2858 2857
f 2855 2860 2856
f 2861 2855 2858
f 2861 2860 2855
f 2856 2860 2859
f 2862 2858 2859
f 2859 2860 2862
f 2862 2861 2858
f 2860 2861 2862
f 2863 2864 2865
f 2866 2863 2865
f 2865 2864 2867
f 2867 2866 2865
f 2863 2868 2864
f 2869 2863 2866
f 2869 2868 2863
f 2864 2868 2867
f 2870 2866 2867
f 2867 2868 2870
f 2870 2869 2866
f 2868 2869 2870
f 2871 2872 2873
f 2874 2871 2873
f 2873 2872 2875
f 2875 2874 2873
f 2871 2876 2872
f 2877 2871 2874
f 2877 2876 2871
f 2872 2876 2875
f 2878 2874 2875
f 2875 2876 2878
f 2878 2877 2874
f 2876 2877 2878
f 2879 2880 2881
f 2879 2881 2882
f 2883 2879 2882
f 2883 2882 2884
f 2881 2880 2885
f 2886 2881 2885
f 2887 2886 2885
f 2887 2885 2888
f 2889 2887 2888
f 2889 2888 2890
f 2891 2889 2890
f 2891 2890 2892
f 2883 2884 2893
f 2894 2883 2893
f 2894 2893 2895
f 2896 2894 2895
f 2896 2895 2897
f 2898 2896 2897
f 2898 2897 2899
f 2900 2898 2899
f 2900 2899 2901
f 2902 2900 2901
f 2903 2891 2892
f 2903 2892 2904
f 2905 2903 2904
f 2905 2904 2906
f 2907 2905 2906
f 2907 2906 2908
f 2909 2907 2908
f 2909 2908 2910
f 2911 2909 2910
f 2911 2910 2912
f 2913 2911 2912
f 2913 2912 2914
f 2915 2913 2914
f 2915 2914 2916
f 2917 2915 2916
f 2917 2916 2918
f 2919 2917 2918
f 2919 2918 2920
f 2921 2919 2920
f 2921 2920 2922
f 2923 2921 2922
f 2923 2922 2924
f 2925 2923 2924
f 2925 2924 2926
f 2927 2925 2926
f 2927 2926 2928
f 2929 2927 2928
f 2929 2928 2930
f 2931 2929 2930
f 2931 2930 2932
f 2933 2931 2932
f 2933 2932 2934
f 2935 2933 2934
f 2935 2934 2936
f 2937 2935 2936
f 2937 2936 2938
f 2939 2937 2938
f 2939 2938 2940
f 2941 2939 2940
f 2941 2940 2942
f 2943 2941 2942
f 2943 2942 2944
f 2945 2943 2944
f 2945 2944 2946
f 2947 2945 2946
f 2947 2946 2948
f 2949 2947 2948
f 2949 2948 2950
f 2951 2949 2950
f 2951 2950 2952
f 2953 2951 2952
f 2953 2952 2954
f 2953 2954 2955
f 2956 2953 2955
f 2956 2955 2957
f 2958 2956 2957
f 2958 2957 2959
f 2960 2958 2959
f 2960 2959 2961
f 2962 2960 2961
f 2962 2961 2963
f 2964 2962 2963
f 2964 2963 2965
f 2966 2964 2965
f 2966 2965 2967
f 2968 2966 2967
f 2968 2967 2969
f 2970 2968 2969
f 2970 2969 2971
f 2972 2970 2971
f 2972 2971 2973
f 2974 2972 2973
f 2974 2973 2975
f 2976 2974 2975
f 2976 2975 2977
f 2978 2976 2977
f 2978 2977 2979
f 2980 2978 2979
f 2980 2979 2981
f 2982 2980 2981
f 2982 2981 2983
f 2984 2982 2983
f 2984 2983 2985
f 2986 2984 2985
f 2986 2985 2987
f 2988 2986 2987
f 2988 2987 2989
f 2990 2988 2989
f 2990 2989 2991
f 2992 2990 2991
f 2992 2991 2993
f 2994 2992 2993
f 2994 2993 2995
f 2996 2994 2995
f 2996 2995 2997
f 2998 2996 2997
f 2998 2997 2999
f 3000 2998 2999
f 3000 2999 3001
f 3002 3000 3001
f 3002 3001 3003
f 3004 3002 3003
f 3004 3003 3005
f 3006 3004 3005
f 3006 3005 3007
f 3008 3006 3007
f 3008 3007 3009
f 3010 3008 3009
f 3010 3009 3011
f 3012 3010 3011
f 3012 3011 3013
f 3014 3012 3013
f 2902 2901 3015
f 3016 2902 3015
f 3016 3015 3017
f 3018 3016 3017
f 3018 3017 3019
f 3020 3018 3019
f 3020 3019 3021
f 3022 3020 3021
f 3022 3021 3023
f 3024 3022 3023
f 3024 3023 3025
f 3026 3024 3025
f 3026 3025 3027
f 3028 3026 3027
f 3028 3027 3029
f 3030 3028 3029
f 3030 3029 3031
f 3032 3030 3031
f 3032 3031 3033
f 3034 3032 3033
f 3034 3033 3035
f 3036 3034 3035
f 3036 3035 3037
f 3038 3036 3037
f 3038 3037 3039
f 3040 3038 3039
f 3040 3039 3041
f 3042 3040 3041
f 3042 3041 3043
f 3044 3042 3043
f 3044 3043 3045
f 3046 3044 3045
f 3046 3045 3047
f 3048 3046 3047
f 3048 3047 3049
f 3050 3048 3049
f 3050 3049 3051
f 3052 3050 3051
f 3052 3051 3053
f 3054 3052 3053
f 3054 3053 3055
f 3056 3054 3055
f 3056 3055 3057
f 3058 3056 3057
f 3058 3057 3059
f 3060 3058 3059
f 3060 3059 3061
f 3062 3060 3061
f 3062 3061 3063
f 3064 3062 3063
f 3064 3063 3065
f 3066 3064 3065
f 3066 3065 3067
f 3068 3066 3067
f 3069 3068 3067
f 3069 3067 3070
f 3069 3070 3071
f 3072 3069 3071
f 3072 3071 3073
f 3074 3072 3073
f 3074 3073 3075
f 3076 3074 3075
f 3076 3075 3077
f 3078 3076 3077
f 3078 3077 3079
f 3080 3078 3079
f 3080 3079 3081
f 3082 3080 3081
f 3082 3081 3083
f 3084 3082 3083
f 3084 3083 3085
f 3086 3084 3085
f 3086 3085 3087
f 3088 3086 3087
f 3088 3087 3089
f 3090 3088 3089
f 3090 3089 3091
f 3092 3090 3091
f 3092 3091 3093
f 3094 3092 3093
f 3094 3093 3095
f 3096 3094 3095
f 3096 3095 3097
f 3098 3096 3097
f 3098 3097 3099
f 3100 3098 3099
f 3100 3099 3101
f 3102 3100 3101
f 3102 3101 3103
f 3104 3102 3103
f 3104 3103 3105
f 3106 3104 3105
f 3106 3105 3107
f 3108 3106 3107
f 3108 3107 3109
f 3110 3108 3109
f 3110 3109 3111
f 3112 3110 3111
f 3112 3111 3113
f 3114 3112 3113
f 3114 3113 3115
f 3116 3114 3115
f 3116 3115 3117
f 3118 3116 3117
f 3118 3117 3119
f 3120 3118 3119
f 3120 3119 3121
f 3122 3120 3121
f 3122 3121 3123
f 3124 3122 3123
f 3124 3123 3125
f 3126 3124 3125
f 3126 3125 3127
f 3128 3126 3127
f 3128 3127 3129
f 3130 3128 3129
f 3130 3129 3131
f 3132 3130 3131
f 3133 3132 3131
f 3133 3131 3134
f 3135 3133 3134
f 3135 3134 3136
f 3135 3136 3137
f 3138 3135 3137
f 3138 3137 3139
f 3140 3138 3139
f 3140 3139 3141
f 3142 3140 3141
f 3142 3141 3143
f 3144 3142 3143
f 3144 3143 3145
f 3146 3144 3145
f 3146 3145 3147
f 3148 3146 3147
f 3148 3147 3149
f 3150 3148 3149
f 3150 3149 3151
f 3152 3150 3151
f 3152 3151 3153
f 3154 3152 3153
f 3154 3153 3155
f 3156 3154 3155
f 3156 3155 3157
f 3158 3156 3157
f 3158 3157 3159
f 3160 3158 3159
f 3160 3159 3161
f 3162 3160 3161
f 3162 3161 3163
f 3164 3162 3163
f 3164 3163 3165
f 3166 3164 3165
f 3166 3165 3167
f 3168 3166 3167
f 3168 3167 3169
f 3170 3168 3169
f 3170 3169 3171
f 3172 3170 3171
f 3172 3171 3173
f 3174 3172 3173
f 3174 3173 3175
f 3176 3174 3175
f 3176 3175 3177
f 3178 3176 3177
f 3178 3177 3179
f 3180 3178 3179
f 3180 3179 3181
f 3182 3180 3181
f 3182 3181 3183
f 3184 3182 3183
f 3184 3183 3185
f 3186 3184 3185
f 3186 3185 3187
f 3188 3186 3187
f 3188 3187 3189
f 3190 3188 3189
f 3190 3189 3191
f 3192 3190 3191
f 3192 3191 3193
f 3194 3192 3193
f 3195 3194 3193
f 3195 3193 3196
f 3197 3195 3196
f 3197 3196 3198
f 3199 3197 3198
f 3199 3198 3200
f 3201 3199 3200
f 3201 3200 3202
f 3203 3201 3202
f 3203 3202 3204
f 3205 3203 3204
f 3205 3204 3206
f 3207 3205 3206
f 3207 3206 3208
f 3209 3207 3208
f 3209 3208 3210
f 3211 3209 3210
f 3211 3210 3212
f 3213 3211 3212
f 3213 3212 3214
f 3215 3213 3214
f 3215 3214 3216
f 3217 3215 3216
f 3217 3216 3218
f 3219 3217 3218
f 3219 3218 3220
f 3221 3219 3220
f 3221 3220 3222
f 3223 3221 3222
f 3223 3222 3224
f 3225 3223 3224
f 3225 3224 3226
f 3227 3225 3226
f 3227 3226 3228
f 3229 3227 3228
f 3229 3228 3230
f 3231 3229 3230
f 3231 3230 3232
f 3233 3231 3232
f 3233 3232 3234
f 3235 3233 3234
f 3235 3234 3236
f 3237 3235 3236
f 3237 3236 3238
f 3239 3237 3238
f 3239 3238 3240
f 3241 3239 3240
f 3241 3240 3242
f 3243 3241 3242
f 3243 3242 3244
f 3245 3243 3244
f 3245 3244 3246
f 3247 3245 3246
f 3247 3246 3248
f 3249 3247 3248
f 3249 3248 3250
f 3251 3249 3250
f 3251 3250 3252
f 3253 3251 3252
f 3253 3252 3254
f 3255 3253 3254
f 3255 3254 3256
f 3257 3014 3013
f 3258 3257 3013
f 3259 3258 3013
f 3260 3259 3013
f 3261 3260 3013
f 3262 3261 3013
f 3263 3262 3013
f 3264 3263 3013
f 3265 3264 3013
f 3266 3265 3013
f 3267 3266 3013
f 3268 3267 3013
f 3269 3268 3013
f 3270 3269 3013
f 3271 3270 3013
f 3272 3271 3013
f 3273 3272 3013
f 3273 3013 3255
f 3274 3273 3255
f 3275 3274 3255
f 3276 3275 3255
f 3277 3276 3255
f 3278 3277 3255
f 3279 3278 3255
f 3280 3279 3255
f 3281 3280 3255
f 3282 3281 3255
f 3283 3282 3255
f 3284 3283 3255
f 3285 3284 3255
f 3286 3285 3255
f 3287 3286 3255
f 3288 3287 3255
f 3288 3255 3256
f 3289 3290 3291
f 3292 3289 3291
f 3292 3291 3293
f 3294 3292 3293
f 3295 3290 3289
f 3295 3289 3296
f 3295 3296 3297
f 3298 3295 3297
f 3298 3297 3299
f 3300 3298 3299
f 3300 3299 3301
f 3302 3300 3301
f 3303 3294 3293
f 3303 3293 3304
f 3305 3303 3304
f 3305 3304 3306
f 3307 3305 3306
f 3307 3306 3308
f 3309 3307 3308
f 3309 3308 3310
f 3311 3309 3310
f 3311 3310 3312
f 3302 3301 3313
f 3314 3302 3313
f 3314 3313 3315
f 3316 3314 3315
f 3316 3315 3317
f 3318 3316 3317
f 3318 3317 3319
f 3320 3318 3319
f 3320 3319 3321
f 3322 3320 3321
f 3322 3321 3323
f 3324 3322 3323
f 3324 3323 3325
f 3326 3324 3325
f 3326 3325 3327
f 3328 3326 3327
f 3328 3327 3329
f 3330 3328 3329
f 3330 3329 3331
f 3332 3330 3331
f 3332 3331 3333
f 3334 3332 3333
f 3334 3333 3335
f 3336 3334 3335
f 3336 3335 3337
f 3338 3336 3337
f 3338 3337 3339
f 3340 3338 3339
f 3340 3339 3341
f 3342 3340 3341
f 3342 3341 3343
f 3344 3342 3343
f 3344 3343 3345
f 3346 3344 3345
f 3346 3345 3347
f 3348 3346 3347
f 3348 3347 3349
f 3350 3348 3349
f 3350 3349 3351
f 3352 3350 3351
f 3352 3351 3353
f 3354 3352 3353
f 3354 3353 3355
f 3356 3354 3355
f 3356 3355 3357
f 3358 3356 3357
f 3358 3357 3359
f 3360 3358 3359
f 3360 3359 3361
f 3362 3360 3361
f 3362 3361 3363
f 3364 3362 3363
f 3365 3364 3363
f 3365 3363 3366
f 3367 3365 3366
f 3367 3366 3368
f 3369 3367 3368
f 3369 3368 3370
f 3371 3369 3370
f 3371 3370 3372
f 3373 3371 3372
f 3373 3372 3374
f 3375 3373 3374
f 3375 3374 3376
f 3377 3375 3376
f 3377 3376 3378
f 3379 3377 3378
f 3379 3378 3380
f 3381 3379 3380
f 3381 3380 3382
f 3383 3381 3382
f 3383 3382 3384
f 3385 3383 3384
f 3385 3384 3386
f 3387 3385 3386
f 3387 3386 3388
f 3389 3387 3388
f 3389 3388 3390
f 3391 3389 3390
f 3391 3390 3392
f 3393 3391 3392
f 3393 3392 3394
f 3395 3393 3394
f 3395 3394 3396
f 3397 3395 3396
f 3397 3396 3398
f 3399 3397 3398
f 3399 3398 3400
f 3401 3399 3400
f 3401 3400 3402
f 3403 3401 3402
f 3403 3402 3404
f 3405 3403 3404
f 3405 3404 3406
f 3407 3405 3406
f 3407 3406 3408
f 3409 3407 3408
f 3409 3408 3410
f 3411 3409 3410
f 3411 3410 3412
f 3413 3411 3412
f 3413 3412 3414
f 3415 3413 3414
f 3415 3414 3416
f 3417 3415 3416
f 3417 3416 3418
f 3419 3417 3418
f 3419 3418 3420
f 3421 3419 3420
f 3421 3420 3422
f 3423 3421 3422
f 3423 3422 3424
f 3425 3311 3312
f 3425 3312 3426
f 3427 3425 3426
f 3427 3426 3428
f 3429 3427 3428
f 3429 3428 3430
f 3431 3429 3430
f 3431 3430 3432
f 3433 3431 3432
f 3433 3432 3434
f 3435 3433 3434
f 3435 3434 3436
f 3437 3435 3436
f 3437 3436 3438
f 3439 3437 3438
f 3439 3438 3440
f 3441 3439 3440
f 3441 3440 3442
f 3443 3441 3442
f 3443 3442 3444
f 3445 3443 3444
f 3445 3444 3446
f 3447 3445 3446
f 3447 3446 3448
f 3449 3447 3448
f 3449 3448 3450
f 3451 3449 3450
f 3451 3450 3452
f 3453 3451 3452
f 3453 3452 3454
f 3455 3453 3454
f 3455 3454 3456
f 3457 3455 3456
f 3457 3456 3458
f 3459 3457 3458
f 3459 3458 3460
f 3461 3459 3460
f 3461 3460 3462
f 3463 3461 3462
f 3463 3462 3464
f 3465 3463 3464
f 3465 3464 3466
f 3467 3465 3466
f 3467 3466 3468
f 3469 3467 3468
f 3469 3468 3470
f 3471 3469 3470
f 3471 3470 3472
f 3473 3471 3472
f 3473 3472 3474
f 3475 3473 3474
f 3475 3474 3476
f 3477 3475 3476
f 3477 3476 3478
f 3477 3478 3479
f 3480 3477 3479
f 3481 3480 3479
f 3481 3479 3482
f 3483 3481 3482
f 3483 3482 3484
f 3485 3483 3484
f 3485 3484 3486
f 3487 3485 3486
f 3487 3486 3488
f 3489 3487 3488
f 3489 3488 3490
f 3491 3489 3490
f 3491 3490 3492
f 3493 3491 3492
f 3493 3492 3494
f 3495 3493 3494
f 3495 3494 3496
f 3497 3495 3496
f 3497 3496 3498
f 3499 3497 3498
f 3499 3498 3500
f 3501 3499 3500
f 3501 3500 3502
f 3503 3501 3502
f 3503 3502 3504
f 3505 3503 3504
f 3505 3504 3506
f 3507 3505 3506
f 3507 3506 3508
f 3509 3507 3508
f 3509 3508 3510
f 3511 3509 3510
f 3511 3510 3512
f 3513 3511 3512
f 3513 3512 3514
f 3515 3513 3514
f 3515 3514 3516
f 3517 3515 3516
f 3517 3516 3518
f 3519 3517 3518
f 3519 3518 3520
f 3521 3519 3520
f 3521 3520 3522
f 3523 3521 3522
f 3523 3522 3524
f 3525 3523 3524
f 3525 3524 3526
f 3527 3525 3526
f 3527 3526 3528
f 3529 3527 3528
f 3529 3528 3530
f 3531 3529 3530
f 3531 3530 3532
f 3533 3531 3532
f 3533 3532 3534
f 3535 3533 3534
f 3535 3534 3536
f 3537 3535 3536
f 3537 3536 3538
f 3539 3537 3538
f 3539 3538 3540
f 3541 3539 3540
f 3541 3540 3542
f 3541 3542 3543
f 3544 3541 3543
f 3544 3543 3545
f 3546 3544 3545
f 3547 3546 3545
f 3547 3545 3548
f 3549 3547 3548
f 3549 3548 3550
f 3551 3549 3550
f 3551 3550 3552
f 3553 3551 3552
f 3553 3552 3554
f 3555 3553 3554
f 3555 3554 3556
f 3557 3555 3556
f 3557 3556 3558
f 3559 3557 3558
f 3559 3558 3560
f 3561 3559 3560
f 3561 3560 3562
f 3563 3561 3562
f 3563 3562 3564
f 3565 3563 3564
f 3565 3564 3566
f 3567 3565 3566
f 3567 3566 3568
f 3569 3567 3568
f 3569 3568 3570
f 3571 3569 3570
f 3571 3570 3572
f 3573 3571 3572
f 3573 3572 3574
f 3575 3573 3574
f 3575 3574 3576
f 3577 3575 3576
f 3577 3576 3578
f 3579 3577 3578
f 3579 3578 3580
f 3581 3579 3580
f 3581 3580 3582
f 3583 3581 3582
f 3583 3582 3584
f 3585 3583 3584
f 3585 3584 3586
f 3587 3585 3586
f 3587 3586 3588
f 3589 3587 3588
f 3589 3588 3590
f 3591 3589 3590
f 3591 3590 3592
f 3593 3591 3592
f 3593 3592 3594
f 3595 3593 3594
f 3595 3594 3596
f 3597 3595 3596
f 3597 3596 3598
f 3599 3597 3598
f 3599 3598 3600
f 3601 3599 3600
f 3601 3600 3602
f 3603 3601 3602
f 3603 3602 3604
f 3603 3604 3605
f 3606 3603 3605
f 3606 3605 3607
f 3608 3606 3607
f 3608 3607 3609
f 3610 3608 3609
f 3610 3609 3611
f 3612 3610 3611
f 3612 3611 3613
f 3614 3612 3613
f 3614 3613 3615
f 3616 3614 3615
f 3616 3615 3617
f 3618 3616 3617
f 3618 3617 3619
f 3620 3618 3619
f 3620 3619 3621
f 3622 3620 3621
f 3622 3621 3623
f 3624 3622 3623
f 3624 3623 3625
f 3626 3624 3625
f 3626 3625 3627
f 3628 3626 3627
f 3628 3627 3629
f 3630 3628 3629
f 3630 3629 3631
f 3632 3630 3631
f 3632 3631 3633
f 3634 3632 3633
f 3634 3633 3635
f 3636 3634 3635
f 3636 3635 3637
f 3638 3636 3637
f 3638 3637 3639
f 3640 3638 3639
f 3640 3639 3641
f 3642 3640 3641
f 3642 3641 3643
f 3644 3642 3643
f 3644 3643 3645
f 3646 3644 3645
f 3646 3645 3647
f 3648 3646 3647
f 3648 3647 3649
f 3650 3648 3649
f 3650 3649 3651
f 3652 3650 3651
f 3652 3651 3653
f 3654 3652 3653
f 3654 3653 3655
f 3656 3654 3655
f 3656 3655 3657
f 3658 3656 3657
f 3658 3657 3659
f 3660 3658 3659
f 3660 3659 3661
f 3662 3660 3661
f 3662 3661 3663
f 3664 3662 3663
f 3664 3663 3665
f 3666 3664 3665
f 3423 3424 3667
f 3423 3667 3668
f 3423 3668 3669
f 3423 3669 3670
f 3423 3670 3671
f 3423 3671 3672
f 3423 3672 3673
f 3423 3673 3674
f 3423 3674 3675
f 3423 3675 3676
f 3423 3676 3677
f 3423 3677 3678
f 3423 3678 3679
f 3423 3679 3680
f 3423 3680 3681
f 3423 3681 3682
f 3423 3682 3683
f 3665 3423 3683
f 3665 3683 3684
f 3665 3684 3685
f 3665 3685 3686
f 3665 3686 3687
f 3665 3687 3688
f 3665 3688 3689
f 3665 3689 3690
f 3665 3690 3691
f 3665 3691 3692
f 3665 3692 3693
f 3665 3693 3694
f 3665 3694 3695
f 3665 3695 3696
f 3665 3696 3697
f 3665 3697 3698
f 3666 3665 3698
f 3477 3480 3067
f 3067 3480 3070
f 3475 3477 3065
f 3065 3477 3067
f 3473 3475 3063
f 3063 3475 3065
f 3471 3473 3061
f 3061 3473 3063
f 3469 3471 3059
f 3059 3471 3061
f 3467 3469 3057
f 3057 3469 3059
f 3465 3467 3055
f 3055 3467 3057
f 3463 3465 3053
f 3053 3465 3055
f 3461 3463 3051
f 3051 3463 3053
f 3459 3461 3049
f 3049 3461 3051
f 3457 3459 3047
f 3047 3459 3049
f 3455 3457 3045
f 3045 3457 3047
f 3453 3455 3043
f 3043 3455 3045
f 3451 3453 3041
f 3041 3453 3043
f 3449 3451 3039
f 3039 3451 3041
f 3447 3449 3037
f 3037 3449 3039
f 3445 3447 3035
f 3035 3447 3037
f 3443 3445 3033
f 3033 3445 3035
f 3441 3443 3031
f 3031 3443 3033
f 3439 3441 3029
f 3029 3441 3031
f 3437 3439 3027
f 3027 3439 3029
f 3435 3437 3025
f 3025 3437 3027
f 3433 3435 3023
f 3023 3435 3025
f 3431 3433 3021
f 3021 3433 3023
f 3429 3431 3019
f 3019 3431 3021
f 3427 3429 3017
f 3017 3429 3019
f 3425 3427 3015
f 3015 3427 3017
f 3311 3425 2901
f 2901 3425 3015
f 3309 3311 2899
f 2899 3311 2901
f 3307 3309 2897
f 2897 3309 2899
f 3305 3307 2895
f 2895 3307 2897
f 3303 3305 2893
f 2893 3305 2895
f 3294 3303 2884
f 2884 3303 2893
f 3292 3294 2882
f 2882 3294 2884
f 3289 3292 2881
f 2881 3292 2882
f 3296 3289 2886
f 2886 3289 2881
f 3297 3296 2887
f 2887 3296 2886
f 3299 3297 2889
f 2889 3297 2887
f 3301 3299 2891
f 2891 3299 2889
f 3313 3301 2903
f 2903 3301 2891
f 3315 3313 2905
f 2905 3313 2903
f 3317 3315 2907
f 2907 3315 2905
f 3319 3317 2909
f 2909 3317 2907
f 3321 3319 2911
f 2911 3319 2909
f 3323 3321 2913
f 2913 3321 2911
f 3325 3323 2915
f 2915 3323 2913
f 3327 3325 2917
f 2917 3325 2915
f 3329 3327 2919
f 2919 3327 2917
f 3331 3329 2921
f 2921 3329 2919
f 3333 3331 2923
f 2923 3331 2921
f 3335 3333 2925
f 2925 3333 2923
f 3337 3335 2927
f 2927 3335 2925
f 3339 3337 2929
f 2929 3337 2927
f 3341 3339 2931
f 2931 3339 2929
f 3343 3341 2933
f 2933 3341 2931
f 3345 3343 2935
f 2935 3343 2933
f 3347 3345 2937
f 2937 3345 2935
f 3349 3347 2939
f 2939 3347 2937
f 3351 3349 2941
f 2941 3349 2939
f 3353 3351 2943
f 2943 3351 2941
f 3355 3353 2945
f 2945 3353 2943
f 3357 3355 2947
f 2947 3355 2945
f 3359 3357 2949
f 2949 3357 2947
f 3361 3359 2951
f 2951 3359 2949
f 3363 3361 2953
f 2953 3361 2951
f 3366 3363 2956
f 2956 3363 2953
f 3368 3366 2958
f 2958 3366 2956
f 3370 3368 2960
f 2960 3368 2958
f 3372 3370 2962
f 2962 3370 2960
f 3374 3372 2964
f 2964 3372 2962
f 3376 3374 2966
f 2966 3374 2964
f 3378 3376 2968
f 2968 3376 2966
f 3380 3378 2970
f 2970 3378 2968
f 3382 3380 2972
f 2972 3380 2970
f 3384 3382 2974
f 2974 3382 2972
f 3386 3384 2976
f 2976 3384 2974
f 3388 3386 2978
f 2978 3386 2976
f 3390 3388 2980
f 2980 3388 2978
f 3392 3390 2982
f 2982 3390 2980
f 3394 3392 2984
f 2984 3392 2982
f 3396 3394 2986
f 2986 3394 2984
f 3398 3396 2988
f 2988 3396 2986
f 3400 3398 2990
f 2990 3398 2988
f 3402 3400 2992
f 2992 3400 2990
f 3404 3402 2994
f 2994 3402 2992
f 3406 3404 2996
f 2996 3404 2994
f 3408 3406 2998
f 2998 3406 2996
f 3410 3408 3000
f 3000 3408 2998
f 3412 3410 3002
f 3002 3410 3000
f 3414 3412 3004
f 3004 3412 3002
f 3416 3414 3006
f 3006 3414 3004
f 3418 3416 3008
f 3008 3416 3006
f 3420 3418 3010
f 3010 3418 3008
f 3422 3420 3012
f 3012 3420 3010
f 3424 3422 3014
f 3014 3422 3012
f 3667 3424 3257
f 3257 3424 3014
f 3668 3667 3258
f 3258 3667 3257
f 3669 3668 3259
f 3259 3668 3258
f 3670 3669 3260
f 3260 3669 3259
f 3671 3670 3261
f 3261 3670 3260
f 3672 3671 3262
f 3262 3671 3261
f 3673 3672 3263
f 3263 3672 3262
f 3674 3673 3264
f 3264 3673 3263
f 3675 3674 3265
f 3265 3674 3264
f 3676 3675 3266
f 3266 3675 3265
f 3677 3676 3267
f 3267 3676 3266
f 3678 3677 3268
f 3268 3677 3267
f 3679 3678 3269
f 3269 3678 3268
f 3680 3679 3270
f 3270 3679 3269
f 3681 3680 3271
f 3271 3680 3270
f 3682 3681 3272
f 3272 3681 3271
f 3683 3682 3273
f 3273 3682 3272
f 3684 3683 3274
f 3274 3683 3273
f 3685 3684 3275
f 3275 3684 3274
f 3686 3685 3276
f 3276 3685 3275
f 3687 3686 3277
f 3277 3686 3276
f 3688 3687 3278
f 3278 3687 3277
f 3689 3688 3279
f 3279 3688 3278
f 3690 3689 3280
f 3280 3689 3279
f 3691 3690 3281
f 3281 3690 3280
f 3692 3691 3282
f 3282 3691 3281
f 3693 3692 3283
f 3283 3692 3282
f 3694 3693 3284
f 3284 3693 3283
f 3695 3694 3285
f 3285 3694 3284
f 3696 3695 3286
f 3286 3695 3285
f 3697 3696 3287
f 3287 3696 3286
f 3698 3697 3288
f 3288 3697 3287
f 3666 3698 3256
f 3256 3698 3288
f 3664 3666 3254
f 3254 3666 3256
f 3662 3664 3252
f 3252 3664 3254
f 3660 3662 3250
f 3250 3662 3252
f 3658 3660 3248
f 3248 3660 3250
f 3656 3658 3246
f 3246 3658 3248
f 3654 3656 3244
f 3244 3656 3246
f 3652 3654 3242
f 3242 3654 3244
f 3650 3652 3240
f 3240 3652 3242
f 3648 3650 3238
f 3238 3650 3240
f 3646 3648 3236
f 3236 3648 3238
f 3644 3646 3234
f 3234 3646 3236
f 3642 3644 3232
f 3232 3644 3234
f 3640 3642 3230
f 3230 3642 3232
f 3638 3640 3228
f 3228 3640 3230
f 3636 3638 3226
f 3226 3638 3228
f 3634 3636 3224
f 3224 3636 3226
f 3632 3634 3222
f 3222 3634 3224
f 3630 3632 3220
f 3220 3632 3222
f 3628 3630 3218
f 3218 3630 3220
f 3626 3628 3216
f 3216 3628 3218
f 3624 3626 3214
f 3214 3626 3216
f 3622 3624 3212
f 3212 3624 3214
f 3620 3622 3210
f 3210 3622 3212
f 3618 3620 3208
f 3208 3620 3210
f 3616 3618 3206
f 3206 3618 3208
f 3614 3616 3204
f 3204 3616 3206
f 3612 3614 3202
f 3202 3614 3204
f 3610 3612 3200
f 3200 3612 3202
f 3608 3610 3198
f 3198 3610 3200
f 3606 3608 3196
f 3196 3608 3198
f 3603 3606 3193
f 3193 3606 3196
f 3601 3603 3191
f 3191 3603 3193
f 3599 3601 3189
f 3189 3601 3191
f 3597 3599 3187
f 3187 3599 3189
f 3595 3597 3185
f 3185 3597 3187
f 3593 3595 3183
f 3183 3595 3185
f 3591 3593 3181
f 3181 3593 3183
f 3589 3591 3179
f 3179 3591 3181
f 3587 3589 3177
f 3177 3589 3179
f 3585 3587 3175
f 3175 3587 3177
f 3583 3585 3173
f 3173 3585 3175
f 3581 3583 3171
f 3171 3583 3173
f 3579 3581 3169
f 3169 3581 3171
f 3577 3579 3167
f 3167 3579 3169
f 3575 3577 3165
f 3165 3577 3167
f 3573 3575 3163
f 3163 3575 3165
f 3571 3573 3161
f 3161 3573 3163
f 3569 3571 3159
f 3159 3571 3161
f 3567 3569 3157
f 3157 3569 3159
f 3565 3567 3155
f 3155 3567 3157
f 3563 3565 3153
f 3153 3565 3155
f 3561 3563 3151
f 3151 3563 3153
f 3559 3561 3149
f 3149 3561 3151
f 3557 3559 3147
f 3147 3559 3149
f 3555 3557 3145
f 3145 3557 3147
f 3553 3555 3143
f 3143 3555 3145
f 3551 3553 3141
f 3141 3553 3143
f 3549 3551 3139
f 3139 3551 3141
f 3547 3549 3137
f 3137 3549 3139
f 3546 3547 3136
f 3136 3547 3137
f 3544 3546 3134
f 3134 3546 3136
f 3541 3544 3131
f 3131 3544 3134
f 3539 3541 3129
f 3129 3541 3131
f 3537 3539 3127
f 3127 3539 3129
f 3535 3537 3125
f 3125 3537 3127
f 3533 3535 3123
f 3123 3535 3125
f 3531 3533 3121
f 3121 3533 3123
f 3529 3531 3119
f 3119 3531 3121
f 3527 3529 3117
f 3117 3529 3119
f 3525 3527 3115
f 3115 3527 3117
f 3523 3525 3113
f 3113 3525 3115
f 3521 3523 3111
f 3111 3523 3113
f 3519 3521 3109
f 3109 3521 3111
f 3517 3519 3107
f 3107 3519 3109
f 3515 3517 3105
f 3105 3517 3107
f 3513 3515 3103
f 3103 3515 3105
f 3511 3513 3101
f 3101 3513 3103
f 3509 3511 3099
f 3099 3511 3101
f 3507 3509 3097
f 3097 3509 3099
f 3505 3507 3095
f 3095 3507 3097
f 3503 3505 3093
f 3093 3505 3095
f 3501 3503 3091
f 3091 3503 3093
f 3499 3501 3089
f 3089 3501 3091
f 3497 3499 3087
f 3087 3499 3089
f 3495 3497 3085
f 3085 3497 3087
f 3493 3495 3083
f 3083 3495 3085
f 3491 3493 3081
f 3081 3493 3083
f 3489 3491 3079
f 3079 3491 3081
f 3487 3489 3077
f 3077 3489 3079
f 3485 3487 3075
f 3075 3487 3077
f 3483 3485 3073
f 3073 3485 3075
f 3480 3481 3070
f 3070 3481 3071
f 3481 3483 3071
f 3071 3483 3073
f 3478 3476 3068
f 3068 3476 3066
f 3479 3478 3069
f 3069 3478 3068
f 3482 3479 3072
f 3072 3479 3069
f 3484 3482 3074
f 3074 3482 3072
f 3486 3484 3076
f 3076 3484 3074
f 3488 3486 3078
f 3078 3486 3076
f 3490 3488 3080
f 3080 3488 3078
f 3492 3490 3082
f 3082 3490 3080
f 3494 3492 3084
f 3084 3492 3082
f 3496 3494 3086
f 3086 3494 3084
f 3498 3496 3088
f 3088 3496 3086
f 3500 3498 3090
f 3090 3498 3088
f 3502 3500 3092
f 3092 3500 3090
f 3504 3502 3094
f 3094 3502 3092
f 3506 3504 3096
f 3096 3504 3094
f 3508 3506 3098
f 3098 3506 3096
f 3510 3508 3100
f 3100 3508 3098
f 3512 3510 3102
f 3102 3510 3100
f 3514 3512 3104
f 3104 3512 3102
f 3516 3514 3106
f 3106 3514 3104
f 3518 3516 3108
f 3108 3516 3106
f 3520 3518 3110
f 3110 3518 3108
f 3522 3520 3112
f 3112 3520 3110
f 3524 3522 3114
f 3114 3522 3112
f 3526 3524 3116
f 3116 3524 3114
f 3528 3526 3118
f 3118 3526 3116
f 3530 3528 3120
f 3120 3528 3118
f 3532 3530 3122
f 3122 3530 3120
f 3534 3532 3124
f 3124 3532 3122
f 3536 3534 3126
f 3126 3534 3124
f 3538 3536 3128
f 3128 3536 3126
f 3540 3538 3130
f 3130 3538 3128
f 3542 3540 3132
f 3132 3540 3130
f 3543 3542 3133
f 3133 3542 3132
f 3545 3543 3135
f 3135 3543 3133
f 3548 3545 3138
f 3138 3545 3135
f 3550 3548 3140
f 3140 3548 3138
f 3552 3550 3142
f 3142 3550 3140
f 3554 3552 3144
f 3144 3552 3142
f 3556 3554 3146
f 3146 3554 3144
f 3558 3556 3148
f 3148 3556 3146
f 3560 3558 3150
f 3150 3558 3148
f 3562 3560 3152
f 3152 3560 3150
f 3564 3562 3154
f 3154 3562 3152
f 3566 3564 3156
f 3156 3564 3154
f 3568 3566 3158
f 3158 3566 3156
f 3570 3568 3160
f 3160 3568 3158
f 3572 3570 3162
f 3162 3570 3160
f 3574 3572 3164
f 3164 3572 3162
f 3576 3574 3166
f 3166 3574 3164
f 3578 3576 3168
f 3168 3576 3166
f 3580 3578 3170
f 3170 3578 3168
f 3582 3580 3172
f 3172 3580 3170
f 3584 3582 3174
f 3174 3582 3172
f 3586 3584 3176
f 3176 3584 3174
f 3588 3586 3178
f 3178 3586 3176
f 3590 3588 3180
f 3180 3588 3178
f 3592 3590 3182
f 3182 3590 3180
f 3594 3592 3184
f 3184 3592 3182
f 3596 3594 3186
f 3186 3594 3184
f 3598 3596 3188
f 3188 3596 3186
f 3600 3598 3190
f 3190 3598 3188
f 3602 3600 3192
f 3192 3600 3190
f 3604 3602 3194
f 3194 3602 3192
f 3605 3604 3195
f 3195 3604 3194
f 3607 3605 3197
f 3197 3605 3195
f 3609 3607 3199
f 3199 3607 3197
f 3611 3609 3201
f 3201 3609 3199
f 3613 3611 3203
f 3203 3611 3201
f 3615 3613 3205
f 3205 3613 3203
f 3617 3615 3207
f 3207 3615 3205
f 3619 3617 3209
f 3209 3617 3207
f 3621 3619 3211
f 3211 3619 3209
f 3623 3621 3213
f 3213 3621 3211
f 3625 3623 3215
f 3215 3623 3213
f 3627 3625 3217
f 3217 3625 3215
f 3629 3627 3219
f 3219 3627 3217
f 3631 3629 3221
f 3221 3629 3219
f 3633 3631 3223
f 3223 3631 3221
f 3635 3633 3225
f 3225 3633 3223
f 3637 3635 3227
f 3227 3635 3225
f 3639 3637 3229
f 3229 3637 3227
f 3641 3639 3231
f 3231 3639 3229
f 3643 3641 3233
f 3233 3641 3231
f 3645 3643 3235
f 3235 3643 3233
f 3647 3645 3237
f 3237 3645 3235
f 3649 3647 3239
f 3239 3647 3237
f 3651 3649 3241
f 3241 3649 3239
f 3653 3651 3243
f 3243 3651 3241
f 3655 3653 3245
f 3245 3653 3243
f 3657 3655 3247
f 3247 3655 3245
f 3659 3657 3249
f 3249 3657 3247
f 3661 3659 3251
f 3251 3659 3249
f 3663 3661 3253
f 3253 3661 3251
f 3665 3663 3255
f 3255 3663 3253
f 3423 3665 3013
f 3013 3665 3255
f 3421 3423 3011
f 3011 3423 3013
f 3419 3421 3009
f 3009 3421 3011
f 3417 3419 3007
f 3007 3419 3009
f 3415 3417 3005
f 3005 3417 3007
f 3413 3415 3003
f 3003 3415 3005
f 3411 3413 3001
f 3001 3413 3003
f 3409 3411 2999
f 2999 3411 3001
f 3407 3409 2997
f 2997 3409 2999
f 3405 3407 2995
f 2995 3407 2997
f 3403 3405 2993
f 2993 3405 2995
f 3401 3403 2991
f 2991 3403 2993
f 3399 3401 2989
f 2989 3401 2991
f 3397 3399 2987
f 2987 3399 2989
f 3395 3397 2985
f 2985 3397 2987
f 3393 3395 2983
f 2983 3395 2985
f 3391 3393 2981
f 2981 3393 2983
f 3389 3391 2979
f 2979 3391 2981
f 3387 3389 2977
f 2977 3389 2979
f 3385 3387 2975
f 2975 3387 2977
f 3383 3385 2973
f 2973 3385 2975
f 3381 3383 2971
f 2971 3383 2973
f 3379 3381 2969
f 2969 3381 2971
f 3377 3379 2967
f 2967 3379 2969
f 3375 3377 2965
f 2965 3377 2967
f 3373 3375 2963
f 2963 3375 2965
f 3371 3373 2961
f 2961 3373 2963
f 3369 3371 2959
f 2959 3371 2961
f 3367 3369 2957
f 2957 3369 2959
f 3365 3367 2955
f 2955 3367 2957
f 3364 3365 2954
f 2954 3365 2955
f 3362 3364 2952
f 2952 3364 2954
f 3360 3362 2950
f 2950 3362 2952
f 3358 3360 2948
f 2948 3360 2950
f 3356 3358 2946
f 2946 3358 2948
f 3354 3356 2944
f 2944 3356 2946
f 3352 3354 2942
f 2942 3354 2944
f 3350 3352 2940
f 2940 3352 2942
f 3348 3350 2938
f 2938 3350 2940
f 3346 3348 2936
f 2936 3348 2938
f 3344 3346 2934
f 2934 3346 2936
f 3342 3344 2932
f 2932 3344 2934
f 3340 3342 2930
f 2930 3342 2932
f 3338 3340 2928
f 2928 3340 2930
f 3336 3338 2926
f 2926 3338 2928
f 3334 3336 2924
f 2924 3336 2926
f 3332 3334 2922
f 2922 3334 2924
f 3330 3332 2920
f 2920 3332 2922
f 3328 3330 2918
f 2918 3330 2920
f 3326 3328 2916
f 2916 3328 2918
f 3324 3326 2914
f 2914 3326 2916
f 3322 3324 2912
f 2912 3324 2914
f 3320 3322 2910
f 2910 3322 2912
f 3318 3320 2908
f 2908 3320 2910
f 3316 3318 2906
f 2906 3318 2908
f 3314 3316 2904
f 2904 3316 2906
f 3302 3314 2892
f 2892 3314 2904
f 3300 3302 2890
f 2890 3302 2892
f 3298 3300 2888
f 2888 3300 2890
f 3295 3298 2885
f 2885 3298 2888
f 3290 3295 2880
f 2880 3295 2885
f 3291 3290 2879
f 2879 3290 2880
f 3293 3291 2883
f 2883 3291 2879
f 3304 3293 2894
f 2894 3293 2883
f 3306 3304 2896
f 2896 3304 2894
f 3308 3306 2898
f 2898 3306 2896
f 3310 3308 2900
f 2900 3308 2898
f 3312 3310 2902
f 2902 3310 2900
f 3426 3312 3016
f 3016 3312 2902
f 3428 3426 3018
f 3018 3426 3016
f 3430 3428 3020
f 3020 3428 3018
f 3432 3430 3022
f 3022 3430 3020
f 3434 3432 3024
f 3024 3432 3022
f 3436 3434 3026
f 3026 3434 3024
f 3438 3436 3028
f 3028 3436 3026
f 3440 3438 3030
f 3030 3438 3028
f 3442 3440 3032
f 3032 3440 3030
f 3444 3442 3034
f 3034 3442 3032
f 3446 3444 3036
f 3036 3444 3034
f 3448 3446 3038
f 3038 3446 3036
f 3450 3448 3040
f 3040 3448 3038
f 3452 3450 3042
f 3042 3450 3040
f 3454 3452 3044
f 3044 3452 3042
f 3456 3454 3046
f 3046 3454 3044
f 3458 3456 3048
f 3048 3456 3046
f 3460 3458 3050
f 3050 3458 3048
f 3462 3460 3052
f 3052 3460 3050
f 3464 3462 3054
f 3054 3462 3052
f 3466 3464 3056
f 3056 3464 3054
f 3468 3466 3058
f 3058 3466 3056
f 3470 3468 3060
f 3060 3468 3058
f 3472 3470 3062
f 3062 3470 3060
f 3476 3474 3066
f 3066 3474 3064
f 3474 3472 3064
f 3064 3472 3062
f 3699 3700 3701
f 3699 3702 3700
f 3702 3703 3700
f 3702 3704 3703
f 3704 3705 3703
f 3704 3706 3705
f 3706 3707 3705
f 3706 3708 3707
f 3708 3709 3707
f 3708 3710 3709
f 3710 3711 3709
f 3710 3712 3711
f 3712 3713 3711
f 3712 3714 3713
f 3714 3715 3713
f 3714 3716 3715
f 3716 3717 3715
f 3716 3718 3717
f 3718 3719 3717
f 3718 3720 3719
f 3720 3721 3719
f 3720 3722 3721
f 3722 3723 3721
f 3722 3724 3723
f 3724 3725 3723
f 3724 3726 3725
f 3726 3727 3725
f 3726 3728 3727
f 3728 3729 3727
f 3728 3730 3729
f 3730 3731 3729
f 3730 3732 3731
f 3732 3733 3731
f 3732 3734 3733
f 3734 3735 3733
f 3734 3736 3735
f 3736 3737 3735
f 3736 3738 3737
f 3738 3739 3737
f 3738 3740 3739
f 3740 3741 3739
f 3740 3742 3741
f 3742 3743 3741
f 3742 3744 3743
f 3744 3745 3743
f 3744 3746 3745
f 3746 3747 3745
f 3746 3748 3747
f 3748 3749 3747
f 3748 3750 3749
f 3750 3751 3749
f 3750 3752 3751
f 3752 3753 3751
f 3752 3754 3753
f 3754 3755 3753
f 3754 3756 3755
f 3756 3757 3755
f 3756 3758 3757
f 3758 3759 3757
f 3758 3760 3759
f 3760 3761 3759
f 3760 3762 3761
f 3762 3763 3761
f 3762 3764 3763
f 3764 3765 3763
f 3764 3766 3765
f 3767 3768 3769
f 3768 3770 3769
f 3768 3771 3770
f 3771 3772 3770
f 3771 3773 3772
f 3773 3774 3772
f 3773 3775 3774
f 3775 3776 3774
f 3775 3777 3776
f 3777 3778 3776
f 3777 3779 3778
f 3779 3780 3778
f 3779 3781 3780
f 3781 3782 3780
f 3781 3783 3782
f 3783 3784 3782
f 3783 3785 3784
f 3785 3786 3784
f 3785 3787 3786
f 3787 3788 3786
f 3787 3789 3788
f 3789 3790 3788
f 3789 3791 3790
f 3791 3792 3790
f 3791 3793 3792
f 3793 3794 3792
f 3793 3795 3794
f 3795 3796 3794
f 3795 3797 3796
f 3797 3798 3796
f 3797 3799 3798
f 3799 3800 3798
f 3799 3801 3800
f 3801 3802 3800
f 3801 3803 3802
f 3803 3804 3802
f 3803 3805 3804
f 3805 3806 3804
f 3805 3807 3806
f 3807 3808 3806
f 3807 3809 3808
f 3809 3810 3808
f 3809 3811 3810
f 3811 3812 3810
f 3811 3813 3812
f 3813 3814 3812
f 3813 3815 3814
f 3815 3816 3814
f 3815 3817 3816
f 3817 3818 3816
f 3817 3819 3818
f 3819 3820 3818
f 3819 3821 3820
f 3821 3822 3820
f 3821 3823 3822
f 3823 3824 3822
f 3823 3825 3824
f 3825 3826 3824
f 3825 3827 3826
f 3827 3828 3826
f 3827 3829 3828
f 3829 3830 3828
f 3829 3831 3830
f 3831 3832 3830
f 3831 3833 3832
f 3833 3834 3832
f 3768 3767 3700
f 3700 3767 3701
f 3771 3768 3703
f 3703 3768 3700
f 3773 3771 3705
f 3705 3771 3703
f 3775 3773 3707
f 3707 3773 3705
f 3777 3775 3709
f 3709 3775 3707
f 3779 3777 3711
f 3711 3777 3709
f 3781 3779 3713
f 3713 3779 3711
f 3783 3781 3715
f 3715 3781 3713
f 3785 3783 3717
f 3717 3783 3715
f 3787 3785 3719
f 3719 3785 3717
f 3789 3787 3721
f 3721 3787 3719
f 3791 3789 3723
f 3723 3789 3721
f 3793 3791 3725
f 3725 3791 3723
f 3795 3793 3727
f 3727 3793 3725
f 3797 3795 3729
f 3729 3795 3727
f 3799 3797 3731
f 3731 3797 3729
f 3801 3799 3733
f 3733 3799 3731
f 3803 3801 3735
f 3735 3801 3733
f 3805 3803 3737
f 3737 3803 3735
f 3807 3805 3739
f 3739 3805 3737
f 3809 3807 3741
f 3741 3807 3739
f 3811 3809 3743
f 3743 3809 3741
f 3813 3811 3745
f 3745 3811 3743
f 3815 3813 3747
f 3747 3813 3745
f 3817 3815 3749
f 3749 3815 3747
f 3819 3817 3751
f 3751 3817 3749
f 3821 3819 3753
f 3753 3819 3751
f 3823 3821 3755
f 3755 3821 3753
f 3825 3823 3757
f 3757 3823 3755
f 3827 3825 3759
f 3759 3825 3757
f 3829 3827 3761
f 3761 3827 3759
f 3831 3829 3763
f 3763 3829 3761
f 3833 3831 3765
f 3765 3831 3763
f 3834 3833 3766
f 3766 3833 3765
f 3832 3834 3764
f 3764 3834 3766
f 3830 3832 3762
f 3762 3832 3764
f 3828 3830 3760
f 3760 3830 3762
f 3826 3828 3758
f 3758 3828 3760
f 3824 3826 3756
f 3756 3826 3758
f 3822 3824 3754
f 3754 3824 3756
f 3820 3822 3752
f 3752 3822 3754
f 3818 3820 3750
f 3750 3820 3752
f 3816 3818 3748
f 3748 3818 3750
f 3814 3816 3746
f 3746 3816 3748
f 3812 3814 3744
f 3744 3814 3746
f 3810 3812 3742
f 3742 3812 3744
f 3808 3810 3740
f 3740 3810 3742
f 3806 3808 3738
f 3738 3808 3740
f 3804 3806 3736
f 3736 3806 3738
f 3802 3804 3734
f 3734 3804 3736
f 3800 3802 3732
f 3732 3802 3734
f 3798 3800 3730
f 3730 3800 3732
f 3796 3798 3728
f 3728 3798 3730
f 3794 3796 3726
f 3726 3796 3728
f 3792 3794 3724
f 3724 3794 3726
f 3790 3792 3722
f 3722 3792 3724
f 3788 3790 3720
f 3720 3790 3722
f 3786 3788 3718
f 3718 3788 3720
f 3784 3786 3716
f 3716 3786 3718
f 3782 3784 3714
f 3714 3784 3716
f 3780 3782 3712
f 3712 3782 3714
f 3778 3780 3710
f 3710 3780 3712
f 3776 3778 3708
f 3708 3778 3710
f 3774 3776 3706
f 3706 3776 3708
f 3772 3774 3704
f 3704 3774 3706
f 3770 3772 3702
f 3702 3772 3704
f 3767 3769 3701
f 3701 3769 3699
f 3769 3770 3699
f 3699 3770 3702
f 3835 3836 3837
f 3838 3835 3837
f 3837 3836 3839
f 3839 3838 3837
f 3835 3840 3836
f 3841 3835 3838
f 3841 3840 3835
f 3836 3840 3839
f 3842 3838 3839
f 3839 3840 3842
f 3842 3841 3838
f 3840 3841 3842
f 3843 3844 3845
f 3846 3843 3845
f 3845 3844 3847
f 3847 3846 3845
f 3843 3848 3844
f 3849 3843 3846
f 3849 3848 3843
f 3844 3848 3847
f 3850 3846 3847
f 3847 3848 3850
f 3850 3849 3846
f 3848 3849 3850
f 3851 3852 3853
f 3854 3851 3853
f 3853 3852 3855
f 3855 3854 3853
f 3851 3856 3852
f 3857 3851 3854
f 3857 3856 3851
f 3852 3856 3855
f 3858 3854 3855
f 3855 3856 3858
f 3858 3857 3854
f 3856 3857 3858
f 3859 3860 3861
f 3862 3859 3861
f 3861 3860 3863
f 3863 3862 3861
f 3859 3864 3860
f 3865 3859 3862
f 3865 3864 3859
f 3860 3864 3863
f 3866 3862 3863
f 3863 3864 3866
f 3866 3865 3862
f 3864 3865 3866
f 3867 3868 3869
f 3870 3867 3869
f 3869 3868 3871
f 3871 3870 3869
f 3867 3872 3868
f 3873 3867 3870
f 3873 3872 3867
f 3868 3872 3871
f 3874 3870 3871
f 3871 3872 3874
f 3874 3873 3870
f 3872 3873 3874
f 3875 3876 3877
f 3878 3875 3877
f 3877 3876 3879
f 3879 3878 3877
f 3875 3880 3876
f 3881 3875 3878
f 3881 3880 3875
f 3876 3880 3879
f 3882 3878 3879
f 3879 3880 3882
f 3882 3881 3878
f 3880 3881 3882
f 3883 3884 3885
f 3883 3886 3884
f 3886 3887 3884
f 3886 3888 3887
f 3888 3889 3887
f 3888 3890 3889
f 3890 3891 3889
f 3890 3892 3891
f 3892 3893 3891
f 3892 3894 3893
f 3894 3895 3893
f 3894 3896 3895
f 3896 3897 3895
f 3896 3898 3897
f 3898 3899 3897
f 3898 3900 3899
f 3900 3901 3899
f 3900 3902 3901
f 3902 3903 3901
f 3902 3904 3903
f 3904 3905 3903
f 3904 3906 3905
f 3906 3907 3905
f 3906 3908 3907
f 3908 3909 3907
f 3908 3910 3909
f 3910 3911 3909
f 3910 3912 3911
f 3912 3913 3911
f 3912 3914 3913
f 3914 3915 3913
f 3914 3916 3915
f 3916 3917 3915
f 3916 3918 3917
f 3918 3919 3917
f 3918 3920 3919
f 3920 3921 3919
f 3920 3922 3921
f 3922 3923 3921
f 3922 3924 3923
f 3924 3925 3923
f 3924 3926 3925
f 3926 3927 3925
f 3926 3928 3927
f 3928 3929 3927
f 3928 3930 3929
f 3930 3931 3929
f 3930 3932 3931
f 3932 3933 3931
f 3932 3934 3933
f 3934 3935 3933
f 3934 3936 3935
f 3936 3937 3935
f 3936 3938 3937
f 3938 3939 3937
f 3938 3940 3939
f 3940 3941 3939
f 3940 3942 3941
f 3942 3943 3941
f 3942 3944 3943
f 3944 3945 3943
f 3944 3946 3945
f 3946 3947 3945
f 3946 3948 3947
f 3948 3949 3947
f 3948 3950 3949
f 3950 3951 3949
f 3950 3952 3951
f 3952 3953 3951
f 3952 3954 3953
f 3954 3955 3953
f 3954 3956 3955
f 3956 3957 3955
f 3956 3958 3957
f 3958 3959 3957
f 3958 3960 3959
f 3960 3961 3959
f 3960 3962 3961
f 3962 3963 3961
f 3962 3964 3963
f 3964 3965 3963
f 3964 3966 3965
f 3966 3967 3965
f 3966 3968 3967
f 3968 3969 3967
f 3968 3970 3969
f 3970 3971 3969
f 3970 3972 3971
f 3972 3973 3971
f 3972 3974 3973
f 3974 3975 3973
f 3974 3976 3975
f 3976 3977 3975
f 3976 3978 3977
f 3978 3979 3977
f 3978 3980 3979
f 3980 3981 3979
f 3980 3982 3981
f 3983 3984 3985
f 3984 3986 3985
f 3984 3987 3986
f 3987 3988 3986
f 3987 3989 3988
f 3989 3990 3988
f 3989 3991 3990
f 3991 3992 3990
f 3991 3993 3992
f 3993 3994 3992
f 3993 3995 3994
f 3995 3996 3994
f 3995 3997 3996
f 3997 3998 3996
f 3997 3999 3998
f 3999 4000 3998
f 3999 4001 4000
f 4001 4002 4000
f 4001 4003 4002
f 4003 4004 4002
f 4003 4005 4004
f 4005 4006 4004
f 4005 4007 4006
f 4007 4008 4006
f 4007 4009 4008
f 4009 4010 4008
f 4009 4011 4010
f 4011 4012 4010
f 4011 4013 4012
f 4013 4014 4012
f 4013 4015 4014
f 4015 4016 4014
f 4015 4017 4016
f 4017 4018 4016
f 4017 4019 4018
f 4019 4020 4018
f 4019 4021 4020
f 4021 4022 4020
f 4021 4023 4022
f 4023 4024 4022
f 4023 4025 4024
f 4025 4026 4024
f 4025 4027 4026
f 4027 4028 4026
f 4027 4029 4028
f 4029 4030 4028
f 4029 4031 4030
f 4031 4032 4030
f 4031 4033 4032
f 4033 4034 4032
f 4033 4035 4034
f 4035 4036 4034
f 4035 4037 4036
f 4037 4038 4036
f 4037 4039 4038
f 4039 4040 4038
f 4039 4041 4040
f 4041 4042 4040
f 4041 4043 4042
f 4043 4044 4042
f 4043 4045 4044
f 4045 4046 4044
f 4045 4047 4046
f 4047 4048 4046
f 4047 4049 4048
f 4049 4050 4048
f 4049 4051 4050
f 4051 4052 4050
f 4051 4053 4052
f 4053 4054 4052
f 4053 4055 4054
f 4055 4056 4054
f 4055 4057 4056
f 4057 4058 4056
f 4057 4059 4058
f 4059 4060 4058
f 4059 4061 4060
f 4061 4062 4060
f 4061 4063 4062
f 4063 4064 4062
f 4063 4065 4064
f 4065 4066 4064
f 4065 4067 4066
f 4067 4068 4066
f 4067 4069 4068
f 4069 4070 4068
f 4069 4071 4070
f 4071 4072 4070
f 4071 4073 4072
f 4073 4074 4072
f 4073 4075 4074
f 4075 4076 4074
f 4075 4077 4076
f 4077 4078 4076
f 4077 4079 4078
f 4079 4080 4078
f 4079 4081 4080
f 4081 4082 4080
f 3984 3983 3884
f 3884 3983 3885
f 3987 3984 3887
f 3887 3984 3884
f 3989 3987 3889
f 3889 3987 3887
f 3991 3989 3891
f 3891 3989 3889
f 3993 3991 3893
f 3893 3991 3891
f 3995 3993 3895
f 3895 3993 3893
f 3997 3995 3897
f 3897 3995 3895
f 3999 3997 3899
f 3899 3997 3897
f 4001 3999 3901
f 3901 3999 3899
f 4003 4001 3903
f 3903 4001 3901
f 4005 4003 3905
f 3905 4003 3903
f 4007 4005 3907
f 3907 4005 3905
f 4009 4007 3909
f 3909 4007 3907
f 4011 4009 3911
f 3911 4009 3909
f 4013 4011 3913
f 3913 4011 3911
f 4015 4013 3915
f 3915 4013 3913
f 4017 4015 3917
f 3917 4015 3915
f 4019 4017 3919
f 3919 4017 3917
f 4021 4019 3921
f 3921 4019 3919
f 4023 4021 3923
f 3923 4021 3921
f 4025 4023 3925
f 3925 4023 3923
f 4027 4025 3927
f 3927 4025 3925
f 4029 4027 3929
f 3929 4027 3927
f 4031 4029 3931
f 3931 4029 3929
f 4033 4031 3933
f 3933 4031 3931
f 4035 4033 3935
f 3935 4033 3933
f 4037 4035 3937
f 3937 4035 3935
f 4039 4037 3939
f 3939 4037 3937
f 4041 4039 3941
f 3941 4039 3939
f 4043 4041 3943
f 3943 4041 3941
f 4045 4043 3945
f 3945 4043 3943
f 4047 4045 3947
f 3947 4045 3945
f 4049 4047 3949
f 3949 4047 3947
f 4051 4049 3951
f 3951 4049 3949
f 4053 4051 3953
f 3953 4051 3951
f 4055 4053 3955
f 3955 4053 3953
f 4057 4055 3957
f 3957 4055 3955
f 4059 4057 3959
f 3959 4057 3957
f 4061 4059 3961
f 3961 4059 3959
f 4063 4061 3963
f 3963 4061 3961
f 4065 4063 3965
f 3965 4063 3963
f 4067 4065 3967
f 3967 4065 3965
f 4069 4067 3969
f 3969 4067 3967
f 4071 4069 3971
f 3971 4069 3969
f 4073 4071 3973
f 3973 4071 3971
f 4075 4073 3975
f 3975 4073 3973
f 4077 4075 3977
f 3977 4075 3975
f 4079 4077 3979
f 3979 4077 3977
f 4081 4079 3981
f 3981 4079 3979
f 4082 4081 3982
f 3982 4081 3981
f 4080 4082 3980
f 3980 4082 3982
f 4078 4080 3978
f 3978 4080 3980
f 4076 4078 3976
f 3976 4078 3978
f 4074 4076 3974
f 3974 4076 3976
f 4072 4074 3972
f 3972 4074 3974
f 4070 4072 3970
f 3970 4072 3972
f 4068 4070 3968
f 3968 4070 3970
f 4066 4068 3966
f 3966 4068 3968
f 4064 4066 3964
f 3964 4066 3966
f 4062 4064 3962
f 3962 4064 3964
f 4060 4062 3960
f 3960 4062 3962
f 4058 4060 3958
f 3958 4060 3960
f 4056 4058 3956
f 3956 4058 3958
f 4054 4056 3954
f 3954 4056 3956
f 4052 4054 3952
f 3952 4054 3954
f 4050 4052 3950
f 3950 4052 3952
f 4048 4050 3948
f 3948 4050 3950
f 4046 4048 3946
f 3946 4048 3948
f 4044 4046 3944
f 3944 4046 3946
f 4042 4044 3942
f 3942 4044 3944
f 4040 4042 3940
f 3940 4042 3942
f 4038 4040 3938
f 3938 4040 3940
f 4036 4038 3936
f 3936 4038 3938
f 4034 4036 3934
f 3934 4036 3936
f 4032 4034 3932
f 3932 4034 3934
f 4030 4032 3930
f 3930 4032 3932
f 4028 4030 3928
f 3928 4030 3930
f 4026 4028 3926
f 3926 4028 3928
f 4024 4026 3924
f 3924 4026 3926
f 4022 4024 3922
f 3922 4024 3924
f 4020 4022 3920
f 3920 4022 3922
f 4018 4020 3918
f 3918 4020 3920
f 4016 4018 3916
f 3916 4018 3918
f 4014 4016 3914
f 3914 4016 3916
f 4012 4014 3912
f 3912 4014 3914
f 4010 4012 3910
f 3910 4012 3912
f 4008 4010 3908
f 3908 4010 3910
f 4006 4008 3906
f 3906 4008 3908
f 4004 4006 3904
f 3904 4006 3906
f 4002 4004 3902
f 3902 4004 3904
f 4000 4002 3900
f 3900 4002 3902
f 3998 4000 3898
f 3898 4000 3900
f 3996 3998 3896
f 3896 3998 3898
f 3994 3996 3894
f 3894 3996 3896
f 3992 3994 3892
f 3892 3994 3894
f 3990 3992 3890
f 3890 3992 3892
f 3988 3990 3888
f 3888 3990 3890
f 3986 3988 3886
f 3886 3988 3888
f 3983 3985 3885
f 3885 3985 3883
f 3985 3986 3883
f 3883 3986 3886
f 4083 4084 4085
f 4083 4085 4086
f 4086 4085 4087
f 4086 4087 4088
f 4085 4084 4089
f 4085 4089 4087
f 4087 4089 4090
f 4087 4090 4088
f 4089 4084 4091
f 4089 4091 4090
f 4090 4091 4092
f 4090 4092 4088
f 4091 4084 4093
f 4091 4093 4092
f 4092 4093 4094
f 4092 4094 4088
f 4093 4084 4095
f 4093 4095 4094
f 4094 4095 4096
f 4094 4096 4088
f 4095 4084 4097
f 4095 4097 4096
f 4096 4097 4098
f 4096 4098 4088
f 4097 4084 4099
f 4097 4099 4098
f 4098 4099 4100
f 4098 4100 4088
f 4099 4084 4101
f 4099 4101 4100
f 4100 4101 4102
f 4100 4102 4088
f 4101 4084 4103
f 4101 4103 4102
f 4102 4103 4104
f 4102 4104 4088
f 4103 4084 4105
f 4103 4105 4104
f 4104 4105 4106
f 4104 4106 4088
f 4105 4084 4107
f 4105 4107 4106
f 4106 4107 4108
f 4106 4108 4088
f 4107 4084 4109
f 4107 4109 4108
f 4108 4109 4110
f 4108 4110 4088
f 4109 4084 4111
f 4109 4111 4110
f 4110 4111 4112
f 4110 4112 4088
f 4111 4084 4113
f 4111 4113 4112
f 4112 4113 4114
f 4112 4114 4088
f 4113 4084 4115
f 4113 4115 4114
f 4114 4115 4116
f 4114 4116 4088
f 4115 4084 4117
f 4115 4117 4116
f 4116 4117 4118
f 4116 4118 4088
f 4117 4084 4119
f 4117 4119 4118
f 4118 4119 4120
f 4118 4120 4088
f 4119 4084 4121
f 4119 4121 4120
f 4120 4121 4122
f 4120 4122 4088
f 4121 4084 4123
f 4121 4123 4122
f 4122 4123 4124
f 4122 4124 4088
f 4123 4084 4125
f 4123 4125 4124
f 4124 4125 4126
f 4124 4126 4088
f 4125 4084 4127
f 4125 4127 4126
f 4126 4127 4128
f 4126 4128 4088
f 4127 4084 4129
f 4127 4129 4128
f 4128 4129 4130
f 4128 4130 4088
f 4129 4084 4131
f 4129 4131 4130
f 4130 4131 4132
f 4130 4132 4088
f 4131 4084 4133
f 4131 4133 4132
f 4132 4133 4134
f 4132 4134 4088
f 4133 4084 4135
f 4133 4135 4134
f 4134 4135 4136
f 4134 4136 4088
f 4135 4084 4137
f 4135 4137 4136
f 4136 4137 4138
f 4136 4138 4088
f 4137 4084 4139
f 4137 4139 4138
f 4138 4139 4140
f 4138 4140 4088
f 4139 4084 4141
f 4139 4141 4140
f 4140 4141 4142
f 4140 4142 4088
f 4141 4084 4143
f 4141 4143 4142
f 4142 4143 4144
f 4142 4144 4088
f 4143 4084 4145
f 4143 4145 4144
f 4144 4145 4146
f 4144 4146 4088
f 4145 4084 4147
f 4145 4147 4146
f 4146 4147 4148
f 4146 4148 4088
f 4147 4084 4083
f 4147 4083 4148
f 4148 4083 4086
f 4148 4086 4088
f 4149 4150 4151
f 4149 4151 4152
f 4152 4151 4153
f 4152 4153 4084
f 4151 4150 4154
f 4151 4154 4153
f 4153 4154 4155
f 4153 4155 4084
f 4154 4150 4156
f 4154 4156 4155
f 4155 4156 4157
f 4155 4157 4084
f 4156 4150 4158
f 4156 4158 4157
f 4157 4158 4159
f 4157 4159 4084
f 4158 4150 4160
f 4158 4160 4159
f 4159 4160 4161
f 4159 4161 4084
f 4160 4150 4162
f 4160 4162 4161
f 4161 4162 4163
f 4161 4163 4084
f 4162 4150 4164
f 4162 4164 4163
f 4163 4164 4165
f 4163 4165 4084
f 4164 4150 4166
f 4164 4166 4165
f 4165 4166 4167
f 4165 4167 4084
f 4166 4150 4168
f 4166 4168 4167
f 4167 4168 4169
f 4167 4169 4084
f 4168 4150 4170
f 4168 4170 4169
f 4169 4170 4171
f 4169 4171 4084
f 4170 4150 4172
f 4170 4172 4171
f 4171 4172 4173
f 4171 4173 4084
f 4172 4150 4174
f 4172 4174 4173
f 4173 4174 4175
f 4173 4175 4084
f 4174 4150 4176
f 4174 4176 4175
f 4175 4176 4177
f 4175 4177 4084
f 4176 4150 4178
f 4176 4178 4177
f 4177 4178 4179
f 4177 4179 4084
f 4178 4150 4180
f 4178 4180 4179
f 4179 4180 4181
f 4179 4181 4084
f 4180 4150 4182
f 4180 4182 4181
f 4181 4182 4183
f 4181 4183 4084
f 4182 4150 4184
f 4182 4184 4183
f 4183 4184 4185
f 4183 4185 4084
f 4184 4150 4186
f 4184 4186 4185
f 4185 4186 4187
f 4185 4187 4084
f 4186 4150 4188
f 4186 4188 4187
f 4187 4188 4189
f 4187 4189 4084
f 4188 4150 4190
f 4188 4190 4189
f 4189 4190 4191
f 4189 4191 4084
f 4190 4150 4192
f 4190 4192 4191
f 4191 4192 4193
f 4191 4193 4084
f 4192 4150 4194
f 4192 4194 4193
f 4193 4194 4195
f 4193 4195 4084
f 4194 4150 4196
f 4194 4196 4195
f 4195 4196 4197
f 4195 4197 4084
f 4196 4150 4198
f 4196 4198 4197
f 4197 4198 4199
f 4197 4199 4084
f 4198 4150 4200
f 4198 4200 4199
f 4199 4200 4201
f 4199 4201 4084
f 4200 4150 4202
f 4200 4202 4201
f 4201 4202 4203
f 4201 4203 4084
f 4202 4150 4204
f 4202 4204 4203
f 4203 4204 4205
f 4203 4205 4084
f 4204 4150 4206
f 4204 4206 4205
f 4205 4206 4207
f 4205 4207 4084
f 4206 4150 4208
f 4206 4208 4207
f 4207 4208 4209
f 4207 4209 4084
f 4208 4150 4210
f 4208 4210 4209
f 4209 4210 4211
f 4209 4211 4084
f 4210 4150 4212
f 4210 4212 4211
f 4211 4212 4213
f 4211 4213 4084
f 4212 4150 4149
f 4212 4149 4213
f 4213 4149 4152
f 4213 4152 4084
f 4357 4358 4359
f 4357 4360 4358
f 4358 4360 4377
f 4360 4361 4377
f 4361 4371 4377
f 4357 4359 4363
f 4358 4364 4359
f 4357 4362 4360
f 4359 4364 4363
f 4357 4363 4362
f 4362 4363 4364
f 4362 4364 4365
f 4358 4380 4364
f 4364 4380 4365
f 4360 4362 4365
f 4360 4365 4361
f 4361 4366 4371
f 4361 4365 4366
f 4366 4380 4376
f 4365 4380 4366
f 4368 4374 4369
f 4367 4371 4376
f 4367 4372 4370
f 4370 4372 4373
f 4367 4376 4372
f 4368 4373 4374
f 4369 4374 4375
f 4368 4370 4373
f 4366 4376 4371
f 4372 4376 4521
f 4376 4534 4520
f 4371 4378 4377
f 4379 4531 4396
f 4358 4377 4380
f 4376 4380 4381
f 4381 4382 4376
f 4377 4378 4381
f 4356 4378 4379
f 4377 4381 4380
f 4356 4381 4378
f 4356 4379 4391
f 4356 4384 4381
f 4356 4391 4384
f 4381 4383 4382
f 4381 4384 4383
f 4378 4532 4379
f 4396 4531 4602
f 4378 4533 4532
f 4379 4532 4531
f 4376 4382 4385
f 4376 4386 4534
f 4376 4385 4386
f 4385 4388 4386
f 4385 4387 4388
f 4389 4392 4396
f 4389 4390 4393
f 4391 4396 4392
f 4389 4393 4392
f 4390 4394 4393
f 4393 4394 4412
f 4394 4395 4412
f 4389 4396 4603
f 4389 4606 4390
f 4390 4607 4397
f 4397 4608 4398
f 4379 4396 4391
f 4391 4392 4416
f 4392 4393 4400
f 4393 4410 4400
f 4392 4400 4401
f 4392 4401 4403
f 4392 4403 4404
f 4391 4414 4384
f 4391 4416 4414
f 4392 4423 4416
f 4392 4404 4423
f 4404 4405 4422
f 4390 4397 4394
f 4395 4397 4398
f 4398 4454 4411
f 4393 4409 4408
f 4393 4408 4410
f 4393 4412 4409
f 4394 4397 4395
f 4398 4411 4412
f 4395 4398 4412
f 4396 4602 4603
f 4389 4603 4604
f 4389 4604 4605
f 4389 4605 4606
f 4390 4606 4607
f 4397 4607 4608
f 4398 4608 4609
f 4398 4609 4610
f 4417 4413 4416
f 4423 4417 4416
f 4437 4415 4418
f 4418 4419 4438
f 4438 4419 4429
f 4404 4422 4423
f 4405 4420 4425
f 4405 4425 4422
f 4420 4426 4425
f 4420 4421 4426
f 4423 4429 4419
f 4423 4424 4429
f 4426 4431 4428
f 4427 4428 4431
f 4421 4432 4426
f 4421 4430 4432
f 4432 4431 4426
f 4432 4430 4433
f 4437 4418 4438
f 4447 4446 4445
f 4447 4445 4448
f 4467 4653 4449
f 4467 4449 4450
f 4398 4610 4451
f 4398 4451 4456
f 4451 4452 4455
f 4451 4455 4456
f 4398 4456 4454
f 4452 4453 4457
f 4452 4457 4455
f 4453 4458 4457
f 4453 4459 4458
f 4453 4812 4459
f 4453 4813 4812
f 4451 4610 4611
f 4451 4611 4713
f 4461 4467 4450
f 4469 4465 4462
f 4461 4465 4467
f 4467 4465 4469
f 4467 4469 4468
f 4470 4468 4469
f 4469 4462 4474
f 4469 4475 4470
f 4470 4476 4717
f 4717 4476 4729
f 4369 4375 4513
f 4513 4516 4514
f 4514 4517 4515
f 4515 4518 4524
f 4367 4597 4371
f 4367 4370 4597
f 4375 4516 4513
f 4514 4516 4517
f 4515 4517 4518
f 4518 4519 4524
f 4372 4522 4523
f 4372 4521 4522
f 4376 4520 4521
f 4372 4523 4559
f 4372 4600 4373
f 4372 4559 4561
f 4519 4525 4524
f 4525 4527 4526
f 4526 4528 4570
f 4529 4571 4570
f 4528 4529 4570
f 4529 4530 4571
f 4368 4597 4370
f 4368 4369 4597
f 4369 4513 4597
f 4513 4514 4597
f 4514 4515 4597
f 4515 4524 4597
f 4519 4527 4525
f 4526 4527 4528
f 4373 4600 4374
f 4374 4600 4375
f 4375 4600 4516
f 4372 4561 4560
f 4516 4600 4517
f 4517 4600 4518
f 4518 4600 4519
f 4371 4597 4378
f 4534 4539 4520
f 4534 4540 4538
f 4534 4538 4539
f 4521 4520 4537
f 4541 4537 4520
f 4542 4535 4537
f 4541 4542 4537
f 4541 4545 4542
f 4551 4542 4545
f 4541 4543 4545
f 4544 4545 4543
f 4546 4548 4550
f 4549 4548 4547
f 4550 4548 4549
f 4551 4545 4546
f 4551 4546 4550
f 4378 4597 4533
f 4597 4556 4533
f 4536 4557 4523
f 4559 4523 4557
f 4536 4558 4557
f 4562 4563 4559
f 4372 4560 4600
f 4563 4562 4564
f 4553 4564 4562
f 4564 4553 4566
f 4553 4565 4566
f 4565 4568 4566
f 4566 4568 4567
f 4530 4572 4571
f 4572 4575 4573
f 4530 4575 4572
f 4573 4575 4576
f 4572 4573 4574
f 4573 4576 4574
f 4574 4576 4577
f 4524 4525 4597
f 4525 4526 4597
f 4526 4570 4597
f 4570 4571 4597
f 4571 4572 4597
f 4574 4577 4579
f 4577 4578 4579
f 4575 4577 4576
f 4519 4600 4527
f 4527 4600 4528
f 4528 4600 4529
f 4529 4600 4530
f 4530 4600 4575
f 4578 4580 4579
f 4580 4587 4581
f 4572 4574 4597
f 4574 4579 4596
f 4579 4580 4596
f 4578 4587 4580
f 4578 4599 4587
f 4581 4582 4583
f 4581 4584 4582
f 4582 4585 4583
f 4580 4581 4596
f 4581 4583 4596
f 4583 4586 4596
f 4581 4587 4584
f 4582 4584 4585
f 4583 4585 4586
f 4584 4586 4585
f 4584 4587 4599
f 4584 4599 4586
f 4575 4600 4577
f 4577 4599 4578
f 4597 4554 4556
f 4597 4555 4554
f 4597 4659 4555
f 4597 4660 4659
f 4600 4560 4588
f 4600 4588 4589
f 4589 4590 4594
f 4589 4594 4593
f 4748 4592 4569
f 4600 4589 4593
f 4600 4593 4595
f 4595 4591 4592
f 4600 4595 4592
f 4600 4592 4748
f 4577 4600 4599
f 4574 4596 4597
f 4586 4599 4596
f 4597 4598 4660
f 4600 4748 4601
f 4596 4599 4597
f 4597 4600 4598
f 4598 4601 4783
f 4597 4599 4600
f 4598 4600 4601
f 4612 4614 4615
f 4617 4616 4439
f 4617 4439 4618
f 4615 4614 4619
f 4619 4622 4615
f 4619 4620 4622
f 4622 4620 4621
f 4625 4626 4624
f 4626 4625 4628
f 4625 4627 4628
f 4629 4648 4630
f 4630 4631 4633
f 4651 4652 4632
f 4631 4651 4633
f 4633 4651 4632
f 4632 4652 4634
f 4714 4720 4656
f 4444 4636 4635
f 4638 4629 4637
f 4444 4639 4636
f 4629 4638 4648
f 4640 4648 4638
f 4643 4645 4641
f 4643 4644 4645
f 4645 4644 4646
f 4642 4647 4650
f 4646 4649 4647
f 4640 4642 4648
f 4642 4650 4648
f 4644 4653 4646
f 4646 4654 4649
f 4466 4718 4655
f 4656 4720 4657
f 4656 4657 4658
f 4671 4676 4672
f 4678 4672 4676
f 4681 4673 4679
f 4681 4679 4680
f 4682 4685 4683
f 4684 4683 4685
f 4675 4686 4746
f 4692 4689 4693
f 4691 4706 4705
f 4692 4693 4694
f 4692 4706 4691
f 4692 4694 4706
f 4710 4709 4695
f 4696 4697 4700
f 4700 4697 4699
f 4698 4700 4699
f 4701 4702 4705
f 4763 4704 4703
f 4691 4705 4702
f 4707 4708 4763
f 4707 4763 4703
f 4711 4763 4708
f 4711 4712 4765
f 4711 4765 4763
f 4451 4713 4734
f 4451 4790 4452
f 4452 4801 4453
f 4714 4716 4720
f 4715 4721 4716
f 4715 4728 4721
f 4468 4719 4466
f 4718 4466 4719
f 4719 4468 4717
f 4468 4470 4717
f 4658 4657 4723
f 4658 4723 4724
f 4723 4726 4724
f 4726 4725 4724
f 4735 4725 4726
f 4723 4727 4726
f 4721 4728 4722
f 4735 4726 4733
f 4715 4731 4728
f 4451 4734 4790
f 4452 4790 4800
f 4452 4800 4801
f 4735 4688 4725
f 4710 4695 4738
f 4735 4733 4736
f 4739 4737 4733
f 4739 4741 4740
f 4741 4739 4733
f 4783 4661 4660
f 4784 4662 4661
f 4785 4663 4662
f 4785 4666 4663
f 4789 4667 4666
f 4790 4734 4664
f 4790 4664 4665
f 4790 4668 4667
f 4790 4665 4668
f 4674 4748 4569
f 4674 4675 4742
f 4742 4675 4746
f 4748 4674 4742
f 4748 4742 4747
f 4686 4743 4746
f 4687 4745 4743
f 4687 4744 4745
f 4748 4750 4749
f 4749 4752 4753
f 4774 4751 4761
f 4757 4758 4759
f 4767 4778 4762
f 4763 4767 4760
f 4763 4764 4767
f 4767 4764 4768
f 4766 4768 4764
f 4767 4768 4769
f 4778 4767 4769
f 4766 4771 4768
f 4766 4770 4771
f 4771 4770 4772
f 4781 4772 4770
f 4781 4770 4794
f 4774 4761 4773
f 4778 4776 4762
f 4779 4775 4778
f 4778 4769 4779
f 4772 4780 4769
f 4780 4772 4781
f 4782 4769 4780
f 4598 4783 4660
f 4783 4784 4661
f 4784 4785 4662
f 4601 4748 4786
f 4783 4786 4784
f 4784 4787 4785
f 4786 4749 4787
f 4601 4786 4783
f 4787 4756 4788
f 4784 4786 4787
f 4785 4787 4788
f 4785 4789 4666
f 4789 4790 4667
f 4791 4779 4792
f 4792 4781 4802
f 4785 4788 4789
f 4789 4791 4790
f 4790 4792 4800
f 4788 4777 4791
f 4788 4791 4789
f 4790 4791 4792
f 4786 4748 4749
f 4787 4749 4753
f 4787 4753 4754
f 4787 4754 4756
f 4756 4755 4788
f 4788 4755 4757
f 4788 4757 4759
f 4788 4759 4777
f 4791 4777 4779
f 4792 4779 4769
f 4792 4769 4782
f 4792 4782 4781
f 4770 4795 4794
f 4781 4794 4798
f 4802 4781 4797
f 4803 4798 4796
f 4803 4797 4798
f 4802 4797 4803
f 4800 4802 4801
f 4792 4802 4800
f 4801 4802 4803
f 4453 4815 4814
f 4453 4814 4813
f 4464 4473 5236
f 4464 5236 4474
f 4453 5224 4815
f 4474 5236 4475
f 4475 5236 4476
f 4729 4476 5236
f 4453 5225 5224
f 4729 5236 5358
f 4473 5238 5236
f 4729 5358 4730
f 4730 5358 4731
f 4728 4731 5358
f 4453 4801 5460
f 5462 4732 4728
f 5462 4733 4732
f 5462 4741 4733
f 5462 4793 4799
f 5462 4796 4793
f 5462 4799 4741
f 4803 4796 5462
f 4801 4803 5460
f 4453 5460 5225
f 4728 5358 5368
f 4728 5368 5369
f 4728 5369 5451
f 4728 5451 5452
f 4728 5452 5454
f 4803 5462 5460
f 5462 4728 5454
f 5224 5225 5228
f 5225 5230 5228
f 5225 5231 5230
f 5225 5232 5231
f 5225 5226 5234
f 5225 5234 5232
f 5226 5235 5234
f 5226 5252 5235
f 5225 5355 5226
f 5226 5355 5245
f 5245 5355 5381
f 5225 5356 5355
f 5225 5357 5356
f 5243 5285 5286
f 5245 5381 5246
f 5246 5379 5247
f 5247 5379 5248
f 5248 5383 5249
f 5249 5383 5250
f 5250 5383 5251
f 5226 5245 5252
f 5245 5246 5254
f 5245 5253 5252
f 5245 5254 5253
f 5246 5255 5254
f 5246 5259 5255
f 5246 5247 5259
f 5247 5248 5260
f 5255 5259 5256
f 5247 5260 5259
f 5256 5259 5257
f 5257 5259 5258
f 5258 5259 5261
f 5259 5260 5263
f 5259 5263 5261
f 5248 5249 5269
f 5249 5250 5270
f 5250 5251 5271
f 5248 5269 5260
f 5260 5269 5263
f 5263 5269 5265
f 5269 5270 5281
f 5249 5270 5269
f 5250 5271 5270
f 5251 5320 5271
f 5265 5269 5266
f 5266 5269 5267
f 5267 5269 5278
f 5269 5284 5280
f 5269 5280 5279
f 5269 5281 5284
f 5269 5279 5278
f 5270 5290 5281
f 5270 5271 5290
f 5271 5291 5290
f 5271 5293 5292
f 5271 5294 5293
f 5246 5382 5377
f 5246 5377 5379
f 5246 5381 5382
f 5248 5379 5378
f 5248 5378 5380
f 5248 5380 5383
f 5251 5383 5384
f 5251 5384 5385
f 5251 5385 5386
f 5251 5386 5387
f 5251 5387 5388
f 5251 5388 5389
f 5251 5389 5390
f 5276 5288 5274
f 5271 5297 5291
f 5271 5292 5297
f 5291 5296 5290
f 5297 5292 5295
f 5293 5294 5408
f 5251 5336 5319
f 5319 5329 5327
f 5319 5334 5329
f 5319 5335 5334
f 5319 5336 5335
f 5251 5319 5320
f 5319 5330 5320
f 5271 5321 5294
f 5271 5320 5340
f 5319 5327 5330
f 5320 5330 5332
f 5320 5332 5333
f 5320 5339 5340
f 5271 5340 5341
f 5320 5333 5339
f 5251 5337 5336
f 5251 5338 5337
f 5271 5322 5321
f 5271 5491 5322
f 5271 5323 5325
f 5271 5325 5491
f 5321 5322 5410
f 5271 5341 5342
f 5327 5329 5328
f 5327 5328 5331
f 5328 5329 5332
f 5327 5331 5330
f 5328 5332 5331
f 5330 5331 5332
f 5329 5333 5332
f 5329 5334 5333
f 5251 5501 5338
f 5251 5502 5501
f 5251 5503 5502
f 5251 5504 5503
f 5251 5509 5504
f 5338 5501 5343
f 5333 5334 5339
f 5334 5335 5339
f 5335 5340 5339
f 5335 5336 5340
f 5336 5337 5341
f 5336 5341 5340
f 5271 5342 5343
f 5271 5343 5506
f 5337 5338 5342
f 5337 5342 5341
f 5271 5506 5505
f 5271 5505 5507
f 5271 5507 5508
f 5338 5343 5342
f 5225 5364 5357
f 5359 5286 5399
f 5238 5370 5236
f 5239 5454 5238
f 5225 5461 5364
f 5225 5460 5461
f 5236 5370 5451
f 5239 5375 5454
f 5373 5374 5429
f 5374 5425 5429
f 5373 5429 5453
f 5286 5391 5399
f 5393 5287 5394
f 5392 5395 5396
f 5396 5395 5397
f 5397 5395 5289
f 5404 5403 5402
f 5295 5402 5403
f 5407 5293 5408
f 5426 5427 5457
f 5428 5457 5427
f 5434 5431 5433
f 5445 5470 5444
f 5443 5473 5450
f 5443 5474 5473
f 5461 5365 5364
f 5461 5366 5365
f 5461 5367 5366
f 5461 5411 5367
f 5461 5412 5411
f 5453 5429 5457
f 5455 5453 5457
f 5455 5457 5458
f 5463 5376 5455
f 5462 5454 5456
f 5463 5456 5376
f 5462 5456 5463
f 5460 5462 5461
f 5461 5463 5477
f 5461 5462 5463
f 5463 5481 5477
f 5463 5455 5458
f 5463 5458 5459
f 5463 5464 5465
f 5461 5413 5412
f 5461 5414 5413
f 5461 5415 5414
f 5479 5416 5415
f 5479 5420 5416
f 5480 5421 5420
f 5485 5422 5421
f 5520 5418 5419
f 5486 5424 5423
f 5485 5423 5422
f 5520 5419 5424
f 5434 5435 5466
f 5435 5436 5466
f 5466 5438 5468
f 5463 5459 5432
f 5463 5432 5464
f 5475 5471 5472
f 5472 5448 5476
f 5439 5522 5440
f 5442 5440 5522
f 5443 5442 5522
f 5488 5474 5443
f 5487 5476 5474
f 5461 5477 5415
f 5477 5478 5415
f 5478 5479 5415
f 5479 5480 5420
f 5463 5467 5481
f 5481 5467 5482
f 5483 5472 5484
f 5477 5481 5478
f 5478 5482 5479
f 5479 5483 5480
f 5482 5468 5483
f 5478 5481 5482
f 5479 5482 5483
f 5480 5483 5484
f 5480 5485 5421
f 5485 5486 5423
f 5486 5520 5424
f 5487 5474 5488
f 5480 5484 5485
f 5485 5487 5486
f 5486 5488 5520
f 5484 5476 5487
f 5484 5487 5485
f 5486 5487 5488
f 5488 5522 5520
f 5463 5465 5467
f 5482 5467 5466
f 5482 5466 5468
f 5483 5468 5469
f 5483 5469 5475
f 5483 5475 5472
f 5484 5472 5476
f 5488 5443 5522
f 5251 5390 5526
f 5410 5322 5489
f 5489 5322 5439
f 5326 5490 5494
f 5271 5534 5323
f 5326 5493 5490
f 5492 5494 5519
f 5534 5324 5323
f 5534 5493 5324
f 5526 5390 5497
f 5526 5417 5418
f 5526 5497 5417
f 5251 5525 5524
f 5251 5526 5525
f 5439 5322 5522
f 5522 5322 5518
f 5498 5519 5494
f 5498 5500 5519
f 5532 5500 5499
f 5251 5510 5509
f 5251 5512 5510
f 5251 5511 5512
f 5251 5528 5511
f 5251 5529 5528
f 5251 5524 5529
f 5501 5502 5506
f 5502 5503 5505
f 5503 5504 5507
f 5504 5509 5508
f 5271 5514 5515
f 5271 5508 5513
f 5271 5513 5514
f 5271 5515 5516
f 5271 5516 5534
f 5343 5501 5506
f 5502 5505 5506
f 5503 5507 5505
f 5504 5508 5507
f 5509 5510 5513
f 5510 5512 5514
f 5511 5516 5515
f 5511 5528 5516
f 5511 5515 5512
f 5512 5515 5514
f 5534 5495 5493
f 5531 5496 5495
f 5532 5499 5496
f 5530 5495 5534
f 5530 5531 5495
f 5508 5509 5513
f 5510 5514 5513
f 5520 5526 5418
f 5532 5519 5500
f 5532 5517 5519
f 5532 5518 5517
f 5520 5522 5521
f 5521 5522 5523
f 5520 5521 5526
f 5521 5527 5526
f 5521 5535 5527
f 5522 5532 5523
f 5521 5523 5537
f 5521 5536 5535
f 5521 5537 5536
f 5523 5542 5539
f 5523 5540 5537
f 5523 5539 5540
f 5532 5522 5518
f 5523 5532 5533
f 5523 5533 5542
f 5524 5525 5531
f 5524 5531 5530
f 5526 5527 5533
f 5525 5526 5532
f 5525 5532 5531
f 5526 5533 5532
f 5527 5542 5533
f 5528 5529 5534
f 5529 5530 5534
f 5516 5528 5534
f 5524 5530 5529
f 5531 5532 5496
f 5527 5535 5542
f 5535 5539 5542
f 5535 5536 5539
f 5536 5537 5538
f 5536 5538 5541
f 5537 5540 5538
f 5536 5541 5539
f 5538 5540 5541
f 5539 5541 5540
f 4399 4402 4400
f 4401 4402 4403
f 4400 4402 4401
f 4402 4406 4403
f 4403 4406 4404
f 4404 4406 4405
f 4405 4406 4434
f 4406 4504 4434
f 4399 4408 4407
f 4407 4408 4409
f 4399 4400 4410
f 4399 4410 4408
f 4405 4434 4420
f 4434 4436 4435
f 4434 4504 4436
f 4399 4486 4477
f 4399 4477 4402
f 4402 4477 4479
f 4477 4481 4479
f 4477 4478 4481
f 4478 4489 4481
f 4406 4479 4480
f 4402 4479 4406
f 4479 4483 4480
f 4479 4481 4483
f 4481 4489 4482
f 4481 4482 4483
f 4483 4484 4504
f 4482 4484 4483
f 4399 4407 4486
f 4407 4487 4486
f 4486 4487 4488
f 4478 4488 4491
f 4482 4489 4494
f 4482 4494 4490
f 4478 4491 4489
f 4489 4492 4494
f 4492 4499 4494
f 4485 4490 4495
f 4490 4496 4495
f 4495 4496 4497
f 4494 4499 4496
f 4496 4501 4498
f 4498 4501 4502
f 4493 4500 4499
f 4501 4503 4502
f 4436 4504 4505
f 4484 4507 4506
f 4511 4512 4817
f 4512 4837 4838
f 4512 4839 4817
f 4512 4838 4839
f 4817 4839 4840
f 4817 4840 4822
f 4840 4842 5300
f 4822 4840 5300
f 4842 4843 5300
f 4821 5300 4843
f 5209 5233 5254
f 5229 5232 5233
f 5229 5231 5232
f 5233 5253 5254
f 5232 5234 5233
f 5233 5234 5235
f 5209 5254 5255
f 5261 5263 5262
f 5262 5263 5264
f 5263 5265 5264
f 5264 5265 5268
f 5265 5266 5268
f 5268 5283 5314
f 5267 5278 5282
f 4821 5298 5299
f 4821 5299 5300
f 4822 5300 5301
f 5264 5268 5303
f 5304 5305 5306
f 5305 5316 5317
f 5268 5307 5303
f 5268 5314 5307
f 5307 5314 5315
f 5303 5307 5305
f 5307 5315 5316
f 5305 5307 5316
f 5309 5312 5310
f 4811 4813 4818
f 4813 4816 4818
f 4807 4811 4819
f 4811 4812 4813
f 4813 4814 4816
f 4814 4815 4816
f 4811 4818 4819
f 4818 5227 4819
f 4816 5227 4818
f 4819 5227 5207
f 4819 5207 4820
f 4820 5207 5210
f 4815 5224 4816
f 4816 5224 5227
f 4836 4841 4838
f 4836 4838 4837
f 4838 4841 4839
f 4839 4841 4840
f 4821 4841 5350
f 4821 5350 5354
f 4840 4841 4842
f 4841 4843 4842
f 4821 4843 4841
f 5211 5229 5213
f 5207 5229 5211
f 5208 5233 5212
f 5207 5227 5229
f 5208 5229 5233
f 5207 5211 5210
f 5209 5215 5214
f 5227 5228 5229
f 5224 5228 5227
f 5228 5230 5229
f 4821 5354 5298
f 4454 4456 4806
f 4407 4810 4487
f 4409 4412 4805
f 4411 4805 4412
f 4407 4409 4805
f 4411 4454 4805
f 4487 4804 4488
f 4488 4825 4491
f 4491 4829 4492
f 4420 4434 4421
f 4421 4434 4435
f 4477 4486 4478
f 4406 4480 4504
f 4480 4483 4504
f 4482 4490 4484
f 4484 4490 4485
f 4478 4486 4488
f 4489 4491 4492
f 4490 4494 4496
f 4496 4499 4501
f 4496 4498 4497
f 4492 4493 4499
f 4499 4500 4501
f 4501 4508 4503
f 4503 4508 4509
f 4504 4506 4505
f 4484 4506 4504
f 4484 4485 4507
f 4508 4510 4509
f 4510 4512 4511
f 4492 4829 4493
f 4493 4833 4500
f 4500 4834 4501
f 4501 4834 4508
f 4508 4835 4510
f 4455 4807 4456
f 4455 4457 4807
f 4457 4458 4807
f 4458 4459 4807
f 4459 4811 4807
f 4407 4805 4808
f 4407 4808 4809
f 4454 4806 4805
f 4456 4807 4806
f 4487 4810 4804
f 4407 4809 4810
f 4488 4804 4823
f 4488 4823 4824
f 4488 4824 4825
f 4459 4812 4811
f 4491 4825 4826
f 4491 4826 4827
f 4491 4827 4828
f 4491 4828 4829
f 4493 4829 4830
f 4493 4830 4831
f 4493 4831 4832
f 4493 4832 4833
f 4500 4833 4834
f 4508 4834 4835
f 4510 4835 4836
f 4510 4836 4512
f 4512 4836 4837
f 5212 5213 5229
f 5208 5212 5229
f 5209 5214 5233
f 5209 5255 5256
f 5209 5216 5215
f 5212 5233 5214
f 5216 5256 5217
f 5209 5256 5216
f 5217 5258 5218
f 5218 5262 5219
f 5219 5262 5220
f 5217 5256 5257
f 5217 5257 5258
f 5218 5258 5261
f 5218 5261 5262
f 5220 5262 5264
f 5220 5264 5303
f 5220 5303 5221
f 5221 5303 5222
f 5222 5303 5223
f 5223 5303 5344
f 5304 5345 5344
f 5306 5346 5345
f 5303 5304 5344
f 5229 5230 5231
f 5233 5252 5253
f 5233 5235 5252
f 5266 5267 5268
f 5267 5282 5268
f 5268 5282 5283
f 5299 5354 5300
f 5300 5354 5302
f 5300 5302 5301
f 5303 5305 5304
f 5305 5317 5318
f 5305 5318 5306
f 5306 5318 5311
f 5304 5306 5345
f 5306 5312 5349
f 5308 5353 5312
f 5308 5312 5309
f 5306 5310 5312
f 5306 5311 5310
f 5312 5353 5349
f 5313 5350 5352
f 5308 5351 5353
f 5313 5352 5351
f 5306 5347 5346
f 5306 5348 5347
f 5306 5349 5348
f 5302 5354 5350
f 5298 5354 5299
f 5302 5350 5313
f 5308 5313 5351
f 4254 4807 4255
f 4239 4805 4254
f 4241 4809 4808
f 4239 4808 4805
f 4254 4805 4806
f 4254 4806 4807
f 4255 4807 4256
f 4256 4807 4257
f 4257 4819 4258
f 4257 4807 4819
f 4258 4819 4913
f 4819 4914 4913
f 4819 4820 4914
f 4820 5210 4914
f 4241 4242 4810
f 4242 4243 4804
f 4236 4240 4808
f 4236 4808 4239
f 4240 4241 4808
f 4243 4244 4823
f 4244 4245 4825
f 4245 4246 4827
f 4242 4804 4810
f 4241 4810 4809
f 4243 4823 4804
f 4244 4824 4823
f 4244 4825 4824
f 4246 4247 4827
f 4245 4826 4825
f 4245 4827 4826
f 4247 4828 4827
f 4247 4829 4828
f 4248 4830 4829
f 4249 4831 4830
f 4247 4248 4829
f 4248 4249 4830
f 4249 4259 4834
f 4259 4260 4834
f 4260 4928 4841
f 4249 4832 4831
f 4249 4833 4832
f 4249 4834 4833
f 4260 4835 4834
f 4260 4836 4835
f 4260 4841 4836
f 4841 4928 5350
f 4914 5210 5211
f 4915 5211 5213
f 4915 5213 5212
f 4914 5211 4915
f 4915 5212 5214
f 4915 5214 4916
f 4916 5214 4917
f 4917 5214 5215
f 4917 5215 5216
f 4918 5216 5217
f 4919 5217 5218
f 4919 5218 5219
f 4919 5219 5220
f 4917 5216 4918
f 4918 5217 4919
f 4919 5220 4920
f 4921 5220 5221
f 4926 4931 5347
f 4920 5220 4921
f 4921 5223 4922
f 4921 5221 5222
f 4921 5222 5223
f 4922 5223 4923
f 4923 5223 4924
f 4924 5345 4930
f 4930 5345 4931
f 4928 4929 5350
f 4925 4926 5353
f 4925 5353 4927
f 4927 5353 4929
f 4929 5352 5350
f 4929 5351 5352
f 4929 5353 5351
f 4931 5345 5346
f 4931 5346 5347
f 4926 5347 5348
f 4926 5349 5353
f 4926 5348 5349
f 4924 5223 5344
f 4924 5344 5345
f 4224 4228 4874
f 4231 4237 4252
f 4236 4253 4240
f 4240 4252 4241
f 4241 4252 4242
f 4237 4242 4252
f 4237 4238 4243
f 4238 4261 4244
f 4246 4261 4350
f 4237 4243 4242
f 4238 4244 4243
f 4244 4261 4245
f 4245 4261 4246
f 4247 4350 4351
f 4246 4350 4247
f 4247 4352 4248
f 4248 4352 4249
f 4230 4254 4250
f 4240 4253 4252
f 4230 4253 4254
f 4224 4250 4251
f 4250 4255 4251
f 4239 4254 4253
f 4250 4254 4255
f 4251 4255 4256
f 4251 4257 4258
f 4251 4256 4257
f 4236 4239 4253
f 4228 4251 4904
f 4251 4914 4904
f 4251 4258 4913
f 4251 4913 4914
f 4260 4355 4928
f 4247 4351 4352
f 4249 4352 4353
f 4249 4353 4354
f 4260 4354 4355
f 4355 5112 4928
f 4249 4354 4259
f 4259 4354 4260
f 4228 4904 4874
f 4904 4915 4905
f 4905 4915 4906
f 4906 4916 4907
f 4904 4914 4915
f 4906 4915 4916
f 4907 4916 4917
f 4907 4917 4918
f 4907 4919 4909
f 4907 4918 4919
f 4911 4919 4920
f 4911 4920 4921
f 4910 4921 4922
f 4910 4912 4911
f 4909 4919 4911
f 4910 4911 4921
f 4910 4922 4912
f 4912 4922 4923
f 4912 4931 5114
f 4931 5116 5114
f 4928 5113 4929
f 4925 5115 4926
f 4927 4929 5113
f 4925 4927 5115
f 4912 4923 4924
f 4912 4924 4930
f 4912 4930 4931
f 4926 5116 4931
f 4928 5112 5113
f 4927 5113 5117
f 4927 5117 5115
f 4926 5115 5116
f 4224 4230 4250
f 4224 4251 4228
f 4224 4874 4892
f 4217 4262 4229
f 4229 4262 4263
f 4229 4253 4230
f 4229 4252 4253
f 4229 4231 4252
f 4217 4229 4230
f 4217 4230 4224
f 4229 4263 4231
f 4231 4263 4237
f 4237 4297 4238
f 4218 4224 4232
f 4217 4224 4218
f 4218 4232 4220
f 4224 4235 4232
f 4224 4890 4234
f 4224 4234 4235
f 4224 4891 4889
f 4224 4889 4890
f 4224 4892 4891
f 4265 4267 4299
f 4237 4263 4297
f 4238 4297 4298
f 4238 4298 4299
f 4261 4299 4300
f 4238 4299 4261
f 4261 4300 4350
f 4304 4351 4350
f 4300 4304 4350
f 4304 4352 4351
f 4308 4353 4352
f 4308 4354 4353
f 4304 4306 4352
f 4306 4307 4352
f 4307 4308 4352
f 4308 4309 4354
f 4309 4310 4354
f 4310 4315 4354
f 4315 4316 4354
f 4316 4317 4354
f 4317 4318 4355
f 4318 4319 5112
f 4317 4355 4354
f 4318 5112 4355
f 4874 4905 4895
f 4895 4905 4906
f 4874 4894 4892
f 4874 4893 4894
f 4874 4895 4893
f 4895 4906 4897
f 4897 4906 4908
f 4897 4908 4898
f 4898 4908 4900
f 4900 4909 4901
f 4901 4911 5065
f 4911 5066 5065
f 4874 4904 4905
f 4906 4907 4908
f 4907 4909 4908
f 4900 4908 4909
f 4901 4909 4911
f 4911 4912 5066
f 4912 5114 5066
f 5070 5067 5114
f 5068 5070 5116
f 5068 5116 5069
f 5069 5117 5079
f 5078 5079 5117
f 4319 5071 5112
f 5071 5073 5112
f 5073 5074 5112
f 5075 5076 5112
f 5078 5117 5113
f 5076 5077 5112
f 5077 5113 5112
f 5077 5078 5113
f 5070 5114 5116
f 5114 5067 5066
f 5069 5115 5117
f 5069 5116 5115
f 5074 5075 5112
f 4217 4218 4277
f 4218 4219 4277
f 4218 4220 4219
f 4263 4265 4297
f 4262 4271 4264
f 4217 4276 4262
f 4262 4264 4263
f 4263 4264 4289
f 4263 4289 4288
f 4263 4288 4290
f 4263 4290 4266
f 4265 4266 4290
f 4263 4266 4265
f 4268 4269 4270
f 4271 4275 4289
f 4275 4291 4289
f 4274 4291 4275
f 4274 4990 4291
f 4268 4270 4275
f 4270 4272 4275
f 4273 4274 4275
f 4272 4273 4275
f 4217 4268 4276
f 4262 4276 4275
f 4268 4275 4276
f 4217 4277 4268
f 4268 4277 4269
f 4264 4271 4289
f 4262 4275 4271
f 4265 4290 4284
f 4267 4284 4294
f 4267 4294 4285
f 4265 4284 4267
f 4267 4285 4299
f 4285 4305 4299
f 4304 4305 4331
f 4285 4331 4305
f 4286 4304 4331
f 4286 4333 4304
f 4296 4306 4333
f 4287 4289 4291
f 4288 4289 4290
f 4287 4290 4289
f 4291 4990 5022
f 4291 5022 5020
f 4287 4291 4292
f 4291 5026 4292
f 4287 4293 4290
f 4287 4295 4293
f 4290 4293 4294
f 4284 4290 4294
f 4293 4324 4294
f 4294 4324 4331
f 4293 4325 4324
f 4287 4292 4295
f 4292 5026 4295
f 4293 4295 4325
f 4295 5082 4325
f 4295 5032 5081
f 4295 5081 5082
f 4285 4294 4331
f 4265 4298 4297
f 4265 4299 4298
f 4299 4305 4304
f 4299 4304 4300
f 4304 4333 4306
f 4296 4307 4306
f 4307 4334 4308
f 4296 4334 4307
f 4308 4334 4311
f 4308 4311 4309
f 4309 4345 4310
f 4312 4316 4315
f 4310 4345 4315
f 4309 4311 4345
f 4312 4315 4345
f 4312 4314 4318
f 4312 4313 4314
f 4318 4321 4319
f 4319 4320 5072
f 4319 5072 5071
f 4319 4321 4320
f 4312 4318 4317
f 4312 4317 4316
f 4318 4323 4322
f 4314 4323 4318
f 4318 4322 4321
f 4324 4332 4331
f 4324 4326 4332
f 4325 5082 5083
f 4324 4325 4326
f 4325 5083 4326
f 4326 4336 4332
f 4326 4330 4336
f 4326 5083 4327
f 4326 4327 4328
f 4326 4328 4329
f 4326 4329 4330
f 4286 4331 4333
f 4331 4332 4333
f 4332 4336 4335
f 4332 4335 4333
f 4296 4333 4334
f 4333 4335 4334
f 4334 4335 4339
f 4336 4337 4338
f 4335 4336 4338
f 4330 4337 4336
f 4337 4341 4338
f 4335 4338 4339
f 4338 4341 4339
f 4339 4341 4340
f 4311 4334 4345
f 4312 4345 4346
f 4334 4339 4345
f 4339 4340 4345
f 4340 4346 4345
f 4312 4346 4313
f 4291 5021 5023
f 4291 5020 5021
f 4291 5023 5026
f 5023 5024 5026
f 5024 5025 5026
f 5027 5029 5028
f 5026 5027 5028
f 5028 5029 5030
f 5028 5030 5038
f 5025 5027 5026
f 5026 5028 5031
f 5028 5039 5031
f 4295 5026 5033
f 4295 5033 5034
f 4295 5034 5032
f 5033 5036 5035
f 5033 5035 5034
f 5026 5031 5037
f 5026 5037 5033
f 5031 5039 5037
f 5033 5084 5036
f 5033 5037 5084
f 5037 5042 5086
f 5028 5038 5039
f 5038 5040 5039
f 5039 5040 5041
f 5037 5039 5042
f 5039 5041 5042
f 5041 5043 5042
f 5042 5043 5044
f 5042 5044 5086
f 5037 5085 5084
f 5037 5086 5085
f 4421 4440 4430
f 4441 4443 4442
f 4471 4463 4472
f 4421 4435 5278
f 4421 5278 4440
f 5278 4441 4440
f 5278 4443 4441
f 4435 4436 5278
f 4436 4505 5283
f 5278 4460 4443
f 5278 4472 4460
f 4472 5272 4473
f 4485 5313 4507
f 4485 4495 5313
f 4495 4497 5313
f 4497 4498 5313
f 4498 4502 5313
f 4502 4503 5313
f 4503 4509 5313
f 4505 4506 5283
f 4506 4507 5283
f 4509 4510 5313
f 4510 4511 5313
f 4511 4817 5313
f 4436 5282 5278
f 4436 5283 5282
f 4473 5237 5240
f 4473 5272 5237
f 4472 5277 5272
f 5278 5277 4472
f 4473 5240 5238
f 4507 5313 5308
f 4507 5309 5310
f 4507 5308 5309
f 4817 4822 5313
f 4507 5314 5283
f 4507 5315 5314
f 4507 5316 5315
f 4507 5318 5317
f 4507 5317 5316
f 4507 5311 5318
f 4507 5310 5311
f 5242 5241 5237
f 5238 5240 5239
f 5243 5244 5285
f 5242 5237 5272
f 5277 5273 5272
f 5276 5274 5275
f 5279 5280 5277
f 5278 5279 5277
f 4822 5301 5313
f 5301 5302 5313
f 4214 4846 4273
f 4214 4272 4215
f 4215 4270 4216
f 4274 4846 4990
f 4216 4270 4269
f 4214 4273 4272
f 4273 4846 4274
f 4215 4272 4270
f 4216 4277 4219
f 4216 4220 4232
f 4216 4219 4220
f 4216 4269 4277
f 4216 4232 4225
f 4225 4235 4226
f 4226 4234 4227
f 4227 4890 4869
f 4226 4235 4234
f 4227 4234 4890
f 4225 4232 4235
f 4327 5083 4342
f 4327 4342 4328
f 4328 4343 4329
f 4329 4344 4330
f 4330 4344 4337
f 4342 5083 5089
f 4328 4342 4343
f 4329 4343 4344
f 4337 4344 4341
f 4341 4344 4347
f 4344 5094 4347
f 4314 4348 4323
f 4340 4341 4347
f 4340 4347 4346
f 4313 4346 4347
f 4313 4347 4314
f 4322 4323 4349
f 4321 4322 4349
f 4320 4321 5103
f 4320 5103 5072
f 4314 4347 4348
f 4323 4348 4349
f 4321 4349 5103
f 4215 4216 4849
f 4216 4225 4849
f 4845 4990 4846
f 4844 5022 4845
f 4844 4847 5021
f 4847 4848 5024
f 4848 4902 5029
f 4225 4868 4849
f 4871 4872 4873
f 4869 4889 4870
f 4869 4890 4889
f 4870 4889 4891
f 4870 4891 4871
f 4871 4892 4872
f 4872 4894 4873
f 4871 4891 4892
f 4872 4892 4894
f 4873 4894 4893
f 4873 4893 4895
f 4873 4895 4897
f 4873 4897 4899
f 4897 4898 4899
f 4898 4900 4899
f 4900 4901 4899
f 4901 5065 4899
f 4214 4215 4942
f 4845 4846 4940
f 4847 4937 4848
f 4844 4845 4939
f 4844 4938 4847
f 4214 4941 4846
f 4215 4849 4942
f 4848 4934 4902
f 4225 4968 4868
f 4225 4226 4969
f 4226 4227 4970
f 4227 4869 4972
f 4869 4870 4971
f 4870 4871 4966
f 4871 4873 4966
f 4873 4899 4974
f 4848 4936 4934
f 4848 4937 4936
f 4847 4938 4937
f 4844 4939 4938
f 4214 4942 4941
f 4845 4940 4939
f 4846 4941 4940
f 4934 4932 4902
f 4870 4966 4971
f 4873 4974 4966
f 4968 4964 4868
f 4225 4969 4968
f 4227 4972 4970
f 4226 4970 4969
f 4869 4971 4972
f 4934 4936 4935
f 4941 4942 4964
f 4941 4964 4965
f 4965 4964 4967
f 4967 4964 4968
f 4844 5020 5022
f 4844 5021 5020
f 4845 5022 4990
f 4847 5023 5021
f 4847 5024 5023
f 4848 5025 5024
f 4848 5027 5025
f 4848 5029 5027
f 5029 4902 5080
f 5029 5080 5030
f 5030 5080 5038
f 5038 5080 5040
f 5040 5080 5041
f 5041 5080 5043
f 5043 5080 5044
f 5069 5079 5109
f 5068 5069 5109
f 5070 5109 5067
f 5068 5109 5070
f 5081 5088 5082
f 5032 5088 5081
f 5034 5035 5090
f 5032 5034 5087
f 5035 5036 5090
f 5082 5089 5083
f 5036 5084 5091
f 5084 5085 5091
f 5085 5086 5091
f 5044 5091 5086
f 5044 5080 5110
f 5032 5087 5088
f 5082 5088 5089
f 5034 5090 5087
f 5036 5091 5090
f 4342 5092 4343
f 4343 5092 4344
f 5087 5090 5111
f 5088 5111 5089
f 4342 5089 5111
f 5087 5111 5088
f 4342 5111 5092
f 4344 5092 5099
f 4344 5093 5095
f 4344 5099 5093
f 4344 5095 5094
f 5044 5110 5091
f 5090 5091 5111
f 5091 5110 5111
f 5071 5072 5104
f 5071 5104 5073
f 5073 5105 5074
f 5074 5106 5075
f 5075 5107 5076
f 5076 5107 5077
f 5077 5109 5078
f 5078 5109 5079
f 4347 5094 5096
f 4347 5096 5097
f 4347 5097 5098
f 4347 5098 5100
f 5102 5100 5101
f 4347 5100 5102
f 4347 5102 5108
f 5072 5103 5104
f 5073 5104 5105
f 5074 5105 5106
f 5075 5106 5107
f 5077 5107 5109
f 4347 5109 4348
f 4348 5109 4349
f 5105 5107 5106
f 4349 5109 5103
f 5103 5109 5104
f 5104 5109 5105
f 5105 5109 5107
f 4347 5108 5109
f 4934 5178 4932
f 4934 4935 5178
f 4935 4936 5179
f 4936 4937 5180
f 4937 4938 5181
f 4938 4939 5182
f 4939 4940 5183
f 4940 4941 5184
f 4941 4965 5185
f 4965 4967 5199
f 4966 5205 4971
f 4970 4972 5204
f 4967 4968 5201
f 4968 4969 5202
f 4969 4970 5203
f 4971 5206 4972
f 4966 4974 5200
f 5178 5176 4932
f 4935 5179 5178
f 4936 5180 5179
f 4937 5181 5180
f 4938 5182 5181
f 4939 5183 5182
f 4940 5184 5183
f 4941 5185 5184
f 5185 5177 5176
f 5178 5180 5176
f 5180 5181 5176
f 5181 5182 5176
f 5182 5183 5176
f 5183 5184 5176
f 5184 5185 5176
f 5178 5179 5180
f 5185 5186 5177
f 5185 5188 5186
f 5185 5189 5188
f 5186 5188 5187
f 5185 5190 5189
f 5185 5192 5190
f 5185 5193 5192
f 5185 5199 5193
f 5200 4974 5195
f 4965 5199 5185
f 4967 5201 5199
f 4966 5200 5205
f 4968 5202 5201
f 4970 5204 5203
f 4969 5203 5202
f 4971 5205 5206
f 4972 5206 5204
f 5200 5195 5194
f 5202 5194 5198
f 5199 5196 5197
f 5199 5197 5191
f 5199 5191 5193
f 5199 5198 5196
f 5199 5201 5198
f 5201 5202 5198
f 5204 5206 5194
f 5200 5194 5205
f 5205 5194 5206
f 5202 5203 5194
f 5203 5204 5194
f 4896 4899 5065
f 4896 5065 5066
f 4896 5066 5067
f 4896 4974 4899
f 4896 4973 4974
f 4896 5067 5109
f 4896 5109 5108
f 4973 5195 4974
f 4973 5194 5195
f 4903 5080 4902
f 4903 4902 4933
f 4933 4902 4932
f 4903 5110 5080
f 4903 5111 5110
f 4933 4932 5177
f 4932 5176 5177
f 4856 4849 4857
f 4867 4851 4849
f 4851 4852 4849
f 4867 4849 4856
f 4994 4849 4852
f 4857 4849 4858
f 4858 4849 4876
f 4876 4849 4877
f 4877 4849 4886
f 4886 4849 4887
f 4887 4849 4868
f 4887 4868 4888
f 4888 4868 5054
f 4903 4942 4849
f 4896 4868 4973
f 4903 4933 4942
f 4973 4868 4964
f 4943 4964 4942
f 4943 4942 4944
f 5118 4944 4942
f 4952 4964 4943
f 4952 4946 4964
f 4946 4947 4964
f 4947 4948 4964
f 4948 4975 4964
f 4975 4976 4964
f 4976 4978 4964
f 4978 4981 4964
f 4981 4982 4964
f 4982 5154 4964
f 5010 5011 5019
f 5011 5012 5019
f 5012 5062 5064
f 4994 5099 4849
f 5012 5064 5019
f 4903 4849 5092
f 4994 4995 5099
f 4995 4996 5099
f 4996 5009 5099
f 5009 5010 5099
f 5010 5019 5099
f 5062 5060 5064
f 5060 5061 5064
f 5054 4868 5102
f 4896 5102 4868
f 5054 5102 5055
f 5056 5055 5102
f 5056 5102 5061
f 5061 5102 5064
f 4849 5099 5092
f 4903 5092 5111
f 5064 5102 5101
f 4896 5108 5102
f 4933 5177 4942
f 5136 5146 5137
f 5137 5146 5140
f 5140 5146 5141
f 5141 5174 5172
f 5118 4942 5186
f 5141 5146 5174
f 5118 5186 5120
f 5120 5186 5121
f 5121 5186 5136
f 5136 5186 5146
f 5172 5174 5168
f 4973 4964 5198
f 5154 5196 4964
f 5154 5156 5196
f 5157 5196 5156
f 5168 5196 5169
f 5157 5169 5196
f 5168 5174 5196
f 4942 5177 5186
f 5146 5186 5187
f 4973 5198 5194
f 4964 5196 5198
f 4222 4863 4865
f 4222 4278 4863
f 4222 4865 4221
f 4222 4221 4223
f 4222 4223 4279
f 4223 4221 4233
f 4233 4221 4879
f 4223 4233 4301
f 4233 4879 4883
f 4233 4883 4302
f 4222 4279 4278
f 4281 4999 4278
f 4279 4281 4278
f 4281 5002 4999
f 4279 4223 4280
f 4279 4282 4281
f 4279 4280 4282
f 4223 4301 4280
f 4280 4301 4282
f 4301 4303 4282
f 4281 4282 4283
f 4281 4283 5002
f 4282 4303 4283
f 4303 5046 4283
f 4233 4302 4301
f 4301 4302 4303
f 4303 4302 5047
f 4303 5047 5046
f 4850 4992 4852
f 4850 4852 4851
f 4861 4854 4864
f 4861 4856 4854
f 4864 4854 4853
f 4854 4855 4853
f 4854 4857 4855
f 4855 4875 4853
f 4878 4853 4875
f 4855 4876 4875
f 4856 4857 4854
f 4855 4857 4858
f 4855 4858 4876
f 4859 4862 4860
f 4859 4864 4865
f 4859 4861 4864
f 4859 4865 4863
f 4859 4860 4861
f 4861 4860 4867
f 4859 4863 4862
f 4862 4863 4997
f 4862 4850 4860
f 4850 4851 4860
f 4862 4991 4850
f 4864 4866 4865
f 4864 4853 4866
f 4866 4221 4865
f 4866 4878 4879
f 4866 4853 4878
f 4866 4879 4221
f 4861 4867 4856
f 4860 4851 4867
f 4878 4875 4881
f 4875 4877 4881
f 4875 4876 4877
f 4878 4880 4879
f 4878 4881 4880
f 4879 4880 4883
f 4880 4882 4884
f 4880 4881 4882
f 4881 4886 4882
f 4880 4884 4883
f 4883 4884 5045
f 4884 4882 4885
f 4882 4887 4885
f 4884 4885 5051
f 4885 4888 5052
f 4881 4877 4886
f 4882 4886 4887
f 4885 4887 4888
f 4850 4991 4992
f 4991 4993 4992
f 4992 4993 4995
f 4992 4994 4852
f 4992 4995 4994
f 4993 4996 4995
f 4997 4863 4278
f 4862 4997 4991
f 4997 4278 4999
f 4997 4999 4998
f 4997 4998 4991
f 4991 4998 4993
f 4998 4999 5000
f 4998 5000 5001
f 4999 5002 5000
f 4998 5001 4993
f 4993 5001 4996
f 5000 5002 5004
f 5000 5004 5003
f 5000 5003 5001
f 5001 5003 5009
f 5003 5004 5007
f 5003 5007 5010
f 5002 5005 5004
f 5002 4283 5005
f 5004 5005 5006
f 4283 5046 5005
f 5005 5046 5057
f 5005 5057 5006
f 5004 5006 5007
f 5006 5008 5007
f 5006 5058 5008
f 5057 5058 5006
f 5007 5008 5011
f 5008 5058 5062
f 5001 5009 4996
f 5003 5010 5009
f 5010 5007 5011
f 5008 5012 5011
f 5008 5062 5012
f 4883 5045 4302
f 4884 5051 5045
f 4302 5045 5047
f 5045 5048 5047
f 5045 5051 5048
f 5046 5047 5049
f 5047 5048 5049
f 5049 5048 5050
f 4885 5052 5051
f 5051 5052 5053
f 5051 5053 5048
f 5053 5052 5055
f 5048 5053 5050
f 5053 5056 5050
f 5052 4888 5054
f 5052 5054 5055
f 5053 5055 5056
f 5046 5049 5057
f 5057 5049 5059
f 5057 5059 5058
f 5058 5059 5060
f 5049 5050 5059
f 5059 5050 5061
f 5058 5060 5062
f 5050 5056 5061
f 5059 5061 5060
f 4943 4944 4945
f 4944 5119 4945
f 4946 4949 4947
f 4946 4954 4949
f 4954 4958 4949
f 4947 4950 4948
f 4948 4950 4975
f 4947 4949 4950
f 4949 4958 4951
f 4949 4951 4950
f 4975 4950 4977
f 4950 4951 4977
f 4977 4951 4984
f 4952 4954 4946
f 4952 4943 4953
f 4952 4953 4954
f 4954 4953 4955
f 4953 4956 4955
f 4954 4955 4958
f 4943 4945 4953
f 4945 4956 4953
f 4945 5123 4956
f 4955 4959 4958
f 4955 4957 4959
f 4955 4956 4957
f 4956 5125 4957
f 4957 4962 4959
f 4957 5126 4962
f 4958 4960 4951
f 4958 4959 4960
f 4960 4959 4961
f 4951 4960 4984
f 4984 4960 4985
f 4960 4961 4985
f 4959 4962 4961
f 4962 4963 4961
f 4962 5130 4963
f 4961 4963 4989
f 4985 4961 4989
f 4963 5160 4989
f 4975 4977 4976
f 4977 4979 4976
f 4977 4984 4979
f 4976 4979 4978
f 4978 4980 4981
f 4979 4984 4986
f 4978 4979 4980
f 4979 4986 4980
f 4980 4986 4987
f 4981 4983 4982
f 4981 4980 4983
f 4980 4987 4983
f 4983 5155 4982
f 4983 4987 5167
f 4984 4985 4986
f 4985 4988 4986
f 4986 4988 4987
f 4987 4988 5159
f 4985 4989 4988
f 4989 5161 4988
f 5118 5119 4944
f 5118 5120 5119
f 4945 5119 5123
f 5119 5120 5122
f 5119 5122 5123
f 5120 5121 5122
f 5123 5122 5127
f 5122 5124 5127
f 5121 5124 5122
f 5124 5129 5127
f 4956 5123 5125
f 5125 5126 4957
f 5123 5127 5125
f 5125 5128 5126
f 5125 5127 5128
f 5126 5130 4962
f 5126 5128 5133
f 5126 5133 5130
f 5127 5129 5128
f 5129 5132 5128
f 5128 5132 5133
f 5130 5131 4963
f 5130 5133 5134
f 5130 5134 5131
f 4963 5131 5160
f 5131 5134 5160
f 5160 5134 5166
f 5133 5135 5134
f 5133 5132 5135
f 5134 5135 5166
f 5135 5162 5166
f 5121 5136 5124
f 5136 5137 5138
f 5137 5140 5139
f 5136 5138 5124
f 5124 5138 5129
f 5138 5143 5129
f 5137 5139 5138
f 5138 5139 5143
f 5139 5145 5143
f 5139 5142 5145
f 5142 5170 5145
f 5170 5173 5145
f 5140 5141 5142
f 5141 5172 5142
f 5140 5142 5139
f 5172 5170 5142
f 5129 5143 5132
f 5143 5144 5132
f 5132 5144 5135
f 5143 5145 5144
f 5135 5144 5162
f 5173 5162 5144
f 5145 5173 5144
f 5153 5163 5165
f 4982 5155 5154
f 5154 5155 5156
f 4983 5167 5155
f 5158 5156 5155
f 5167 5158 5155
f 5167 5163 5158
f 5157 5156 5158
f 5158 5163 5153
f 5157 5158 5153
f 4987 5159 5167
f 4988 5161 5159
f 5167 5159 5163
f 5161 5164 5159
f 5159 5164 5163
f 4989 5160 5161
f 5160 5166 5161
f 5161 5166 5164
f 5162 5165 5164
f 5165 5163 5164
f 5166 5162 5164
f 5172 5168 5170
f 5157 5153 5169
f 5168 5169 5171
f 5171 5165 5173
f 5170 5168 5171
f 5170 5171 5173
f 5169 5153 5171
f 5171 5153 5165
f 5173 5165 5162
f 5015 5018 5014
f 5015 5013 5063
f 5014 5017 5016
f 5014 5018 5017
f 5015 5063 5018
f 5019 5064 5013
f 5013 5064 5063
f 5015 5014 5094
f 5014 5016 5096
f 5015 5095 5013
f 5016 5017 5097
f 5017 5018 5098
f 5019 5013 5093
f 5018 5063 5100
f 5063 5064 5101
f 5014 5096 5094
f 5015 5094 5095
f 5013 5095 5093
f 5016 5097 5096
f 5017 5098 5097
f 5019 5093 5099
f 5018 5100 5098
f 5063 5101 5100
f 5146 5147 5175
f 5146 5175 5174
f 5147 5148 5150
f 5148 5149 5152
f 5147 5150 5175
f 5148 5152 5150
f 5149 5151 5152
f 5146 5187 5147
f 5147 5188 5148
f 5148 5189 5149
f 5149 5190 5151
f 5152 5193 5150
f 5151 5192 5152
f 5174 5175 5197
f 5150 5191 5175
f 5147 5187 5188
f 5148 5188 5189
f 5149 5189 5190
f 5151 5190 5192
f 5150 5193 5191
f 5152 5192 5193
f 5174 5197 5196
f 5175 5191 5197
f 5360 5381 5355
f 5361 5355 5356
f 5362 5356 5357
f 5357 5364 5363
f 5360 5359 5381
f 5361 5360 5355
f 5361 5356 5362
f 5362 5357 5363
f 5371 5364 5365
f 5372 5365 5366
f 5366 5367 5374
f 5411 5425 5367
f 5371 5363 5364
f 5371 5365 5372
f 5372 5366 5373
f 5374 5373 5366
f 5425 5374 5367
f 5382 5391 5377
f 5379 5377 5394
f 5379 5396 5378
f 5378 5397 5380
f 5398 5383 5380
f 5381 5399 5382
f 5400 5384 5383
f 5384 5403 5385
f 5386 5385 5404
f 5406 5387 5386
f 5388 5387 5408
f 5409 5389 5388
f 5390 5389 5410
f 5392 5396 5379
f 5393 5394 5377
f 5393 5377 5391
f 5392 5379 5394
f 5396 5397 5378
f 5398 5380 5397
f 5399 5391 5382
f 5359 5399 5381
f 5398 5400 5383
f 5400 5401 5384
f 5401 5403 5384
f 5403 5404 5385
f 5386 5404 5405
f 5406 5386 5405
f 5406 5407 5387
f 5407 5408 5387
f 5409 5388 5408
f 5409 5410 5389
f 5411 5412 5427
f 5430 5412 5413
f 5413 5414 5433
f 5411 5427 5426
f 5428 5427 5412
f 5430 5428 5412
f 5430 5413 5433
f 5414 5415 5435
f 5437 5415 5416
f 5434 5433 5414
f 5434 5414 5435
f 5436 5435 5415
f 5437 5436 5415
f 5437 5416 5444
f 5418 5417 5440
f 5418 5442 5419
f 5441 5424 5419
f 5420 5444 5416
f 5445 5420 5421
f 5447 5421 5422
f 5445 5444 5420
f 5447 5445 5421
f 5447 5422 5446
f 5446 5422 5423
f 5449 5423 5424
f 5446 5423 5449
f 5411 5426 5425
f 5439 5440 5417
f 5449 5424 5441
f 5418 5440 5442
f 5441 5419 5443
f 5419 5442 5443
f 5390 5489 5497
f 5390 5410 5489
f 5497 5439 5417
f 5497 5489 5439
f 4602 4531 4549
f 4531 4532 4550
f 4532 4533 4551
f 4552 4533 4556
f 4613 4602 4549
f 4550 4549 4531
f 4551 4550 4532
f 4552 4551 4533
f 4552 4556 4553
f 4556 4554 4565
f 4554 4555 4568
f 4669 4555 4659
f 4553 4556 4565
f 4554 4568 4565
f 4669 4568 4555
f 4613 4603 4602
f 4603 4612 4604
f 4604 4615 4605
f 4606 4605 4623
f 4607 4606 4626
f 4629 4608 4607
f 4630 4609 4608
f 4610 4609 4656
f 4610 4658 4611
f 4611 4724 4713
f 4613 4612 4603
f 4612 4615 4604
f 4615 4622 4605
f 4623 4605 4622
f 4624 4606 4623
f 4624 4626 4606
f 4607 4626 4628
f 4607 4628 4629
f 4629 4630 4608
f 4630 4633 4609
f 4633 4656 4609
f 4610 4656 4658
f 4658 4724 4611
f 4659 4660 4670
f 4661 4676 4660
f 4671 4670 4660
f 4671 4660 4676
f 4677 4661 4662
f 4662 4663 4684
f 4678 4676 4661
f 4677 4678 4661
f 4677 4662 4684
f 4684 4663 4683
f 4682 4683 4663
f 4682 4663 4698
f 4690 4664 4734
f 4665 4691 4668
f 4664 4692 4665
f 4663 4666 4698
f 4701 4666 4667
f 4698 4666 4700
f 4696 4700 4666
f 4696 4666 4701
f 4701 4667 4702
f 4667 4668 4702
f 4669 4659 4670
f 4690 4734 4688
f 4690 4689 4664
f 4689 4692 4664
f 4692 4691 4665
f 4691 4702 4668
f 4713 4725 4734
f 4713 4724 4725
f 4734 4725 4688
f 5285 5241 5242
f 5243 5241 5244
f 5285 5244 5241
f 5243 5286 5241
f 5362 5240 5237
f 5362 5237 5241
f 5273 5275 5272
f 5276 5273 5277
f 5274 5272 5275
f 5276 5275 5273
f 5284 5277 5280
f 5242 5272 5287
f 5285 5242 5287
f 5274 5395 5272
f 5285 5287 5286
f 5395 5287 5272
f 5274 5288 5395
f 5398 5277 5284
f 5276 5289 5288
f 5398 5276 5277
f 5398 5284 5281
f 5289 5395 5288
f 5398 5289 5276
f 5398 5281 5400
f 5296 5281 5290
f 5292 5293 5295
f 5297 5296 5291
f 5400 5281 5296
f 5297 5295 5403
f 5295 5293 5402
f 5409 5294 5321
f 5325 5323 5324
f 5326 5492 5324
f 5325 5324 5492
f 5369 5358 5236
f 5361 5241 5360
f 5360 5286 5359
f 5361 5362 5241
f 5362 5363 5240
f 5240 5363 5239
f 5360 5241 5286
f 5363 5375 5239
f 5369 5368 5358
f 5369 5236 5451
f 5452 5451 5370
f 5452 5370 5238
f 5371 5375 5363
f 5372 5376 5371
f 5372 5373 5376
f 5452 5238 5454
f 5371 5454 5375
f 5456 5371 5376
f 5373 5455 5376
f 5287 5393 5286
f 5286 5393 5391
f 5392 5394 5287
f 5395 5392 5287
f 5398 5397 5289
f 5404 5402 5405
f 5400 5296 5401
f 5401 5296 5297
f 5401 5297 5403
f 5402 5293 5405
f 5406 5405 5293
f 5406 5293 5407
f 5409 5408 5294
f 5426 5429 5425
f 5430 5433 5431
f 5426 5457 5429
f 5430 5457 5428
f 5430 5431 5432
f 5441 5443 5450
f 5447 5448 5445
f 5447 5446 5448
f 5437 5444 5470
f 5470 5445 5448
f 5437 5470 5471
f 5449 5441 5450
f 5446 5449 5473
f 5449 5450 5473
f 5446 5473 5474
f 5371 5456 5454
f 5373 5453 5455
f 5430 5432 5458
f 5434 5466 5431
f 5431 5467 5432
f 5430 5458 5457
f 5432 5459 5458
f 5432 5465 5464
f 5432 5467 5465
f 5467 5431 5466
f 5438 5466 5436
f 5437 5469 5436
f 5469 5438 5436
f 5437 5471 5469
f 5469 5468 5438
f 5470 5448 5472
f 5470 5472 5471
f 5446 5476 5448
f 5446 5474 5476
f 5469 5471 5475
f 5409 5321 5410
f 5517 5322 5491
f 5517 5491 5492
f 5491 5325 5492
f 5326 5324 5493
f 5326 5494 5492
f 5490 5493 5498
f 5490 5498 5494
f 5495 5498 5493
f 5517 5518 5322
f 5517 5492 5519
f 5499 5498 5495
f 5499 5495 5496
f 5499 5500 5498
f 4383 4385 4382
f 4383 4415 4385
f 4383 4384 4418
f 4414 4413 4384
f 4384 4413 4417
f 4414 4416 4413
f 4384 4419 4418
f 4384 4417 4423
f 4384 4423 4419
f 4383 4418 4415
f 4385 4415 4437
f 4385 4437 4438
f 4385 4432 4441
f 4385 4438 4432
f 4423 4427 4424
f 4422 4425 4423
f 4425 4428 4423
f 4425 4426 4428
f 4423 4428 4427
f 4424 4427 4431
f 4429 4424 4431
f 4432 4429 4431
f 4440 4433 4430
f 4432 4433 4441
f 4385 4441 4442
f 4432 4438 4429
f 4385 4442 4387
f 4386 4388 4446
f 4447 4439 4386
f 4460 4388 4387
f 4447 4386 4446
f 4439 4444 4618
f 4441 4433 4440
f 4442 4443 4387
f 4460 4387 4443
f 4445 4446 4388
f 4460 4445 4388
f 4439 4447 4450
f 4444 4439 4450
f 4460 4448 4445
f 4461 4447 4462
f 4447 4448 4463
f 4643 4444 4644
f 4644 4444 4449
f 4444 4450 4449
f 4447 4461 4450
f 4644 4449 4653
f 4460 4463 4448
f 4462 4447 4464
f 4461 4462 4465
f 4447 4463 4464
f 4460 4472 4463
f 4464 4463 4471
f 4462 4464 4474
f 4468 4466 4654
f 4467 4468 4654
f 4464 4471 4473
f 4471 4472 4473
f 4469 4474 4475
f 4470 4475 4476
f 4522 4535 4523
f 4522 4521 4537
f 4522 4537 4535
f 4535 4542 4523
f 4551 4536 4523
f 4542 4551 4523
f 4538 4614 4539
f 4613 4539 4612
f 4439 4534 4386
f 4439 4540 4534
f 4538 4540 4616
f 4613 4520 4539
f 4613 4541 4520
f 4552 4536 4551
f 4613 4543 4541
f 4544 4548 4545
f 4544 4543 4547
f 4546 4545 4548
f 4613 4547 4543
f 4613 4549 4547
f 4544 4547 4548
f 4557 4558 4562
f 4552 4558 4536
f 4562 4559 4557
f 4588 4560 4561
f 4563 4561 4559
f 4552 4562 4558
f 4563 4567 4561
f 4552 4553 4562
f 4564 4566 4567
f 4563 4564 4567
f 4669 4567 4568
f 4669 4561 4567
f 4588 4561 4669
f 4588 4669 4670
f 4588 4670 4671
f 4588 4674 4569
f 4588 4671 4672
f 4588 4672 4677
f 4588 4677 4673
f 4588 4569 4589
f 4589 4569 4590
f 4590 4569 4594
f 4594 4569 4591
f 4591 4569 4592
f 4595 4593 4594
f 4591 4595 4594
f 4617 4614 4538
f 4614 4612 4539
f 4439 4616 4540
f 4617 4538 4616
f 4619 4614 4617
f 4619 4618 4635
f 4617 4618 4619
f 4444 4635 4618
f 4619 4635 4620
f 4621 4623 4622
f 4625 4624 4623
f 4620 4635 4621
f 4636 4623 4621
f 4625 4637 4627
f 4627 4637 4628
f 4648 4651 4630
f 4631 4630 4651
f 4633 4632 4656
f 4632 4634 4714
f 4714 4656 4632
f 4636 4621 4635
f 4625 4623 4640
f 4625 4638 4637
f 4637 4629 4628
f 4625 4640 4638
f 4636 4641 4623
f 4646 4623 4641
f 4642 4623 4646
f 4444 4643 4639
f 4636 4639 4641
f 4640 4623 4642
f 4643 4641 4639
f 4645 4646 4641
f 4642 4646 4647
f 4649 4650 4647
f 4651 4648 4652
f 4649 4654 4655
f 4655 4718 4649
f 4467 4646 4653
f 4646 4467 4654
f 4466 4655 4654
f 4648 4650 4718
f 4649 4718 4650
f 4652 4648 4718
f 4652 4718 4634
f 4588 4673 4699
f 4588 4699 4697
f 4588 4739 4674
f 4710 4588 4697
f 4677 4672 4678
f 4677 4679 4673
f 4681 4699 4673
f 4677 4685 4679
f 4677 4684 4685
f 4681 4680 4685
f 4679 4685 4680
f 4682 4681 4685
f 4681 4682 4699
f 4588 4710 4739
f 4739 4675 4674
f 4675 4707 4686
f 4687 4686 4703
f 4687 4743 4686
f 4687 4704 4744
f 4706 4694 4709
f 4695 4709 4694
f 4696 4701 4697
f 4698 4699 4682
f 4701 4709 4697
f 4739 4707 4675
f 4687 4703 4704
f 4707 4703 4686
f 4705 4706 4701
f 4701 4706 4709
f 4710 4697 4709
f 4739 4708 4707
f 4708 4739 4711
f 4712 4711 4739
f 4714 4715 4716
f 4714 4730 4715
f 4719 4634 4718
f 4719 4730 4634
f 4714 4634 4730
f 4719 4717 4729
f 4730 4719 4729
f 4715 4730 4731
f 4720 4716 4721
f 4720 4721 4722
f 4720 4722 4657
f 4732 4723 4657
f 4732 4657 4722
f 4732 4727 4723
f 4726 4727 4733
f 4732 4722 4728
f 4732 4733 4727
f 4690 4688 4735
f 4690 4735 4736
f 4690 4736 4689
f 4689 4737 4693
f 4694 4693 4737
f 4695 4694 4737
f 4695 4737 4738
f 4739 4738 4737
f 4710 4738 4739
f 4736 4733 4689
f 4689 4733 4737
f 4712 4739 4740
f 4765 4712 4740
f 4764 4740 4741
f 4745 4746 4743
f 4745 4744 4704
f 4742 4746 4760
f 4745 4760 4746
f 4748 4747 4761
f 4742 4760 4747
f 4761 4747 4762
f 4748 4751 4750
f 4761 4751 4748
f 4774 4749 4750
f 4774 4752 4749
f 4774 4750 4751
f 4754 4753 4752
f 4754 4755 4756
f 4754 4752 4776
f 4774 4776 4752
f 4757 4775 4758
f 4745 4704 4763
f 4763 4760 4745
f 4760 4767 4747
f 4767 4762 4747
f 4761 4762 4773
f 4763 4765 4764
f 4765 4740 4764
f 4768 4771 4769
f 4772 4769 4771
f 4776 4773 4762
f 4774 4773 4776
f 4758 4777 4759
f 4778 4757 4755
f 4754 4778 4755
f 4778 4775 4757
f 4754 4776 4778
f 4758 4775 4779
f 4779 4777 4758
f 4781 4782 4780
f 4764 4799 4766
f 4793 4766 4799
f 4770 4766 4793
f 4770 4793 4795
f 4794 4795 4796
f 4796 4798 4794
f 4796 4795 4793
f 4764 4741 4799
f 4781 4798 4797
f 5546 5557 5559
f 5546 5559 5561
f 5546 5556 5557
f 5546 5558 5556
f 5546 5560 5558
f 5546 5561 5562
f 5546 5562 5568
f 5546 5568 5569
f 5546 5569 5577
f 5547 5548 5596
f 5548 5595 5596
f 5544 5596 5545
f 5544 5543 5596
f 5543 5547 5596
f 5545 5596 5546
f 5546 5601 5560
f 5601 5582 5560
f 5601 5583 5582
f 5601 5586 5583
f 5601 5587 5586
f 5601 5591 5587
f 5546 5596 5601
f 5596 5597 5601
f 5597 5598 5601
f 5676 5543 5544
f 5677 5544 5545
f 5678 5545 5546
f 5680 5547 5543
f 5681 5548 5547
f 5546 5577 5578
f 5546 5578 5579
f 5546 5579 5580
f 5546 5580 5624
f 5546 5624 5625
f 5546 5625 5633
f 5682 5595 5548
f 5601 5592 5591
f 5601 5593 5592
f 5601 5594 5593
f 5601 5661 5594
f 5601 5662 5661
f 5601 5666 5662
f 5601 5667 5666
f 5601 5668 5667
f 5601 5671 5668
f 5601 5672 5671
f 5683 5596 5595
f 5684 5597 5596
f 5685 5598 5597
f 5686 5599 5598
f 5687 5600 5599
f 5600 5602 5601
f 5600 5603 5602
f 5598 5599 5601
f 5599 5600 5601
f 5600 5604 5603
f 5600 5605 5604
f 5600 5606 5605
f 5600 5607 5606
f 5607 5615 5608
f 5608 5615 5609
f 5688 5601 5602
f 5689 5602 5603
f 5690 5603 5604
f 5691 5604 5605
f 5692 5605 5606
f 5693 5606 5607
f 5694 5607 5608
f 5695 5608 5609
f 5696 5609 5610
f 5697 5610 5611
f 5698 5611 5612
f 5600 5613 5607
f 5607 5613 5614
f 5607 5614 5615
f 5609 5615 5616
f 5609 5616 5610
f 5610 5616 5611
f 5611 5616 5612
f 5612 5616 5775
f 5600 5700 5613
f 5701 5614 5613
f 5702 5615 5614
f 5703 5616 5615
f 5616 5851 5763
f 5699 5612 5775
f 5679 5546 5633
f 5677 5676 5544
f 5677 5545 5678
f 5678 5546 5679
f 5676 5680 5543
f 5680 5681 5547
f 5679 5633 5634
f 5679 5634 5635
f 5681 5682 5548
f 5679 5635 5641
f 5679 5641 5642
f 5679 5642 5650
f 5679 5650 5651
f 5679 5651 5652
f 5679 5652 5654
f 5679 5654 5655
f 5679 5655 5656
f 5679 5656 5653
f 5680 5683 5681
f 5681 5683 5682
f 5677 5678 5683
f 5677 5683 5676
f 5676 5683 5680
f 5678 5679 5683
f 5688 5674 5672
f 5688 5675 5674
f 5688 5653 5675
f 5679 5653 5688
f 5679 5688 5683
f 5683 5688 5684
f 5684 5688 5685
f 5682 5683 5595
f 5683 5684 5596
f 5684 5685 5597
f 5685 5686 5598
f 5686 5687 5599
f 5687 5700 5600
f 5688 5672 5601
f 5688 5602 5689
f 5689 5603 5690
f 5690 5604 5691
f 5691 5605 5692
f 5692 5606 5693
f 5693 5607 5694
f 5694 5608 5695
f 5695 5609 5696
f 5696 5610 5697
f 5697 5611 5698
f 5698 5612 5699
f 5687 5688 5689
f 5687 5689 5690
f 5685 5688 5686
f 5686 5688 5687
f 5687 5690 5691
f 5687 5691 5692
f 5687 5692 5693
f 5687 5693 5694
f 5694 5695 5702
f 5695 5696 5702
f 5700 5701 5613
f 5701 5702 5614
f 5702 5703 5615
f 5703 5851 5616
f 5687 5694 5700
f 5694 5701 5700
f 5694 5702 5701
f 5696 5703 5702
f 5696 5697 5703
f 5697 5698 5703
f 5698 5699 5703
f 5699 5863 5703
f 5779 5704 5705
f 5780 5705 5706
f 5781 5706 5707
f 5783 5708 5765
f 5782 5707 5709
f 5784 5709 5708
f 5704 5710 5705
f 5705 5710 5711
f 5705 5711 5712
f 5705 5712 5713
f 5705 5713 5714
f 5705 5714 5715
f 5715 5719 5717
f 5715 5721 5719
f 5715 5717 5716
f 5715 5716 5718
f 5715 5718 5720
f 5715 5722 5721
f 5715 5730 5722
f 5715 5731 5730
f 5715 5737 5731
f 5705 5715 5771
f 5705 5771 5706
f 5706 5771 5707
f 5715 5720 5771
f 5771 5720 5748
f 5771 5748 5749
f 5771 5749 5751
f 5844 5710 5704
f 5845 5711 5710
f 5846 5712 5711
f 5847 5713 5712
f 5848 5714 5713
f 5849 5715 5714
f 5715 5738 5737
f 5715 5739 5738
f 5849 5739 5715
f 5616 5763 5775
f 5762 5775 5763
f 5762 5764 5768
f 5764 5766 5767
f 5766 5765 5767
f 5708 5767 5765
f 5762 5768 5777
f 5762 5777 5778
f 5762 5776 5775
f 5762 5778 5776
f 5850 5762 5763
f 5852 5764 5762
f 5854 5766 5764
f 5853 5765 5766
f 5709 5707 5771
f 5709 5771 5708
f 5708 5771 5772
f 5708 5772 5773
f 5764 5767 5768
f 5708 5769 5767
f 5708 5770 5769
f 5708 5774 5770
f 5708 5773 5774
f 5856 5768 5767
f 5855 5767 5769
f 5858 5770 5774
f 5857 5769 5770
f 5860 5772 5771
f 5862 5774 5773
f 5861 5773 5772
f 5859 5771 5751
f 5865 5777 5768
f 5863 5775 5776
f 5864 5776 5778
f 5866 5778 5777
f 5779 5705 5780
f 5780 5706 5781
f 5781 5707 5782
f 5784 5708 5783
f 5784 5782 5709
f 5779 5844 5704
f 5844 5845 5710
f 5845 5846 5711
f 5846 5847 5712
f 5847 5848 5713
f 5848 5849 5714
f 5849 5747 5739
f 5849 5785 5747
f 5849 5786 5785
f 5849 5794 5786
f 5849 5795 5794
f 5849 5796 5795
f 5859 5751 5752
f 5859 5752 5755
f 5859 5755 5756
f 5859 5756 5757
f 5859 5757 5761
f 5859 5761 5825
f 5859 5825 5826
f 5859 5826 5831
f 5859 5831 5832
f 5859 5832 5833
f 5779 5780 5844
f 5780 5845 5844
f 5780 5846 5845
f 5780 5847 5846
f 5780 5848 5847
f 5780 5849 5848
f 5849 5804 5796
f 5849 5805 5804
f 5849 5811 5805
f 5849 5812 5811
f 5849 5813 5812
f 5849 5815 5813
f 5849 5816 5815
f 5849 5817 5816
f 5849 5814 5817
f 5780 5859 5849
f 5780 5781 5859
f 5781 5782 5859
f 5859 5833 5837
f 5859 5837 5838
f 5859 5838 5841
f 5859 5841 5842
f 5859 5842 5814
f 5849 5859 5814
f 5850 5852 5762
f 5850 5763 5851
f 5852 5854 5764
f 5854 5853 5766
f 5783 5765 5853
f 5699 5775 5863
f 5703 5863 5851
f 5850 5851 5863
f 5850 5856 5852
f 5852 5855 5854
f 5854 5855 5853
f 5783 5853 5855
f 5850 5865 5856
f 5850 5866 5865
f 5850 5863 5864
f 5850 5864 5866
f 5855 5856 5767
f 5855 5769 5857
f 5858 5774 5862
f 5857 5770 5858
f 5859 5860 5771
f 5860 5861 5772
f 5862 5773 5861
f 5856 5865 5768
f 5863 5776 5864
f 5865 5866 5777
f 5864 5778 5866
f 5784 5859 5782
f 5784 5783 5859
f 5783 5860 5859
f 5783 5861 5860
f 5852 5856 5855
f 5783 5855 5857
f 5783 5857 5858
f 5783 5858 5862
f 5783 5862 5861
f 5550 5549 5553
f 5549 5551 5553
f 5552 5550 5554
f 5550 5553 5554
f 5553 5551 5555
f 5554 5553 5563
f 5553 5555 5563
f 5551 5581 5555
f 5550 5561 5559
f 5549 5557 5556
f 5549 5556 5558
f 5550 5559 5557
f 5550 5557 5549
f 5549 5558 5551
f 5551 5558 5560
f 5551 5560 5582
f 5552 5562 5561
f 5552 5561 5550
f 5552 5568 5562
f 5552 5554 5564
f 5554 5563 5566
f 5555 5567 5563
f 5564 5554 5566
f 5552 5564 5565
f 5566 5563 5570
f 5555 5584 5567
f 5563 5567 5570
f 5552 5569 5568
f 5552 5565 5569
f 5565 5577 5569
f 5564 5566 5571
f 5565 5564 5572
f 5566 5570 5574
f 5567 5576 5570
f 5566 5574 5571
f 5564 5571 5572
f 5565 5572 5573
f 5574 5570 5575
f 5567 5588 5576
f 5570 5576 5575
f 5565 5578 5577
f 5565 5573 5578
f 5573 5579 5578
f 5572 5571 5617
f 5571 5574 5618
f 5573 5572 5619
f 5574 5575 5621
f 5575 5576 5623
f 5574 5621 5618
f 5571 5618 5617
f 5572 5617 5619
f 5573 5619 5620
f 5575 5622 5621
f 5575 5623 5622
f 5576 5657 5623
f 5573 5580 5579
f 5573 5620 5580
f 5620 5624 5580
f 5551 5582 5581
f 5581 5582 5583
f 5581 5583 5586
f 5555 5581 5584
f 5581 5585 5584
f 5581 5586 5587
f 5581 5587 5585
f 5585 5587 5591
f 5567 5584 5588
f 5584 5585 5589
f 5584 5589 5588
f 5585 5590 5589
f 5585 5591 5592
f 5585 5592 5590
f 5590 5592 5593
f 5576 5588 5657
f 5588 5589 5658
f 5589 5590 5659
f 5588 5658 5657
f 5589 5659 5658
f 5590 5660 5659
f 5590 5593 5594
f 5590 5594 5660
f 5660 5594 5661
f 5618 5621 5629
f 5617 5618 5626
f 5619 5617 5627
f 5620 5619 5628
f 5621 5622 5630
f 5622 5623 5630
f 5623 5657 5631
f 5617 5626 5627
f 5626 5618 5629
f 5619 5627 5628
f 5621 5630 5629
f 5623 5631 5630
f 5620 5625 5624
f 5620 5628 5625
f 5628 5633 5625
f 5626 5629 5638
f 5627 5626 5637
f 5628 5627 5636
f 5629 5630 5632
f 5630 5631 5632
f 5631 5663 5639
f 5626 5638 5637
f 5627 5637 5636
f 5629 5632 5638
f 5631 5639 5632
f 5628 5634 5633
f 5628 5636 5634
f 5636 5635 5634
f 5637 5638 5644
f 5636 5637 5643
f 5638 5632 5640
f 5632 5639 5640
f 5639 5670 5645
f 5637 5644 5643
f 5638 5640 5644
f 5640 5639 5645
f 5636 5641 5635
f 5636 5643 5641
f 5643 5642 5641
f 5643 5644 5647
f 5644 5640 5646
f 5640 5645 5646
f 5645 5673 5648
f 5644 5646 5647
f 5646 5645 5648
f 5647 5646 5649
f 5646 5648 5649
f 5643 5650 5642
f 5643 5651 5650
f 5643 5647 5651
f 5647 5652 5651
f 5647 5654 5652
f 5647 5649 5654
f 5648 5675 5653
f 5649 5648 5656
f 5648 5653 5656
f 5649 5655 5654
f 5649 5656 5655
f 5657 5658 5663
f 5658 5659 5664
f 5659 5660 5665
f 5631 5657 5663
f 5658 5664 5663
f 5659 5665 5664
f 5660 5661 5662
f 5660 5662 5665
f 5665 5662 5666
f 5663 5664 5670
f 5664 5665 5669
f 5663 5670 5639
f 5664 5669 5670
f 5665 5666 5667
f 5665 5667 5669
f 5669 5667 5668
f 5670 5669 5673
f 5645 5670 5673
f 5669 5668 5671
f 5669 5671 5672
f 5669 5672 5673
f 5673 5672 5674
f 5673 5674 5675
f 5648 5673 5675
f 5724 5719 5721
f 5723 5716 5717
f 5723 5718 5716
f 5724 5717 5719
f 5724 5723 5717
f 5723 5725 5718
f 5725 5720 5718
f 5725 5748 5720
f 5726 5721 5722
f 5726 5724 5721
f 5726 5722 5730
f 5724 5727 5723
f 5723 5727 5725
f 5726 5728 5724
f 5724 5728 5727
f 5727 5729 5725
f 5728 5732 5727
f 5725 5729 5750
f 5727 5732 5729
f 5726 5730 5731
f 5726 5731 5734
f 5734 5731 5737
f 5726 5733 5728
f 5728 5735 5732
f 5729 5732 5736
f 5726 5734 5733
f 5733 5735 5728
f 5735 5740 5732
f 5729 5736 5753
f 5732 5740 5736
f 5734 5737 5738
f 5734 5738 5741
f 5741 5738 5739
f 5734 5742 5733
f 5733 5743 5735
f 5735 5744 5740
f 5736 5740 5746
f 5734 5741 5742
f 5733 5742 5743
f 5735 5743 5744
f 5744 5745 5740
f 5736 5746 5760
f 5740 5745 5746
f 5741 5739 5747
f 5741 5747 5787
f 5787 5747 5785
f 5741 5788 5742
f 5742 5789 5743
f 5743 5790 5744
f 5744 5791 5745
f 5745 5793 5746
f 5741 5787 5788
f 5742 5788 5789
f 5743 5789 5790
f 5744 5790 5791
f 5745 5791 5792
f 5745 5792 5793
f 5746 5793 5830
f 5725 5750 5748
f 5750 5749 5748
f 5750 5751 5749
f 5750 5752 5751
f 5750 5754 5752
f 5754 5755 5752
f 5729 5753 5750
f 5750 5753 5754
f 5754 5756 5755
f 5754 5759 5756
f 5759 5757 5756
f 5753 5758 5754
f 5736 5760 5753
f 5754 5758 5759
f 5753 5760 5758
f 5759 5761 5757
f 5759 5827 5761
f 5827 5825 5761
f 5758 5828 5759
f 5760 5829 5758
f 5746 5830 5760
f 5758 5829 5828
f 5759 5828 5827
f 5760 5830 5829
f 5787 5785 5786
f 5787 5786 5797
f 5797 5786 5794
f 5787 5797 5788
f 5788 5798 5789
f 5789 5799 5790
f 5790 5800 5791
f 5791 5801 5792
f 5792 5801 5793
f 5793 5802 5830
f 5788 5797 5798
f 5789 5798 5799
f 5799 5800 5790
f 5791 5800 5801
f 5793 5801 5802
f 5797 5794 5795
f 5797 5795 5806
f 5806 5795 5796
f 5797 5806 5798
f 5798 5807 5799
f 5799 5808 5800
f 5800 5803 5801
f 5801 5803 5802
f 5802 5809 5836
f 5798 5806 5807
f 5799 5807 5808
f 5800 5808 5803
f 5802 5803 5809
f 5806 5796 5804
f 5806 5804 5818
f 5818 5804 5805
f 5806 5818 5807
f 5807 5819 5808
f 5808 5810 5803
f 5803 5810 5809
f 5809 5820 5840
f 5807 5818 5819
f 5808 5819 5810
f 5810 5820 5809
f 5818 5805 5811
f 5818 5811 5812
f 5818 5812 5822
f 5822 5812 5813
f 5822 5813 5815
f 5822 5815 5824
f 5823 5814 5842
f 5824 5817 5823
f 5823 5817 5814
f 5824 5815 5816
f 5824 5816 5817
f 5818 5822 5819
f 5819 5821 5810
f 5820 5823 5843
f 5810 5821 5820
f 5819 5822 5821
f 5821 5823 5820
f 5822 5824 5821
f 5821 5824 5823
f 5827 5826 5825
f 5827 5835 5826
f 5835 5831 5826
f 5829 5834 5828
f 5828 5835 5827
f 5830 5836 5829
f 5828 5834 5835
f 5829 5836 5834
f 5802 5836 5830
f 5835 5832 5831
f 5835 5839 5832
f 5839 5833 5832
f 5834 5839 5835
f 5836 5840 5834
f 5834 5840 5839
f 5836 5809 5840
f 5839 5837 5833
f 5839 5843 5837
f 5843 5838 5837
f 5840 5843 5839
f 5820 5843 5840
f 5843 5841 5838
f 5843 5842 5841
f 5823 5842 5843
f 5868 5867 5871
f 5868 5871 5869
f 5869 5871 5872
f 5869 5872 5870
f 5871 5867 5873
f 5871 5873 5872
f 5872 5873 5874
f 5872 5874 5870
f 5873 5867 5875
f 5873 5875 5874
f 5874 5875 5876
f 5874 5876 5870
f 5875 5867 5877
f 5875 5877 5876
f 5876 5877 5878
f 5876 5878 5870
f 5877 5867 5879
f 5877 5879 5878
f 5878 5879 5880
f 5878 5880 5870
f 5879 5867 5881
f 5879 5881 5880
f 5880 5881 5882
f 5880 5882 5870
f 5881 5867 5883
f 5881 5883 5882
f 5882 5883 5884
f 5882 5884 5870
f 5883 5867 5885
f 5883 5885 5884
f 5884 5885 5886
f 5884 5886 5870
f 5885 5867 5887
f 5885 5887 5886
f 5886 5887 5888
f 5886 5888 5870
f 5887 5867 5889
f 5887 5889 5888
f 5888 5889 5890
f 5888 5890 5870
f 5889 5867 5891
f 5889 5891 5890
f 5890 5891 5892
f 5890 5892 5870
f 5891 5867 5893
f 5891 5893 5892
f 5892 5893 5894
f 5892 5894 5870
f 5893 5867 5895
f 5893 5895 5894
f 5894 5895 5896
f 5894 5896 5870
f 5895 5867 5897
f 5895 5897 5896
f 5896 5897 5898
f 5896 5898 5870
f 5897 5867 5899
f 5897 5899 5898
f 5898 5899 5900
f 5898 5900 5870
f 5899 5867 5901
f 5899 5901 5900
f 5900 5901 5902
f 5900 5902 5870
f 5901 5867 5903
f 5901 5903 5902
f 5902 5903 5904
f 5902 5904 5870
f 5903 5867 5905
f 5903 5905 5904
f 5904 5905 5906
f 5904 5906 5870
f 5905 5867 5907
f 5905 5907 5906
f 5906 5907 5908
f 5906 5908 5870
f 5907 5867 5909
f 5907 5909 5908
f 5908 5909 5910
f 5908 5910 5870
f 5909 5867 5911
f 5909 5911 5910
f 5910 5911 5912
f 5910 5912 5870
f 5911 5867 5913
f 5911 5913 5912
f 5912 5913 5914
f 5912 5914 5870
f 5913 5867 5915
f 5913 5915 5914
f 5914 5915 5916
f 5914 5916 5870
f 5915 5867 5917
f 5915 5917 5916
f 5916 5917 5918
f 5916 5918 5870
f 5917 5867 5919
f 5917 5919 5918
f 5918 5919 5920
f 5918 5920 5870
f 5919 5867 5921
f 5919 5921 5920
f 5920 5921 5922
f 5920 5922 5870
f 5921 5867 5923
f 5921 5923 5922
f 5922 5923 5924
f 5922 5924 5870
f 5923 5867 5925
f 5923 5925 5924
f 5924 5925 5926
f 5924 5926 5870
f 5925 5867 5927
f 5925 5927 5926
f 5926 5927 5928
f 5926 5928 5870
f 5927 5867 5929
f 5927 5929 5928
f 5928 5929 5930
f 5928 5930 5870
f 5929 5867 5931
f 5929 5931 5930
f 5930 5931 5932
f 5930 5932 5870
f 5931 5867 5868
f 5931 5868 5932
f 5932 5868 5869
f 5932 5869 5870
f 5934 5933 5937
f 5934 5937 5935
f 5935 5937 5938
f 5935 5938 5936
f 5937 5933 5939
f 5937 5939 5938
f 5938 5939 5940
f 5938 5940 5936
f 5939 5933 5941
f 5939 5941 5940
f 5940 5941 5942
f 5940 5942 5936
f 5941 5933 5943
f 5941 5943 5942
f 5942 5943 5944
f 5942 5944 5936
f 5943 5933 5945
f 5943 5945 5944
f 5944 5945 5946
f 5944 5946 5936
f 5945 5933 5947
f 5945 5947 5946
f 5946 5947 5948
f 5946 5948 5936
f 5947 5933 5949
f 5947 5949 5948
f 5948 5949 5950
f 5948 5950 5936
f 5949 5933 5951
f 5949 5951 5950
f 5950 5951 5952
f 5950 5952 5936
f 5951 5933 5953
f 5951 5953 5952
f 5952 5953 5954
f 5952 5954 5936
f 5953 5933 5955
f 5953 5955 5954
f 5954 5955 5956
f 5954 5956 5936
f 5955 5933 5957
f 5955 5957 5956
f 5956 5957 5958
f 5956 5958 5936
f 5957 5933 5959
f 5957 5959 5958
f 5958 5959 5960
f 5958 5960 5936
f 5959 5933 5961
f 5959 5961 5960
f 5960 5961 5962
f 5960 5962 5936
f 5961 5933 5963
f 5961 5963 5962
f 5962 5963 5964
f 5962 5964 5936
f 5963 5933 5965
f 5963 5965 5964
f 5964 5965 5966
f 5964 5966 5936
f 5965 5933 5967
f 5965 5967 5966
f 5966 5967 5968
f 5966 5968 5936
f 5967 5933 5969
f 5967 5969 5968
f 5968 5969 5970
f 5968 5970 5936
f 5969 5933 5971
f 5969 5971 5970
f 5970 5971 5972
f 5970 5972 5936
f 5971 5933 5973
f 5971 5973 5972
f 5972 5973 5974
f 5972 5974 5936
f 5973 5933 5975
f 5973 5975 5974
f 5974 5975 5976
f 5974 5976 5936
f 5975 5933 5977
f 5975 5977 5976
f 5976 5977 5978
f 5976 5978 5936
f 5977 5933 5979
f 5977 5979 5978
f 5978 5979 5980
f 5978 5980 5936
f 5979 5933 5981
f 5979 5981 5980
f 5980 5981 5982
f 5980 5982 5936
f 5981 5933 5983
f 5981 5983 5982
f 5982 5983 5984
f 5982 5984 5936
f 5983 5933 5985
f 5983 5985 5984
f 5984 5985 5986
f 5984 5986 5936
f 5985 5933 5987
f 5985 5987 5986
f 5986 5987 5988
f 5986 5988 5936
f 5987 5933 5989
f 5987 5989 5988
f 5988 5989 5990
f 5988 5990 5936
f 5989 5933 5991
f 5989 5991 5990
f 5990 5991 5992
f 5990 5992 5936
f 5991 5933 5993
f 5991 5993 5992
f 5992 5993 5994
f 5992 5994 5936
f 5993 5933 5995
f 5993 5995 5994
f 5994 5995 5996
f 5994 5996 5936
f 5995 5933 5997
f 5995 5997 5996
f 5996 5997 5998
f 5996 5998 5936
f 5997 5933 5999
f 5997 5999 5998
f 5998 5999 6000
f 5998 6000 5936
f 5999 5933 6001
f 5999 6001 6000
f 6000 6001 6002
f 6000 6002 5936
f 6001 5933 6003
f 6001 6003 6002
f 6002 6003 6004
f 6002 6004 5936
f 6003 5933 6005
f 6003 6005 6004
f 6004 6005 6006
f 6004 6006 5936
f 6005 5933 5934
f 6005 5934 6006
f 6006 5934 5935
f 6006 5935 5936
f 6008 6007 6011
f 6008 6011 6009
f 6009 6011 6012
f 6009 6012 6010
f 6011 6007 6013
f 6011 6013 6012
f 6012 6013 6014
f 6012 6014 6010
f 6013 6007 6015
f 6013 6015 6014
f 6014 6015 6016
f 6014 6016 6010
f 6015 6007 6017
f 6015 6017 6016
f 6016 6017 6018
f 6016 6018 6010
f 6017 6007 6019
f 6017 6019 6018
f 6018 6019 6020
f 6018 6020 6010
f 6019 6007 6008
f 6019 6008 6020
f 6020 6008 6009
f 6020 6009 6010
f 6022 6021 6025
f 6022 6025 6023
f 6023 6025 6026
f 6023 6026 6024
f 6025 6021 6027
f 6025 6027 6026
f 6026 6027 6028
f 6026 6028 6024
f 6027 6021 6029
f 6027 6029 6028
f 6028 6029 6030
f 6028 6030 6024
f 6029 6021 6031
f 6029 6031 6030
f 6030 6031 6032
f 6030 6032 6024
f 6031 6021 6033
f 6031 6033 6032
f 6032 6033 6034
f 6032 6034 6024
f 6033 6021 6035
f 6033 6035 6034
f 6034 6035 6036
f 6034 6036 6024
f 6035 6021 6037
f 6035 6037 6036
f 6036 6037 6038
f 6036 6038 6024
f 6037 6021 6039
f 6037 6039 6038
f 6038 6039 6040
f 6038 6040 6024
f 6039 6021 6041
f 6039 6041 6040
f 6040 6041 6042
f 6040 6042 6024
f 6041 6021 6043
f 6041 6043 6042
f 6042 6043 6044
f 6042 6044 6024
f 6043 6021 6045
f 6043 6045 6044
f 6044 6045 6046
f 6044 6046 6024
f 6045 6021 6047
f 6045 6047 6046
f 6046 6047 6048
f 6046 6048 6024
f 6047 6021 6049
f 6047 6049 6048
f 6048 6049 6050
f 6048 6050 6024
f 6049 6021 6051
f 6049 6051 6050
f 6050 6051 6052
f 6050 6052 6024
f 6051 6021 6053
f 6051 6053 6052
f 6052 6053 6054
f 6052 6054 6024
f 6053 6021 6055
f 6053 6055 6054
f 6054 6055 6056
f 6054 6056 6024
f 6055 6021 6057
f 6055 6057 6056
f 6056 6057 6058
f 6056 6058 6024
f 6057 6021 6059
f 6057 6059 6058
f 6058 6059 6060
f 6058 6060 6024
f 6059 6021 6061
f 6059 6061 6060
f 6060 6061 6062
f 6060 6062 6024
f 6061 6021 6063
f 6061 6063 6062
f 6062 6063 6064
f 6062 6064 6024
f 6063 6021 6065
f 6063 6065 6064
f 6064 6065 6066
f 6064 6066 6024
f 6065 6021 6067
f 6065 6067 6066
f 6066 6067 6068
f 6066 6068 6024
f 6067 6021 6069
f 6067 6069 6068
f 6068 6069 6070
f 6068 6070 6024
f 6069 6021 6071
f 6069 6071 6070
f 6070 6071 6072
f 6070 6072 6024
f 6071 6021 6073
f 6071 6073 6072
f 6072 6073 6074
f 6072 6074 6024
f 6073 6021 6075
f 6073 6075 6074
f 6074 6075 6076
f 6074 6076 6024
f 6075 6021 6077
f 6075 6077 6076
f 6076 6077 6078
f 6076 6078 6024
f 6077 6021 6079
f 6077 6079 6078
f 6078 6079 6080
f 6078 6080 6024
f 6079 6021 6081
f 6079 6081 6080
f 6080 6081 6082
f 6080 6082 6024
f 6081 6021 6083
f 6081 6083 6082
f 6082 6083 6084
f 6082 6084 6024
f 6083 6021 6085
f 6083 6085 6084
f 6084 6085 6086
f 6084 6086 6024
f 6085 6021 6022
f 6085 6022 6086
f 6086 6022 6023
f 6086 6023 6024
f 6088 6087 6091
f 6088 6091 6089
f 6089 6091 6092
f 6089 6092 6090
f 6091 6087 6093
f 6091 6093 6092
f 6092 6093 6094
f 6092 6094 6090
f 6093 6087 6095
f 6093 6095 6094
f 6094 6095 6096
f 6094 6096 6090
f 6095 6087 6097
f 6095 6097 6096
f 6096 6097 6098
f 6096 6098 6090
f 6097 6087 6099
f 6097 6099 6098
f 6098 6099 6100
f 6098 6100 6090
f 6099 6087 6101
f 6099 6101 6100
f 6100 6101 6102
f 6100 6102 6090
f 6101 6087 6103
f 6101 6103 6102
f 6102 6103 6104
f 6102 6104 6090
f 6103 6087 6105
f 6103 6105 6104
f 6104 6105 6106
f 6104 6106 6090
f 6105 6087 6107
f 6105 6107 6106
f 6106 6107 6108
f 6106 6108 6090
f 6107 6087 6109
f 6107 6109 6108
f 6108 6109 6110
f 6108 6110 6090
f 6109 6087 6111
f 6109 6111 6110
f 6110 6111 6112
f 6110 6112 6090
f 6111 6087 6113
f 6111 6113 6112
f 6112 6113 6114
f 6112 6114 6090
f 6113 6087 6115
f 6113 6115 6114
f 6114 6115 6116
f 6114 6116 6090
f 6115 6087 6117
f 6115 6117 6116
f 6116 6117 6118
f 6116 6118 6090
f 6117 6087 6119
f 6117 6119 6118
f 6118 6119 6120
f 6118 6120 6090
f 6119 6087 6121
f 6119 6121 6120
f 6120 6121 6122
f 6120 6122 6090
f 6121 6087 6123
f 6121 6123 6122
f 6122 6123 6124
f 6122 6124 6090
f 6123 6087 6125
f 6123 6125 6124
f 6124 6125 6126
f 6124 6126 6090
f 6125 6087 6127
f 6125 6127 6126
f 6126 6127 6128
f 6126 6128 6090
f 6127 6087 6129
f 6127 6129 6128
f 6128 6129 6130
f 6128 6130 6090
f 6129 6087 6131
f 6129 6131 6130
f 6130 6131 6132
f 6130 6132 6090
f 6131 6087 6133
f 6131 6133 6132
f 6132 6133 6134
f 6132 6134 6090
f 6133 6087 6135
f 6133 6135 6134
f 6134 6135 6136
f 6134 6136 6090
f 6135 6087 6137
f 6135 6137 6136
f 6136 6137 6138
f 6136 6138 6090
f 6137 6087 6139
f 6137 6139 6138
f 6138 6139 6140
f 6138 6140 6090
f 6139 6087 6141
f 6139 6141 6140
f 6140 6141 6142
f 6140 6142 6090
f 6141 6087 6143
f 6141 6143 6142
f 6142 6143 6144
f 6142 6144 6090
f 6143 6087 6145
f 6143 6145 6144
f 6144 6145 6146
f 6144 6146 6090
f 6145 6087 6147
f 6145 6147 6146
f 6146 6147 6148
f 6146 6148 6090
f 6147 6087 6149
f 6147 6149 6148
f 6148 6149 6150
f 6148 6150 6090
f 6149 6087 6151
f 6149 6151 6150
f 6150 6151 6152
f 6150 6152 6090
f 6151 6087 6153
f 6151 6153 6152
f 6152 6153 6154
f 6152 6154 6090
f 6153 6087 6155
f 6153 6155 6154
f 6154 6155 6156
f 6154 6156 6090
f 6155 6087 6157
f 6155 6157 6156
f 6156 6157 6158
f 6156 6158 6090
f 6157 6087 6159
f 6157 6159 6158
f 6158 6159 6160
f 6158 6160 6090
f 6159 6087 6088
f 6159 6088 6160
f 6160 6088 6089
f 6160 6089 6090
f 6162 6161 6165
f 6162 6165 6163
f 6163 6165 6166
f 6163 6166 6164
f 6165 6161 6167
f 6165 6167 6166
f 6166 6167 6168
f 6166 6168 6164
f 6167 6161 6169
f 6167 6169 6168
f 6168 6169 6170
f 6168 6170 6164
f 6169 6161 6171
f 6169 6171 6170
f 6170 6171 6172
f 6170 6172 6164
f 6171 6161 6173
f 6171 6173 6172
f 6172 6173 6174
f 6172 6174 6164
f 6173 6161 6162
f 6173 6162 6174
f 6174 6162 6163
f 6174 6163 6164

