# https://github.com/mikedh/trimesh
v -14.64961147 -99.97036743 58.73640442 0.65882353 0.33333333 0.96862745
v -16.90747643 -89.56515503 51.29509354 0.65882353 0.33333333 0.96862745
v -15.82942104 -97.63027191 58.58837128 0.65882353 0.33333333 0.96862745
v -18.64961243 -89.61371613 53.73466110 0.65882353 0.33333333 0.96862745
v -12.90747738 -99.92180634 56.29683685 0.65882353 0.33333333 0.96862745
v -12.70198536 -101.90777588 58.93558884 0.65882353 0.33333333 0.96862745
v -10.43392658 -101.67581940 56.67942429 0.65882353 0.33333333 0.96862745
v -2.00000000 -106.18675232 58.80811691 0.65882353 0.33333333 0.96862745
v -4.43392658 -104.81981659 58.03845215 0.65882353 0.33333333 0.96862745
v -8.00000000 -99.01683044 53.78872299 0.65882353 0.33333333 0.96862745
v -10.43392658 -99.53922272 54.54282379 0.65882353 0.33333333 0.96862745
v -10.33988857 -97.06884766 53.12762451 0.65882353 0.33333333 0.96862745
v -8.00000000 -96.89069366 52.73436356 0.65882353 0.33333333 0.96862745
v -18.43392754 -76.83640289 44.33479309 0.65882353 0.33333333 0.96862745
v -18.33988953 -74.36603546 42.91959381 0.65882353 0.33333333 0.96862745
v -20.64250183 -74.76383972 44.18025589 0.65882353 0.33333333 0.96862745
v -16.00000000 -74.18788147 42.52633286 0.65882353 0.33333333 0.96862745
v -3.00000000 -74.18788147 42.52633286 0.65882353 0.33333333 0.96862745
v -18.64961243 -87.12558746 51.24653625 0.65882353 0.33333333 0.96862745
v -16.70198631 -86.92639923 49.30912018 0.65882353 0.33333333 0.96862745
v -19.82942200 -87.27362061 53.58662796 0.65882353 0.33333333 0.96862745
v -20.21036911 -87.37373352 55.89993668 0.65882353 0.33333333 0.96862745
v -19.36121559 -89.41301727 56.10960007 0.65882353 0.33333333 0.96862745
v -19.82942200 -87.75222778 58.24186707 0.65882353 0.33333333 0.96862745
v -22.64961243 -77.26754761 48.52837372 0.65882353 0.33333333 0.96862745
v -22.33180618 -75.76034546 46.45389557 0.65882353 0.33333333 0.96862745
v -23.49573517 -75.95738983 48.81465912 0.65882353 0.33333333 0.96862745
v -23.57146835 -76.63421631 50.72087479 0.65882353 0.33333333 0.96862745
v -24.08217430 -75.42324829 50.86050797 0.65882353 0.33333333 0.96862745
v -20.90747643 -77.21898651 46.08880997 0.65882353 0.33333333 0.96862745
v -23.82942200 -75.40606689 53.03558350 0.65882353 0.33333333 0.96862745
v -22.85066605 -75.32747650 55.22045135 0.65882353 0.33333333 0.96862745
v -22.97978973 -74.45108032 55.19282532 0.65882353 0.33333333 0.96862745
v -22.01040840 -73.45383453 56.44755173 0.65882353 0.33333333 0.96862745
v -20.25000000 -73.59198761 57.79127502 0.65882353 0.33333333 0.96862745
v -18.85974503 -72.32119751 58.06347275 0.65882353 0.33333333 0.96862745
v -18.33988953 -71.31224823 58.01772308 0.65882353 0.33333333 0.96862745
v -16.00000000 -71.49040222 58.41098404 0.65882353 0.33333333 0.96862745
v -12.00000000 -88.66017914 48.78697968 0.65882353 0.33333333 0.96862745
v -14.33988857 -86.71219635 48.12588120 0.65882353 0.33333333 0.96862745
v -12.00000000 -86.53404236 47.73262024 0.65882353 0.33333333 0.96862745
v -14.43392658 -89.18257141 49.54108047 0.65882353 0.33333333 0.96862745
v -3.00000000 -71.49040222 58.41098404 0.65882353 0.33333333 0.96862745
v -14.64961147 -100.46820831 63.57873154 0.65882353 0.33333333 0.96862745
v -15.36121559 -99.76966858 61.11134338 0.65882353 0.33333333 0.96862745
v -16.21036911 -97.73038483 60.90167999 0.65882353 0.33333333 0.96862745
v -15.82942104 -98.10887909 63.24361038 0.65882353 0.33333333 0.96862745
v -14.64961147 -98.44400024 65.60293579 0.65882353 0.33333333 0.96862745
v -15.36121559 -95.97660828 64.90440369 0.65882353 0.33333333 0.96862745
v -8.01040745 -106.80144501 64.78701019 0.65882353 0.33333333 0.96862745
v -8.64961147 -105.74880981 67.07435608 0.65882353 0.33333333 0.96862745
v -12.25000000 -102.86457825 61.42953110 0.65882353 0.33333333 0.96862745
v -14.01040745 -101.52085114 61.29138184 0.65882353 0.33333333 0.96862745
v -12.70198536 -102.40562439 63.77791977 0.65882353 0.33333333 0.96862745
v -12.90747738 -100.92559814 66.06032562 0.65882353 0.33333333 0.96862745
v -6.70198536 -107.18837738 62.43121719 0.65882353 0.33333333 0.96862745
v -2.00000000 -107.71051788 60.69744492 0.65882353 0.33333333 0.96862745
v -4.33988905 -108.37162018 62.64542389 0.65882353 0.33333333 0.96862745
v -4.43392658 -106.95642090 60.17505264 0.65882353 0.33333333 0.96862745
v -6.25000000 -108.14517212 64.92515564 0.65882353 0.33333333 0.96862745
v -4.19996166 -108.98987579 65.01200104 0.65882353 0.33333333 0.96862745
v -8.64961147 -103.72460175 69.09856415 0.65882353 0.33333333 0.96862745
v -6.70198536 -107.68621826 67.27354431 0.65882353 0.33333333 0.96862745
v -6.90747738 -106.20619202 69.55595398 0.65882353 0.33333333 0.96862745
v -4.33988905 -108.85022736 67.30066681 0.65882353 0.33333333 0.96862745
v -4.43392658 -107.91818237 69.52971649 0.65882353 0.33333333 0.96862745
v -2.00000000 -108.57982635 69.15287781 0.65882353 0.33333333 0.96862745
v -2.00000000 -107.41613770 70.76589966 0.65882353 0.33333333 0.96862745
v -4.43392658 -106.17995453 71.26793671 0.65882353 0.33333333 0.96862745
v -2.00000000 -105.80311584 71.92958832 0.65882353 0.33333333 0.96862745
v -6.70198536 -103.92378998 71.03598022 0.65882353 0.33333333 0.96862745
v -6.25000000 -101.57540131 71.49493408 0.65882353 0.33333333 0.96862745
v -4.33988905 -103.95090485 72.19998932 0.65882353 0.33333333 0.96862745
v -4.19996166 -101.66224670 72.33963013 0.65882353 0.33333333 0.96862745
v -14.01040745 -96.15665436 66.65557861 0.65882353 0.33333333 0.96862745
v -12.70198536 -93.80085754 67.04251099 0.65882353 0.33333333 0.96862745
v -12.70198536 -98.64318848 67.54035187 0.65882353 0.33333333 0.96862745
v -12.25000000 -96.29479980 67.99930573 0.65882353 0.33333333 0.96862745
v -10.19996166 -96.38164520 68.84400940 0.65882353 0.33333333 0.96862745
v -10.33988857 -94.01506805 68.22575378 0.65882353 0.33333333 0.96862745
v -8.19532776 -93.68748474 68.37477112 0.65882353 0.33333333 0.96862745
v -7.83075714 -92.13579559 67.62538147 0.65882353 0.33333333 0.96862745
v -4.33988905 -99.29566193 71.72138214 0.65882353 0.33333333 0.96862745
v -3.92481971 -91.75672913 67.44230652 0.65882353 0.33333333 0.96862745
v -18.64961243 -88.08734894 60.60119629 0.65882353 0.33333333 0.96862745
v -19.36121559 -85.61995697 59.90266037 0.65882353 0.33333333 0.96862745
v -18.01040840 -85.80000305 61.65383530 0.65882353 0.33333333 0.96862745
v -16.25000000 -85.93814850 62.99756241 0.65882353 0.33333333 0.96862745
v -15.95179653 -85.38657379 62.97882843 0.65882353 0.33333333 0.96862745
v -14.33988857 -83.65841675 63.22400665 0.65882353 0.33333333 0.96862745
v -12.00000000 -83.83657074 63.61726761 0.65882353 0.33333333 0.96862745
v -42.44306564 -58.61006546 42.11606216 0.65882353 0.33333333 0.96862745
v -42.18606186 -58.65514755 42.12069702 0.65882353 0.33333333 0.96862745
v -51.09286118 -54.49482346 33.32691574 0.65882353 0.33333333 0.96862745
v -50.88889694 -54.52603531 33.33012390 0.65882353 0.33333333 0.96862745
v -50.37185669 -54.52375031 33.32988739 0.65882353 0.33333333 0.96862745
v -51.12500000 -54.29861450 33.30674362 0.65882353 0.33333333 0.96862745
v -51.12500000 -53.97278595 33.27324295 0.65882353 0.33333333 0.96862745
v -49.48141861 -54.65411758 33.34329224 0.65882353 0.33333333 0.96862745
v -48.63780212 -55.06341934 33.38537216 0.65882353 0.33333333 0.96862745
v -54.13488007 -47.98160172 32.65728760 0.65882353 0.33333333 0.96862745
v -53.10374832 -50.18127441 32.88343430 0.65882353 0.33333333 0.96862745
v -52.97326660 -50.40609360 32.90655136 0.65882353 0.33333333 0.96862745
v -51.27183151 -53.05059814 33.17843246 0.65882353 0.33333333 0.96862745
v -51.66754532 -52.26108170 33.09726334 0.65882353 0.33333333 0.96862745
v -47.48229599 -55.86827469 33.46812057 0.65882353 0.33333333 0.96862745
v -47.25629044 -55.99807358 33.48146439 0.65882353 0.33333333 0.96862745
v -45.04502106 -57.02379608 33.58692169 0.65882353 0.33333333 0.96862745
v -44.79979324 -57.11258698 33.59605026 0.65882353 0.33333333 0.96862745
v -42.44306564 -57.74075699 33.66063309 0.65882353 0.33333333 0.96862745
v -42.18606186 -57.78583527 33.66526794 0.65882353 0.33333333 0.96862745
v -46.83591080 -48.81002426 35.20306015 0.65882353 0.33333333 0.96862745
v -45.69578552 -49.94417191 35.31966400 0.65882353 0.33333333 0.96862745
v -44.37500000 -50.86414719 35.41424561 0.65882353 0.33333333 0.96862745
v -42.91368484 -51.54199600 35.48393631 0.65882353 0.33333333 0.96862745
v -48.63780212 -55.93272781 41.84080505 0.65882353 0.33333333 0.96862745
v -51.12500000 -55.16792297 41.76217270 0.65882353 0.33333333 0.96862745
v -51.09286118 -55.36413193 41.78234482 0.65882353 0.33333333 0.96862745
v -51.12500000 -54.84209824 41.72867584 0.65882353 0.33333333 0.96862745
v -50.88889694 -55.39534378 41.78555298 0.65882353 0.33333333 0.96862745
v -50.37185669 -55.39305878 41.78532028 0.65882353 0.33333333 0.96862745
v -51.27183151 -53.91990662 41.63386154 0.65882353 0.33333333 0.96862745
v -49.48141861 -55.52342987 41.79872131 0.65882353 0.33333333 0.96862745
v -52.97326660 -51.27540588 41.36198044 0.65882353 0.33333333 0.96862745
v -53.10374832 -51.05058289 41.33886719 0.65882353 0.33333333 0.96862745
v -54.13488007 -48.85091400 41.11271667 0.65882353 0.33333333 0.96862745
v -54.22413635 -48.60696793 41.08763504 0.65882353 0.33333333 0.96862745
v -48.70663834 -49.42878723 41.17212677 0.65882353 0.33333333 0.96862745
v -48.86944199 -48.37454224 41.06373978 0.65882353 0.33333333 0.96862745
v -51.66754532 -53.13039017 41.55269241 0.65882353 0.33333333 0.96862745
v -48.53331375 -49.60099792 42.23766327 0.65882353 0.33333333 0.96862745
v -47.48229599 -56.73758316 41.92354965 0.65882353 0.33333333 0.96862745
v -47.25629044 -56.86738205 41.93689728 0.65882353 0.33333333 0.96862745
v -45.04502106 -57.89310837 42.04235077 0.65882353 0.33333333 0.96862745
v -45.56070328 -53.60863113 41.60186005 0.65882353 0.33333333 0.96862745
v -45.77381134 -53.39223862 42.70911407 0.65882353 0.33333333 0.96862745
v -44.79979324 -57.98189545 42.05147934 0.65882353 0.33333333 0.96862745
v -43.62594223 -54.48284149 41.69173813 0.65882353 0.33333333 0.96862745
v -44.55867386 -54.09851837 41.65222549 0.65882353 0.33333333 0.96862745
v -43.68960953 -54.41930389 42.73303986 0.65882353 0.33333333 0.96862745
v -43.77258301 -53.59690857 44.69984818 0.65882353 0.33333333 0.96862745
v -47.19092178 -52.17906952 41.45488739 0.65882353 0.33333333 0.96862745
v -47.82781982 -51.35340118 41.36999893 0.65882353 0.33333333 0.96862745
v -48.32028961 -50.35662842 41.26752090 0.65882353 0.33333333 0.96862745
v -47.49230576 -51.68275833 42.53335953 0.65882353 0.33333333 0.96862745
v -46.39072418 -52.97507477 41.53672409 0.65882353 0.33333333 0.96862745
v -45.95512772 -52.08633423 44.72300339 0.65882353 0.33333333 0.96862745
v -46.68411255 -49.97934723 45.12337875 0.65882353 0.33333333 0.96862745
v -47.49230576 -49.89669037 44.31942368 0.65882353 0.33333333 0.96862745
v -46.83591080 -49.81708908 44.99837112 0.65882353 0.33333333 0.96862745
v -47.76073456 -48.42546844 44.10694885 0.65882353 0.33333333 0.96862745
v -47.28427505 -49.15226746 44.66201019 0.65882353 0.33333333 0.96862745
v -39.75548553 -58.86668015 42.14244461 0.65882353 0.33333333 0.96862745
v -39.49451447 -58.86668015 42.14244461 0.65882353 0.33333333 0.96862745
v -37.06393814 -58.65514755 42.12069702 0.65882353 0.33333333 0.96862745
v -36.80693436 -58.61006546 42.11606216 0.65882353 0.33333333 0.96862745
v -36.59994888 -58.55489731 42.11038971 0.65882353 0.33333333 0.96862745
v -28.32935715 -65.58036804 43.59997559 0.65882353 0.33333333 0.96862745
v -39.75548553 -57.99736786 33.68701553 0.65882353 0.33333333 0.96862745
v -39.49451447 -57.99736786 33.68701553 0.65882353 0.33333333 0.96862745
v -37.06393814 -57.78583527 33.66526794 0.65882353 0.33333333 0.96862745
v -36.80693436 -57.74075699 33.66063309 0.65882353 0.33333333 0.96862745
v -41.35624695 -51.95712280 35.52661514 0.65882353 0.33333333 0.96862745
v -39.75000000 -52.09691620 35.54098892 0.65882353 0.33333333 0.96862745
v -39.50000000 -52.09691620 35.54098892 0.65882353 0.33333333 0.96862745
v -37.89375305 -51.95712280 35.52661514 0.65882353 0.33333333 0.96862745
v -36.33631516 -51.54199600 35.48393631 0.65882353 0.33333333 0.96862745
v -34.87500000 -50.86414719 35.41424561 0.65882353 0.33333333 0.96862745
v -34.45020676 -57.11258698 33.59605026 0.65882353 0.33333333 0.96862745
v -34.20497894 -57.02379608 33.58692169 0.65882353 0.33333333 0.96862745
v -31.99371147 -55.99807358 33.48146439 0.65882353 0.33333333 0.96862745
v -31.76770592 -55.86827469 33.46812057 0.65882353 0.33333333 0.96862745
v -30.47515678 -54.96796799 33.37556076 0.65882353 0.33333333 0.96862745
v -29.69414139 -54.57845306 33.33551407 0.65882353 0.33333333 0.96862745
v -28.76775169 -54.42829895 33.32007599 0.65882353 0.33333333 0.96862745
v -31.99371147 -56.24939728 35.92599106 0.65882353 0.33333333 0.96862745
v -31.76770592 -56.10828400 35.80260086 0.65882353 0.33333333 0.96862745
v -34.20497894 -57.44568634 37.69045258 0.65882353 0.33333333 0.96862745
v -33.10565186 -56.81464386 36.46009064 0.65882353 0.33333333 0.96862745
v -31.36292267 -55.80357742 35.55221939 0.65882353 0.33333333 0.96862745
v -29.90700340 -54.84299469 34.88694763 0.65882353 0.33333333 0.96862745
v -30.47515678 -55.14641190 35.11120224 0.65882353 0.33333333 0.96862745
v -29.69414139 -54.73137283 34.82289886 0.65882353 0.33333333 0.96862745
v -28.76775169 -54.56848145 34.68358231 0.65882353 0.33333333 0.96862745
v -33.55421448 -49.94417191 35.31966400 0.65882353 0.33333333 0.96862745
v -32.41408920 -48.81002426 35.20306015 0.65882353 0.33333333 0.96862745
v -34.96348572 -57.74221802 38.40357208 0.65882353 0.33333333 0.96862745
v -36.34127808 -58.32677841 40.55512238 0.65882353 0.33333333 0.96862745
v -40.12625885 -55.74777603 42.14884186 0.65882353 0.33333333 0.96862745
v -39.89309692 -55.84546661 41.83183289 0.65882353 0.33333333 0.96862745
v -39.86756516 -55.78226089 43.71117401 0.65882353 0.33333333 0.96862745
v -40.16052628 -55.44409561 44.22221375 0.65882353 0.33333333 0.96862745
v -40.06229401 -55.31753159 44.65256882 0.65882353 0.33333333 0.96862745
v -34.45020676 -57.55899048 37.93805695 0.65882353 0.33333333 0.96862745
v -45.84363556 -50.84797668 45.52601624 0.65882353 0.33333333 0.96862745
v -45.69578552 -50.99505234 45.54113388 0.65882353 0.33333333 0.96862745
v -44.37500000 -51.94136047 45.89185333 0.65882353 0.33333333 0.96862745
v -43.77258301 -52.23528290 46.06147385 0.65882353 0.33333333 0.96862745
v -44.12358856 -52.06690216 45.99063873 0.65882353 0.33333333 0.96862745
v -42.91368484 -52.64401245 46.20279694 0.65882353 0.33333333 0.96862745
v -28.94017029 -65.58707428 46.06237411 0.65882353 0.33333333 0.96862745
v -28.66147041 -65.89559174 45.67672348 0.65882353 0.33333333 0.96862745
v -28.76566696 -65.53001404 47.72857666 0.65882353 0.33333333 0.96862745
v -28.95421410 -64.86080933 48.58872604 0.65882353 0.33333333 0.96862745
v -28.84376907 -65.24737549 48.10467148 0.65882353 0.33333333 0.96862745
v -28.25141335 -64.68705750 50.23246384 0.65882353 0.33333333 0.96862745
v -28.27566719 -64.16448212 50.51309967 0.65882353 0.33333333 0.96862745
v -40.34849167 -53.97958374 46.51001358 0.65882353 0.33333333 0.96862745
v -39.72499466 -54.96541214 45.92348480 0.65882353 0.33333333 0.96862745
v -39.75000000 -53.33076096 47.54212189 0.65882353 0.33333333 0.96862745
v -39.53770828 -53.34343338 47.66540146 0.65882353 0.33333333 0.96862745
v -39.50000000 -53.34514236 47.68201828 0.65882353 0.33333333 0.96862745
v -39.11904526 -53.47000122 47.80695343 0.65882353 0.33333333 0.96862745
v -39.18626404 -53.33340454 47.83059692 0.65882353 0.33333333 0.96862745
v -38.29646683 -53.33159256 48.55824661 0.65882353 0.33333333 0.96862745
v -37.89375305 -53.31772232 48.76061630 0.65882353 0.33333333 0.96862745
v -41.35624695 -53.10944366 46.73477554 0.65882353 0.33333333 0.96862745
v -36.34509277 -52.99517059 49.59586716 0.65882353 0.33333333 0.96862745
v -36.33631516 -52.99317169 49.59896088 0.65882353 0.33333333 0.96862745
v -34.87500000 -52.37658310 50.12509918 0.65882353 0.33333333 0.96862745
v -34.55430222 -52.16773987 50.24350739 0.65882353 0.33333333 0.96862745
v -33.55421448 -51.47729492 50.23174667 0.65882353 0.33333333 0.96862745
v -33.37200546 -51.29659271 50.21846771 0.65882353 0.33333333 0.96862745
v -32.41408920 -50.34118652 50.09607697 0.65882353 0.33333333 0.96862745
v -32.23486328 -50.08506393 50.05527878 0.65882353 0.33333333 0.96862745
v -31.55064583 -49.06207275 49.45973587 0.65882353 0.33333333 0.96862745
v -31.48926544 -48.97367477 49.43913651 0.65882353 0.33333333 0.96862745
v -30.87114334 -49.39190674 49.53439331 0.65882353 0.33333333 0.96862745
v -30.23956680 -49.60190201 49.55598068 0.65882353 0.33333333 0.96862745
v -54.22413635 -47.73765945 32.63220596 0.65882353 0.33333333 0.96862745
v -54.85561752 -45.39329147 32.39117813 0.65882353 0.33333333 0.96862745
v -54.90093613 -45.13763428 32.36489487 0.65882353 0.33333333 0.96862745
v -48.44215775 -46.04251480 34.91852951 0.65882353 0.33333333 0.96862745
v -48.85947037 -44.49324036 34.75925064 0.65882353 0.33333333 0.96862745
v -49.00000000 -42.89541626 34.59497452 0.65882353 0.33333333 0.96862745
v -49.00000000 -42.79594040 34.58474731 0.65882353 0.33333333 0.96862745
v -55.11358261 -42.71979904 32.11631393 0.65882353 0.33333333 0.96862745
v -55.11358261 -42.46020126 32.08962631 0.65882353 0.33333333 0.96862745
v -54.90093613 -40.04236603 31.84104729 0.65882353 0.33333333 0.96862745
v -54.85561752 -39.78670883 31.81476212 0.65882353 0.33333333 0.96862745
v -54.13488007 -37.63224030 35.76846313 0.65882353 0.33333333 0.96862745
v -54.22413635 -37.90477371 36.07164001 0.65882353 0.33333333 0.96862745
v -48.85947037 -41.19811630 34.42047501 0.65882353 0.33333333 0.96862745
v -48.44215775 -39.64884567 34.26119232 0.65882353 0.33333333 0.96862745
v -42.86769104 -44.43029785 32.29217529 0.65882353 0.33333333 0.96862745
v -43.22733307 -43.56660080 32.20337677 0.65882353 0.33333333 0.96862745
v -42.29558563 -45.17197418 32.36842728 0.65882353 0.33333333 0.96862745
v -47.76073456 -47.49616623 35.06798172 0.65882353 0.33333333 0.96862745
v -42.29558563 -45.42765427 34.85531616 0.65882353 0.33333333 0.96862745
v -43.34999847 -42.89541626 34.59497452 0.65882353 0.33333333 0.96862745
v -43.34999847 -42.79594040 34.58474731 0.65882353 0.33333333 0.96862745
v -42.86769104 -44.68597794 34.77906418 0.65882353 0.33333333 0.96862745
v -43.22733307 -43.82228088 34.69026566 0.65882353 0.33333333 0.96862745
v -47.76073456 -38.19519424 34.11174393 0.65882353 0.33333333 0.96862745
v -43.34999847 -42.63973618 32.10808563 0.65882353 0.33333333 0.96862745
v -43.34999847 -42.54026031 32.09785843 0.65882353 0.33333333 0.96862745
v -43.22733307 -41.61339951 32.00256729 0.65882353 0.33333333 0.96862745
v -42.86769104 -40.74969864 31.91376877 0.65882353 0.33333333 0.96862745
v -42.29558563 -40.00802612 31.83751678 0.65882353 0.33333333 0.96862745
v -47.76073456 -38.46021652 36.68952942 0.65882353 0.33333333 0.96862745
v -43.22733307 -41.86907959 34.48945618 0.65882353 0.33333333 0.96862745
v -42.86769104 -41.00537872 34.40066147 0.65882353 0.33333333 0.96862745
v -42.29558563 -40.26370621 34.32440567 0.65882353 0.33333333 0.96862745
v -54.85561752 -46.26259995 40.84661102 0.65882353 0.33333333 0.96862745
v -54.90093613 -46.00694275 40.82032394 0.65882353 0.33333333 0.96862745
v -55.11358261 -43.58911133 40.57174683 0.65882353 0.33333333 0.96862745
v -55.11358261 -43.32950974 40.54505539 0.65882353 0.33333333 0.96862745
v -48.99334717 -47.43833542 40.96748734 0.65882353 0.33333333 0.96862745
v -48.86944199 -46.50212860 40.87123489 0.65882353 0.33333333 0.96862745
v -48.72885895 -45.59177017 40.77764130 0.65882353 0.33333333 0.96862745
v -48.85947037 -45.10686874 40.72778702 0.65882353 0.33333333 0.96862745
v -49.00000000 -43.50904846 40.56351471 0.65882353 0.33333333 0.96862745
v -49.00000000 -43.40957260 40.55328751 0.65882353 0.33333333 0.96862745
v -48.86944199 -47.53458786 41.90369415 0.65882353 0.33333333 0.96862745
v -48.44215775 -46.83109665 42.58876801 0.65882353 0.33333333 0.96862745
v -48.62831497 -46.07033920 41.84032822 0.65882353 0.33333333 0.96862745
v -54.85561752 -40.52391434 38.98524857 0.65882353 0.33333333 0.96862745
v -54.90093613 -40.80953217 39.30297852 0.65882353 0.33333333 0.96862745
v -54.96498489 -41.62311935 40.20803452 0.65882353 0.33333333 0.96862745
v -54.97039032 -41.70138550 40.37766647 0.65882353 0.33333333 0.96862745
v -48.85947037 -41.81174850 40.38901520 0.65882353 0.33333333 0.96862745
v -48.81318665 -41.62311935 40.20803452 0.65882353 0.33333333 0.96862745
v -48.82974625 -41.70138550 40.37766647 0.65882353 0.33333333 0.96862745
v -48.44215775 -40.08424377 38.49614334 0.65882353 0.33333333 0.96862745
v -48.12018967 -47.71958160 43.70306778 0.65882353 0.33333333 0.96862745
v -48.07549286 -47.72554016 43.76101303 0.65882353 0.33333333 0.96862745
v -48.10296631 -47.66209412 43.70792770 0.65882353 0.33333333 0.96862745
v -48.15378952 -47.53853989 43.54954910 0.65882353 0.33333333 0.96862745
v -54.22413635 -37.44234085 31.57373619 0.65882353 0.33333333 0.96862745
v -54.13488007 -37.19839859 31.54865646 0.65882353 0.33333333 0.96862745
v -53.10374832 -34.99872589 31.32250595 0.65882353 0.33333333 0.96862745
v -53.43371582 -35.98899078 34.18019485 0.65882353 0.33333333 0.96862745
v -53.10374832 -35.28508759 34.10782242 0.65882353 0.33333333 0.96862745
v -52.97326660 -35.06026459 34.08470917 0.65882353 0.33333333 0.96862745
v -52.97326660 -34.77390289 31.29939270 0.65882353 0.33333333 0.96862745
v -51.66754532 -32.91891861 31.10867882 0.65882353 0.33333333 0.96862745
v -51.66754532 -33.20528030 33.89399719 0.65882353 0.33333333 0.96862745
v -53.60854340 -36.37782669 34.37302017 0.65882353 0.33333333 0.96862745
v -51.25608444 -32.07972717 31.02240181 0.65882353 0.33333333 0.96862745
v -51.12500000 -31.20721245 30.93269730 0.65882353 0.33333333 0.96862745
v -51.25608444 -32.36608887 33.80772018 0.65882353 0.33333333 0.96862745
v -51.12500000 -31.49357414 33.71801758 0.65882353 0.33333333 0.96862745
v -51.12500000 -28.23486710 30.62710762 0.65882353 0.33333333 0.96862745
v -51.09271622 -28.03211212 30.60626411 0.65882353 0.33333333 0.96862745
v -50.88889313 -28.00000000 30.60296249 0.65882353 0.33333333 0.96862745
v -51.12500000 -28.52122688 33.41242599 0.65882353 0.33333333 0.96862745
v -51.09271622 -28.31847382 33.39158249 0.65882353 0.33333333 0.96862745
v -50.88889313 -28.28636169 33.38827896 0.65882353 0.33333333 0.96862745
v -46.83591080 -36.88133240 33.97666168 0.65882353 0.33333333 0.96862745
v -45.90802383 -35.98899078 34.18019485 0.65882353 0.33333333 0.96862745
v -45.69578552 -35.74718475 33.86006165 0.65882353 0.33333333 0.96862745
v -45.69578552 -35.77786636 34.15848923 0.65882353 0.33333333 0.96862745
v -44.37500000 -34.82720947 33.76547623 0.65882353 0.33333333 0.96862745
v -44.37500000 -34.85789108 34.06390381 0.65882353 0.33333333 0.96862745
v -42.91368484 -34.14936066 33.69578552 0.65882353 0.33333333 0.96862745
v -42.91368484 -34.18004227 33.99421310 0.65882353 0.33333333 0.96862745
v -46.83591080 -36.99236679 35.05665207 0.65882353 0.33333333 0.96862745
v -46.28294373 -36.37782669 34.37302017 0.65882353 0.33333333 0.96862745
v -44.94182968 -28.00000000 30.60296249 0.65882353 0.33333333 0.96862745
v -44.16537476 -27.89831352 30.59250641 0.65882353 0.33333333 0.96862745
v -42.44306564 -27.43924332 30.54530907 0.65882353 0.33333333 0.96862745
v -42.18606186 -27.39416313 30.54067421 0.65882353 0.33333333 0.96862745
v -44.94182968 -28.28636169 33.38827896 0.65882353 0.33333333 0.96862745
v -44.16537476 -28.18467331 33.37782669 0.65882353 0.33333333 0.96862745
v -42.44306564 -27.72560310 33.33062744 0.65882353 0.33333333 0.96862745
v -42.18606186 -27.68052483 33.32599258 0.65882353 0.33333333 0.96862745
v -41.54999924 -45.74108124 32.42693710 0.65882353 0.33333333 0.96862745
v -40.68174744 -46.09883881 32.46371841 0.65882353 0.33333333 0.96862745
v -39.75000000 -46.22085953 32.47626114 0.65882353 0.33333333 0.96862745
v -39.50000000 -46.22085953 32.47626114 0.65882353 0.33333333 0.96862745
v -38.56825256 -46.09883881 32.46371841 0.65882353 0.33333333 0.96862745
v -37.70000076 -45.74108124 32.42693710 0.65882353 0.33333333 0.96862745
v -36.38230896 -44.43029785 32.29217529 0.65882353 0.33333333 0.96862745
v -36.02266693 -43.56660080 32.20337677 0.65882353 0.33333333 0.96862745
v -36.95441437 -45.17197418 32.36842728 0.65882353 0.33333333 0.96862745
v -41.54999924 -45.99676132 34.91382599 0.65882353 0.33333333 0.96862745
v -40.68174744 -46.35451508 34.95060730 0.65882353 0.33333333 0.96862745
v -39.75000000 -46.47653961 34.96315384 0.65882353 0.33333333 0.96862745
v -39.50000000 -46.47653961 34.96315384 0.65882353 0.33333333 0.96862745
v -38.56825256 -46.35451508 34.95060730 0.65882353 0.33333333 0.96862745
v -37.70000076 -45.99676132 34.91382599 0.65882353 0.33333333 0.96862745
v -36.95441437 -45.42765427 34.85531616 0.65882353 0.33333333 0.96862745
v -36.38230896 -44.68597794 34.77906418 0.65882353 0.33333333 0.96862745
v -36.02266693 -43.82228088 34.69026566 0.65882353 0.33333333 0.96862745
v -35.90000153 -42.89541626 34.59497452 0.65882353 0.33333333 0.96862745
v -35.90000153 -42.79594040 34.58474731 0.65882353 0.33333333 0.96862745
v -41.54999924 -39.43891907 31.77900505 0.65882353 0.33333333 0.96862745
v -40.68174744 -39.08116150 31.74222374 0.65882353 0.33333333 0.96862745
v -39.75000000 -38.95913696 31.72967911 0.65882353 0.33333333 0.96862745
v -39.50000000 -38.95913696 31.72967911 0.65882353 0.33333333 0.96862745
v -38.56825256 -39.08116150 31.74222374 0.65882353 0.33333333 0.96862745
v -35.90000153 -42.63973618 32.10808563 0.65882353 0.33333333 0.96862745
v -35.90000153 -42.54026031 32.09785843 0.65882353 0.33333333 0.96862745
v -36.02266693 -41.61339951 32.00256729 0.65882353 0.33333333 0.96862745
v -36.38230896 -40.74969864 31.91376877 0.65882353 0.33333333 0.96862745
v -37.70000076 -39.43891907 31.77900505 0.65882353 0.33333333 0.96862745
v -36.95441437 -40.00802612 31.83751678 0.65882353 0.33333333 0.96862745
v -41.54999924 -39.69459915 34.26589584 0.65882353 0.33333333 0.96862745
v -40.68174744 -39.33684158 34.22911453 0.65882353 0.33333333 0.96862745
v -39.75000000 -39.21481705 34.21657181 0.65882353 0.33333333 0.96862745
v -39.50000000 -39.21481705 34.21657181 0.65882353 0.33333333 0.96862745
v -38.56825256 -39.33684158 34.22911453 0.65882353 0.33333333 0.96862745
v -36.95441437 -40.26370621 34.32440567 0.65882353 0.33333333 0.96862745
v -36.02266693 -41.86907959 34.48945618 0.65882353 0.33333333 0.96862745
v -36.38230896 -41.00537872 34.40066147 0.65882353 0.33333333 0.96862745
v -37.70000076 -39.69459915 34.26589584 0.65882353 0.33333333 0.96862745
v -31.48926544 -47.49616623 35.06798172 0.65882353 0.33333333 0.96862745
v -30.80784416 -46.04251480 34.91852951 0.65882353 0.33333333 0.96862745
v -30.39052773 -44.49324036 34.75925064 0.65882353 0.33333333 0.96862745
v -30.25000000 -42.89541626 34.59497452 0.65882353 0.33333333 0.96862745
v -30.25000000 -42.79594040 34.58474731 0.65882353 0.33333333 0.96862745
v -31.48926544 -38.19519424 34.11174393 0.65882353 0.33333333 0.96862745
v -31.48926544 -38.46021652 36.68952942 0.65882353 0.33333333 0.96862745
v -30.39052773 -41.19811630 34.42047501 0.65882353 0.33333333 0.96862745
v -30.80784416 -39.64884567 34.26119232 0.65882353 0.33333333 0.96862745
v -30.80298233 -40.10440445 38.51856995 0.65882353 0.33333333 0.96862745
v -30.80784416 -40.08424377 38.49614334 0.65882353 0.33333333 0.96862745
v -30.80784416 -40.10037613 38.65307236 0.65882353 0.33333333 0.96862745
v -30.85962677 -40.07539749 39.47324371 0.65882353 0.33333333 0.96862745
v -30.89964867 -40.06663132 40.20959854 0.65882353 0.33333333 0.96862745
v -30.80784416 -40.41406250 41.70417786 0.65882353 0.33333333 0.96862745
v -30.78239441 -40.58194351 42.42787170 0.65882353 0.33333333 0.96862745
v -30.55370522 -41.64061356 44.55444717 0.65882353 0.33333333 0.96862745
v -41.35624695 -33.73423386 33.65310669 0.65882353 0.33333333 0.96862745
v -41.35624695 -33.76491547 33.95153427 0.65882353 0.33333333 0.96862745
v -39.75000000 -33.59444427 33.63873672 0.65882353 0.33333333 0.96862745
v -39.50000000 -33.59444427 33.63873672 0.65882353 0.33333333 0.96862745
v -39.75000000 -33.62512589 33.93716049 0.65882353 0.33333333 0.96862745
v -39.50000000 -33.62512589 33.93716049 0.65882353 0.33333333 0.96862745
v -37.89375305 -33.73423386 33.65310669 0.65882353 0.33333333 0.96862745
v -37.89375305 -33.76491547 33.95153427 0.65882353 0.33333333 0.96862745
v -36.33631516 -34.14936066 33.69578552 0.65882353 0.33333333 0.96862745
v -36.33631516 -34.18004227 33.99421310 0.65882353 0.33333333 0.96862745
v -34.87500000 -34.82720947 33.76547623 0.65882353 0.33333333 0.96862745
v -34.87500000 -34.85789108 34.06390381 0.65882353 0.33333333 0.96862745
v -39.75548553 -27.18263054 30.51892662 0.65882353 0.33333333 0.96862745
v -39.49451447 -27.18263054 30.51892662 0.65882353 0.33333333 0.96862745
v -39.75548553 -27.46899033 33.30424500 0.65882353 0.33333333 0.96862745
v -39.49451447 -27.46899033 33.30424500 0.65882353 0.33333333 0.96862745
v -37.06393814 -27.39416313 30.54067421 0.65882353 0.33333333 0.96862745
v -36.80693436 -27.43924332 30.54530907 0.65882353 0.33333333 0.96862745
v -35.08462524 -27.89831352 30.59250641 0.65882353 0.33333333 0.96862745
v -37.06393814 -27.68052483 33.32599258 0.65882353 0.33333333 0.96862745
v -36.80693436 -27.72560310 33.33062744 0.65882353 0.33333333 0.96862745
v -35.08462524 -28.18467331 33.37782669 0.65882353 0.33333333 0.96862745
v -33.34197617 -35.98899078 34.18019485 0.65882353 0.33333333 0.96862745
v -33.55421448 -35.74718475 33.86006165 0.65882353 0.33333333 0.96862745
v -33.55421448 -35.77786636 34.15848923 0.65882353 0.33333333 0.96862745
v -32.41408920 -36.88133240 33.97666168 0.65882353 0.33333333 0.96862745
v -32.41408920 -36.99236679 35.05665207 0.65882353 0.33333333 0.96862745
v -32.96705627 -36.37782669 34.37302017 0.65882353 0.33333333 0.96862745
v -34.30817032 -28.00000000 30.60296249 0.65882353 0.33333333 0.96862745
v -34.30817032 -28.28636169 33.38827896 0.65882353 0.33333333 0.96862745
v -30.39052773 -45.89390945 48.38299561 0.65882353 0.33333333 0.96862745
v -30.32524872 -43.16867828 46.44421768 0.65882353 0.33333333 0.96862745
v -30.25000000 -44.09165192 47.18760681 0.65882353 0.33333333 0.96862745
v -30.25000000 -44.19897461 47.27416611 0.65882353 0.33333333 0.96862745
v -30.32002640 -45.05810165 47.96799088 0.65882353 0.33333333 0.96862745
v -30.80784416 -47.50017548 49.09661865 0.65882353 0.33333333 0.96862745
v -30.72187233 -47.17667007 49.02157593 0.65882353 0.33333333 0.96862745
v -30.39052773 -42.32715988 45.40220642 0.65882353 0.33333333 0.96862745
v -24.33988953 -62.01986694 37.71330643 0.65882353 0.33333333 0.96862745
v -22.00000000 -61.84171295 37.32004547 0.65882353 0.33333333 0.96862745
v -26.90747643 -64.87282562 40.88252258 0.65882353 0.33333333 0.96862745
v -24.43392754 -64.49024200 39.12850571 0.65882353 0.33333333 0.96862745
v -27.76544380 -65.91750336 43.19403076 0.65882353 0.33333333 0.96862745
v -26.22073746 -54.53642273 34.48007584 0.65882353 0.33333333 0.96862745
v -16.90019608 -54.46172333 34.14981461 0.65882353 0.33333333 0.96862745
v -18.81845665 -54.47673798 34.21429062 0.65882353 0.33333333 0.96862745
v -14.95935726 -54.45910263 34.20685577 0.65882353 0.33333333 0.96862745
v -12.00000000 -62.83647156 37.42231750 0.65882353 0.33333333 0.96862745
v -3.00000000 -61.84171295 37.32004547 0.65882353 0.33333333 0.96862745
v -4.46395111 -54.32091904 33.30903625 0.65882353 0.33333333 0.96862745
v -3.57351136 -54.45128632 33.32243729 0.65882353 0.33333333 0.96862745
v -2.33229494 -55.13753128 33.39299393 0.65882353 0.33333333 0.96862745
v -2.10628915 -55.26733017 33.40633774 0.65882353 0.33333333 0.96862745
v -2.72989726 -54.86058807 33.36452103 0.65882353 0.33333333 0.96862745
v -7.27059317 -54.45013428 34.44652939 0.65882353 0.33333333 0.96862745
v -4.46395111 -54.44559860 34.52174377 0.65882353 0.33333333 0.96862745
v -3.57351136 -54.58234024 34.59713745 0.65882353 0.33333333 0.96862745
v -2.33229494 -55.29203796 34.89581299 0.65882353 0.33333333 0.96862745
v -2.10628915 -55.42624664 34.95205688 0.65882353 0.33333333 0.96862745
v -2.72989726 -55.00593185 34.77822113 0.65882353 0.33333333 0.96862745
v -1.81091106 -48.46028900 35.16710281 0.65882353 0.33333333 0.96862745
v -27.08838081 -63.25219727 52.00713730 0.65882353 0.33333333 0.96862745
v -27.06586647 -63.05125046 52.06085587 0.65882353 0.33333333 0.96862745
v -26.08707619 -62.07483673 52.75240707 0.65882353 0.33333333 0.96862745
v -26.01158714 -61.73640060 52.79186249 0.65882353 0.33333333 0.96862745
v -24.19996262 -61.33266449 53.42969131 0.65882353 0.33333333 0.96862745
v -23.96616173 -59.73509979 53.13572311 0.65882353 0.33333333 0.96862745
v -23.84969711 -59.72506332 53.14862442 0.65882353 0.33333333 0.96862745
v -22.00000000 -59.14423752 53.20469666 0.65882353 0.33333333 0.96862745
v -22.67505264 -56.29747009 51.88369370 0.65882353 0.33333333 0.96862745
v -25.14627075 -51.55651855 49.67912674 0.65882353 0.33333333 0.96862745
v -24.81427193 -51.69578552 49.68202209 0.65882353 0.33333333 0.96862745
v -28.08314133 -50.50065231 49.64838409 0.65882353 0.33333333 0.96862745
v -24.61919975 -52.02304459 49.84131622 0.65882353 0.33333333 0.96862745
v -22.08201408 -51.45411301 49.74641037 0.65882353 0.33333333 0.96862745
v -18.38617325 -50.77857208 49.67695618 0.65882353 0.33333333 0.96862745
v -16.55184746 -50.77857208 49.67695618 0.65882353 0.33333333 0.96862745
v -3.00000000 -59.14423752 53.20469666 0.65882353 0.33333333 0.96862745
v -12.30607986 -51.27338409 49.72782898 0.65882353 0.33333333 0.96862745
v -11.50381660 -51.39305115 49.74013138 0.65882353 0.33333333 0.96862745
v -4.48628521 -56.10060883 51.76343155 0.65882353 0.33333333 0.96862745
v -7.02628803 -51.78442001 49.66410446 0.65882353 0.33333333 0.96862745
v -2.93233991 -50.45674515 49.64386749 0.65882353 0.33333333 0.96862745
v -1.81388688 -49.93899918 49.59064102 0.65882353 0.33333333 0.96862745
v -1.81091106 -49.94322586 49.59107208 0.65882353 0.33333333 0.96862745
v -1.77799058 -49.97597504 49.59444046 0.65882353 0.33333333 0.96862745
v -2.73573494 -48.61187744 49.28586197 0.65882353 0.33333333 0.96862745
v -3.41715670 -45.69277573 34.88257599 0.65882353 0.33333333 0.96862745
v -2.73573494 -47.14642715 35.03202438 0.65882353 0.33333333 0.96862745
v -3.83447170 -44.14350128 34.72329330 0.65882353 0.33333333 0.96862745
v -2.73573494 -37.94493103 34.08601379 0.65882353 0.33333333 0.96862745
v -3.97499990 -42.54568100 34.55901718 0.65882353 0.33333333 0.96862745
v -3.83447170 -40.94785690 34.39474487 0.65882353 0.33333333 0.96862745
v -3.41715670 -39.39858246 34.23546219 0.65882353 0.33333333 0.96862745
v -2.73573494 -38.18062210 36.37850189 0.65882353 0.33333333 0.96862745
v -3.61200452 -40.61280060 39.08412552 0.65882353 0.33333333 0.96862745
v -3.57383919 -40.58233261 40.15137100 0.65882353 0.33333333 0.96862745
v -3.57041717 -40.58118820 40.26250076 0.65882353 0.33333333 0.96862745
v -3.41715670 -39.80464935 38.18511581 0.65882353 0.33333333 0.96862745
v -3.64763188 -41.09283829 42.48039627 0.65882353 0.33333333 0.96862745
v -3.83447170 -41.95951843 44.23479843 0.65882353 0.33333333 0.96862745
v -3.84742665 -42.14344025 44.60614395 0.65882353 0.33333333 0.96862745
v -1.81091106 -36.63106918 33.95093155 0.65882353 0.33333333 0.96862745
v -1.13460362 -35.98899078 34.18019485 0.65882353 0.33333333 0.96862745
v -1.50952399 -36.37782669 34.37302017 0.65882353 0.33333333 0.96862745
v -1.81091106 -36.71277237 34.74562454 0.65882353 0.33333333 0.96862745
v -3.41715670 -47.12290192 48.79282379 0.65882353 0.33333333 0.96862745
v -3.82180166 -45.55701447 48.01928329 0.65882353 0.33333333 0.96862745
v -3.83447170 -45.50628662 47.97853851 0.65882353 0.33333333 0.96862745
v -3.96541166 -43.66498566 46.49524307 0.65882353 0.33333333 0.96862745
v -3.97499990 -43.78261948 46.59024429 0.65882353 0.33333333 0.96862745
v -3.15956020 -47.69561768 49.07492828 0.65882353 0.33333333 0.96862745
v 1.87267411 -107.10395813 45.00000000 0.65882353 0.33333333 0.96862745
v 1.39612448 -106.34553528 45.00000000 0.65882353 0.33333333 0.96862745
v 1.10028839 -105.50008392 45.00000000 0.65882353 0.33333333 0.96862745
v 2.50604081 -107.73732758 45.00000000 0.65882353 0.33333333 0.96862745
v 3.26446509 -108.21387482 45.00000000 0.65882353 0.33333333 0.96862745
v 4.10991621 -108.50971222 45.00000000 0.65882353 0.33333333 0.96862745
v 5.00000000 -108.61000061 45.00000000 0.65882353 0.33333333 0.96862745
v 1.00000000 -104.61000061 45.00000000 0.65882353 0.33333333 0.96862745
v 5.23664427 -103.70999908 42.77294922 0.65882353 0.33333333 0.96862745
v 4.57294893 -103.70999908 43.43664551 0.65882353 0.33333333 0.96862745
v 4.14683056 -103.70999908 44.27294922 0.65882353 0.33333333 0.96862745
v 4.03167725 -103.70999908 45.00000000 0.65882353 0.33333333 0.96862745
v 6.07294893 -103.70999908 42.34683228 0.65882353 0.33333333 0.96862745
v 7.00000000 -103.70999908 42.20000076 0.65882353 0.33333333 0.96862745
v 10.00000000 -103.70999908 42.20000076 0.65882353 0.33333333 0.96862745
v 10.00000000 -103.70999908 45.00000000 0.65882353 0.33333333 0.96862745
v 5.23664427 -95.51000214 42.77294922 0.65882353 0.33333333 0.96862745
v 4.57294893 -95.51000214 43.43664551 0.65882353 0.33333333 0.96862745
v 4.14683056 -95.51000214 44.27294922 0.65882353 0.33333333 0.96862745
v 4.03167725 -95.51000214 45.00000000 0.65882353 0.33333333 0.96862745
v 1.00000000 -94.61000061 45.00000000 0.65882353 0.33333333 0.96862745
v 1.10028839 -93.71991730 45.00000000 0.65882353 0.33333333 0.96862745
v 1.39612448 -92.87446594 45.00000000 0.65882353 0.33333333 0.96862745
v 1.87267411 -92.11604309 45.00000000 0.65882353 0.33333333 0.96862745
v 2.50604081 -91.48267365 45.00000000 0.65882353 0.33333333 0.96862745
v 3.26446509 -91.00612640 45.00000000 0.65882353 0.33333333 0.96862745
v 4.10991621 -90.71028900 45.00000000 0.65882353 0.33333333 0.96862745
v 5.00000000 -90.61000061 45.00000000 0.65882353 0.33333333 0.96862745
v 6.07294893 -95.51000214 42.34683228 0.65882353 0.33333333 0.96862745
v 7.00000000 -95.51000214 42.20000076 0.65882353 0.33333333 0.96862745
v 10.00000000 -95.51000214 42.20000076 0.65882353 0.33333333 0.96862745
v 10.00000000 -95.51000214 45.00000000 0.65882353 0.33333333 0.96862745
v 3.70000005 -104.11000061 48.00000000 0.65882353 0.33333333 0.96862745
v 4.00000000 -103.70999908 48.00000000 0.65882353 0.33333333 0.96862745
v 9.00000000 -108.61000061 49.00000000 0.65882353 0.33333333 0.96862745
v 10.00000000 -103.70999908 48.00000000 0.65882353 0.33333333 0.96862745
v 9.00000000 -104.11000061 49.00000000 0.65882353 0.33333333 0.96862745
v 1.27972889 -107.67804718 59.70478439 0.65882353 0.33333333 0.96862745
v 1.10028839 -105.50008392 57.54700089 0.65882353 0.33333333 0.96862745
v 1.06473422 -105.18453217 57.26590347 0.65882353 0.33333333 0.96862745
v 1.07472599 -105.27320862 57.34271240 0.65882353 0.33333333 0.96862745
v 1.52962482 -106.55799866 58.43687057 0.65882353 0.33333333 0.96862745
v 1.87267411 -107.10395813 58.95305252 0.65882353 0.33333333 0.96862745
v 2.16638327 -107.39766693 59.20682526 0.65882353 0.33333333 0.96862745
v 1.39612448 -106.34553528 58.26771927 0.65882353 0.33333333 0.96862745
v 2.50604081 -107.73732758 59.57038879 0.65882353 0.33333333 0.96862745
v 1.00000000 -103.28388214 55.80268478 0.65882353 0.33333333 0.96862745
v 1.00000000 -100.97014618 54.65528870 0.65882353 0.33333333 0.96862745
v 1.97892404 -100.23995972 54.78301620 0.65882353 0.33333333 0.96862745
v 1.97892404 -100.82698822 55.37004089 0.65882353 0.33333333 0.96862745
v 1.79474413 -100.70999908 56.00000000 0.65882353 0.33333333 0.96862745
v 2.14436507 -101.16563416 56.00000000 0.65882353 0.33333333 0.96862745
v 1.67356157 -100.21562195 55.39438248 0.65882353 0.33333333 0.96862745
v 1.57496321 -100.17940521 56.00000000 0.65882353 0.33333333 0.96862745
v 2.26133347 -100.07587433 56.00000000 0.65882353 0.33333333 0.96862745
v 3.07004237 -100.82698822 54.27892303 0.65882353 0.33333333 0.96862745
v 2.48301554 -100.23995972 54.27892303 0.65882353 0.33333333 0.96862745
v 3.09438157 -100.21562195 53.97356033 0.65882353 0.33333333 0.96862745
v 3.70000005 -100.70999908 54.09474564 0.65882353 0.33333333 0.96862745
v 3.70000005 -100.17940521 53.87496185 0.65882353 0.33333333 0.96862745
v 3.50449419 -100.10550690 54.34200668 0.65882353 0.33333333 0.96862745
v 4.00000000 -100.07587433 54.26133347 0.65882353 0.33333333 0.96862745
v 3.07004237 -101.33107758 54.78301620 0.65882353 0.33333333 0.96862745
v 3.70000005 -101.51525879 54.90000153 0.65882353 0.33333333 0.96862745
v 2.48301554 -101.33107758 55.37004089 0.65882353 0.33333333 0.96862745
v 3.09438157 -101.63643646 55.39438248 0.65882353 0.33333333 0.96862745
v 2.59999990 -101.51525879 56.00000000 0.65882353 0.33333333 0.96862745
v 3.13059807 -101.73503876 56.00000000 0.65882353 0.33333333 0.96862745
v 3.50449419 -101.26799774 55.50449371 0.65882353 0.33333333 0.96862745
v 3.70000005 -101.73503876 55.43059921 0.65882353 0.33333333 0.96862745
v 4.00000000 -101.34866333 55.53412628 0.65882353 0.33333333 0.96862745
v 3.53412580 -101.34866333 56.00000000 0.65882353 0.33333333 0.96862745
v 3.70000005 -101.80999756 56.00000000 0.65882353 0.33333333 0.96862745
v 4.00000000 -101.41000366 56.00000000 0.65882353 0.33333333 0.96862745
v 2.42982936 -100.88017273 54.72982788 0.65882353 0.33333333 0.96862745
v 2.96076941 -100.64923096 54.96076965 0.65882353 0.33333333 0.96862745
v 3.00428534 -100.12541962 54.59184647 0.65882353 0.33333333 0.96862745
v 2.59184694 -100.12541962 55.00428391 0.65882353 0.33333333 0.96862745
v 3.48458028 -100.60571289 54.59184647 0.65882353 0.33333333 0.96862745
v 3.70000005 -101.16563416 54.44436646 0.65882353 0.33333333 0.96862745
v 4.00000000 -100.88278961 54.72720718 0.65882353 0.33333333 0.96862745
v 3.48458028 -101.01815033 55.00428391 0.65882353 0.33333333 0.96862745
v 4.00000000 -101.16884613 55.09999847 0.65882353 0.33333333 0.96862745
v 4.00000000 -100.51000214 54.44115448 0.65882353 0.33333333 0.96862745
v 2.59184694 -100.60571289 55.48458099 0.65882353 0.33333333 0.96862745
v 3.00428534 -101.01815033 55.48458099 0.65882353 0.33333333 0.96862745
v 2.72720790 -100.88278961 56.00000000 0.65882353 0.33333333 0.96862745
v 3.09999990 -101.16884613 56.00000000 0.65882353 0.33333333 0.96862745
v 2.34200478 -100.10550690 55.50449371 0.65882353 0.33333333 0.96862745
v 2.44115424 -100.51000214 56.00000000 0.65882353 0.33333333 0.96862745
v 1.00000000 -104.61000061 56.83008194 0.65882353 0.33333333 0.96862745
v 1.97892404 -100.82698822 56.62995911 0.65882353 0.33333333 0.96862745
v 1.67356157 -100.21562195 56.60561752 0.65882353 0.33333333 0.96862745
v 1.97892404 -100.23995972 57.21698380 0.65882353 0.33333333 0.96862745
v 2.48301554 -101.33107758 56.62995911 0.65882353 0.33333333 0.96862745
v 3.09438157 -101.63643646 56.60561752 0.65882353 0.33333333 0.96862745
v 3.50449419 -101.26799774 56.49550629 0.65882353 0.33333333 0.96862745
v 3.70000005 -101.73503876 56.56940079 0.65882353 0.33333333 0.96862745
v 4.00000000 -101.34866333 56.46587372 0.65882353 0.33333333 0.96862745
v 3.70000005 -101.51525879 57.09999847 0.65882353 0.33333333 0.96862745
v 3.07004237 -101.33107758 57.21698380 0.65882353 0.33333333 0.96862745
v 2.59184694 -100.60571289 56.51541901 0.65882353 0.33333333 0.96862745
v 3.00428534 -101.01815033 56.51541901 0.65882353 0.33333333 0.96862745
v 2.96076941 -100.64923096 57.03923035 0.65882353 0.33333333 0.96862745
v 2.34200478 -100.10550690 56.49550629 0.65882353 0.33333333 0.96862745
v 2.59184694 -100.12541962 56.99571609 0.65882353 0.33333333 0.96862745
v 3.48458028 -101.01815033 56.99571609 0.65882353 0.33333333 0.96862745
v 4.00000000 -101.16884613 56.90000153 0.65882353 0.33333333 0.96862745
v 2.42982936 -100.88017273 57.27017212 0.65882353 0.33333333 0.96862745
v 3.07004237 -100.82698822 57.72107697 0.65882353 0.33333333 0.96862745
v 3.07866764 -100.61033630 57.82928848 0.65882353 0.33333333 0.96862745
v 3.00428534 -100.12541962 57.40815353 0.65882353 0.33333333 0.96862745
v 2.48301554 -100.23995972 57.72107697 0.65882353 0.33333333 0.96862745
v 2.69966459 -100.23133087 57.82928848 0.65882353 0.33333333 0.96862745
v 2.59134459 -100.06922150 57.80865097 0.65882353 0.33333333 0.96862745
v 2.85147190 -100.45852661 57.79307556 0.65882353 0.33333333 0.96862745
v 3.48458028 -100.60571289 57.40815353 0.65882353 0.33333333 0.96862745
v 4.00000000 -100.88278961 57.27279282 0.65882353 0.33333333 0.96862745
v 3.70000005 -101.16563416 57.55563354 0.65882353 0.33333333 0.96862745
v 3.24077988 -100.71865845 57.80865097 0.65882353 0.33333333 0.96862745
v 3.43999934 -100.75828552 57.82923889 0.65882353 0.33333333 0.96862745
v 3.70000005 -100.80999756 57.82852173 0.65882353 0.33333333 0.96862745
v 4.00000000 -100.51000214 57.55884552 0.65882353 0.33333333 0.96862745
v 3.50449419 -100.10550690 57.65799332 0.65882353 0.33333333 0.96862745
v 4.00000000 -100.07587433 57.73866653 0.65882353 0.33333333 0.96862745
v 4.00000000 -95.51000214 48.00000000 0.65882353 0.33333333 0.96862745
v 3.70000005 -95.11000061 48.00000000 0.65882353 0.33333333 0.96862745
v 1.87267411 -92.11604309 50.66760254 0.65882353 0.33333333 0.96862745
v 1.10028839 -93.71991730 51.29799652 0.65882353 0.33333333 0.96862745
v 1.00000000 -94.61000061 51.69159317 0.65882353 0.33333333 0.96862745
v 1.39612448 -92.87446594 50.95086288 0.65882353 0.33333333 0.96862745
v 2.30076885 -91.68794250 50.52891922 0.65882353 0.33333333 0.96862745
v 2.50604081 -91.48267365 50.54373550 0.65882353 0.33333333 0.96862745
v 3.26446509 -91.00612640 50.70928574 0.65882353 0.33333333 0.96862745
v 4.10991621 -90.71028900 50.98636246 0.65882353 0.33333333 0.96862745
v 4.42582750 -90.67469025 51.11935806 0.65882353 0.33333333 0.96862745
v 5.00000000 -90.61000061 51.59536743 0.65882353 0.33333333 0.96862745
v 10.00000000 -95.51000214 48.00000000 0.65882353 0.33333333 0.96862745
v 7.75000000 -95.11000061 49.00000000 0.65882353 0.33333333 0.96862745
v 7.75000000 -90.61000061 49.00000000 0.65882353 0.33333333 0.96862745
v 2.14436507 -99.61000061 54.44436646 0.65882353 0.33333333 0.96862745
v 1.79474413 -99.61000061 54.90000153 0.65882353 0.33333333 0.96862745
v 1.97892404 -98.98004150 54.78301620 0.65882353 0.33333333 0.96862745
v 1.57496321 -99.61000061 55.43059921 0.65882353 0.33333333 0.96862745
v 2.26133347 -99.61000061 55.53412628 0.65882353 0.33333333 0.96862745
v 1.50000000 -99.61000061 56.00000000 0.65882353 0.33333333 0.96862745
v 2.20000005 -99.61000061 56.00000000 0.65882353 0.33333333 0.96862745
v 1.67356157 -99.00437927 55.39438248 0.65882353 0.33333333 0.96862745
v 1.57496321 -99.04059601 56.00000000 0.65882353 0.33333333 0.96862745
v 2.26133347 -99.14412689 56.00000000 0.65882353 0.33333333 0.96862745
v 1.97892404 -98.39301300 55.37004089 0.65882353 0.33333333 0.96862745
v 1.79474413 -98.51000214 56.00000000 0.65882353 0.33333333 0.96862745
v 2.14436507 -98.05436707 56.00000000 0.65882353 0.33333333 0.96862745
v 1.00000000 -96.89069366 52.73436356 0.65882353 0.33333333 0.96862745
v 3.13059807 -99.61000061 53.87496185 0.65882353 0.33333333 0.96862745
v 2.59999990 -99.61000061 54.09474564 0.65882353 0.33333333 0.96862745
v 2.48301554 -98.98004150 54.27892303 0.65882353 0.33333333 0.96862745
v 3.09438157 -99.00437927 53.97356033 0.65882353 0.33333333 0.96862745
v 3.70000005 -99.61000061 53.79999924 0.65882353 0.33333333 0.96862745
v 3.53412580 -99.61000061 54.26133347 0.65882353 0.33333333 0.96862745
v 4.00000000 -99.61000061 54.20000076 0.65882353 0.33333333 0.96862745
v 3.70000005 -99.04059601 53.87496185 0.65882353 0.33333333 0.96862745
v 3.50449419 -99.11449432 54.34200668 0.65882353 0.33333333 0.96862745
v 4.00000000 -99.14412689 54.26133347 0.65882353 0.33333333 0.96862745
v 3.07004237 -98.39301300 54.27892303 0.65882353 0.33333333 0.96862745
v 3.70000005 -98.51000214 54.09474564 0.65882353 0.33333333 0.96862745
v 2.72720790 -99.61000061 54.72720718 0.65882353 0.33333333 0.96862745
v 3.09999990 -99.61000061 54.44115448 0.65882353 0.33333333 0.96862745
v 2.44115424 -99.61000061 55.09999847 0.65882353 0.33333333 0.96862745
v 3.00428534 -99.09458160 54.59184647 0.65882353 0.33333333 0.96862745
v 2.59184694 -99.09458160 55.00428391 0.65882353 0.33333333 0.96862745
v 3.48458028 -98.61428833 54.59184647 0.65882353 0.33333333 0.96862745
v 4.00000000 -98.70999908 54.44115448 0.65882353 0.33333333 0.96862745
v 2.34200478 -99.11449432 55.50449371 0.65882353 0.33333333 0.96862745
v 2.59184694 -98.61428833 55.48458099 0.65882353 0.33333333 0.96862745
v 2.44115424 -98.70999908 56.00000000 0.65882353 0.33333333 0.96862745
v 2.42982936 -98.33982849 54.72982788 0.65882353 0.33333333 0.96862745
v 2.96076941 -98.57077026 54.96076965 0.65882353 0.33333333 0.96862745
v 3.07004237 -97.88892365 54.78301620 0.65882353 0.33333333 0.96862745
v 4.00000000 -98.33720398 54.72720718 0.65882353 0.33333333 0.96862745
v 3.70000005 -98.05436707 54.44436646 0.65882353 0.33333333 0.96862745
v 3.48458028 -98.20184326 55.00428391 0.65882353 0.33333333 0.96862745
v 4.00000000 -98.05115509 55.09999847 0.65882353 0.33333333 0.96862745
v 3.70000005 -97.70474243 54.90000153 0.65882353 0.33333333 0.96862745
v 3.00428534 -98.20184326 55.48458099 0.65882353 0.33333333 0.96862745
v 2.72720790 -98.33720398 56.00000000 0.65882353 0.33333333 0.96862745
v 3.09999990 -98.05115509 56.00000000 0.65882353 0.33333333 0.96862745
v 2.48301554 -97.88892365 55.37004089 0.65882353 0.33333333 0.96862745
v 3.09438157 -97.58356476 55.39438248 0.65882353 0.33333333 0.96862745
v 2.59999990 -97.70474243 56.00000000 0.65882353 0.33333333 0.96862745
v 3.13059807 -97.48496246 56.00000000 0.65882353 0.33333333 0.96862745
v 3.50449419 -97.95200348 55.50449371 0.65882353 0.33333333 0.96862745
v 4.00000000 -97.87133026 55.53412628 0.65882353 0.33333333 0.96862745
v 3.70000005 -97.48496246 55.43059921 0.65882353 0.33333333 0.96862745
v 3.53412580 -97.87133026 56.00000000 0.65882353 0.33333333 0.96862745
v 4.00000000 -97.80999756 56.00000000 0.65882353 0.33333333 0.96862745
v 3.70000005 -97.41000366 56.00000000 0.65882353 0.33333333 0.96862745
v 1.57496321 -99.61000061 56.56940079 0.65882353 0.33333333 0.96862745
v 2.26133347 -99.61000061 56.46587372 0.65882353 0.33333333 0.96862745
v 1.79474413 -99.61000061 57.09999847 0.65882353 0.33333333 0.96862745
v 1.67356157 -99.00437927 56.60561752 0.65882353 0.33333333 0.96862745
v 2.14436507 -99.61000061 57.55563354 0.65882353 0.33333333 0.96862745
v 1.97892404 -98.98004150 57.21698380 0.65882353 0.33333333 0.96862745
v 1.97892404 -98.39301300 56.62995911 0.65882353 0.33333333 0.96862745
v 2.44115424 -99.61000061 56.90000153 0.65882353 0.33333333 0.96862745
v 2.34200478 -99.11449432 56.49550629 0.65882353 0.33333333 0.96862745
v 2.59184694 -98.61428833 56.51541901 0.65882353 0.33333333 0.96862745
v 2.59184694 -99.09458160 56.99571609 0.65882353 0.33333333 0.96862745
v 2.72720790 -99.61000061 57.27279282 0.65882353 0.33333333 0.96862745
v 3.09999990 -99.61000061 57.55884552 0.65882353 0.33333333 0.96862745
v 2.50000000 -99.61000061 57.82852173 0.65882353 0.33333333 0.96862745
v 2.55171728 -99.87000275 57.82923889 0.65882353 0.33333333 0.96862745
v 2.55171728 -99.34999847 57.82923889 0.65882353 0.33333333 0.96862745
v 3.00428534 -99.09458160 57.40815353 0.65882353 0.33333333 0.96862745
v 2.48301554 -98.98004150 57.72107697 0.65882353 0.33333333 0.96862745
v 2.59134459 -99.15077972 57.80865097 0.65882353 0.33333333 0.96862745
v 2.69966459 -98.98867035 57.82928848 0.65882353 0.33333333 0.96862745
v 2.85147190 -98.76147461 57.79307556 0.65882353 0.33333333 0.96862745
v 3.07866764 -98.60966492 57.82928848 0.65882353 0.33333333 0.96862745
v 3.53412580 -99.61000061 57.73866653 0.65882353 0.33333333 0.96862745
v 4.00000000 -99.61000061 57.79999924 0.65882353 0.33333333 0.96862745
v 3.48458028 -98.61428833 57.40815353 0.65882353 0.33333333 0.96862745
v 4.00000000 -98.70999908 57.55884552 0.65882353 0.33333333 0.96862745
v 3.50449419 -99.11449432 57.65799332 0.65882353 0.33333333 0.96862745
v 4.00000000 -99.14412689 57.73866653 0.65882353 0.33333333 0.96862745
v 3.00428534 -98.20184326 56.51541901 0.65882353 0.33333333 0.96862745
v 2.96076941 -98.57077026 57.03923035 0.65882353 0.33333333 0.96862745
v 2.48301554 -97.88892365 56.62995911 0.65882353 0.33333333 0.96862745
v 3.09438157 -97.58356476 56.60561752 0.65882353 0.33333333 0.96862745
v 3.50449419 -97.95200348 56.49550629 0.65882353 0.33333333 0.96862745
v 3.48458028 -98.20184326 56.99571609 0.65882353 0.33333333 0.96862745
v 4.00000000 -98.05115509 56.90000153 0.65882353 0.33333333 0.96862745
v 4.00000000 -97.87133026 56.46587372 0.65882353 0.33333333 0.96862745
v 3.70000005 -97.48496246 56.56940079 0.65882353 0.33333333 0.96862745
v 3.70000005 -97.70474243 57.09999847 0.65882353 0.33333333 0.96862745
v 2.42982936 -98.33982849 57.27017212 0.65882353 0.33333333 0.96862745
v 3.07004237 -98.39301300 57.72107697 0.65882353 0.33333333 0.96862745
v 3.07004237 -97.88892365 57.21698380 0.65882353 0.33333333 0.96862745
v 4.00000000 -98.33720398 57.27279282 0.65882353 0.33333333 0.96862745
v 3.70000005 -98.05436707 57.55563354 0.65882353 0.33333333 0.96862745
v 3.24077988 -98.50134277 57.80865097 0.65882353 0.33333333 0.96862745
v 3.43999934 -98.46171570 57.82923889 0.65882353 0.33333333 0.96862745
v 3.70000005 -98.41000366 57.82852173 0.65882353 0.33333333 0.96862745
v 6.17668962 -90.61000061 52.61277390 0.65882353 0.33333333 0.96862745
v 7.49273014 -90.61000061 54.27700043 0.65882353 0.33333333 0.96862745
v 7.75000000 -90.61000061 54.89356995 0.65882353 0.33333333 0.96862745
v -0.66011095 -74.36603546 42.91959381 0.65882353 0.33333333 0.96862745
v 1.70198536 -74.58023834 44.10283661 0.65882353 0.33333333 0.96862745
v 3.15249825 -73.10158539 44.85964966 0.65882353 0.33333333 0.96862745
v -1.00000000 -86.53404236 47.73262024 0.65882353 0.33333333 0.96862745
v 1.33988905 -86.71219635 48.12588120 0.65882353 0.33333333 0.96862745
v 3.70198536 -86.92639923 49.30912018 0.65882353 0.33333333 0.96862745
v 5.01040745 -84.57061005 49.69605255 0.65882353 0.33333333 0.96862745
v 6.36121607 -84.75064850 51.44722748 0.65882353 0.33333333 0.96862745
v 7.75000000 -87.75469208 54.83606339 0.65882353 0.33333333 0.96862745
v 7.21036959 -84.96031189 53.48651886 0.65882353 0.33333333 0.96862745
v 7.75000000 -85.79125977 56.79949570 0.65882353 0.33333333 0.96862745
v 7.32745123 -84.12014771 55.22577667 0.65882353 0.33333333 0.96862745
v 7.21036959 -82.99687958 55.44995117 0.65882353 0.33333333 0.96862745
v 6.82942152 -83.09699249 57.76325989 0.65882353 0.33333333 0.96862745
v 3.64961147 -73.86643219 45.65524673 0.65882353 0.33333333 0.96862745
v 4.36121607 -72.40448761 46.24094391 0.65882353 0.33333333 0.96862745
v 4.82942152 -72.52057648 47.36537933 0.65882353 0.33333333 0.96862745
v 5.21036959 -72.61414337 48.28023148 0.65882353 0.33333333 0.96862745
v 5.50000000 -72.83914185 50.46865845 0.65882353 0.33333333 0.96862745
v 5.40345669 -71.84265900 50.74629593 0.65882353 0.33333333 0.96862745
v 5.21036959 -72.15742493 52.27473068 0.65882353 0.33333333 0.96862745
v 4.36121607 -71.36940765 53.89330673 0.65882353 0.33333333 0.96862745
v 4.82942152 -70.75082397 52.55697250 0.65882353 0.33333333 0.96862745
v 3.64961147 -70.89885712 54.89706802 0.65882353 0.33333333 0.96862745
v -0.66011095 -71.31224823 58.01772308 0.65882353 0.33333333 0.96862745
v 1.70198536 -71.09804535 56.83448029 0.65882353 0.33333333 0.96862745
v 44.00000000 -103.70999908 42.20000076 0.65882353 0.33333333 0.96862745
v 44.00000000 -103.70999908 45.00000000 0.65882353 0.33333333 0.96862745
v 49.00000000 -108.61000061 45.00000000 0.65882353 0.33333333 0.96862745
v 49.89008331 -108.50971222 45.00000000 0.65882353 0.33333333 0.96862745
v 50.73553467 -108.21387482 45.00000000 0.65882353 0.33333333 0.96862745
v 51.49395752 -107.73732758 45.00000000 0.65882353 0.33333333 0.96862745
v 52.12732697 -107.10395813 45.00000000 0.65882353 0.33333333 0.96862745
v 52.60387421 -106.34553528 45.00000000 0.65882353 0.33333333 0.96862745
v 52.89971161 -105.50008392 45.00000000 0.65882353 0.33333333 0.96862745
v 47.00000000 -103.70999908 42.20000076 0.65882353 0.33333333 0.96862745
v 47.92705154 -103.70999908 42.34683228 0.65882353 0.33333333 0.96862745
v 48.76335526 -103.70999908 42.77294922 0.65882353 0.33333333 0.96862745
v 49.42705154 -103.70999908 43.43664551 0.65882353 0.33333333 0.96862745
v 49.85316849 -103.70999908 44.27294922 0.65882353 0.33333333 0.96862745
v 49.96832275 -103.70999908 45.00000000 0.65882353 0.33333333 0.96862745
v 53.00000000 -104.61000061 45.00000000 0.65882353 0.33333333 0.96862745
v 44.00000000 -95.51000214 42.20000076 0.65882353 0.33333333 0.96862745
v 44.00000000 -95.51000214 45.00000000 0.65882353 0.33333333 0.96862745
v 47.00000000 -95.51000214 42.20000076 0.65882353 0.33333333 0.96862745
v 47.92705154 -95.51000214 42.34683228 0.65882353 0.33333333 0.96862745
v 48.76335526 -95.51000214 42.77294922 0.65882353 0.33333333 0.96862745
v 49.42705154 -95.51000214 43.43664551 0.65882353 0.33333333 0.96862745
v 49.85316849 -95.51000214 44.27294922 0.65882353 0.33333333 0.96862745
v 49.96832275 -95.51000214 45.00000000 0.65882353 0.33333333 0.96862745
v 49.00000000 -90.61000061 45.00000000 0.65882353 0.33333333 0.96862745
v 53.00000000 -94.61000061 45.00000000 0.65882353 0.33333333 0.96862745
v 52.89971161 -93.71991730 45.00000000 0.65882353 0.33333333 0.96862745
v 52.12732697 -92.11604309 45.00000000 0.65882353 0.33333333 0.96862745
v 52.60387421 -92.87446594 45.00000000 0.65882353 0.33333333 0.96862745
v 50.73553467 -91.00612640 45.00000000 0.65882353 0.33333333 0.96862745
v 49.89008331 -90.71028900 45.00000000 0.65882353 0.33333333 0.96862745
v 51.49395752 -91.48267365 45.00000000 0.65882353 0.33333333 0.96862745
v 27.00000000 -107.61000061 46.70000076 0.65882353 0.33333333 0.96862745
v 27.00000000 -107.61000061 49.00000000 0.65882353 0.33333333 0.96862745
v 27.00000000 -104.11000061 48.00000000 0.65882353 0.33333333 0.96862745
v 27.00000000 -104.11000061 49.00000000 0.65882353 0.33333333 0.96862745
v 27.00000000 -95.11000061 48.00000000 0.65882353 0.33333333 0.96862745
v 27.00000000 -95.11000061 49.00000000 0.65882353 0.33333333 0.96862745
v 27.00000000 -91.61000061 46.70000076 0.65882353 0.33333333 0.96862745
v 27.00000000 -91.61000061 49.00000000 0.65882353 0.33333333 0.96862745
v 45.00000000 -108.61000061 49.00000000 0.65882353 0.33333333 0.96862745
v 45.00000000 -107.61000061 49.00000000 0.65882353 0.33333333 0.96862745
v 51.62128448 -107.61000061 46.70000076 0.65882353 0.33333333 0.96862745
v 52.12732697 -107.10395813 46.70000076 0.65882353 0.33333333 0.96862745
v 52.60387421 -106.34553528 46.70000076 0.65882353 0.33333333 0.96862745
v 52.89971161 -105.50008392 46.70000076 0.65882353 0.33333333 0.96862745
v 53.00000000 -104.61000061 46.70000076 0.65882353 0.33333333 0.96862745
v 53.00000000 -94.61000061 46.70000076 0.65882353 0.33333333 0.96862745
v 52.89971161 -93.71991730 46.70000076 0.65882353 0.33333333 0.96862745
v 52.12732697 -92.11604309 46.70000076 0.65882353 0.33333333 0.96862745
v 52.60387421 -92.87446594 46.70000076 0.65882353 0.33333333 0.96862745
v 51.62128448 -91.61000061 46.70000076 0.65882353 0.33333333 0.96862745
v 46.25000000 -91.61000061 49.00000000 0.65882353 0.33333333 0.96862745
v 46.25000000 -90.61000061 49.00000000 0.65882353 0.33333333 0.96862745
v 1.38482988 -109.25974274 62.46578979 0.65882353 0.33333333 0.96862745
v 4.00000000 -108.52086639 60.28863525 0.65882353 0.33333333 0.96862745
v 4.00000000 -108.47125244 60.22711563 0.65882353 0.33333333 0.96862745
v 3.26446509 -108.21387482 60.03269196 0.65882353 0.33333333 0.96862745
v 4.07520437 -108.49756622 60.27249527 0.65882353 0.33333333 0.96862745
v 4.10991621 -108.50971222 60.30552673 0.65882353 0.33333333 0.96862745
v 5.00000000 -108.61000061 60.77926254 0.65882353 0.33333333 0.96862745
v 4.00000000 -109.69927216 62.66490173 0.65882353 0.33333333 0.96862745
v 1.54121912 -109.95073700 65.11079407 0.65882353 0.33333333 0.96862745
v 4.00000000 -110.27274323 65.14389801 0.65882353 0.33333333 0.96862745
v 6.65834427 -108.61000061 61.33159637 0.65882353 0.33333333 0.96862745
v 6.61517000 -109.25974274 62.46578979 0.65882353 0.33333333 0.96862745
v 7.91224861 -108.61000061 62.34816360 0.65882353 0.33333333 0.96862745
v 6.45878077 -109.95073700 65.11079407 0.65882353 0.33333333 0.96862745
v 8.75000000 -109.00665283 65.01373291 0.65882353 0.33333333 0.96862745
v 8.93737888 -108.61000061 63.97982025 0.65882353 0.33333333 0.96862745
v 9.00000000 -108.61000061 64.16698456 0.65882353 0.33333333 0.96862745
v 9.00000000 -108.81583405 64.99411011 0.65882353 0.33333333 0.96862745
v 9.00000000 -108.75279999 66.31266022 0.65882353 0.33333333 0.96862745
v 1.38482988 -109.79466248 67.66870117 0.65882353 0.33333333 0.96862745
v 1.27972889 -108.75296021 70.15999603 0.65882353 0.33333333 0.96862745
v 4.00000000 -110.20219421 67.55667877 0.65882353 0.33333333 0.96862745
v 4.00000000 -109.49244690 69.73882294 0.65882353 0.33333333 0.96862745
v 5.00000000 -108.61000061 70.74002838 0.65882353 0.33333333 0.96862745
v 1.27972889 -106.81023407 72.10272217 0.65882353 0.33333333 0.96862745
v 1.88777566 -107.11906433 71.97730255 0.65882353 0.33333333 0.96862745
v 1.87267411 -107.10395813 71.98577881 0.65882353 0.33333333 0.96862745
v 1.65190744 -106.75260925 72.20389557 0.65882353 0.33333333 0.96862745
v 1.39612448 -106.34553528 72.34619904 0.65882353 0.33333333 0.96862745
v 1.31976628 -106.12731934 72.43453217 0.65882353 0.33333333 0.96862745
v 1.10028839 -105.50008392 72.63482666 0.65882353 0.33333333 0.96862745
v 2.50604081 -107.73732758 71.58012390 0.65882353 0.33333333 0.96862745
v 3.02979708 -108.06642151 71.41618347 0.65882353 0.33333333 0.96862745
v 4.00000000 -108.47125244 71.15434265 0.65882353 0.33333333 0.96862745
v 3.26446509 -108.21387482 71.31438446 0.65882353 0.33333333 0.96862745
v 3.49765921 -108.29547119 71.28647614 0.65882353 0.33333333 0.96862745
v 4.10991621 -108.50971222 71.07662964 0.65882353 0.33333333 0.96862745
v 1.00000000 -104.61000061 72.95912170 0.65882353 0.33333333 0.96862745
v 1.00000000 -104.29420471 73.08093262 0.65882353 0.33333333 0.96862745
v 1.00000000 -101.75171661 73.20991516 0.65882353 0.33333333 0.96862745
v 4.00000000 -103.70999908 73.19999695 0.65882353 0.33333333 0.96862745
v 4.14683056 -103.70999908 74.12705231 0.65882353 0.33333333 0.96862745
v 6.61517000 -109.79466248 67.66870117 0.65882353 0.33333333 0.96862745
v 9.00000000 -108.61945343 67.64132690 0.65882353 0.33333333 0.96862745
v 9.00000000 -108.61000061 67.66512299 0.65882353 0.33333333 0.96862745
v 8.11810112 -108.61000061 68.76949310 0.65882353 0.33333333 0.96862745
v 6.02719498 -108.61000061 70.51200867 0.65882353 0.33333333 0.96862745
v 6.72027111 -108.75296021 70.15999603 0.65882353 0.33333333 0.96862745
v 6.92682362 -108.61000061 70.16218567 0.65882353 0.33333333 0.96862745
v 6.72027111 -108.61000061 70.30295563 0.65882353 0.33333333 0.96862745
v 10.00000000 -103.70999908 72.09999847 0.65882353 0.33333333 0.96862745
v 1.76953351 -91.37041473 67.09943390 0.65882353 0.33333333 0.96862745
v 2.50604081 -91.48267365 67.05184174 0.65882353 0.33333333 0.96862745
v 2.49355197 -91.49516296 67.05999756 0.65882353 0.33333333 0.96862745
v 2.81354022 -91.28945923 66.90941620 0.65882353 0.33333333 0.96862745
v 3.26446509 -91.00612640 66.57591248 0.65882353 0.33333333 0.96862745
v 3.32577920 -90.98467255 66.54008484 0.65882353 0.33333333 0.96862745
v 4.10991621 -90.71028900 66.01575470 0.65882353 0.33333333 0.96862745
v 5.00000000 -90.61000061 65.54164124 0.65882353 0.33333333 0.96862745
v 5.08579016 -90.61000061 65.50148773 0.65882353 0.33333333 0.96862745
v 7.75000000 -90.61000061 62.38719177 0.65882353 0.33333333 0.96862745
v 7.07188177 -90.61000061 63.66026688 0.65882353 0.33333333 0.96862745
v 1.00000000 -95.72092438 70.79413605 0.65882353 0.33333333 0.96862745
v 1.00000000 -98.94860077 72.46562195 0.65882353 0.33333333 0.96862745
v 1.00000000 -99.12810516 72.54980469 0.65882353 0.33333333 0.96862745
v 4.00000000 -95.51000214 73.19999695 0.65882353 0.33333333 0.96862745
v 4.14683056 -95.51000214 74.12705231 0.65882353 0.33333333 0.96862745
v 1.87267411 -92.11604309 67.76122284 0.65882353 0.33333333 0.96862745
v 1.39612448 -92.87446594 68.43436432 0.65882353 0.33333333 0.96862745
v 1.00000000 -94.61000061 69.89815521 0.65882353 0.33333333 0.96862745
v 1.10028839 -93.71991730 69.18344116 0.65882353 0.33333333 0.96862745
v 1.10526860 -93.70568085 69.17211914 0.65882353 0.33333333 0.96862745
v 0.52948272 -91.75672913 67.44230652 0.65882353 0.33333333 0.96862745
v 0.92691839 -91.68864441 67.38188171 0.65882353 0.33333333 0.96862745
v 2.10240507 -91.88630676 67.55731964 0.65882353 0.33333333 0.96862745
v 10.00000000 -95.51000214 72.09999847 0.65882353 0.33333333 0.96862745
v 13.32787991 -103.70999908 72.09999847 0.65882353 0.33333333 0.96862745
v 13.97724438 -103.70999908 73.02738953 0.65882353 0.33333333 0.96862745
v 13.32787991 -95.51000214 72.09999847 0.65882353 0.33333333 0.96862745
v 13.97724438 -95.51000214 73.02738953 0.65882353 0.33333333 0.96862745
v 1.87267411 -107.10395813 81.00000000 0.65882353 0.33333333 0.96862745
v 1.39612448 -106.34553528 81.00000000 0.65882353 0.33333333 0.96862745
v 1.10028839 -105.50008392 81.00000000 0.65882353 0.33333333 0.96862745
v 2.50604081 -107.73732758 81.00000000 0.65882353 0.33333333 0.96862745
v 3.26446509 -108.21387482 81.00000000 0.65882353 0.33333333 0.96862745
v 4.10991621 -108.50971222 81.00000000 0.65882353 0.33333333 0.96862745
v 5.00000000 -108.61000061 81.00000000 0.65882353 0.33333333 0.96862745
v 4.57294893 -103.70999908 74.96335602 0.65882353 0.33333333 0.96862745
v 5.23664427 -103.70999908 75.62705231 0.65882353 0.33333333 0.96862745
v 1.00000000 -104.61000061 81.00000000 0.65882353 0.33333333 0.96862745
v 3.70000005 -104.11000061 81.00000000 0.65882353 0.33333333 0.96862745
v 2.59134459 -100.06922150 81.00000000 0.65882353 0.33333333 0.96862745
v 2.85147190 -100.45852661 81.00000000 0.65882353 0.33333333 0.96862745
v 3.24077988 -100.71865845 81.00000000 0.65882353 0.33333333 0.96862745
v 3.70000005 -100.80999756 81.00000000 0.65882353 0.33333333 0.96862745
v 9.00000000 -108.61000061 81.00000000 0.65882353 0.33333333 0.96862745
v 6.07294893 -103.70999908 76.05316925 0.65882353 0.33333333 0.96862745
v 7.00000000 -103.70999908 76.19999695 0.65882353 0.33333333 0.96862745
v 9.00000000 -103.70999908 77.19999695 0.65882353 0.33333333 0.96862745
v 9.26794910 -103.70999908 76.19999695 0.65882353 0.33333333 0.96862745
v 9.00000000 -104.11000061 81.00000000 0.65882353 0.33333333 0.96862745
v 9.00000000 -103.70999908 87.19999695 0.65882353 0.33333333 0.96862745
v 9.26794910 -103.70999908 88.19999695 0.65882353 0.33333333 0.96862745
v 10.00000000 -103.70999908 88.93205261 0.65882353 0.33333333 0.96862745
v 11.00000000 -103.70999908 89.19999695 0.65882353 0.33333333 0.96862745
v 4.57294893 -95.51000214 74.96335602 0.65882353 0.33333333 0.96862745
v 5.23664427 -95.51000214 75.62705231 0.65882353 0.33333333 0.96862745
v 2.50000000 -99.61000061 81.00000000 0.65882353 0.33333333 0.96862745
v 2.59134459 -99.15077972 81.00000000 0.65882353 0.33333333 0.96862745
v 2.85147190 -98.76147461 81.00000000 0.65882353 0.33333333 0.96862745
v 3.24077988 -98.50134277 81.00000000 0.65882353 0.33333333 0.96862745
v 3.70000005 -98.41000366 81.00000000 0.65882353 0.33333333 0.96862745
v 3.70000005 -95.11000061 81.00000000 0.65882353 0.33333333 0.96862745
v 1.00000000 -94.61000061 81.00000000 0.65882353 0.33333333 0.96862745
v 1.10028839 -93.71991730 81.00000000 0.65882353 0.33333333 0.96862745
v 1.39612448 -92.87446594 81.00000000 0.65882353 0.33333333 0.96862745
v 1.87267411 -92.11604309 81.00000000 0.65882353 0.33333333 0.96862745
v 2.50604081 -91.48267365 81.00000000 0.65882353 0.33333333 0.96862745
v 3.26446509 -91.00612640 81.00000000 0.65882353 0.33333333 0.96862745
v 4.10991621 -90.71028900 81.00000000 0.65882353 0.33333333 0.96862745
v 5.00000000 -90.61000061 81.00000000 0.65882353 0.33333333 0.96862745
v 6.07294893 -95.51000214 76.05316925 0.65882353 0.33333333 0.96862745
v 7.00000000 -95.51000214 76.19999695 0.65882353 0.33333333 0.96862745
v 9.00000000 -95.51000214 77.19999695 0.65882353 0.33333333 0.96862745
v 9.26794910 -95.51000214 76.19999695 0.65882353 0.33333333 0.96862745
v 7.75000000 -95.11000061 81.00000000 0.65882353 0.33333333 0.96862745
v 7.75000000 -90.61000061 81.00000000 0.65882353 0.33333333 0.96862745
v 9.00000000 -95.51000214 87.19999695 0.65882353 0.33333333 0.96862745
v 9.26794910 -95.51000214 88.19999695 0.65882353 0.33333333 0.96862745
v 10.00000000 -95.51000214 88.93205261 0.65882353 0.33333333 0.96862745
v 11.00000000 -95.51000214 89.19999695 0.65882353 0.33333333 0.96862745
v 16.07261086 -103.70999908 75.12275696 0.65882353 0.33333333 0.96862745
v 18.50000000 -103.70999908 76.82243347 0.65882353 0.33333333 0.96862745
v 21.18565750 -103.70999908 78.07477570 0.65882353 0.33333333 0.96862745
v 24.04798126 -103.70999908 78.84172821 0.65882353 0.33333333 0.96862745
v 16.07261086 -95.51000214 75.12275696 0.65882353 0.33333333 0.96862745
v 18.50000000 -95.51000214 76.82243347 0.65882353 0.33333333 0.96862745
v 21.18565750 -95.51000214 78.07477570 0.65882353 0.33333333 0.96862745
v 24.04798126 -95.51000214 78.84172821 0.65882353 0.33333333 0.96862745
v -0.67085969 -83.41483307 63.38604355 0.65882353 0.33333333 0.96862745
v 1.33988905 -83.65841675 63.22400665 0.65882353 0.33333333 0.96862745
v 1.81300461 -83.15103149 62.75683212 0.65882353 0.33333333 0.96862745
v 5.64961147 -83.24501801 60.10335159 0.65882353 0.33333333 0.96862745
v 3.70198536 -83.44420624 62.04076767 0.65882353 0.33333333 0.96862745
v -1.00000000 -83.83657074 63.61726761 0.65882353 0.33333333 0.96862745
v 7.75000000 -87.86404419 60.06550980 0.65882353 0.33333333 0.96862745
v 45.00000000 -107.61000061 71.69999695 0.65882353 0.33333333 0.96862745
v 40.67211914 -103.70999908 72.09999847 0.65882353 0.33333333 0.96862745
v 40.02275467 -103.70999908 73.02738953 0.65882353 0.33333333 0.96862745
v 44.00000000 -103.70999908 71.69999695 0.65882353 0.33333333 0.96862745
v 44.00000000 -103.70999908 72.09999847 0.65882353 0.33333333 0.96862745
v 45.00000000 -104.11000061 71.69999695 0.65882353 0.33333333 0.96862745
v 51.62128448 -107.61000061 71.69999695 0.65882353 0.33333333 0.96862745
v 52.12732697 -107.10395813 71.69999695 0.65882353 0.33333333 0.96862745
v 52.60387421 -106.34553528 71.69999695 0.65882353 0.33333333 0.96862745
v 52.89971161 -105.50008392 71.69999695 0.65882353 0.33333333 0.96862745
v 50.29999924 -104.11000061 71.69999695 0.65882353 0.33333333 0.96862745
v 50.00000000 -103.70999908 71.69999695 0.65882353 0.33333333 0.96862745
v 53.00000000 -104.61000061 71.69999695 0.65882353 0.33333333 0.96862745
v 50.00000000 -103.70999908 73.19999695 0.65882353 0.33333333 0.96862745
v 49.85316849 -103.70999908 74.12705231 0.65882353 0.33333333 0.96862745
v 50.29999924 -100.80999756 71.69999695 0.65882353 0.33333333 0.96862745
v 50.75922012 -100.71865845 71.69999695 0.65882353 0.33333333 0.96862745
v 51.14852905 -100.45852661 71.69999695 0.65882353 0.33333333 0.96862745
v 51.40865707 -100.06922150 71.69999695 0.65882353 0.33333333 0.96862745
v 40.67211914 -95.51000214 72.09999847 0.65882353 0.33333333 0.96862745
v 40.02275467 -95.51000214 73.02738953 0.65882353 0.33333333 0.96862745
v 44.00000000 -95.51000214 71.69999695 0.65882353 0.33333333 0.96862745
v 44.00000000 -95.51000214 72.09999847 0.65882353 0.33333333 0.96862745
v 46.25000000 -95.11000061 71.69999695 0.65882353 0.33333333 0.96862745
v 51.14852905 -98.76147461 71.69999695 0.65882353 0.33333333 0.96862745
v 50.29999924 -98.41000366 71.69999695 0.65882353 0.33333333 0.96862745
v 50.75922012 -98.50134277 71.69999695 0.65882353 0.33333333 0.96862745
v 51.50000000 -99.61000061 71.69999695 0.65882353 0.33333333 0.96862745
v 51.40865707 -99.15077972 71.69999695 0.65882353 0.33333333 0.96862745
v 50.00000000 -95.51000214 71.69999695 0.65882353 0.33333333 0.96862745
v 50.29999924 -95.11000061 71.69999695 0.65882353 0.33333333 0.96862745
v 50.00000000 -95.51000214 73.19999695 0.65882353 0.33333333 0.96862745
v 49.85316849 -95.51000214 74.12705231 0.65882353 0.33333333 0.96862745
v 46.25000000 -91.61000061 71.69999695 0.65882353 0.33333333 0.96862745
v 53.00000000 -94.61000061 71.69999695 0.65882353 0.33333333 0.96862745
v 52.89971161 -93.71991730 71.69999695 0.65882353 0.33333333 0.96862745
v 52.12732697 -92.11604309 71.69999695 0.65882353 0.33333333 0.96862745
v 52.60387421 -92.87446594 71.69999695 0.65882353 0.33333333 0.96862745
v 51.62128448 -91.61000061 71.69999695 0.65882353 0.33333333 0.96862745
v 27.00000000 -103.70999908 79.09999847 0.65882353 0.33333333 0.96862745
v 29.95201874 -103.70999908 78.84172821 0.65882353 0.33333333 0.96862745
v 32.81434250 -103.70999908 78.07477570 0.65882353 0.33333333 0.96862745
v 35.50000000 -103.70999908 76.82243347 0.65882353 0.33333333 0.96862745
v 37.92739105 -103.70999908 75.12275696 0.65882353 0.33333333 0.96862745
v 27.00000000 -95.51000214 79.09999847 0.65882353 0.33333333 0.96862745
v 29.95201874 -95.51000214 78.84172821 0.65882353 0.33333333 0.96862745
v 32.81434250 -95.51000214 78.07477570 0.65882353 0.33333333 0.96862745
v 35.50000000 -95.51000214 76.82243347 0.65882353 0.33333333 0.96862745
v 37.92739105 -95.51000214 75.12275696 0.65882353 0.33333333 0.96862745
v 45.00000000 -108.61000061 81.00000000 0.65882353 0.33333333 0.96862745
v 44.73205185 -103.70999908 76.19999695 0.65882353 0.33333333 0.96862745
v 45.00000000 -103.70999908 77.19999695 0.65882353 0.33333333 0.96862745
v 45.00000000 -104.11000061 81.00000000 0.65882353 0.33333333 0.96862745
v 49.00000000 -108.61000061 81.00000000 0.65882353 0.33333333 0.96862745
v 49.89008331 -108.50971222 81.00000000 0.65882353 0.33333333 0.96862745
v 50.73553467 -108.21387482 81.00000000 0.65882353 0.33333333 0.96862745
v 51.49395752 -107.73732758 81.00000000 0.65882353 0.33333333 0.96862745
v 52.12732697 -107.10395813 81.00000000 0.65882353 0.33333333 0.96862745
v 52.60387421 -106.34553528 81.00000000 0.65882353 0.33333333 0.96862745
v 52.89971161 -105.50008392 81.00000000 0.65882353 0.33333333 0.96862745
v 47.00000000 -103.70999908 76.19999695 0.65882353 0.33333333 0.96862745
v 47.92705154 -103.70999908 76.05316925 0.65882353 0.33333333 0.96862745
v 49.42705154 -103.70999908 74.96335602 0.65882353 0.33333333 0.96862745
v 48.76335526 -103.70999908 75.62705231 0.65882353 0.33333333 0.96862745
v 50.29999924 -104.11000061 81.00000000 0.65882353 0.33333333 0.96862745
v 53.00000000 -104.61000061 81.00000000 0.65882353 0.33333333 0.96862745
v 50.29999924 -100.80999756 81.00000000 0.65882353 0.33333333 0.96862745
v 50.75922012 -100.71865845 81.00000000 0.65882353 0.33333333 0.96862745
v 51.14852905 -100.45852661 81.00000000 0.65882353 0.33333333 0.96862745
v 51.40865707 -100.06922150 81.00000000 0.65882353 0.33333333 0.96862745
v 45.00000000 -103.70999908 87.19999695 0.65882353 0.33333333 0.96862745
v 43.00000000 -103.70999908 89.19999695 0.65882353 0.33333333 0.96862745
v 44.00000000 -103.70999908 88.93205261 0.65882353 0.33333333 0.96862745
v 44.73205185 -103.70999908 88.19999695 0.65882353 0.33333333 0.96862745
v 44.73205185 -95.51000214 76.19999695 0.65882353 0.33333333 0.96862745
v 45.00000000 -95.51000214 77.19999695 0.65882353 0.33333333 0.96862745
v 47.00000000 -95.51000214 76.19999695 0.65882353 0.33333333 0.96862745
v 47.92705154 -95.51000214 76.05316925 0.65882353 0.33333333 0.96862745
v 49.42705154 -95.51000214 74.96335602 0.65882353 0.33333333 0.96862745
v 48.76335526 -95.51000214 75.62705231 0.65882353 0.33333333 0.96862745
v 46.25000000 -95.11000061 81.00000000 0.65882353 0.33333333 0.96862745
v 51.14852905 -98.76147461 81.00000000 0.65882353 0.33333333 0.96862745
v 50.29999924 -98.41000366 81.00000000 0.65882353 0.33333333 0.96862745
v 50.75922012 -98.50134277 81.00000000 0.65882353 0.33333333 0.96862745
v 51.50000000 -99.61000061 81.00000000 0.65882353 0.33333333 0.96862745
v 51.40865707 -99.15077972 81.00000000 0.65882353 0.33333333 0.96862745
v 50.29999924 -95.11000061 81.00000000 0.65882353 0.33333333 0.96862745
v 46.25000000 -90.61000061 81.00000000 0.65882353 0.33333333 0.96862745
v 49.00000000 -90.61000061 81.00000000 0.65882353 0.33333333 0.96862745
v 53.00000000 -94.61000061 81.00000000 0.65882353 0.33333333 0.96862745
v 52.89971161 -93.71991730 81.00000000 0.65882353 0.33333333 0.96862745
v 52.12732697 -92.11604309 81.00000000 0.65882353 0.33333333 0.96862745
v 52.60387421 -92.87446594 81.00000000 0.65882353 0.33333333 0.96862745
v 50.73553467 -91.00612640 81.00000000 0.65882353 0.33333333 0.96862745
v 49.89008331 -90.71028900 81.00000000 0.65882353 0.33333333 0.96862745
v 51.49395752 -91.48267365 81.00000000 0.65882353 0.33333333 0.96862745
v 45.00000000 -95.51000214 87.19999695 0.65882353 0.33333333 0.96862745
v 43.00000000 -95.51000214 89.19999695 0.65882353 0.33333333 0.96862745
v 44.00000000 -95.51000214 88.93205261 0.65882353 0.33333333 0.96862745
v 44.73205185 -95.51000214 88.19999695 0.65882353 0.33333333 0.96862745
v -0.66011095 -62.01986694 37.71330643 0.65882353 0.33333333 0.96862745
v 1.70198536 -62.23407364 38.89654922 0.65882353 0.33333333 0.96862745
v 2.76036024 -62.60542679 40.06032562 0.65882353 0.33333333 0.96862745
v 3.64961147 -62.43326187 40.83396149 0.65882353 0.33333333 0.96862745
v 4.36121607 -62.42700195 42.03351212 0.65882353 0.33333333 0.96862745
v 4.52405596 -62.59666824 42.47910690 0.65882353 0.33333333 0.96862745
v 4.82942152 -62.58129120 43.17405701 0.65882353 0.33333333 0.96862745
v 5.21036959 -61.99918365 43.80398178 0.65882353 0.33333333 0.96862745
v 5.33464241 -62.13282776 44.75862503 0.65882353 0.33333333 0.96862745
v 0.02598708 -56.25641632 33.50802612 0.65882353 0.33333333 0.96862745
v 0.27121753 -56.34520340 33.51715469 0.65882353 0.33333333 0.96862745
v 2.54375768 -56.95093536 33.57942963 0.65882353 0.33333333 0.96862745
v 2.80076170 -56.99601364 33.58406448 0.65882353 0.33333333 0.96862745
v 5.14451551 -57.19999313 33.60503387 0.65882353 0.33333333 0.96862745
v 5.40548468 -57.19999313 33.60503387 0.65882353 0.33333333 0.96862745
v -0.81928140 -56.04425430 35.21779251 0.65882353 0.33333333 0.96862745
v 0.02598708 -56.46183777 35.50608444 0.65882353 0.33333333 0.96862745
v 0.27121753 -56.55718613 35.57904434 0.65882353 0.33333333 0.96862745
v 1.28414285 -56.85105133 35.83900833 0.65882353 0.33333333 0.96862745
v 2.54375768 -57.26450729 36.62943649 0.65882353 0.33333333 0.96862745
v 2.80076170 -57.32434845 36.77764511 0.65882353 0.33333333 0.96862745
v 3.51127648 -57.42405701 37.15235901 0.65882353 0.33333333 0.96862745
v 2.11131358 -51.19225693 35.44797897 0.65882353 0.33333333 0.96862745
v -0.67078537 -49.59443665 35.28370667 0.65882353 0.33333333 0.96862745
v 0.64999998 -50.51440811 35.37829208 0.65882353 0.33333333 0.96862745
v 3.66875434 -51.60738373 35.49066162 0.65882353 0.33333333 0.96862745
v 5.27500010 -51.74717712 35.50503159 0.65882353 0.33333333 0.96862745
v 7.74923849 -56.99601364 33.58406448 0.65882353 0.33333333 0.96862745
v 8.00624275 -56.95093536 33.57942963 0.65882353 0.33333333 0.96862745
v 10.27878284 -56.34520340 33.51715469 0.65882353 0.33333333 0.96862745
v 10.52401257 -56.25641632 33.50802612 0.65882353 0.33333333 0.96862745
v 6.88124561 -51.60738373 35.49066162 0.65882353 0.33333333 0.96862745
v 8.43868637 -51.19225693 35.44797897 0.65882353 0.33333333 0.96862745
v 9.89999962 -50.51440811 35.37829208 0.65882353 0.33333333 0.96862745
v 11.22078514 -49.59443665 35.28370667 0.65882353 0.33333333 0.96862745
v 12.36091137 -48.46028900 35.16710281 0.65882353 0.33333333 0.96862745
v 4.63034630 -57.63405228 38.25762558 0.65882353 0.33333333 0.96862745
v 5.14451551 -57.74003983 38.85787201 0.65882353 0.33333333 0.96862745
v 5.40395260 -57.76932907 39.14274216 0.65882353 0.33333333 0.96862745
v 5.40548468 -57.76962662 39.14563751 0.65882353 0.33333333 0.96862745
v 6.30647087 -57.85810089 40.76082230 0.65882353 0.33333333 0.96862745
v 6.58736324 -57.90778732 41.47936630 0.65882353 0.33333333 0.96862745
v 6.67431879 -57.95887375 42.04911423 0.65882353 0.33333333 0.96862745
v 6.92657804 -57.36698532 41.98825836 0.65882353 0.33333333 0.96862745
v 7.21614265 -57.32906342 41.98435974 0.65882353 0.33333333 0.96862745
v 6.97756958 -57.35346222 42.22168350 0.65882353 0.33333333 0.96862745
v 7.14801788 -57.28926849 42.95796585 0.65882353 0.33333333 0.96862745
v 7.16207027 -57.27459335 42.99694824 0.65882353 0.33333333 0.96862745
v 7.74923849 -57.86532593 42.03949356 0.65882353 0.33333333 0.96862745
v 8.00624275 -57.82024384 42.03485870 0.65882353 0.33333333 0.96862745
v 8.27594376 -57.16711044 41.96771240 0.65882353 0.33333333 0.96862745
v 8.33960819 -57.10357285 43.00901031 0.65882353 0.33333333 0.96862745
v 7.30914831 -57.10177994 43.46409988 0.65882353 0.33333333 0.96862745
v 7.30966568 -56.98455048 43.82429123 0.65882353 0.33333333 0.96862745
v 7.34109926 -56.57517242 44.80837631 0.65882353 0.33333333 0.96862745
v 8.42258263 -56.28117752 44.97581863 0.65882353 0.33333333 0.96862745
v 10.27878284 -57.21451187 41.97258377 0.65882353 0.33333333 0.96862745
v 10.52401257 -57.12572479 41.96345520 0.65882353 0.33333333 0.96862745
v 9.20867443 -56.78278732 41.92819977 0.65882353 0.33333333 0.96862745
v 10.21070194 -56.29290390 41.87783432 0.65882353 0.33333333 0.96862745
v 10.42381096 -56.07650757 42.98508453 0.65882353 0.33333333 0.96862745
v 11.04072380 -55.65934372 41.81269455 0.65882353 0.33333333 0.96862745
v 11.84092331 -54.86333847 41.73085785 0.65882353 0.33333333 0.96862745
v 12.14230442 -54.36702728 42.80932999 0.65882353 0.33333333 0.96862745
v 10.60512733 -54.77060318 44.99897385 0.65882353 0.33333333 0.96862745
v 12.14230442 -52.58095932 44.59539795 0.65882353 0.33333333 0.96862745
v 12.43220329 -49.27583694 44.07436371 0.65882353 0.33333333 0.96862745
v 12.36091137 -49.38865662 44.19697952 0.65882353 0.33333333 0.96862745
v 12.65628910 -55.26733017 33.40633774 0.65882353 0.33333333 0.96862745
v 12.88229465 -55.13753128 33.39299393 0.65882353 0.33333333 0.96862745
v 13.40406799 -54.77409744 33.35562897 0.65882353 0.33333333 0.96862745
v 14.18508339 -54.38458252 33.31558228 0.65882353 0.33333333 0.96862745
v 15.11147308 -54.23442841 33.30014420 0.65882353 0.33333333 0.96862745
v 16.54224777 -54.22810745 33.29949570 0.65882353 0.33333333 0.96862745
v 16.74253845 -54.19609451 33.29620361 0.65882353 0.33333333 0.96862745
v 16.77499962 -53.99221039 33.27524185 0.65882353 0.33333333 0.96862745
v 16.77499962 -52.80893326 33.15358734 0.65882353 0.33333333 0.96862745
v 16.90608597 -51.93641663 33.06388474 0.65882353 0.33333333 0.96862745
v 17.31754303 -51.09722900 32.97760391 0.65882353 0.33333333 0.96862745
v 18.19025230 -49.85740662 32.85013962 0.65882353 0.33333333 0.96862745
v 18.32073593 -49.63258362 32.82702637 0.65882353 0.33333333 0.96862745
v 12.65628910 -56.13664246 41.86176682 0.65882353 0.33333333 0.96862745
v 12.88229465 -56.00683975 41.84842300 0.65882353 0.33333333 0.96862745
v 13.40406799 -55.64340591 41.81105804 0.65882353 0.33333333 0.96862745
v 12.47782135 -54.03767014 41.64596939 0.65882353 0.33333333 0.96862745
v 14.18508339 -55.25389099 41.77101135 0.65882353 0.33333333 0.96862745
v 15.11147308 -55.10373688 41.75557327 0.65882353 0.33333333 0.96862745
v 16.54224777 -55.09741592 41.75492477 0.65882353 0.33333333 0.96862745
v 16.77499962 -54.86151886 41.73067093 0.65882353 0.33333333 0.96862745
v 16.74253845 -55.06540680 41.75163269 0.65882353 0.33333333 0.96862745
v 16.77499962 -53.67824554 41.60901642 0.65882353 0.33333333 0.96862745
v 13.35663795 -52.11305618 41.44810104 0.65882353 0.33333333 0.96862745
v 13.51944351 -51.05881119 41.33971405 0.65882353 0.33333333 0.96862745
v 13.64334774 -50.12260437 41.24346161 0.65882353 0.33333333 0.96862745
v 13.51944351 -49.18639755 41.14720917 0.65882353 0.33333333 0.96862745
v 13.35663795 -48.13215256 41.03881836 0.65882353 0.33333333 0.96862745
v 16.90608597 -52.80572891 41.51931381 0.65882353 0.33333333 0.96862745
v 17.31754303 -51.96653748 41.43303680 0.65882353 0.33333333 0.96862745
v 18.19025230 -50.72671509 41.30556870 0.65882353 0.33333333 0.96862745
v 18.32073593 -50.50189590 41.28245544 0.65882353 0.33333333 0.96862745
v 12.97028732 -53.04089737 41.54349136 0.65882353 0.33333333 0.96862745
v 13.18331337 -52.28526688 42.51363754 0.65882353 0.33333333 0.96862745
v 13.51944351 -50.21885681 42.17966843 0.65882353 0.33333333 0.96862745
v 13.15351582 -48.04154587 41.93076706 0.65882353 0.33333333 0.96862745
v 13.18331337 -48.17770386 42.09133530 0.65882353 0.33333333 0.96862745
v 13.13546848 -48.08280563 42.08533096 0.65882353 0.33333333 0.96862745
v 13.07447052 -48.19135666 42.30721664 0.65882353 0.33333333 0.96862745
v 12.77019024 -50.40385056 43.97904205 0.65882353 0.33333333 0.96862745
v 19.40428925 -48.13685608 41.03930283 0.65882353 0.33333333 0.96862745
v 19.31503296 -48.38079834 41.06438446 0.65882353 0.33333333 0.96862745
v 5.40774488 -62.15667725 45.29709244 0.65882353 0.33333333 0.96862745
v 5.50000000 -61.72687912 45.78269958 0.65882353 0.33333333 0.96862745
v 5.28473902 -61.84943390 47.39036179 0.65882353 0.33333333 0.96862745
v 5.21036959 -61.40691376 47.74132156 0.65882353 0.33333333 0.96862745
v 4.82942152 -61.32952499 48.58407974 0.65882353 0.33333333 0.96862745
v 1.72353852 -59.98691177 52.12849045 0.65882353 0.33333333 0.96862745
v 1.70198536 -59.93080521 52.12533951 0.65882353 0.33333333 0.96862745
v 4.36121607 -61.06985855 49.55006409 0.65882353 0.33333333 0.96862745
v 4.45501137 -61.25385666 49.41220093 0.65882353 0.33333333 0.96862745
v 3.64961147 -60.48796082 50.50687027 0.65882353 0.33333333 0.96862745
v 3.13237000 -60.78343201 51.12368774 0.65882353 0.33333333 0.96862745
v -0.66011095 -58.96608353 52.81143570 0.65882353 0.33333333 0.96862745
v -0.08287341 -59.42607498 52.73833084 0.65882353 0.33333333 0.96862745
v -0.67078537 -51.12904739 50.21027374 0.65882353 0.33333333 0.96862745
v -0.13333532 -51.52318192 50.44117737 0.65882353 0.33333333 0.96862745
v 0.64999998 -52.06867599 50.49604034 0.65882353 0.33333333 0.96862745
v 1.74538517 -52.57104874 50.49248886 0.65882353 0.33333333 0.96862745
v 2.11131358 -52.73094940 50.41423035 0.65882353 0.33333333 0.96862745
v 2.40899253 -52.80142593 50.33612061 0.65882353 0.33333333 0.96862745
v 3.66875434 -53.08765793 49.88869858 0.65882353 0.33333333 0.96862745
v 4.30772400 -53.11683273 49.63728333 0.65882353 0.33333333 0.96862745
v 5.27500010 -53.12488937 48.90549088 0.65882353 0.33333333 0.96862745
v 7.39019680 -56.26853943 45.30933380 0.65882353 0.33333333 0.96862745
v 7.40071630 -56.22408676 45.35051727 0.65882353 0.33333333 0.96862745
v 8.42258263 -54.74744797 46.50954819 0.65882353 0.33333333 0.96862745
v 6.92378950 -54.69058609 47.03225327 0.65882353 0.33333333 0.96862745
v 6.89740229 -54.66260910 47.06843185 0.65882353 0.33333333 0.96862745
v 6.88124561 -52.87255859 47.79650116 0.65882353 0.33333333 0.96862745
v 6.06206846 -52.99480057 48.29940414 0.65882353 0.33333333 0.96862745
v 6.33984613 -52.93570328 47.95724487 0.65882353 0.33333333 0.96862745
v 7.51864386 -52.68951416 47.65112686 0.65882353 0.33333333 0.96862745
v 8.33960819 -52.78063965 47.33194351 0.65882353 0.33333333 0.96862745
v 8.31924915 -52.44764709 47.35226059 0.65882353 0.33333333 0.96862745
v 8.43868637 -52.41120148 47.30416870 0.65882353 0.33333333 0.96862745
v 8.76962376 -52.24585342 47.17321777 0.65882353 0.33333333 0.96862745
v 10.42381096 -52.75671387 46.30487823 0.65882353 0.33333333 0.96862745
v 9.89999962 -51.67553711 46.67212296 0.65882353 0.33333333 0.96862745
v 10.17671490 -51.47287369 46.55578232 0.65882353 0.33333333 0.96862745
v 11.57830048 -50.56270981 45.52419662 0.65882353 0.33333333 0.96862745
v 11.30669689 -50.58402634 45.73151398 0.65882353 0.33333333 0.96862745
v 11.22078514 -50.67491150 45.79306793 0.65882353 0.33333333 0.96862745
v 11.48334122 -50.39173889 45.55227661 0.65882353 0.33333333 0.96862745
v 11.67503452 -50.17605209 45.28955460 0.65882353 0.33333333 0.96862745
v 2.15730858 -44.08056259 32.25621796 0.65882353 0.33333333 0.96862745
v 1.89210653 -43.51481628 32.19805145 0.65882353 0.33333333 0.96862745
v 1.72969210 -42.91185379 32.13606262 0.65882353 0.33333333 0.96862745
v 3.47499990 -45.39134216 32.39097977 0.65882353 0.33333333 0.96862745
v 4.04372740 -45.65515518 32.41810226 0.65882353 0.33333333 0.96862745
v 4.64986658 -45.81671906 32.43471146 0.65882353 0.33333333 0.96862745
v 5.27500010 -45.87112427 32.44030762 0.65882353 0.33333333 0.96862745
v 2.51724005 -44.59189987 32.30878830 0.65882353 0.33333333 0.96862745
v 2.96096468 -45.03329849 32.35416794 0.65882353 0.33333333 0.96862745
v 2.15730858 -44.33624268 34.74310684 0.65882353 0.33333333 0.96862745
v 1.89210653 -43.77049637 34.68494415 0.65882353 0.33333333 0.96862745
v 1.72969210 -43.16753387 34.62295151 0.65882353 0.33333333 0.96862745
v 3.47499990 -45.64702225 34.87787247 0.65882353 0.33333333 0.96862745
v 4.64986658 -46.07239914 34.92160416 0.65882353 0.33333333 0.96862745
v 4.04372740 -45.91083527 34.90499496 0.65882353 0.33333333 0.96862745
v 5.27500010 -46.12680435 34.92719650 0.65882353 0.33333333 0.96862745
v 2.51724005 -44.84757996 34.79568100 0.65882353 0.33333333 0.96862745
v 2.96096468 -45.28897858 34.84106064 0.65882353 0.33333333 0.96862745
v 1.67499995 -42.29000092 32.07212830 0.65882353 0.33333333 0.96862745
v 1.72969210 -41.66814423 32.00819397 0.65882353 0.33333333 0.96862745
v 1.89210653 -41.06518555 31.94620323 0.65882353 0.33333333 0.96862745
v 2.15730858 -40.49943924 31.88803864 0.65882353 0.33333333 0.96862745
v 2.51724005 -39.98809814 31.83546829 0.65882353 0.33333333 0.96862745
v 2.96096468 -39.54669952 31.79008675 0.65882353 0.33333333 0.96862745
v 3.47499990 -39.18865585 31.75327682 0.65882353 0.33333333 0.96862745
v 4.04372740 -38.92484665 31.72615433 0.65882353 0.33333333 0.96862745
v 4.64986658 -38.76328278 31.70954323 0.65882353 0.33333333 0.96862745
v 5.27500010 -38.70887756 31.70394897 0.65882353 0.33333333 0.96862745
v 1.67499995 -42.54568100 34.55901718 0.65882353 0.33333333 0.96862745
v 1.72969210 -41.92382431 34.49508667 0.65882353 0.33333333 0.96862745
v 1.89210653 -41.32086182 34.43309402 0.65882353 0.33333333 0.96862745
v 2.15730858 -40.75511932 34.37493134 0.65882353 0.33333333 0.96862745
v 2.51724005 -40.24377823 34.32235718 0.65882353 0.33333333 0.96862745
v 2.96096468 -39.80237961 34.27697754 0.65882353 0.33333333 0.96862745
v 3.47499990 -39.44433594 34.24016571 0.65882353 0.33333333 0.96862745
v 4.04372740 -39.18052292 34.21304321 0.65882353 0.33333333 0.96862745
v 4.64986658 -39.01896286 34.19643402 0.65882353 0.33333333 0.96862745
v 5.27500010 -38.96455765 34.19084167 0.65882353 0.33333333 0.96862745
v 5.90013361 -45.81671906 32.43471146 0.65882353 0.33333333 0.96862745
v 6.50627232 -45.65515518 32.41810226 0.65882353 0.33333333 0.96862745
v 7.07499981 -45.39134216 32.39097977 0.65882353 0.33333333 0.96862745
v 8.03275967 -44.59189987 32.30878830 0.65882353 0.33333333 0.96862745
v 8.39269161 -44.08056259 32.25621796 0.65882353 0.33333333 0.96862745
v 8.65789318 -43.51481628 32.19805145 0.65882353 0.33333333 0.96862745
v 8.82030773 -42.91185379 32.13606262 0.65882353 0.33333333 0.96862745
v 7.58903551 -45.03329849 32.35416794 0.65882353 0.33333333 0.96862745
v 5.90013361 -46.07239914 34.92160416 0.65882353 0.33333333 0.96862745
v 6.50627232 -45.91083527 34.90499496 0.65882353 0.33333333 0.96862745
v 7.07499981 -45.64702225 34.87787247 0.65882353 0.33333333 0.96862745
v 7.58903551 -45.28897858 34.84106064 0.65882353 0.33333333 0.96862745
v 8.03275967 -44.84757996 34.79568100 0.65882353 0.33333333 0.96862745
v 8.39269161 -44.33624268 34.74310684 0.65882353 0.33333333 0.96862745
v 8.65789318 -43.77049637 34.68494415 0.65882353 0.33333333 0.96862745
v 8.82030773 -43.16753387 34.62295151 0.65882353 0.33333333 0.96862745
v 8.87500000 -42.29000092 32.07212830 0.65882353 0.33333333 0.96862745
v 8.82030773 -41.66814423 32.00819397 0.65882353 0.33333333 0.96862745
v 8.65789318 -41.06518555 31.94620323 0.65882353 0.33333333 0.96862745
v 8.39269161 -40.49943924 31.88803864 0.65882353 0.33333333 0.96862745
v 6.50627232 -38.92484665 31.72615433 0.65882353 0.33333333 0.96862745
v 7.07499981 -39.18865585 31.75327682 0.65882353 0.33333333 0.96862745
v 5.90013361 -38.76328278 31.70954323 0.65882353 0.33333333 0.96862745
v 7.58903551 -39.54669952 31.79008675 0.65882353 0.33333333 0.96862745
v 8.03275967 -39.98809814 31.83546829 0.65882353 0.33333333 0.96862745
v 8.87500000 -42.54568100 34.55901718 0.65882353 0.33333333 0.96862745
v 8.82030773 -41.92382431 34.49508667 0.65882353 0.33333333 0.96862745
v 8.03275967 -40.24377823 34.32235718 0.65882353 0.33333333 0.96862745
v 8.65789318 -41.32086182 34.43309402 0.65882353 0.33333333 0.96862745
v 8.39269161 -40.75511932 34.37493134 0.65882353 0.33333333 0.96862745
v 5.90013361 -39.01896286 34.19643402 0.65882353 0.33333333 0.96862745
v 6.50627232 -39.18052292 34.21304321 0.65882353 0.33333333 0.96862745
v 7.07499981 -39.44433594 34.24016571 0.65882353 0.33333333 0.96862745
v 7.58903551 -39.80237961 34.27697754 0.65882353 0.33333333 0.96862745
v -0.67078537 -35.49692154 33.83433151 0.65882353 0.33333333 0.96862745
v -0.67078537 -35.52760315 34.13275909 0.65882353 0.33333333 0.96862745
v 0.64999998 -34.57695007 33.73974609 0.65882353 0.33333333 0.96862745
v 0.64999998 -34.60763168 34.03817368 0.65882353 0.33333333 0.96862745
v 2.11131358 -33.89910126 33.67005920 0.65882353 0.33333333 0.96862745
v 2.11131358 -33.92978287 33.96848297 0.65882353 0.33333333 0.96862745
v 3.66875434 -33.48397446 33.62737656 0.65882353 0.33333333 0.96862745
v 3.66875434 -33.51465607 33.92580414 0.65882353 0.33333333 0.96862745
v 5.27500010 -33.34418106 33.61300659 0.65882353 0.33333333 0.96862745
v 5.27500010 -33.37486267 33.91143417 0.65882353 0.33333333 0.96862745
v 0.75715238 -28.00000000 30.60296249 0.65882353 0.33333333 0.96862745
v 1.53360951 -27.89831352 30.59250641 0.65882353 0.33333333 0.96862745
v 0.75715238 -28.28636169 33.38827896 0.65882353 0.33333333 0.96862745
v 1.53360951 -28.18467331 33.37782669 0.65882353 0.33333333 0.96862745
v 2.54375768 -27.62906456 30.56482506 0.65882353 0.33333333 0.96862745
v 2.80076170 -27.58398438 30.56019020 0.65882353 0.33333333 0.96862745
v 5.14451551 -27.38000870 30.53921890 0.65882353 0.33333333 0.96862745
v 5.40548468 -27.38000870 30.53921890 0.65882353 0.33333333 0.96862745
v 2.54375768 -27.91542435 33.35014343 0.65882353 0.33333333 0.96862745
v 2.80076170 -27.87034607 33.34550858 0.65882353 0.33333333 0.96862745
v 5.14451551 -27.66636848 33.32453918 0.65882353 0.33333333 0.96862745
v 5.40548468 -27.66636848 33.32453918 0.65882353 0.33333333 0.96862745
v 6.88124561 -33.48397446 33.62737656 0.65882353 0.33333333 0.96862745
v 6.88124561 -33.51465607 33.92580414 0.65882353 0.33333333 0.96862745
v 8.43868637 -33.89910126 33.67005920 0.65882353 0.33333333 0.96862745
v 8.43868637 -33.92978287 33.96848297 0.65882353 0.33333333 0.96862745
v 12.36091137 -36.63106918 33.95093155 0.65882353 0.33333333 0.96862745
v 11.22078514 -35.49692154 33.83433151 0.65882353 0.33333333 0.96862745
v 11.22078514 -35.52760315 34.13275909 0.65882353 0.33333333 0.96862745
v 11.68460369 -35.98899078 34.18019485 0.65882353 0.33333333 0.96862745
v 9.89999962 -34.57695007 33.73974609 0.65882353 0.33333333 0.96862745
v 9.89999962 -34.60763168 34.03817368 0.65882353 0.33333333 0.96862745
v 12.05952358 -36.37782669 34.37302017 0.65882353 0.33333333 0.96862745
v 12.36091137 -36.71277237 34.74562454 0.65882353 0.33333333 0.96862745
v 7.74923801 -27.58398438 30.56019020 0.65882353 0.33333333 0.96862745
v 8.00624275 -27.62906456 30.56482506 0.65882353 0.33333333 0.96862745
v 9.01639080 -27.89831352 30.59250641 0.65882353 0.33333333 0.96862745
v 7.74923801 -27.87034607 33.34550858 0.65882353 0.33333333 0.96862745
v 8.00624275 -27.91542435 33.35014343 0.65882353 0.33333333 0.96862745
v 9.01639080 -28.18467331 33.37782669 0.65882353 0.33333333 0.96862745
v 9.79284763 -28.00000000 30.60296249 0.65882353 0.33333333 0.96862745
v 9.79284763 -28.28636169 33.38827896 0.65882353 0.33333333 0.96862745
v 13.28573513 -47.14642715 35.03202438 0.65882353 0.33333333 0.96862745
v 13.96715641 -45.69277573 34.88257599 0.65882353 0.33333333 0.96862745
v 14.38447189 -44.14350128 34.72329330 0.65882353 0.33333333 0.96862745
v 13.28573513 -37.94493103 34.08601379 0.65882353 0.33333333 0.96862745
v 14.52499962 -42.54568100 34.55901718 0.65882353 0.33333333 0.96862745
v 14.38447189 -40.94785690 34.39474487 0.65882353 0.33333333 0.96862745
v 13.96715641 -39.39858246 34.23546219 0.65882353 0.33333333 0.96862745
v 13.28573513 -38.18062210 36.37850189 0.65882353 0.33333333 0.96862745
v 19.31503296 -47.51148987 32.60895157 0.65882353 0.33333333 0.96862745
v 19.40428925 -47.26754379 32.58387375 0.65882353 0.33333333 0.96862745
v 20.01321602 -45.00691986 32.35145569 0.65882353 0.33333333 0.96862745
v 20.05853271 -44.75126648 32.32517242 0.65882353 0.33333333 0.96862745
v 20.26358414 -42.41979980 32.08547211 0.65882353 0.33333333 0.96862745
v 20.26358414 -42.16019821 32.05878448 0.65882353 0.33333333 0.96862745
v 20.05853271 -39.82873535 31.81908226 0.65882353 0.33333333 0.96862745
v 20.01321602 -39.57307816 31.79279900 0.65882353 0.33333333 0.96862745
v 19.40428925 -37.75966644 35.91021729 0.65882353 0.33333333 0.96862745
v 13.23293304 -47.83507156 41.00827789 0.65882353 0.33333333 0.96862745
v 13.28573513 -47.76005936 41.00056458 0.65882353 0.33333333 0.96862745
v 13.96715641 -46.30640793 40.85111237 0.65882353 0.33333333 0.96862745
v 14.38447189 -44.75713348 40.69182968 0.65882353 0.33333333 0.96862745
v 14.52499962 -43.15930939 40.52755737 0.65882353 0.33333333 0.96862745
v 14.38447189 -41.53550339 40.11056900 0.65882353 0.33333333 0.96862745
v 14.39136887 -41.62311935 40.20803452 0.65882353 0.33333333 0.96862745
v 14.39677620 -41.70138550 40.37766647 0.65882353 0.33333333 0.96862745
v 13.96715641 -39.80464935 38.18511581 0.65882353 0.33333333 0.96862745
v 20.01321602 -45.87623215 40.80688858 0.65882353 0.33333333 0.96862745
v 20.05853271 -45.62057495 40.78060150 0.65882353 0.33333333 0.96862745
v 20.26358414 -43.28910828 40.54090118 0.65882353 0.33333333 0.96862745
v 20.26358414 -43.02951050 40.51421356 0.65882353 0.33333333 0.96862745
v 20.01321602 -40.28524399 38.71974182 0.65882353 0.33333333 0.96862745
v 20.05853271 -40.57086563 39.03747559 0.65882353 0.33333333 0.96862745
v 20.14136887 -41.62311935 40.20803452 0.65882353 0.33333333 0.96862745
v 20.14677620 -41.70138550 40.37766647 0.65882353 0.33333333 0.96862745
v 18.32073593 -35.23377609 34.10255051 0.65882353 0.33333333 0.96862745
v 18.19025230 -35.00895309 34.07943344 0.65882353 0.33333333 0.96862745
v 18.67475510 -35.98899078 34.18019485 0.65882353 0.33333333 0.96862745
v 17.31754303 -33.48277283 31.16664886 0.65882353 0.33333333 0.96862745
v 16.92183113 -32.69325638 31.08547974 0.65882353 0.33333333 0.96862745
v 18.32073593 -34.94741440 31.31723022 0.65882353 0.33333333 0.96862745
v 18.19025230 -34.72259521 31.29411697 0.65882353 0.33333333 0.96862745
v 17.31754303 -33.76913452 33.95196915 0.65882353 0.33333333 0.96862745
v 16.92183113 -32.97961807 33.87079620 0.65882353 0.33333333 0.96862745
v 18.84958458 -36.37782669 34.37302017 0.65882353 0.33333333 0.96862745
v 16.77499962 -31.77106476 30.99066734 0.65882353 0.33333333 0.96862745
v 16.77499962 -32.05742645 33.77598572 0.65882353 0.33333333 0.96862745
v 16.53889465 -28.00000000 30.60296249 0.65882353 0.33333333 0.96862745
v 16.77499962 -28.23486710 30.62710762 0.65882353 0.33333333 0.96862745
v 16.74271774 -28.03211212 30.60626411 0.65882353 0.33333333 0.96862745
v 16.77499962 -28.52122688 33.41242599 0.65882353 0.33333333 0.96862745
v 16.53889465 -28.28636169 33.38827896 0.65882353 0.33333333 0.96862745
v 16.74271774 -28.31847382 33.39158249 0.65882353 0.33333333 0.96862745
v 19.40428925 -37.31245422 31.56038284 0.65882353 0.33333333 0.96862745
v 19.31503296 -37.06851196 31.53530312 0.65882353 0.33333333 0.96862745
v 19.31503296 -37.48712921 35.60704041 0.65882353 0.33333333 0.96862745
f 2 42 5
f 1 2 5
f 1 45 3
f 1 3 4
f 3 45 23
f 23 45 46
f 3 21 4
f 3 23 21
f 1 4 2
f 22 23 46
f 22 46 24
f 5 11 7
f 1 5 6
f 5 7 6
f 1 6 53
f 6 7 59
f 7 11 9
f 8 59 9
f 8 533 59
f 8 9 536
f 10 542 11
f 11 542 586
f 10 543 542
f 9 11 535
f 7 9 59
f 11 586 535
f 11 42 12
f 10 12 39
f 10 39 13
f 12 42 40
f 12 40 39
f 13 39 41
f 13 41 745
f 13 745 649
f 5 42 11
f 10 11 12
f 10 13 543
f 13 649 543
f 14 15 40
f 25 426 424
f 25 158 426
f 16 30 425
f 26 424 30
f 30 424 425
f 15 17 41
f 15 422 17
f 14 16 425
f 14 422 15
f 17 18 41
f 17 431 18
f 18 432 742
f 4 27 25
f 21 28 27
f 21 29 28
f 2 4 19
f 2 30 20
f 4 25 19
f 2 20 42
f 16 20 30
f 2 26 30
f 19 25 26
f 15 41 40
f 16 42 20
f 14 40 42
f 14 42 16
f 2 19 26
f 4 21 27
f 21 22 29
f 22 31 29
f 24 32 31
f 21 23 22
f 24 85 86
f 22 24 31
f 24 86 32
f 34 86 87
f 25 27 201
f 27 28 201
f 25 202 158
f 25 201 202
f 29 203 201
f 25 424 26
f 28 29 201
f 29 31 204
f 29 205 203
f 32 86 33
f 33 86 34
f 31 32 206
f 32 33 207
f 33 34 445
f 34 35 447
f 34 87 35
f 35 90 36
f 36 90 37
f 35 36 449
f 39 40 41
f 18 745 41
f 1 53 45
f 44 45 53
f 44 47 45
f 45 47 46
f 24 47 48
f 44 48 47
f 48 75 49
f 24 46 47
f 24 48 85
f 49 86 85
f 48 49 85
f 49 75 86
f 6 59 56
f 52 56 60
f 50 63 53
f 50 53 60
f 51 54 63
f 6 52 53
f 44 53 54
f 6 56 52
f 52 60 53
f 44 54 51
f 44 55 48
f 44 51 55
f 48 55 64
f 53 63 54
f 56 58 60
f 56 59 58
f 57 58 59
f 58 822 61
f 58 61 60
f 60 61 65
f 60 65 63
f 50 60 63
f 61 830 65
f 48 62 77
f 48 64 62
f 51 64 55
f 62 71 77
f 71 72 77
f 63 65 66
f 51 63 64
f 63 66 64
f 64 66 69
f 64 69 71
f 65 67 66
f 66 68 69
f 69 70 73
f 68 854 69
f 69 850 70
f 70 851 73
f 62 64 71
f 69 73 71
f 71 73 72
f 72 73 74
f 73 860 74
f 74 861 83
f 48 77 75
f 75 78 88
f 76 88 78
f 76 80 90
f 80 81 91
f 81 82 91
f 75 77 78
f 76 78 80
f 72 78 77
f 72 79 78
f 74 80 79
f 78 79 80
f 74 83 80
f 80 83 885
f 80 885 81
f 81 885 884
f 72 74 79
f 81 884 82
f 82 891 84
f 82 884 891
f 75 87 86
f 75 88 87
f 76 89 88
f 35 87 88
f 35 88 89
f 35 89 90
f 37 90 91
f 37 91 38
f 76 90 89
f 80 91 90
f 82 966 91
f 82 84 966
f 84 894 966
f 43 91 966
f 38 91 43
f 43 966 766
f 96 98 104
f 99 104 105
f 94 97 95
f 95 97 98
f 95 98 96
f 96 104 99
f 99 105 100
f 94 95 120
f 94 118 97
f 97 117 98
f 95 96 121
f 98 119 104
f 96 99 123
f 99 100 116
f 103 105 130
f 102 103 124
f 101 102 125
f 101 126 230
f 104 122 105
f 108 327 109
f 109 328 110
f 100 106 132
f 106 107 133
f 107 108 134
f 108 109 137
f 92 109 110
f 93 110 111
f 106 245 107
f 100 245 106
f 100 105 256
f 107 327 108
f 107 245 247
f 107 247 327
f 109 327 328
f 113 114 166
f 114 115 165
f 112 113 167
f 112 168 248
f 97 118 117
f 94 120 118
f 98 117 119
f 95 121 120
f 96 123 121
f 104 119 122
f 99 116 123
f 117 118 120
f 117 120 119
f 119 121 122
f 119 120 121
f 121 123 122
f 122 123 130
f 116 130 123
f 102 124 125
f 103 130 124
f 101 125 126
f 126 127 230
f 124 280 125
f 116 280 130
f 124 130 280
f 105 122 130
f 116 132 280
f 133 134 280
f 132 133 280
f 137 144 280
f 128 131 129
f 128 144 131
f 129 131 274
f 131 285 274
f 100 132 116
f 106 133 132
f 107 134 133
f 108 137 134
f 92 137 109
f 92 110 93
f 92 143 137
f 137 143 144
f 93 146 142
f 135 136 146
f 92 142 143
f 135 139 136
f 92 93 142
f 93 153 139
f 138 139 153
f 93 135 146
f 93 139 135
f 136 139 140
f 138 140 139
f 138 189 140
f 136 140 141
f 140 192 141
f 113 196 114
f 134 137 280
f 112 248 151
f 112 148 113
f 112 151 152
f 114 197 115
f 115 200 163
f 136 145 142
f 143 145 144
f 142 145 143
f 136 142 146
f 136 147 145
f 113 195 196
f 145 147 149
f 147 148 149
f 136 141 147
f 147 195 148
f 131 144 145
f 112 152 150
f 112 150 148
f 131 145 149
f 113 148 195
f 149 150 152
f 148 150 149
f 131 149 285
f 149 151 285
f 151 286 285
f 149 152 151
f 115 197 199
f 115 199 198
f 114 196 197
f 115 198 200
f 163 200 217
f 141 199 147
f 176 422 179
f 178 179 425
f 93 111 153
f 153 159 154
f 154 160 155
f 155 161 156
f 157 202 190
f 189 190 202
f 189 202 191
f 187 194 424
f 178 424 194
f 187 424 188
f 178 425 424
f 191 202 201
f 157 188 158
f 188 424 426
f 158 188 426
f 157 158 202
f 110 329 111
f 111 331 159
f 159 335 160
f 160 335 161
f 111 159 153
f 154 159 160
f 162 169 194
f 155 160 161
f 156 161 162
f 162 194 187
f 162 187 188
f 110 328 329
f 111 329 330
f 111 330 331
f 159 331 332
f 159 332 335
f 161 335 333
f 161 333 334
f 161 334 352
f 115 163 164
f 115 164 165
f 114 165 166
f 113 166 167
f 112 167 168
f 168 185 248
f 185 186 233
f 172 173 182
f 173 174 183
f 174 175 184
f 169 170 178
f 170 179 178
f 170 171 176
f 171 172 177
f 171 177 176
f 172 180 177
f 170 176 179
f 169 178 194
f 177 180 422
f 176 177 422
f 172 182 180
f 173 181 182
f 173 183 181
f 174 184 183
f 157 162 188
f 156 162 157
f 138 153 154
f 138 154 155
f 138 155 190
f 138 190 189
f 140 189 191
f 140 191 192
f 141 192 193
f 141 193 209
f 155 156 190
f 156 157 190
f 163 217 164
f 164 210 165
f 165 212 166
f 166 216 167
f 167 219 168
f 164 217 210
f 165 210 211
f 165 211 212
f 166 212 214
f 166 214 215
f 166 215 216
f 167 216 218
f 167 218 219
f 168 219 220
f 168 222 185
f 185 224 186
f 186 227 367
f 186 224 225
f 186 225 226
f 186 226 227
f 227 419 367
f 141 208 200
f 147 196 195
f 147 197 196
f 147 199 197
f 141 198 199
f 141 200 198
f 191 203 192
f 192 205 193
f 191 201 203
f 192 203 205
f 193 205 204
f 193 204 206
f 206 207 213
f 207 445 213
f 216 445 446
f 218 446 447
f 218 447 448
f 221 448 449
f 141 209 208
f 200 208 217
f 208 210 217
f 208 211 210
f 208 213 211
f 211 213 212
f 212 213 214
f 213 215 214
f 193 206 209
f 206 208 209
f 206 213 208
f 213 445 215
f 215 445 216
f 216 446 218
f 218 448 219
f 219 448 220
f 220 448 221
f 221 450 222
f 222 450 223
f 223 452 224
f 224 452 225
f 168 220 221
f 168 221 222
f 185 222 223
f 185 223 224
f 225 228 226
f 225 453 228
f 226 228 227
f 127 231 230
f 231 264 232
f 232 265 237
f 237 266 238
f 237 265 266
f 238 266 267
f 233 234 271
f 234 235 272
f 235 236 273
f 240 277 289
f 101 230 400
f 230 231 400
f 231 232 400
f 232 237 400
f 238 267 239
f 239 278 240
f 239 267 279
f 240 278 277
f 239 279 278
f 241 290 242
f 242 289 277
f 242 277 284
f 243 244 284
f 236 243 281
f 243 284 282
f 242 260 317
f 242 284 260
f 100 255 246
f 100 256 255
f 105 257 256
f 103 400 105
f 105 258 257
f 100 246 245
f 247 249 327
f 249 336 327
f 246 255 250
f 250 255 251
f 245 252 247
f 247 252 249
f 245 253 252
f 245 246 253
f 246 250 253
f 233 275 248
f 234 253 235
f 235 253 236
f 234 252 253
f 236 253 250
f 236 250 251
f 234 337 336
f 185 233 248
f 186 234 233
f 234 249 252
f 234 336 249
f 102 400 103
f 101 400 102
f 254 359 309
f 251 255 256
f 251 256 261
f 256 257 261
f 257 262 261
f 257 258 262
f 258 259 263
f 258 263 262
f 105 400 258
f 259 347 358
f 259 358 263
f 309 359 360
f 309 360 361
f 309 361 362
f 236 251 243
f 243 262 244
f 243 251 261
f 243 261 262
f 244 254 260
f 254 317 260
f 244 263 254
f 244 260 284
f 244 262 263
f 254 263 358
f 254 358 359
f 127 264 231
f 232 264 265
f 125 280 126
f 126 280 127
f 127 280 264
f 264 280 265
f 265 280 266
f 266 280 267
f 233 270 276
f 233 271 270
f 128 280 144
f 129 268 280
f 128 129 280
f 129 274 268
f 268 274 269
f 233 276 275
f 269 274 270
f 270 274 276
f 269 270 271
f 234 272 271
f 235 273 272
f 268 269 280
f 269 271 280
f 271 272 280
f 272 273 280
f 274 275 276
f 274 285 288
f 274 288 275
f 278 279 284
f 277 278 284
f 267 280 279
f 279 280 282
f 279 282 284
f 236 281 273
f 243 282 281
f 273 281 280
f 280 283 282
f 280 281 283
f 281 282 283
f 248 275 288
f 248 288 287
f 248 287 286
f 151 248 286
f 285 287 288
f 285 286 287
f 291 293 295
f 242 290 289
f 241 298 290
f 290 298 291
f 291 292 293
f 293 294 295
f 291 298 292
f 294 296 295
f 294 297 296
f 237 238 400
f 238 239 400
f 239 240 400
f 296 297 299
f 240 289 400
f 289 290 400
f 297 301 299
f 241 317 298
f 241 242 317
f 292 298 310
f 298 317 318
f 298 318 310
f 299 301 300
f 300 302 303
f 295 296 320
f 296 299 319
f 299 300 319
f 300 301 302
f 303 304 305
f 303 306 304
f 304 307 305
f 300 303 319
f 303 305 319
f 305 308 319
f 302 306 303
f 302 308 306
f 304 306 307
f 305 307 308
f 306 308 307
f 302 323 308
f 292 310 312
f 292 312 314
f 292 314 316
f 309 310 318
f 309 311 310
f 310 311 312
f 311 314 312
f 290 291 400
f 291 295 400
f 292 404 293
f 293 404 294
f 292 316 385
f 311 313 314
f 313 316 314
f 313 315 316
f 315 385 316
f 315 384 385
f 292 385 413
f 254 309 317
f 309 318 317
f 295 320 321
f 295 321 322
f 294 404 297
f 297 404 301
f 301 404 302
f 296 319 320
f 302 324 323
f 308 323 319
f 295 322 396
f 295 397 400
f 292 405 404
f 295 396 397
f 319 323 320
f 320 324 321
f 321 325 322
f 302 404 324
f 320 323 324
f 321 324 325
f 322 325 326
f 324 398 325
f 327 336 328
f 328 336 337
f 328 337 329
f 329 337 338
f 329 338 330
f 330 339 331
f 330 338 339
f 331 339 340
f 331 340 341
f 331 341 332
f 332 342 335
f 332 341 342
f 161 412 162
f 162 412 169
f 161 352 412
f 333 335 343
f 335 342 343
f 333 343 344
f 333 344 334
f 334 345 352
f 334 344 345
f 345 346 352
f 186 337 234
f 186 338 337
f 186 339 338
f 186 340 339
f 340 367 341
f 341 367 342
f 347 348 359
f 348 349 360
f 347 359 358
f 348 360 359
f 349 350 361
f 350 351 362
f 349 361 360
f 350 362 361
f 351 366 362
f 355 363 357
f 355 365 363
f 346 353 352
f 353 364 354
f 346 364 353
f 354 364 365
f 354 365 355
f 352 353 412
f 356 357 366
f 351 356 366
f 357 363 366
f 311 375 372
f 309 362 374
f 363 374 366
f 309 374 375
f 362 366 374
f 169 412 170
f 170 412 171
f 171 412 172
f 172 412 173
f 173 412 174
f 174 412 175
f 186 367 340
f 342 368 343
f 342 367 368
f 343 369 344
f 344 369 345
f 345 370 346
f 343 368 369
f 345 369 370
f 346 370 364
f 363 365 374
f 364 374 365
f 364 370 371
f 364 371 374
f 372 373 410
f 374 377 375
f 374 376 377
f 372 375 373
f 373 375 377
f 368 414 369
f 367 419 368
f 369 417 370
f 370 416 371
f 368 419 420
f 368 420 414
f 369 418 417
f 371 415 421
f 370 417 416
f 371 416 415
f 369 414 418
f 371 421 374
f 376 381 378
f 374 383 376
f 374 421 383
f 378 381 379
f 379 381 380
f 376 382 381
f 376 383 382
f 258 400 259
f 259 400 347
f 347 400 348
f 348 400 349
f 349 400 350
f 350 401 351
f 309 375 311
f 311 372 313
f 313 409 315
f 384 388 385
f 384 386 388
f 315 407 384
f 384 394 386
f 386 392 387
f 389 390 391
f 386 389 388
f 386 387 389
f 387 390 389
f 351 402 356
f 353 354 412
f 354 355 412
f 356 412 357
f 355 357 412
f 313 372 409
f 315 409 407
f 387 392 390
f 384 407 394
f 386 394 392
f 390 393 391
f 390 392 393
f 392 394 393
f 393 394 395
f 292 413 405
f 385 388 413
f 322 326 396
f 396 398 397
f 397 399 400
f 326 398 396
f 325 398 326
f 324 399 398
f 324 403 399
f 397 398 399
f 324 404 403
f 350 400 401
f 351 401 402
f 356 402 412
f 388 389 413
f 389 391 413
f 391 393 413
f 400 403 401
f 401 404 402
f 399 403 400
f 401 403 404
f 402 404 405
f 394 408 395
f 406 408 407
f 394 407 408
f 406 409 411
f 406 407 409
f 409 410 411
f 372 410 409
f 402 405 412
f 405 413 412
f 179 422 425
f 180 423 422
f 423 428 431
f 14 425 422
f 17 422 423
f 17 423 431
f 175 427 184
f 175 429 427
f 175 428 429
f 180 182 423
f 181 423 182
f 181 183 423
f 183 184 423
f 184 427 423
f 423 427 429
f 175 430 428
f 175 433 430
f 423 429 428
f 428 430 431
f 430 432 431
f 432 1085 1068
f 18 431 432
f 432 1068 742
f 430 433 438
f 430 438 432
f 433 439 438
f 434 440 439
f 434 437 440
f 433 434 439
f 435 436 441
f 435 443 437
f 436 1077 442
f 432 438 439
f 432 440 443
f 432 439 440
f 432 442 1083
f 432 443 441
f 432 441 442
f 432 1083 1084
f 437 443 440
f 435 441 443
f 436 442 441
f 444 469 1091
f 444 472 470
f 444 468 469
f 444 470 468
f 29 204 205
f 31 206 204
f 32 207 206
f 33 445 207
f 34 446 445
f 34 447 446
f 35 448 447
f 35 449 448
f 37 451 450
f 37 450 449
f 37 452 451
f 36 37 449
f 37 38 452
f 221 449 450
f 223 450 451
f 223 451 452
f 225 452 453
f 453 458 457
f 452 458 453
f 229 453 456
f 228 453 229
f 453 457 456
f 454 456 457
f 454 457 455
f 454 458 456
f 229 456 458
f 228 229 459
f 454 455 458
f 455 457 458
f 229 458 459
f 227 228 470
f 227 470 419
f 452 459 458
f 452 460 459
f 228 459 467
f 38 43 452
f 43 461 452
f 43 766 1189
f 43 1189 461
f 452 461 460
f 460 461 462
f 459 460 466
f 228 467 470
f 460 462 466
f 462 464 463
f 462 463 466
f 461 464 462
f 461 466 464
f 461 469 466
f 461 1192 1191
f 461 1191 469
f 463 464 465
f 463 465 466
f 464 466 465
f 459 466 468
f 459 468 467
f 466 469 468
f 467 468 470
f 175 412 433
f 373 377 482
f 376 479 377
f 376 378 479
f 378 379 479
f 379 380 480
f 380 381 481
f 381 382 481
f 383 421 485
f 382 383 484
f 406 1296 408
f 393 395 1298
f 395 408 1298
f 410 489 411
f 373 489 410
f 406 411 487
f 393 1305 413
f 412 413 1303
f 373 478 489
f 373 482 478
f 433 1303 434
f 434 1303 437
f 471 472 477
f 471 476 473
f 444 474 472
f 444 1091 486
f 473 476 475
f 471 477 476
f 472 474 477
f 444 486 474
f 475 476 485
f 476 482 479
f 476 477 482
f 474 478 477
f 474 489 478
f 477 478 482
f 377 479 482
f 379 480 479
f 380 481 480
f 382 483 481
f 382 484 483
f 383 485 484
f 471 490 472
f 471 473 491
f 473 475 494
f 470 472 495
f 472 490 495
f 471 491 490
f 473 494 492
f 475 485 494
f 473 492 491
f 476 479 484
f 476 484 485
f 479 480 483
f 480 481 483
f 479 483 484
f 412 1303 433
f 406 487 1294
f 406 1294 1296
f 408 1296 1298
f 393 1298 1300
f 393 1300 1302
f 411 489 488
f 411 488 487
f 393 1306 1305
f 393 1314 1306
f 413 1305 1303
f 486 487 488
f 486 1293 487
f 474 486 489
f 486 488 489
f 393 1302 1332
f 393 1330 1314
f 393 1331 1330
f 393 1332 1331
f 414 420 495
f 414 491 418
f 416 417 494
f 415 416 493
f 417 418 492
f 419 495 420
f 415 485 421
f 414 495 490
f 414 490 491
f 418 491 492
f 415 493 485
f 416 494 493
f 417 492 494
f 419 470 495
f 485 493 494
f 497 498 511
f 503 516 507
f 498 503 511
f 503 507 511
f 507 516 515
f 521 522 523
f 496 776 499
f 496 497 783
f 497 511 769
f 500 774 501
f 501 773 502
f 499 775 500
f 511 527 769
f 516 517 795
f 515 516 796
f 517 518 799
f 518 519 797
f 519 520 798
f 520 521 792
f 521 523 792
f 515 796 527
f 496 499 538
f 496 540 497
f 497 534 498
f 499 500 541
f 500 501 825
f 501 502 827
f 528 529 621
f 498 586 503
f 503 542 543
f 503 543 649
f 528 575 559
f 528 554 575
f 528 555 554
f 528 654 555
f 528 657 654
f 502 530 828
f 528 531 529
f 496 538 537
f 496 537 540
f 498 534 536
f 498 536 535
f 498 535 586
f 497 540 534
f 499 539 538
f 500 825 541
f 501 824 825
f 501 826 824
f 501 827 826
f 502 828 827
f 499 541 539
f 9 535 536
f 8 536 534
f 8 537 533
f 8 534 540
f 8 540 537
f 533 538 539
f 533 537 538
f 533 539 541
f 533 541 825
f 503 586 542
f 545 560 570
f 544 545 570
f 544 570 552
f 544 552 636
f 544 548 545
f 544 637 548
f 545 548 546
f 545 547 560
f 545 546 547
f 548 639 549
f 546 548 549
f 528 565 568
f 528 559 565
f 552 553 651
f 551 553 552
f 551 575 554
f 551 554 553
f 553 554 555
f 553 555 650
f 558 560 561
f 558 559 575
f 559 561 565
f 558 561 559
f 560 562 561
f 547 562 560
f 561 562 563
f 561 563 565
f 563 568 565
f 563 593 568
f 551 552 570
f 551 570 558
f 558 570 560
f 551 558 575
f 546 588 587
f 546 587 547
f 547 587 590
f 587 604 590
f 587 589 604
f 546 549 588
f 549 693 588
f 587 588 589
f 588 695 589
f 589 608 604
f 589 697 608
f 528 912 532
f 547 590 562
f 562 590 591
f 562 591 563
f 590 596 591
f 563 591 593
f 591 595 593
f 591 596 595
f 595 596 614
f 590 604 596
f 596 604 605
f 604 608 605
f 605 606 615
f 605 611 606
f 608 609 611
f 608 697 707
f 608 610 609
f 608 707 610
f 605 608 611
f 596 605 614
f 605 616 614
f 605 615 616
f 614 616 617
f 530 532 838
f 530 832 828
f 530 834 832
f 530 837 834
f 530 838 837
f 532 839 838
f 503 625 516
f 528 621 622
f 503 649 625
f 528 622 657
f 622 661 657
f 622 676 661
f 622 679 676
f 517 626 518
f 518 623 519
f 516 624 517
f 519 627 520
f 519 623 627
f 520 629 521
f 521 630 522
f 520 627 628
f 520 628 629
f 522 631 523
f 516 625 624
f 517 624 626
f 518 626 623
f 625 649 745
f 624 625 745
f 624 745 626
f 627 746 628
f 623 626 746
f 623 746 627
f 521 629 630
f 628 746 629
f 522 630 631
f 523 631 632
f 621 633 622
f 523 632 635
f 634 635 741
f 632 739 635
f 635 739 740
f 544 636 637
f 636 638 637
f 548 637 639
f 637 643 639
f 636 652 638
f 638 652 672
f 637 638 643
f 638 646 643
f 549 639 641
f 549 641 693
f 639 644 641
f 641 644 693
f 639 643 644
f 643 646 647
f 643 647 644
f 638 672 646
f 646 672 683
f 646 683 648
f 646 648 647
f 552 651 636
f 636 651 652
f 553 650 651
f 650 653 651
f 651 653 652
f 652 653 660
f 555 654 650
f 650 654 657
f 650 657 653
f 653 661 660
f 653 657 661
f 660 661 676
f 652 660 672
f 660 674 672
f 672 674 683
f 674 684 683
f 660 676 674
f 674 676 679
f 674 679 684
f 679 689 684
f 683 684 685
f 648 683 685
f 684 686 685
f 684 689 686
f 686 689 692
f 686 692 729
f 622 689 679
f 622 692 689
f 622 729 692
f 588 693 695
f 693 696 695
f 644 696 693
f 644 647 696
f 647 699 696
f 695 696 698
f 696 699 698
f 589 695 697
f 695 698 697
f 697 698 710
f 698 731 710
f 647 648 699
f 648 723 699
f 698 699 731
f 699 723 731
f 697 706 707
f 697 708 706
f 697 710 708
f 708 710 711
f 710 712 711
f 710 713 712
f 710 714 713
f 710 732 714
f 723 733 731
f 648 685 723
f 685 724 723
f 685 686 724
f 723 724 733
f 686 729 724
f 724 730 733
f 724 729 730
f 731 733 732
f 710 731 732
f 714 732 736
f 732 733 735
f 732 737 736
f 732 735 737
f 735 738 737
f 730 735 733
f 622 634 947
f 635 740 741
f 634 741 967
f 634 967 882
f 530 803 532
f 528 532 802
f 528 802 531
f 502 770 530
f 530 801 803
f 532 803 802
f 531 802 804
f 531 804 633
f 622 805 634
f 622 633 804
f 634 807 635
f 622 804 805
f 523 635 821
f 634 805 807
f 18 742 746
f 742 743 746
f 742 1068 743
f 743 1071 744
f 744 1071 756
f 756 1071 757
f 626 745 746
f 629 746 630
f 630 746 747
f 630 747 631
f 631 747 632
f 739 747 748
f 632 747 739
f 18 746 745
f 743 747 746
f 743 748 747
f 744 749 748
f 739 748 749
f 749 759 751
f 751 759 753
f 765 965 964
f 739 749 740
f 740 749 741
f 741 751 750
f 741 750 752
f 741 749 751
f 750 751 753
f 750 753 752
f 741 752 967
f 755 964 967
f 752 755 967
f 752 753 754
f 753 760 754
f 752 754 755
f 743 744 748
f 744 756 749
f 749 756 757
f 749 757 758
f 749 758 759
f 757 1074 758
f 758 1074 759
f 759 1179 760
f 760 1179 761
f 753 759 760
f 754 760 761
f 755 764 763
f 755 763 765
f 766 962 767
f 755 765 964
f 765 767 965
f 754 764 755
f 754 761 762
f 754 762 764
f 497 769 782
f 502 772 770
f 502 773 772
f 501 774 773
f 500 775 774
f 499 776 775
f 496 783 776
f 497 782 783
f 527 785 769
f 527 796 785
f 516 795 796
f 517 799 795
f 520 792 798
f 519 798 797
f 518 797 799
f 770 772 771
f 782 791 783
f 785 793 791
f 783 791 793
f 785 794 793
f 785 796 794
f 530 808 801
f 530 770 808
f 808 809 801
f 635 807 820
f 523 821 792
f 635 820 821
f 773 774 810
f 774 775 811
f 774 811 810
f 775 812 811
f 775 776 812
f 776 783 813
f 776 813 812
f 783 814 813
f 783 793 814
f 808 1017 809
f 770 771 1021
f 770 1021 808
f 771 772 1022
f 772 773 1023
f 773 810 1024
f 793 815 814
f 793 794 815
f 794 796 816
f 794 816 815
f 795 818 796
f 796 818 816
f 795 817 818
f 795 799 819
f 795 819 817
f 799 1006 819
f 821 820 1001
f 792 1062 798
f 792 821 1056
f 797 798 1061
f 797 1063 799
f 57 59 823
f 59 533 823
f 57 823 58
f 58 823 822
f 822 829 830
f 533 825 823
f 823 825 824
f 823 824 826
f 823 826 827
f 823 827 833
f 827 828 833
f 822 823 829
f 823 833 829
f 829 833 835
f 61 822 830
f 65 830 841
f 830 843 841
f 829 831 830
f 829 835 831
f 830 831 843
f 831 835 843
f 835 864 843
f 528 568 916
f 568 593 916
f 593 595 916
f 595 614 916
f 609 610 913
f 610 707 913
f 609 914 611
f 606 611 914
f 615 915 616
f 606 915 615
f 616 915 617
f 614 617 916
f 828 832 833
f 832 834 833
f 833 834 836
f 532 840 839
f 833 836 835
f 834 837 836
f 836 837 838
f 836 838 839
f 835 836 864
f 836 840 864
f 836 839 840
f 532 922 840
f 65 841 844
f 65 844 67
f 66 67 844
f 66 844 842
f 66 856 68
f 66 842 856
f 841 843 844
f 843 864 844
f 842 844 857
f 844 855 857
f 844 845 858
f 844 858 855
f 844 868 845
f 844 869 868
f 68 856 854
f 69 854 853
f 69 853 847
f 69 847 846
f 69 846 850
f 73 851 852
f 70 850 851
f 846 849 850
f 846 847 848
f 846 848 849
f 842 857 856
f 855 907 857
f 845 907 858
f 855 858 907
f 845 868 908
f 528 916 912
f 73 852 859
f 73 859 860
f 74 860 861
f 83 861 886
f 606 914 915
f 609 913 914
f 617 915 916
f 864 867 869
f 840 865 864
f 864 865 867
f 840 866 865
f 865 866 867
f 844 864 869
f 867 870 869
f 868 869 871
f 869 870 871
f 866 917 867
f 868 871 908
f 867 917 870
f 870 917 871
f 840 922 866
f 532 912 922
f 622 934 729
f 706 929 707
f 706 708 930
f 708 711 930
f 711 712 930
f 712 713 931
f 713 714 931
f 714 736 932
f 736 737 932
f 737 738 933
f 729 934 730
f 730 934 735
f 735 934 738
f 882 967 883
f 634 882 947
f 622 947 934
f 83 886 885
f 884 935 891
f 707 929 913
f 706 930 929
f 712 931 930
f 714 932 931
f 737 933 932
f 738 934 933
f 84 893 894
f 84 891 892
f 84 892 893
f 890 895 894
f 889 895 890
f 890 894 893
f 873 895 889
f 873 889 896
f 873 896 875
f 879 942 880
f 889 890 938
f 892 937 893
f 891 936 892
f 890 893 937
f 889 939 896
f 874 875 939
f 874 940 876
f 876 940 877
f 878 941 879
f 877 941 878
f 875 896 939
f 882 883 948
f 880 948 881
f 881 948 883
f 847 902 848
f 847 853 902
f 848 902 849
f 849 903 850
f 850 903 851
f 851 904 852
f 853 905 902
f 849 902 903
f 851 903 904
f 853 854 905
f 854 856 906
f 856 857 906
f 854 906 905
f 857 907 906
f 845 908 907
f 852 904 911
f 903 912 904
f 905 906 922
f 906 907 922
f 902 922 903
f 902 905 922
f 852 911 859
f 859 911 860
f 860 911 861
f 904 912 911
f 861 911 935
f 911 914 913
f 911 912 916
f 903 922 912
f 911 915 914
f 911 916 915
f 871 917 908
f 866 922 917
f 907 908 922
f 908 917 922
f 885 886 935
f 861 935 886
f 884 885 935
f 911 913 935
f 913 929 935
f 929 930 935
f 930 931 935
f 931 932 935
f 932 933 935
f 933 934 935
f 934 947 935
f 892 936 937
f 891 935 936
f 890 937 938
f 889 938 939
f 874 939 940
f 877 940 941
f 879 941 942
f 935 948 936
f 936 948 937
f 935 947 948
f 937 948 938
f 938 948 939
f 939 948 940
f 940 942 941
f 940 948 942
f 882 948 947
f 880 942 948
f 881 964 965
f 894 895 966
f 873 962 895
f 874 962 875
f 873 875 962
f 874 876 962
f 895 961 966
f 895 962 961
f 878 963 962
f 878 879 965
f 880 881 965
f 879 880 965
f 876 877 962
f 877 878 962
f 878 965 963
f 766 966 961
f 766 961 962
f 767 962 963
f 767 963 965
f 883 967 964
f 881 883 964
f 1024 810 974
f 1017 968 809
f 771 1022 1021
f 808 1021 1017
f 772 1023 1022
f 773 1024 1023
f 799 1063 1006
f 821 1001 1055
f 792 1056 1062
f 821 1055 1056
f 798 1062 1061
f 797 1061 1063
f 1020 973 968
f 1017 1020 968
f 1024 974 975
f 1025 975 976
f 1026 976 977
f 1027 977 980
f 1024 975 1025
f 1025 976 1026
f 1026 977 1027
f 1017 1021 1023
f 1017 1023 1024
f 1017 1024 1025
f 1017 1032 1020
f 1017 1033 1032
f 1021 1022 1023
f 1017 1025 1026
f 1017 1026 1027
f 1017 1027 1033
f 1032 978 973
f 1020 1032 973
f 1032 1034 978
f 1027 980 1033
f 1034 983 978
f 1035 984 983
f 1036 985 984
f 1037 986 985
f 1034 1035 983
f 1035 1036 984
f 1036 1037 985
f 1033 980 1057
f 1037 1052 986
f 1032 1033 1034
f 1033 1035 1034
f 1033 1036 1035
f 1033 1037 1036
f 1033 1052 1037
f 1033 1053 1052
f 1048 991 998
f 1048 998 1054
f 1049 992 996
f 1050 993 994
f 1051 994 992
f 1052 995 986
f 1053 996 995
f 1057 980 1002
f 1049 1051 992
f 1050 1054 993
f 1050 994 1051
f 1052 1053 995
f 1049 996 1053
f 1054 998 993
f 1033 1057 1053
f 1049 1057 1051
f 1049 1053 1057
f 1050 1057 1054
f 1050 1051 1057
f 1055 1001 991
f 1048 1055 991
f 1057 1002 1003
f 1058 1003 1005
f 1060 1005 1004
f 1057 1003 1058
f 1058 1005 1060
f 1059 1060 1004
f 1059 1004 1006
f 1059 1006 1063
f 1048 1056 1055
f 1048 1062 1056
f 1048 1061 1062
f 1048 1063 1061
f 1048 1054 1058
f 1048 1058 1060
f 1048 1059 1063
f 1048 1060 1059
f 1054 1057 1058
f 1068 1085 1086
f 1068 1086 1069
f 1069 1086 1087
f 1069 1088 1089
f 1069 1087 1088
f 743 1068 1069
f 743 1069 1070
f 743 1070 1071
f 757 1071 1072
f 757 1072 1073
f 757 1073 1074
f 759 1074 1075
f 1069 1089 1070
f 1070 1089 1104
f 1070 1104 1105
f 1071 1105 1106
f 1070 1105 1071
f 1071 1107 1072
f 1071 1106 1107
f 1072 1107 1108
f 1072 1108 1073
f 1073 1108 1074
f 1074 1109 1075
f 1074 1108 1109
f 1075 1109 1110
f 1075 1110 1113
f 1075 1113 1114
f 1075 1114 1115
f 1075 1115 1076
f 1076 1120 1178
f 1120 1179 1178
f 1076 1115 1120
f 1120 1121 1179
f 1121 1122 1179
f 1077 1078 1084
f 1079 1227 1080
f 1080 1227 1081
f 442 1077 1083
f 1077 1084 1083
f 1078 1085 1084
f 1078 1079 1085
f 1079 1086 1085
f 1079 1087 1086
f 432 1084 1085
f 1079 1080 1087
f 1080 1081 1089
f 1080 1088 1087
f 1080 1089 1088
f 1081 1082 1105
f 1081 1104 1089
f 1081 1105 1104
f 1082 1106 1105
f 1082 1107 1106
f 436 1224 1077
f 435 437 1228
f 435 1228 436
f 1077 1225 1078
f 1078 1225 1079
f 436 1228 1229
f 436 1229 1224
f 1079 1225 1226
f 1077 1224 1225
f 1079 1226 1227
f 1081 1227 1259
f 1090 1093 1238
f 1093 1094 1234
f 1094 1236 1234
f 1094 1267 1236
f 1081 1261 1082
f 1082 1261 1095
f 1082 1095 1116
f 1082 1108 1107
f 1095 1096 1117
f 1096 1097 1124
f 1097 1098 1125
f 1098 1136 1149
f 1095 1263 1096
f 1096 1264 1097
f 1081 1260 1261
f 1081 1259 1260
f 1095 1261 1266
f 1095 1266 1262
f 1095 1262 1263
f 1096 1263 1264
f 1094 1099 1267
f 1099 1100 1268
f 1100 1101 1272
f 1090 1092 1194
f 1091 1191 1092
f 1090 1197 1093
f 1093 1199 1094
f 469 1191 1091
f 1093 1197 1198
f 1094 1199 1206
f 1093 1198 1199
f 1082 1116 1108
f 1095 1117 1116
f 1096 1124 1117
f 1108 1116 1109
f 1097 1125 1124
f 1098 1149 1125
f 1109 1116 1110
f 1110 1116 1112
f 1110 1111 1113
f 1110 1112 1111
f 1111 1112 1113
f 1112 1114 1113
f 1112 1116 1118
f 1116 1117 1118
f 1112 1118 1119
f 1117 1124 1118
f 1112 1119 1114
f 1114 1119 1115
f 1115 1119 1120
f 1118 1126 1119
f 1119 1121 1120
f 1119 1123 1121
f 1119 1128 1123
f 1121 1123 1122
f 1122 1123 1200
f 1118 1124 1126
f 1124 1127 1126
f 1124 1125 1129
f 1124 1129 1127
f 1126 1127 1128
f 1127 1129 1128
f 1119 1126 1128
f 1125 1130 1129
f 1125 1149 1130
f 1130 1149 1152
f 1129 1130 1131
f 1128 1129 1131
f 1130 1152 1131
f 1123 1128 1132
f 1128 1131 1132
f 1131 1133 1132
f 1094 1205 1099
f 1099 1208 1100
f 1100 1214 1101
f 1101 1218 1102
f 1102 1135 1103
f 1103 1135 1134
f 1100 1211 1212
f 1100 1212 1214
f 1094 1207 1205
f 1094 1206 1207
f 1099 1205 1208
f 1100 1208 1210
f 1100 1210 1211
f 1101 1214 1215
f 1101 1215 1218
f 1133 1175 1216
f 1102 1218 1217
f 1102 1217 1219
f 1102 1219 1220
f 1102 1220 1135
f 1135 1220 1175
f 1175 1220 1216
f 1139 1145 1140
f 1140 1144 1143
f 1140 1143 1141
f 1141 1143 1142
f 1136 1137 1150
f 1137 1138 1151
f 1138 1139 1153
f 1139 1140 1154
f 1143 1144 1158
f 1140 1141 1155
f 1141 1142 1157
f 1142 1143 1156
f 1140 1145 1144
f 1139 1146 1145
f 1144 1145 1164
f 1145 1146 1165
f 1146 1147 1166
f 1147 1148 1167
f 1148 1343 1177
f 1136 1150 1149
f 1137 1151 1150
f 1138 1153 1151
f 1139 1154 1153
f 1140 1155 1154
f 1141 1157 1155
f 1142 1156 1157
f 1143 1158 1156
f 1131 1152 1168
f 1131 1168 1169
f 1153 1154 1164
f 1154 1155 1156
f 1154 1156 1158
f 1155 1157 1156
f 1154 1158 1164
f 1153 1164 1165
f 1149 1150 1368
f 1149 1368 1152
f 1150 1151 1368
f 1103 1352 1353
f 1103 1171 1352
f 1103 1134 1174
f 1103 1174 1173
f 1103 1173 1171
f 1163 1352 1171
f 1162 1163 1172
f 1152 1368 1168
f 1159 1168 1368
f 1159 1368 1160
f 1144 1164 1158
f 1145 1165 1164
f 1146 1166 1165
f 1151 1153 1368
f 1147 1167 1166
f 1148 1177 1167
f 1153 1165 1368
f 1165 1166 1368
f 1159 1169 1168
f 1131 1169 1133
f 1159 1160 1169
f 1160 1170 1169
f 1169 1170 1175
f 1133 1169 1175
f 1160 1161 1170
f 1161 1162 1170
f 1170 1172 1175
f 1163 1171 1172
f 1172 1173 1174
f 1171 1173 1172
f 1162 1172 1170
f 1172 1174 1175
f 1134 1175 1174
f 1134 1135 1175
f 1176 1177 1343
f 759 1075 1076
f 759 1076 1178
f 759 1178 1179
f 761 1179 1180
f 761 1180 762
f 762 1181 764
f 763 764 1186
f 762 1180 1181
f 764 1181 1182
f 764 1182 1186
f 765 1185 1187
f 763 1186 1185
f 1181 1203 1182
f 1182 1203 1186
f 1185 1186 1203
f 1122 1180 1179
f 1180 1203 1181
f 766 767 1189
f 767 1188 1183
f 767 1183 1184
f 765 1187 767
f 763 1185 765
f 767 1187 1188
f 767 1190 1189
f 767 1184 1190
f 461 1189 1193
f 1189 1190 1194
f 1183 1196 1184
f 1184 1196 1190
f 1189 1194 1193
f 461 1193 1192
f 1190 1195 1194
f 1190 1196 1195
f 1185 1206 1187
f 1187 1206 1188
f 1183 1188 1198
f 1183 1198 1197
f 1188 1206 1199
f 1188 1199 1198
f 1183 1197 1196
f 1092 1192 1193
f 1092 1191 1192
f 1090 1195 1196
f 1090 1194 1195
f 1092 1193 1194
f 1090 1196 1197
f 1122 1200 1180
f 1180 1200 1201
f 1180 1201 1203
f 1123 1201 1200
f 1123 1202 1201
f 1185 1203 1204
f 1185 1204 1206
f 1201 1202 1203
f 1202 1204 1203
f 1202 1209 1204
f 1202 1213 1209
f 1204 1207 1206
f 1204 1209 1205
f 1204 1205 1207
f 1123 1132 1202
f 1132 1213 1202
f 1132 1133 1213
f 1208 1209 1210
f 1205 1209 1208
f 1209 1211 1210
f 1209 1212 1211
f 1209 1213 1212
f 1212 1213 1214
f 1213 1215 1214
f 1213 1218 1215
f 1133 1216 1213
f 1213 1216 1217
f 1213 1217 1218
f 1216 1219 1217
f 1216 1220 1219
f 437 1222 1221
f 437 1223 1222
f 437 1239 1223
f 437 1240 1239
f 437 1221 1228
f 1221 1230 1228
f 1221 1231 1230
f 1221 1222 1231
f 1222 1223 1232
f 1222 1232 1231
f 1223 1249 1232
f 1224 1233 1225
f 1224 1238 1233
f 1225 1233 1235
f 1225 1235 1226
f 1226 1234 1227
f 1227 1236 1259
f 1226 1235 1234
f 1227 1234 1236
f 1236 1267 1259
f 1228 1237 1229
f 1224 1229 1238
f 1229 1237 1238
f 1228 1230 1237
f 1090 1237 1230
f 1090 1295 1092
f 1090 1230 1231
f 1090 1231 1232
f 1090 1232 1249
f 1091 1092 1293
f 1090 1249 1295
f 1090 1238 1237
f 1093 1233 1238
f 1093 1235 1233
f 1093 1234 1235
f 437 1310 1240
f 1223 1239 1249
f 1239 1240 1250
f 1239 1250 1249
f 1240 1251 1250
f 1240 1241 1251
f 1241 1242 1252
f 1241 1252 1251
f 1242 1253 1252
f 1251 1252 1295
f 1252 1253 1297
f 1242 1243 1253
f 1243 1244 1254
f 1244 1245 1255
f 1245 1246 1256
f 1243 1254 1253
f 1244 1255 1254
f 1245 1256 1255
f 1253 1254 1297
f 1254 1255 1297
f 1246 1247 1257
f 1246 1257 1256
f 1247 1258 1257
f 1248 1289 1258
f 1247 1248 1258
f 1248 1281 1289
f 486 1091 1293
f 1092 1295 1293
f 1249 1250 1295
f 1250 1251 1295
f 1259 1267 1260
f 1260 1269 1261
f 1260 1267 1268
f 1260 1268 1269
f 1261 1269 1270
f 1261 1270 1266
f 1262 1266 1271
f 1262 1272 1263
f 1266 1270 1271
f 1262 1271 1272
f 1263 1272 1273
f 1263 1273 1264
f 1264 1274 1265
f 1264 1273 1274
f 1265 1274 1284
f 1097 1264 1265
f 1097 1265 1275
f 1097 1275 1276
f 1097 1329 1098
f 1098 1329 1136
f 1136 1329 1137
f 1137 1329 1138
f 1138 1329 1139
f 1100 1269 1268
f 1099 1268 1267
f 1100 1270 1269
f 1100 1271 1270
f 1100 1272 1271
f 1101 1273 1272
f 1101 1274 1273
f 1101 1284 1274
f 1101 1102 1323
f 1102 1103 1320
f 1265 1284 1275
f 1275 1285 1276
f 1275 1284 1285
f 1276 1285 1287
f 1278 1286 1283
f 1276 1287 1277
f 1277 1288 1278
f 1277 1287 1288
f 1278 1288 1286
f 1279 1289 1281
f 1279 1280 1290
f 1279 1290 1289
f 1280 1291 1290
f 1280 1292 1291
f 1291 1292 1315
f 1282 1283 1292
f 1280 1282 1292
f 1283 1286 1292
f 1286 1317 1292
f 1287 1317 1288
f 1286 1288 1317
f 1097 1276 1329
f 1101 1317 1284
f 1285 1317 1287
f 1284 1317 1285
f 1103 1319 1320
f 1101 1323 1317
f 1102 1320 1323
f 437 1303 1304
f 437 1304 1307
f 437 1307 1308
f 437 1308 1309
f 487 1293 1294
f 1293 1296 1294
f 1252 1297 1295
f 1293 1295 1296
f 1295 1298 1296
f 1295 1297 1298
f 437 1309 1310
f 1240 1310 1241
f 1241 1310 1242
f 1242 1310 1243
f 1243 1310 1244
f 1244 1328 1245
f 1245 1328 1246
f 1255 1256 1297
f 1256 1299 1297
f 1256 1257 1299
f 1257 1258 1301
f 1258 1289 1301
f 1257 1301 1299
f 1297 1300 1298
f 1297 1299 1300
f 1299 1301 1302
f 1299 1302 1300
f 1303 1305 1304
f 1304 1306 1307
f 1304 1305 1306
f 1306 1311 1307
f 1306 1312 1311
f 1244 1310 1327
f 1307 1311 1308
f 1308 1312 1309
f 1309 1314 1310
f 1308 1311 1312
f 1306 1314 1312
f 1309 1312 1313
f 1309 1313 1314
f 1312 1314 1313
f 1246 1329 1247
f 1247 1329 1248
f 1248 1329 1281
f 1279 1281 1329
f 1276 1277 1329
f 1277 1278 1329
f 1282 1329 1283
f 1279 1329 1280
f 1280 1329 1282
f 1278 1283 1329
f 1289 1290 1315
f 1290 1291 1315
f 1289 1315 1301
f 1292 1317 1315
f 1301 1315 1302
f 1302 1315 1316
f 1315 1317 1318
f 1317 1324 1318
f 1315 1318 1316
f 1320 1322 1321
f 1320 1321 1323
f 1320 1325 1322
f 1319 1325 1320
f 1317 1323 1324
f 1321 1324 1323
f 1319 1326 1325
f 1244 1327 1328
f 1246 1328 1329
f 1302 1316 1332
f 1316 1318 1332
f 1310 1314 1327
f 1327 1330 1328
f 1328 1331 1329
f 1314 1330 1327
f 1328 1330 1331
f 1329 1331 1332
f 1329 1333 1372
f 1318 1324 1332
f 1324 1376 1332
f 1332 1376 1334
f 1329 1332 1333
f 1333 1334 1381
f 1332 1334 1333
f 1139 1329 1146
f 1146 1329 1147
f 1103 1353 1335
f 1335 1354 1336
f 1103 1335 1319
f 1335 1336 1338
f 1336 1337 1341
f 1336 1355 1337
f 1337 1356 1339
f 1147 1329 1148
f 1148 1329 1343
f 1329 1344 1343
f 1329 1345 1344
f 1329 1346 1345
f 1329 1347 1346
f 1319 1335 1338
f 1336 1341 1338
f 1337 1339 1340
f 1337 1340 1341
f 1339 1357 1340
f 1340 1357 1360
f 1340 1360 1341
f 1326 1338 1342
f 1338 1341 1342
f 1341 1360 1342
f 1342 1360 1351
f 1342 1351 1389
f 1176 1343 1344
f 1344 1345 1361
f 1345 1346 1362
f 1346 1347 1363
f 1347 1364 1363
f 1349 1350 1365
f 1350 1387 1351
f 1347 1348 1364
f 1348 1349 1366
f 1348 1368 1364
f 1348 1367 1368
f 1349 1365 1366
f 1348 1366 1367
f 1350 1351 1365
f 1335 1353 1354
f 1336 1354 1355
f 1160 1368 1161
f 1161 1368 1162
f 1162 1368 1163
f 1163 1368 1352
f 1352 1368 1353
f 1337 1355 1356
f 1353 1368 1354
f 1166 1167 1368
f 1354 1368 1355
f 1355 1368 1356
f 1339 1356 1359
f 1339 1358 1357
f 1339 1359 1358
f 1357 1366 1365
f 1356 1368 1359
f 1358 1359 1367
f 1357 1358 1367
f 1359 1368 1367
f 1357 1367 1366
f 1351 1360 1357
f 1351 1357 1365
f 1176 1344 1361
f 1345 1362 1361
f 1167 1177 1368
f 1176 1368 1177
f 1346 1363 1362
f 1176 1361 1368
f 1361 1362 1368
f 1362 1363 1368
f 1363 1364 1368
f 1321 1322 1369
f 1329 1374 1388
f 1329 1375 1374
f 1321 1376 1324
f 1321 1370 1376
f 1329 1348 1347
f 1329 1349 1348
f 1329 1350 1349
f 1371 1388 1374
f 1322 1371 1369
f 1321 1369 1370
f 1378 1389 1388
f 1371 1378 1388
f 1369 1374 1370
f 1369 1371 1374
f 1329 1387 1350
f 1329 1388 1387
f 1372 1373 1377
f 1370 1374 1375
f 1372 1376 1375
f 1372 1377 1376
f 1373 1380 1377
f 1370 1375 1376
f 1319 1338 1326
f 1322 1325 1371
f 1325 1326 1378
f 1326 1342 1378
f 1342 1389 1378
f 1325 1378 1371
f 1329 1372 1375
f 1333 1373 1372
f 1333 1379 1373
f 1334 1377 1380
f 1334 1376 1377
f 1333 1382 1379
f 1333 1381 1382
f 1334 1380 1384
f 1334 1385 1381
f 1334 1384 1385
f 1373 1379 1380
f 1379 1384 1380
f 1379 1382 1384
f 1381 1383 1382
f 1381 1385 1383
f 1382 1383 1386
f 1383 1385 1386
f 1382 1386 1384
f 1384 1386 1385
f 1387 1388 1389
f 1351 1387 1389
f 504 505 512
f 505 506 513
f 506 507 514
f 508 509 511
f 509 510 511
f 505 511 506
f 504 511 505
f 504 508 511
f 506 511 507
f 508 525 509
f 504 524 508
f 509 526 510
f 510 527 511
f 505 513 512
f 504 512 524
f 506 514 513
f 507 515 514
f 512 513 515
f 513 514 515
f 512 515 524
f 508 524 525
f 509 525 526
f 515 525 524
f 515 526 525
f 515 527 526
f 510 526 527
f 529 576 621
f 550 640 584
f 529 578 576
f 529 566 578
f 556 557 579
f 556 655 557
f 564 578 566
f 564 566 567
f 564 567 583
f 567 592 583
f 566 569 567
f 567 569 594
f 571 577 581
f 571 572 574
f 572 573 662
f 571 580 573
f 573 584 664
f 571 573 572
f 574 579 576
f 574 576 577
f 571 574 577
f 576 578 577
f 564 577 578
f 556 574 572
f 556 572 663
f 556 579 574
f 571 581 580
f 580 581 582
f 580 582 585
f 582 597 585
f 581 583 582
f 582 583 598
f 573 580 584
f 580 585 584
f 550 584 585
f 550 585 600
f 564 581 577
f 564 583 581
f 550 600 694
f 529 862 566
f 567 594 592
f 592 594 603
f 582 598 597
f 598 602 599
f 597 598 599
f 585 597 600
f 597 601 600
f 597 599 601
f 600 601 700
f 583 592 598
f 592 602 598
f 592 603 602
f 602 603 613
f 599 607 601
f 599 612 607
f 601 607 704
f 599 602 612
f 602 613 612
f 612 613 618
f 607 612 619
f 607 619 705
f 612 618 619
f 618 620 619
f 619 620 715
f 529 531 872
f 576 579 621
f 557 621 579
f 557 656 621
f 621 656 659
f 621 659 668
f 621 668 675
f 640 645 669
f 550 642 640
f 550 694 642
f 640 642 645
f 642 694 645
f 556 663 655
f 655 663 658
f 557 655 656
f 655 658 659
f 655 659 656
f 658 668 659
f 621 675 678
f 572 662 663
f 662 665 663
f 662 666 665
f 573 664 662
f 662 664 666
f 664 669 666
f 665 673 667
f 666 670 673
f 665 666 673
f 658 663 665
f 658 665 667
f 658 667 668
f 584 640 664
f 640 669 664
f 666 669 670
f 669 671 670
f 645 671 669
f 645 701 671
f 673 680 677
f 667 675 668
f 667 677 675
f 667 673 677
f 675 677 678
f 677 687 678
f 670 680 673
f 670 681 680
f 670 671 681
f 671 702 681
f 680 681 682
f 681 721 682
f 677 680 687
f 680 682 687
f 678 687 688
f 682 690 687
f 682 725 690
f 687 690 688
f 688 690 691
f 690 728 691
f 621 678 688
f 645 694 701
f 600 700 694
f 694 700 701
f 601 704 700
f 700 703 701
f 700 704 703
f 671 701 702
f 701 703 702
f 702 703 722
f 607 705 704
f 703 704 709
f 704 705 709
f 703 709 722
f 709 717 722
f 705 719 709
f 619 715 705
f 705 715 719
f 620 716 715
f 715 720 719
f 715 716 720
f 709 719 717
f 717 719 718
f 718 719 720
f 681 702 721
f 702 722 721
f 721 722 726
f 682 721 725
f 725 727 728
f 721 726 725
f 725 726 727
f 726 734 727
f 690 725 728
f 717 726 722
f 717 734 726
f 717 718 734
f 621 688 887
f 621 897 633
f 531 633 897
f 768 782 769
f 768 769 784
f 768 786 777
f 768 777 782
f 777 778 782
f 778 779 782
f 779 780 782
f 777 787 778
f 778 788 779
f 779 789 780
f 780 781 782
f 780 790 781
f 781 791 782
f 768 784 786
f 769 785 784
f 784 785 786
f 777 786 787
f 778 787 788
f 779 788 789
f 780 789 790
f 785 787 786
f 785 788 787
f 785 789 788
f 785 790 789
f 785 791 790
f 781 790 791
f 566 862 569
f 569 862 594
f 594 862 603
f 603 862 613
f 613 862 618
f 618 862 620
f 620 862 716
f 716 862 720
f 529 872 862
f 531 897 872
f 862 863 887
f 863 909 888
f 862 872 863
f 863 872 909
f 872 910 909
f 872 898 921
f 898 899 921
f 872 900 898
f 727 734 887
f 718 720 887
f 718 887 734
f 688 691 887
f 691 728 887
f 727 887 728
f 621 887 897
f 720 862 887
f 863 888 887
f 887 888 897
f 888 927 897
f 897 927 928
f 872 897 900
f 897 946 900
f 900 946 901
f 898 901 899
f 899 957 953
f 898 900 901
f 899 901 957
f 909 910 927
f 910 918 928
f 872 918 910
f 872 919 918
f 872 921 919
f 918 919 943
f 919 921 944
f 920 921 953
f 920 946 921
f 920 923 945
f 920 953 923
f 923 924 949
f 924 925 950
f 925 926 951
f 888 909 927
f 910 928 927
f 918 943 928
f 919 944 943
f 921 946 944
f 897 928 943
f 897 943 944
f 897 944 946
f 920 945 946
f 945 957 946
f 945 949 957
f 923 949 945
f 924 950 949
f 925 951 950
f 926 952 951
f 899 953 921
f 953 958 954
f 923 953 954
f 923 954 955
f 954 959 955
f 955 960 956
f 923 955 924
f 924 955 925
f 925 955 926
f 926 955 956
f 926 956 1007
f 926 1007 1008
f 926 1039 952
f 901 946 957
f 953 957 958
f 949 958 957
f 949 959 958
f 954 958 959
f 955 959 960
f 956 960 1012
f 949 950 959
f 950 951 959
f 951 952 959
f 952 960 959
f 952 1012 960
f 952 1013 1012
f 970 1011 988
f 988 1011 1016
f 969 1018 970
f 969 970 987
f 972 971 979
f 969 972 1018
f 969 990 972
f 972 990 971
f 972 979 981
f 972 982 1030
f 972 1030 1031
f 972 981 982
f 981 979 997
f 981 1000 982
f 969 987 990
f 970 988 987
f 987 988 1042
f 990 989 971
f 990 997 989
f 987 1042 990
f 990 999 997
f 990 1046 1000
f 990 1047 1046
f 990 1000 999
f 981 997 999
f 981 999 1000
f 982 1000 1046
f 956 1012 1007
f 1007 1013 1008
f 1008 1014 1009
f 1009 1015 1010
f 1010 1016 1011
f 1010 1011 1038
f 1009 1010 1038
f 926 1008 1039
f 1008 1009 1039
f 1007 1012 1013
f 1008 1013 1014
f 1009 1014 1015
f 1010 1015 1016
f 1015 1064 1016
f 1014 1064 1015
f 952 1065 1013
f 952 1039 1065
f 1013 1065 1014
f 970 1018 1011
f 1011 1018 1019
f 972 1028 1018
f 1018 1028 1042
f 1018 1043 1019
f 1011 1019 1038
f 972 1029 1028
f 972 1031 1029
f 1028 1029 1044
f 982 1046 1030
f 1030 1047 1031
f 1029 1031 1045
f 1009 1038 1041
f 1009 1040 1039
f 1009 1041 1040
f 1019 1064 1038
f 1039 1040 1065
f 1040 1041 1066
f 1038 1067 1041
f 988 1016 1042
f 1016 1043 1042
f 1018 1042 1043
f 990 1042 1044
f 1016 1064 1043
f 1019 1043 1064
f 1028 1044 1042
f 1029 1045 1044
f 1030 1046 1047
f 1031 1047 1045
f 990 1044 1045
f 990 1045 1047
f 1014 1067 1064
f 1014 1065 1066
f 1014 1066 1067
f 1040 1066 1065
f 1041 1067 1066
f 1038 1064 1067
f 800 803 801
f 800 802 803
f 800 806 802
f 800 801 809
f 800 810 806
f 806 804 802
f 805 804 807
f 806 807 804
f 806 820 807
f 800 809 810
f 806 810 811
f 806 811 812
f 806 812 813
f 806 813 814
f 809 974 810
f 806 814 815
f 806 819 820
f 806 815 816
f 806 818 817
f 806 816 818
f 806 817 819
f 820 819 1001
f 968 974 809
f 968 973 974
f 975 974 973
f 975 973 978
f 976 975 978
f 977 976 978
f 979 971 997
f 980 978 983
f 980 977 978
f 980 983 984
f 980 984 985
f 980 985 986
f 1001 819 1006
f 989 997 971
f 980 986 1002
f 995 1002 986
f 994 1002 992
f 996 1002 995
f 992 1002 996
f 998 1002 993
f 993 1002 994
f 991 1006 998
f 991 1001 1006
f 998 1003 1002
f 998 1005 1003
f 998 1004 1005
f 998 1006 1004

