# https://github.com/mikedh/trimesh
v -17.90747643 -90.55991364 51.39736557 0.00784314 0.51764706 0.78039216
v -19.64961243 -90.60846710 53.83693314 0.00784314 0.51764706 0.78039216
v -4.40387535 -106.34553528 45.00000000 0.00784314 0.51764706 0.78039216
v -4.69971180 -105.50008392 45.00000000 0.00784314 0.51764706 0.78039216
v -4.80000019 -104.61000061 45.00000000 0.00784314 0.51764706 0.78039216
v -11.43392658 -100.53397369 54.64509583 0.00784314 0.51764706 0.78039216
v -9.00000000 -100.01158142 53.89099503 0.00784314 0.51764706 0.78039216
v -9.00000000 -101.90090942 55.41476059 0.00784314 0.51764706 0.78039216
v -4.80000019 -100.01158142 53.89099503 0.00784314 0.51764706 0.78039216
v -4.80000019 -101.88944244 54.92419815 0.00784314 0.51764706 0.78039216
v -4.12643862 -100.21562195 55.39438248 0.00784314 0.51764706 0.78039216
v -13.00000000 -89.65493011 48.88925171 0.00784314 0.51764706 0.78039216
v -4.80000019 -94.61000061 45.00000000 0.00784314 0.51764706 0.78039216
v -4.69971180 -93.71991730 45.00000000 0.00784314 0.51764706 0.78039216
v -4.40387535 -92.87446594 45.00000000 0.00784314 0.51764706 0.78039216
v -11.33988857 -98.06360626 53.22989655 0.00784314 0.51764706 0.78039216
v -15.43392658 -90.17732239 49.64335251 0.00784314 0.51764706 0.78039216
v -9.00000000 -97.88545227 52.83663559 0.00784314 0.51764706 0.78039216
v -4.80000019 -97.88545227 52.83663559 0.00784314 0.51764706 0.78039216
v -4.00525570 -99.61000061 54.90000153 0.00784314 0.51764706 0.78039216
v -4.22503662 -99.61000061 55.43059921 0.00784314 0.51764706 0.78039216
v -4.12643862 -99.00437927 55.39438248 0.00784314 0.51764706 0.78039216
v -4.69971180 -93.71991730 50.82489014 0.00784314 0.51764706 0.78039216
v -4.40387535 -92.87446594 50.41658020 0.00784314 0.51764706 0.78039216
v -4.80000019 -94.61000061 51.25475693 0.00784314 0.51764706 0.78039216
v -18.20224762 -75.21983337 42.96855164 0.00784314 0.51764706 0.78039216
v -16.00000000 -75.05216217 42.59842300 0.00784314 0.51764706 0.78039216
v -17.70198631 -87.92115784 49.41139221 0.00784314 0.51764706 0.78039216
v -19.64961243 -88.12034607 51.34880829 0.00784314 0.51764706 0.78039216
v -20.82942200 -88.26837921 53.68889999 0.00784314 0.51764706 0.78039216
v -23.36886787 -75.74823761 48.10807800 0.00784314 0.51764706 0.78039216
v -20.92906189 -77.14047241 45.63218689 0.00784314 0.51764706 0.78039216
v -20.42539787 -75.42144012 44.08218765 0.00784314 0.51764706 0.78039216
v -22.25845718 -75.60890961 45.90563583 0.00784314 0.51764706 0.78039216
v -18.69097137 -76.59012604 43.90964890 0.00784314 0.51764706 0.78039216
v -22.71948051 -76.78913879 47.74826431 0.00784314 0.51764706 0.78039216
v -23.53556633 -76.21908569 49.80045319 0.00784314 0.51764706 0.78039216
v -23.72740746 -75.84245300 50.28530884 0.00784314 0.51764706 0.78039216
v -23.37961197 -76.17146301 52.47704315 0.00784314 0.51764706 0.78039216
v -23.52019882 -75.01618195 52.61338043 0.00784314 0.51764706 0.78039216
v -23.02453041 -74.59891510 53.81348038 0.00784314 0.51764706 0.78039216
v -22.92820358 -74.19184875 54.05257797 0.00784314 0.51764706 0.78039216
v -21.65685463 -74.36129761 55.70074463 0.00784314 0.51764706 0.78039216
v -15.33988857 -87.70695496 48.22815323 0.00784314 0.51764706 0.78039216
v -13.00000000 -87.52880096 47.83489227 0.00784314 0.51764706 0.78039216
v -16.82942200 -98.62503052 58.69064331 0.00784314 0.51764706 0.78039216
v -17.21036911 -98.72514343 61.00395203 0.00784314 0.51764706 0.78039216
v -20.36121559 -90.40777588 56.21187210 0.00784314 0.51764706 0.78039216
v -16.82942200 -99.10363770 63.34588242 0.00784314 0.51764706 0.78039216
v -13.90747738 -100.91656494 56.39910889 0.00784314 0.51764706 0.78039216
v -15.64961147 -100.96512604 58.83867264 0.00784314 0.51764706 0.78039216
v -11.43392658 -102.67057800 56.78169632 0.00784314 0.51764706 0.78039216
v -13.70198536 -102.90253448 59.03786087 0.00784314 0.51764706 0.78039216
v -15.01040745 -102.51560211 61.39365387 0.00784314 0.51764706 0.78039216
v -16.36121559 -100.76442719 61.21361542 0.00784314 0.51764706 0.78039216
v -4.50000000 -106.18675232 58.80811691 0.00784314 0.51764706 0.78039216
v -4.45788574 -106.19118500 58.80368805 0.00784314 0.51764706 0.78039216
v -4.69971180 -105.50008392 58.15400696 0.00784314 0.51764706 0.78039216
v -4.50000000 -107.71051788 60.69744492 0.00784314 0.51764706 0.78039216
v -6.93392658 -106.95642090 60.17505264 0.00784314 0.51764706 0.78039216
v -4.40387535 -106.34553528 58.95903778 0.00784314 0.51764706 0.78039216
v -4.80000019 -103.86768341 56.51967239 0.00784314 0.51764706 0.78039216
v -4.80000019 -104.61000061 57.27253342 0.00784314 0.51764706 0.78039216
v -4.00525570 -100.70999908 56.00000000 0.00784314 0.51764706 0.78039216
v -4.22503662 -100.17940521 56.00000000 0.00784314 0.51764706 0.78039216
v -4.12643862 -100.21562195 56.60561752 0.00784314 0.51764706 0.78039216
v -10.51040745 -106.80144501 64.78701019 0.00784314 0.51764706 0.78039216
v -11.14961147 -105.74880981 67.07435608 0.00784314 0.51764706 0.78039216
v -15.64961147 -101.46296692 63.68100357 0.00784314 0.51764706 0.78039216
v -8.75000000 -108.14517212 64.92515564 0.00784314 0.51764706 0.78039216
v -9.20198536 -107.18837738 62.43121719 0.00784314 0.51764706 0.78039216
v -6.83988905 -108.37162018 62.64542389 0.00784314 0.51764706 0.78039216
v -6.69996166 -108.98987579 65.01200104 0.00784314 0.51764706 0.78039216
v -9.20198536 -107.68621826 67.27354431 0.00784314 0.51764706 0.78039216
v -6.83988905 -108.85022736 67.30066681 0.00784314 0.51764706 0.78039216
v -4.30000019 -99.61000061 56.00000000 0.00784314 0.51764706 0.78039216
v -4.22503662 -99.04059601 56.00000000 0.00784314 0.51764706 0.78039216
v -4.22503662 -99.61000061 56.56940079 0.00784314 0.51764706 0.78039216
v -4.00525570 -99.61000061 57.09999847 0.00784314 0.51764706 0.78039216
v -4.12643862 -99.00437927 56.60561752 0.00784314 0.51764706 0.78039216
v -4.00525570 -98.51000214 56.00000000 0.00784314 0.51764706 0.78039216
v -16.36121559 -96.97136688 65.00667572 0.00784314 0.51764706 0.78039216
v -15.64961147 -99.43875885 65.70520782 0.00784314 0.51764706 0.78039216
v -13.70198536 -99.63794708 67.64262390 0.00784314 0.51764706 0.78039216
v -15.01040745 -97.15140533 66.75785065 0.00784314 0.51764706 0.78039216
v -13.70198536 -94.79561615 67.14478302 0.00784314 0.51764706 0.78039216
v -13.25000000 -97.28955841 68.10157776 0.00784314 0.51764706 0.78039216
v -11.33988857 -95.00981903 68.32802582 0.00784314 0.51764706 0.78039216
v -9.81127739 -94.08487701 68.13642883 0.00784314 0.51764706 0.78039216
v -9.46172810 -93.99248505 68.14392090 0.00784314 0.51764706 0.78039216
v -8.87593269 -93.10765076 67.71659088 0.00784314 0.51764706 0.78039216
v -8.90634060 -93.15104675 67.73754883 0.00784314 0.51764706 0.78039216
v -6.03101349 -92.20594025 67.28111267 0.00784314 0.51764706 0.78039216
v -3.98381209 -92.20594025 67.28111267 0.00784314 0.51764706 0.78039216
v -4.35120106 -92.79063416 67.92494965 0.00784314 0.51764706 0.78039216
v -4.40387535 -92.87446594 67.98715210 0.00784314 0.51764706 0.78039216
v -11.14961147 -103.72460175 69.09856415 0.00784314 0.51764706 0.78039216
v -10.51040745 -101.43724823 70.15120697 0.00784314 0.51764706 0.78039216
v -9.40747738 -106.20619202 69.55595398 0.00784314 0.51764706 0.78039216
v -6.93392658 -107.91818237 69.52971649 0.00784314 0.51764706 0.78039216
v -4.50000000 -108.57982635 69.15287781 0.00784314 0.51764706 0.78039216
v -6.93392658 -106.17995453 71.26793671 0.00784314 0.51764706 0.78039216
v -4.50000000 -107.41613770 70.76589966 0.00784314 0.51764706 0.78039216
v -4.32723999 -106.46749878 71.64878082 0.00784314 0.51764706 0.78039216
v -4.40387535 -106.34553528 71.69142151 0.00784314 0.51764706 0.78039216
v -4.58886242 -105.81687164 71.90543365 0.00784314 0.51764706 0.78039216
v -4.62956429 -105.70055389 71.94455719 0.00784314 0.51764706 0.78039216
v -4.69971180 -105.50008392 72.00857544 0.00784314 0.51764706 0.78039216
v -9.20198536 -103.92378998 71.03598022 0.00784314 0.51764706 0.78039216
v -8.75000000 -101.57540131 71.49493408 0.00784314 0.51764706 0.78039216
v -6.83988905 -103.95090485 72.19998932 0.00784314 0.51764706 0.78039216
v -4.80000019 -104.61000061 72.33287048 0.00784314 0.51764706 0.78039216
v -4.80000019 -104.08204651 72.53651428 0.00784314 0.51764706 0.78039216
v -6.69996166 -101.66224670 72.33963013 0.00784314 0.51764706 0.78039216
v -4.80000019 -101.69493866 72.65761566 0.00784314 0.51764706 0.78039216
v -4.40387535 -106.34553528 81.00000000 0.00784314 0.51764706 0.78039216
v -4.69971180 -105.50008392 81.00000000 0.00784314 0.51764706 0.78039216
v -4.80000019 -104.61000061 81.00000000 0.00784314 0.51764706 0.78039216
v -4.80000019 -97.59743500 71.14503479 0.00784314 0.51764706 0.78039216
v -6.93392658 -96.82529449 70.30618286 0.00784314 0.51764706 0.78039216
v -4.80000019 -97.06195831 70.83405304 0.00784314 0.51764706 0.78039216
v -4.80000019 -97.28329468 70.96733093 0.00784314 0.51764706 0.78039216
v -6.83988905 -99.29566193 71.72138214 0.00784314 0.51764706 0.78039216
v -4.80000019 -99.23165131 72.03784180 0.00784314 0.51764706 0.78039216
v -4.69971180 -93.71991730 68.63867950 0.00784314 0.51764706 0.78039216
v -4.80000019 -94.61265564 69.34840393 0.00784314 0.51764706 0.78039216
v -4.80000019 -94.61000061 69.34626007 0.00784314 0.51764706 0.78039216
v -4.80000019 -94.61000061 81.00000000 0.00784314 0.51764706 0.78039216
v -4.69971180 -93.71991730 81.00000000 0.00784314 0.51764706 0.78039216
v -4.40387535 -92.87446594 81.00000000 0.00784314 0.51764706 0.78039216
v -21.21036911 -88.36848450 56.00220871 0.00784314 0.51764706 0.78039216
v -20.82942200 -88.74698639 58.34413910 0.00784314 0.51764706 0.78039216
v -21.21036911 -86.40505219 57.96564102 0.00784314 0.51764706 0.78039216
v -20.36121559 -86.61471558 60.00493240 0.00784314 0.51764706 0.78039216
v -19.64961243 -89.08210754 60.70346832 0.00784314 0.51764706 0.78039216
v -19.01040840 -86.79475403 61.75610733 0.00784314 0.51764706 0.78039216
v -17.25000000 -86.93290710 63.09983444 0.00784314 0.51764706 0.78039216
v -17.70198631 -84.43896484 62.14303970 0.00784314 0.51764706 0.78039216
v -20.42994881 -73.45983124 56.46444321 0.00784314 0.51764706 0.78039216
v -20.38470268 -72.32780457 56.15573883 0.00784314 0.51764706 0.78039216
v -18.20224762 -72.34568787 57.17855072 0.00784314 0.51764706 0.78039216
v -15.33988857 -84.65316772 63.32627869 0.00784314 0.51764706 0.78039216
v -13.00000000 -84.83132172 63.71953964 0.00784314 0.51764706 0.78039216
v -13.00000000 -82.70519257 62.66518021 0.00784314 0.51764706 0.78039216
v -16.00000000 -72.51335907 57.54867935 0.00784314 0.51764706 0.78039216
v -15.87945461 -71.00222778 56.80180359 0.00784314 0.51764706 0.78039216
v -51.12500000 -55.29337311 33.40901566 0.00784314 0.51764706 0.78039216
v -51.09286118 -55.48957825 33.42918777 0.00784314 0.51764706 0.78039216
v -50.88889694 -55.52079010 33.43239594 0.00784314 0.51764706 0.78039216
v -51.12500000 -53.97278595 33.27324295 0.00784314 0.51764706 0.78039216
v -48.91969681 -55.51209259 33.43149948 0.00784314 0.51764706 0.78039216
v -51.09286118 -55.77593994 36.21450424 0.00784314 0.51764706 0.78039216
v -50.88889694 -55.80715179 36.21771240 0.00784314 0.51764706 0.78039216
v -48.91969681 -55.79845047 36.21681976 0.00784314 0.51764706 0.78039216
v -51.12500000 -55.57973099 36.19433212 0.00784314 0.51764706 0.78039216
v -51.27183151 -53.33695602 35.96375275 0.00784314 0.51764706 0.78039216
v -51.12500000 -54.25914764 36.05856323 0.00784314 0.51764706 0.78039216
v -54.13488007 -47.98160172 32.65728760 0.00784314 0.51764706 0.78039216
v -53.10374832 -50.18127441 32.88343430 0.00784314 0.51764706 0.78039216
v -52.97326660 -50.40609360 32.90655136 0.00784314 0.51764706 0.78039216
v -51.27183151 -53.05059814 33.17843246 0.00784314 0.51764706 0.78039216
v -51.66754532 -52.26108170 33.09726334 0.00784314 0.51764706 0.78039216
v -52.97326660 -50.69245529 35.69186783 0.00784314 0.51764706 0.78039216
v -54.13488007 -48.26796341 35.44260406 0.00784314 0.51764706 0.78039216
v -54.22413635 -48.02402115 35.41752243 0.00784314 0.51764706 0.78039216
v -53.10374832 -50.46763611 35.66875458 0.00784314 0.51764706 0.78039216
v -51.66754532 -52.54743958 35.88257980 0.00784314 0.51764706 0.78039216
v -47.40637207 -55.91187668 33.47260284 0.00784314 0.51764706 0.78039216
v -47.25629044 -55.99807358 33.48146439 0.00784314 0.51764706 0.78039216
v -48.28263855 -55.57727432 33.43820190 0.00784314 0.51764706 0.78039216
v -44.79979324 -57.11258698 33.59605026 0.00784314 0.51764706 0.78039216
v -45.04502106 -57.02379608 33.58692169 0.00784314 0.51764706 0.78039216
v -42.44306564 -57.74075699 33.66063309 0.00784314 0.51764706 0.78039216
v -48.28263855 -55.86363602 36.22352219 0.00784314 0.51764706 0.78039216
v -47.40637207 -56.19823837 36.25792313 0.00784314 0.51764706 0.78039216
v -47.25629044 -56.28443527 36.26678467 0.00784314 0.51764706 0.78039216
v -44.79979324 -57.39894485 36.38136673 0.00784314 0.51764706 0.78039216
v -45.04502106 -57.31015778 36.37223816 0.00784314 0.51764706 0.78039216
v -42.44306564 -58.02711868 36.44594955 0.00784314 0.51764706 0.78039216
v -44.37500000 -50.89482880 35.71267319 0.00784314 0.51764706 0.78039216
v -42.91368484 -51.57267761 35.78236389 0.00784314 0.51764706 0.78039216
v -42.86646271 -51.58526611 35.78365707 0.00784314 0.51764706 0.78039216
v -42.97238922 -51.24951553 35.74913788 0.00784314 0.51764706 0.78039216
v -42.93418884 -51.13780212 35.73765564 0.00784314 0.51764706 0.78039216
v -45.19610977 -50.10377121 35.63134384 0.00784314 0.51764706 0.78039216
v -45.18121338 -50.06270218 35.62712097 0.00784314 0.51764706 0.78039216
v -45.21442413 -50.31013870 35.65256119 0.00784314 0.51764706 0.78039216
v -44.56451797 -48.36225128 35.45229721 0.00784314 0.51764706 0.78039216
v -42.40863800 -49.60103226 35.57965851 0.00784314 0.51764706 0.78039216
v -43.04830551 -48.75854874 35.49304199 0.00784314 0.51764706 0.78039216
v -38.62500000 -58.81747818 39.67678070 0.00784314 0.51764706 0.78039216
v -38.94404984 -58.49351501 41.33446884 0.00784314 0.51764706 0.78039216
v -42.18606186 -57.78583527 33.66526794 0.00784314 0.51764706 0.78039216
v -37.06393814 -57.78583527 33.66526794 0.00784314 0.51764706 0.78039216
v -36.80693436 -57.74075699 33.66063309 0.00784314 0.51764706 0.78039216
v -39.75548553 -57.99736786 33.68701553 0.00784314 0.51764706 0.78039216
v -39.49451447 -57.99736786 33.68701553 0.00784314 0.51764706 0.78039216
v -42.18606186 -58.07219696 36.45058441 0.00784314 0.51764706 0.78039216
v -39.75548553 -58.28372955 36.47233200 0.00784314 0.51764706 0.78039216
v -39.49451447 -58.28372955 36.47233200 0.00784314 0.51764706 0.78039216
v -39.27510834 -56.74541473 36.31417847 0.00784314 0.51764706 0.78039216
v -40.82115173 -53.34175873 36.16109467 0.00784314 0.51764706 0.78039216
v -40.31884384 -55.14878464 36.15002823 0.00784314 0.51764706 0.78039216
v -40.37830353 -55.02564621 36.13736725 0.00784314 0.51764706 0.78039216
v -40.66768646 -53.32130432 35.96214294 0.00784314 0.51764706 0.78039216
v -40.50627136 -54.39265060 36.07228851 0.00784314 0.51764706 0.78039216
v -39.06716156 -56.95227432 36.33544540 0.00784314 0.51764706 0.78039216
v -37.20215607 -58.07628632 36.37457657 0.00784314 0.51764706 0.78039216
v -37.06393814 -58.05772400 36.30979919 0.00784314 0.51764706 0.78039216
v -36.80693436 -57.99816132 36.16430283 0.00784314 0.51764706 0.78039216
v -37.26856613 -58.09000778 36.45241547 0.00784314 0.51764706 0.78039216
v -37.46211624 -57.99053574 36.44218826 0.00784314 0.51764706 0.78039216
v -40.96236801 -52.02208328 35.82856750 0.00784314 0.51764706 0.78039216
v -40.99823380 -52.53530502 36.78922653 0.00784314 0.51764706 0.78039216
v -41.78045273 -51.33236694 35.75765610 0.00784314 0.51764706 0.78039216
v -41.68384552 -51.00994873 35.72451019 0.00784314 0.51764706 0.78039216
v -40.90102386 -51.77331161 35.80298996 0.00784314 0.51764706 0.78039216
v -40.53504944 -52.44096375 35.87163544 0.00784314 0.51764706 0.78039216
v -40.56241226 -52.44461060 35.90710449 0.00784314 0.51764706 0.78039216
v -40.50627136 -52.24995804 35.85199738 0.00784314 0.51764706 0.78039216
v -40.46888733 -52.06503296 35.83298492 0.00784314 0.51764706 0.78039216
v -40.50295639 -52.06206512 35.83267975 0.00784314 0.51764706 0.78039216
v -40.45030594 -51.97311783 35.82353210 0.00784314 0.51764706 0.78039216
v -40.24700165 -52.04042053 35.83045197 0.00784314 0.51764706 0.78039216
v -40.29606247 -52.08007050 35.83452988 0.00784314 0.51764706 0.78039216
v -40.15113068 -51.96294022 35.82248688 0.00784314 0.51764706 0.78039216
v -40.12434769 -52.09501648 35.83606720 0.00784314 0.51764706 0.78039216
v -40.05577087 -52.03725052 35.83012772 0.00784314 0.51764706 0.78039216
v -40.00994110 -51.99864578 35.82615662 0.00784314 0.51764706 0.78039216
v -40.63071060 -51.52625275 35.77759171 0.00784314 0.51764706 0.78039216
v -40.67341614 -51.27064133 35.75131226 0.00784314 0.51764706 0.78039216
v -40.66916275 -50.83298492 35.70631790 0.00784314 0.51764706 0.78039216
v -42.10640335 -49.00473785 35.51835251 0.00784314 0.51764706 0.78039216
v -42.03662109 -48.51320267 35.46781540 0.00784314 0.51764706 0.78039216
v -41.85524368 -48.54445648 35.47103119 0.00784314 0.51764706 0.78039216
v -40.25444031 -49.15106201 35.53339767 0.00784314 0.51764706 0.78039216
v -39.99825287 -48.86444473 35.50392914 0.00784314 0.51764706 0.78039216
v -40.03855133 -48.27551651 35.44338226 0.00784314 0.51764706 0.78039216
v -37.89375305 -51.98780441 35.82504272 0.00784314 0.51764706 0.78039216
v -36.33631516 -51.57267761 35.78236389 0.00784314 0.51764706 0.78039216
v -34.45020676 -57.11258698 33.59605026 0.00784314 0.51764706 0.78039216
v -34.20497894 -57.02379608 33.58692169 0.00784314 0.51764706 0.78039216
v -31.99371147 -55.99807358 33.48146439 0.00784314 0.51764706 0.78039216
v -31.69971848 -55.82922745 33.46410751 0.00784314 0.51764706 0.78039216
v -31.13943291 -55.57959366 33.43844223 0.00784314 0.51764706 0.78039216
v -30.21304321 -55.42943954 33.42300415 0.00784314 0.51764706 0.78039216
v -34.45020676 -57.25088882 34.94127655 0.00784314 0.51764706 0.78039216
v -34.20497894 -57.15174103 34.83137894 0.00784314 0.51764706 0.78039216
v -34.08555603 -57.09045410 34.76838303 0.00784314 0.51764706 0.78039216
v -32.87960815 -56.50299454 34.43787766 0.00784314 0.51764706 0.78039216
v -35.63805771 -57.60978699 35.38510132 0.00784314 0.51764706 0.78039216
v -32.65910721 -56.39111710 34.33405304 0.00784314 0.51764706 0.78039216
v -31.99371147 -56.06706619 34.15251541 0.00784314 0.51764706 0.78039216
v -31.69971848 -55.89002991 34.05551529 0.00784314 0.51764706 0.78039216
v -31.13943291 -55.62786865 33.90796280 0.00784314 0.51764706 0.78039216
v -30.21304321 -55.46817398 33.79975891 0.00784314 0.51764706 0.78039216
v -34.87500000 -50.89482880 35.71267319 0.00784314 0.51764706 0.78039216
v -35.02583313 -47.98062515 35.41306305 0.00784314 0.51764706 0.78039216
v -33.55421448 -49.97485352 35.61809158 0.00784314 0.51764706 0.78039216
v -34.31309509 -48.08300400 35.42358780 0.00784314 0.51764706 0.78039216
v -32.41408920 -48.84070587 35.50148773 0.00784314 0.51764706 0.78039216
v -32.01639557 -48.27571869 35.44340134 0.00784314 0.51764706 0.78039216
v -40.31884384 -56.77450943 37.77574921 0.00784314 0.51764706 0.78039216
v -40.82115173 -56.63284302 39.45217896 0.00784314 0.51764706 0.78039216
v -39.86764145 -57.86896896 39.57926559 0.00784314 0.51764706 0.78039216
v -41.15164948 -55.12267685 37.67125702 0.00784314 0.51764706 0.78039216
v -41.42055511 -53.48975372 37.60058975 0.00784314 0.51764706 0.78039216
v -41.42055511 -55.19334412 39.30418015 0.00784314 0.51764706 0.78039216
v -41.62500000 -53.64857483 39.14536285 0.00784314 0.51764706 0.78039216
v -38.94404984 -58.14209366 37.91635132 0.00784314 0.51764706 0.78039216
v -40.31884384 -57.12592697 41.19386292 0.00784314 0.51764706 0.78039216
v -41.15164948 -55.46052170 40.95730972 0.00784314 0.51764706 0.78039216
v -41.42055511 -53.80739212 40.69013596 0.00784314 0.51764706 0.78039216
v -40.82115173 -53.95538712 42.12963104 0.00784314 0.51764706 0.78039216
v -40.31884384 -55.69707489 42.62271881 0.00784314 0.51764706 0.78039216
v -40.10005569 -53.15348053 42.80199814 0.00784314 0.51764706 0.78039216
v -39.08909988 -57.44879150 42.94557953 0.00784314 0.51764706 0.78039216
v -41.27647400 -52.60400391 37.45743942 0.00784314 0.51764706 0.78039216
v -41.42055511 -52.69992447 38.39042282 0.00784314 0.51764706 0.78039216
v -41.50849152 -52.76823425 39.05485535 0.00784314 0.51764706 0.78039216
v -41.42055511 -52.83654404 39.71928787 0.00784314 0.51764706 0.78039216
v -41.27647400 -52.93246460 40.65227127 0.00784314 0.51764706 0.78039216
v -40.99823380 -53.00116348 41.32048035 0.00784314 0.51764706 0.78039216
v -40.56241226 -53.09185791 42.20260620 0.00784314 0.51764706 0.78039216
v -39.86764145 -54.08247375 43.36575699 0.00784314 0.51764706 0.78039216
v -39.39189529 -53.22590637 43.50644684 0.00784314 0.51764706 0.78039216
v -38.94404984 -55.83767700 43.99030304 0.00784314 0.51764706 0.78039216
v -38.62500000 -54.17999268 44.31427002 0.00784314 0.51764706 0.78039216
v -38.78934097 -53.27319336 43.96637726 0.00784314 0.51764706 0.78039216
v -37.90256882 -53.31776428 44.39991379 0.00784314 0.51764706 0.78039216
v -37.23083496 -53.34622192 44.67669678 0.00784314 0.51764706 0.78039216
v -37.17791367 -54.24129486 44.91053009 0.00784314 0.51764706 0.78039216
v -35.89774704 -53.39677811 45.16846466 0.00784314 0.51764706 0.78039216
v -31.53615761 -53.47976303 45.97560501 0.00784314 0.51764706 0.78039216
v -54.22413635 -47.73765945 32.63220596 0.00784314 0.51764706 0.78039216
v -54.85561752 -45.39329147 32.39117813 0.00784314 0.51764706 0.78039216
v -54.90093613 -45.13763428 32.36489487 0.00784314 0.51764706 0.78039216
v -54.85561752 -45.67964935 35.17649841 0.00784314 0.51764706 0.78039216
v -54.90093613 -45.42399597 35.15021515 0.00784314 0.51764706 0.78039216
v -55.11358261 -43.00616074 34.90163422 0.00784314 0.51764706 0.78039216
v -48.85947037 -44.52392197 35.05767441 0.00784314 0.51764706 0.78039216
v -55.11358261 -42.46020126 32.08962631 0.00784314 0.51764706 0.78039216
v -55.11358261 -42.71979904 32.11631393 0.00784314 0.51764706 0.78039216
v -54.90093613 -40.04236603 31.84104729 0.00784314 0.51764706 0.78039216
v -54.85561752 -39.78670883 31.81476212 0.00784314 0.51764706 0.78039216
v -55.11358261 -42.74655914 34.87494278 0.00784314 0.51764706 0.78039216
v -54.90093613 -40.32872772 34.62636566 0.00784314 0.51764706 0.78039216
v -54.85561752 -40.07307053 34.60008240 0.00784314 0.51764706 0.78039216
v -54.22413635 -37.72870255 34.35905457 0.00784314 0.51764706 0.78039216
v -42.86769104 -44.43029785 32.29217529 0.00784314 0.51764706 0.78039216
v -43.22733307 -43.56660080 32.20337677 0.00784314 0.51764706 0.78039216
v -48.44215775 -46.07319641 35.21695709 0.00784314 0.51764706 0.78039216
v -47.91851044 -46.16361237 35.22625351 0.00784314 0.51764706 0.78039216
v -47.76073456 -47.52684784 35.36640930 0.00784314 0.51764706 0.78039216
v -47.91760254 -43.09988785 34.91127014 0.00784314 0.51764706 0.78039216
v -47.74346542 -43.12784958 34.91414642 0.00784314 0.51764706 0.78039216
v -47.74085617 -42.84879303 34.88545609 0.00784314 0.51764706 0.78039216
v -47.72525406 -42.82662201 34.88317490 0.00784314 0.51764706 0.78039216
v -47.69555283 -43.05854416 34.90702057 0.00784314 0.51764706 0.78039216
v -46.81234741 -44.28004837 35.03260422 0.00784314 0.51764706 0.78039216
v -46.24631500 -43.31620789 34.93350983 0.00784314 0.51764706 0.78039216
v -45.98991776 -42.87961960 34.88862228 0.00784314 0.51764706 0.78039216
v -43.57662964 -45.91062546 35.20024490 0.00784314 0.51764706 0.78039216
v -43.60611725 -45.71960449 35.18060684 0.00784314 0.51764706 0.78039216
v -43.47287369 -45.63191605 35.17158890 0.00784314 0.51764706 0.78039216
v -42.87094879 -45.88692856 35.19780731 0.00784314 0.51764706 0.78039216
v -42.71002579 -45.78882980 35.18772125 0.00784314 0.51764706 0.78039216
v -44.14296341 -47.19987869 35.33279419 0.00784314 0.51764706 0.78039216
v -43.35225677 -45.30791092 35.13827896 0.00784314 0.51764706 0.78039216
v -43.23806000 -44.70474625 35.07626724 0.00784314 0.51764706 0.78039216
v -42.86769104 -44.71665955 35.07749176 0.00784314 0.51764706 0.78039216
v -42.54195023 -45.13894653 35.12090683 0.00784314 0.51764706 0.78039216
v -43.22733307 -43.85296249 34.98869324 0.00784314 0.51764706 0.78039216
v -43.34999847 -42.92609787 34.89340210 0.00784314 0.51764706 0.78039216
v -43.34999847 -42.82662201 34.88317490 0.00784314 0.51764706 0.78039216
v -43.22733307 -41.61339951 32.00256729 0.00784314 0.51764706 0.78039216
v -42.86769104 -40.74969864 31.91376877 0.00784314 0.51764706 0.78039216
v -43.34999847 -42.63973618 32.10808563 0.00784314 0.51764706 0.78039216
v -43.34999847 -42.54026031 32.09785843 0.00784314 0.51764706 0.78039216
v -48.56439972 -41.31437302 34.72769928 0.00784314 0.51764706 0.78039216
v -48.52574921 -41.26855469 34.72298813 0.00784314 0.51764706 0.78039216
v -48.40689468 -41.36005402 34.73239517 0.00784314 0.51764706 0.78039216
v -48.48197174 -41.21665573 34.71765518 0.00784314 0.51764706 0.78039216
v -48.28267670 -41.21024704 34.71699524 0.00784314 0.51764706 0.78039216
v -46.72579956 -41.65585709 34.76280975 0.00784314 0.51764706 0.78039216
v -46.77531815 -41.47708511 34.74443054 0.00784314 0.51764706 0.78039216
v -45.57913589 -42.18014145 34.81671143 0.00784314 0.51764706 0.78039216
v -46.37530899 -41.14889145 34.71068573 0.00784314 0.51764706 0.78039216
v -45.93881989 -40.28870773 34.62224960 0.00784314 0.51764706 0.78039216
v -45.80340195 -40.32166290 34.62563705 0.00784314 0.51764706 0.78039216
v -47.25330353 -39.96883011 34.58936310 0.00784314 0.51764706 0.78039216
v -47.28316498 -39.79546356 34.57154083 0.00784314 0.51764706 0.78039216
v -47.12284851 -39.81150055 34.57318878 0.00784314 0.51764706 0.78039216
v -47.69129562 -38.25215530 34.41287231 0.00784314 0.51764706 0.78039216
v -47.56207275 -38.30106354 34.41790009 0.00784314 0.51764706 0.78039216
v -47.54034424 -38.27907944 34.41563797 0.00784314 0.51764706 0.78039216
v -47.52528381 -38.26384735 34.41407394 0.00784314 0.51764706 0.78039216
v -46.13375473 -38.61866379 34.45055008 0.00784314 0.51764706 0.78039216
v -46.03838348 -38.50364304 34.43872833 0.00784314 0.51764706 0.78039216
v -46.39516068 -38.74273300 34.46330643 0.00784314 0.51764706 0.78039216
v -45.27146530 -41.65624237 34.76284790 0.00784314 0.51764706 0.78039216
v -44.94652176 -41.10293198 34.70596313 0.00784314 0.51764706 0.78039216
v -43.22733307 -41.89976120 34.78788376 0.00784314 0.51764706 0.78039216
v -42.86769104 -41.03606033 34.69908524 0.00784314 0.51764706 0.78039216
v -45.17554092 -39.20434952 34.51076508 0.00784314 0.51764706 0.78039216
v -45.06093597 -39.24772644 34.51522446 0.00784314 0.51764706 0.78039216
v -44.96234131 -38.90146637 34.47962570 0.00784314 0.51764706 0.78039216
v -44.35094070 -40.08878326 34.60169601 0.00784314 0.51764706 0.78039216
v -44.07595062 -39.62053299 34.55355453 0.00784314 0.51764706 0.78039216
v -44.69616699 -38.72010803 34.46098328 0.00784314 0.51764706 0.78039216
v -44.27985001 -37.93188095 34.37994385 0.00784314 0.51764706 0.78039216
v -44.16091156 -37.76290512 34.36257172 0.00784314 0.51764706 0.78039216
v -44.02359772 -37.74727631 34.36096573 0.00784314 0.51764706 0.78039216
v -44.07477188 -37.82129288 34.36857224 0.00784314 0.51764706 0.78039216
v -43.81616974 -39.17817688 34.50807571 0.00784314 0.51764706 0.78039216
v -43.31122589 -38.31836319 34.41967773 0.00784314 0.51764706 0.78039216
v -43.17010880 -38.07807159 34.39497375 0.00784314 0.51764706 0.78039216
v -54.22413635 -37.44234085 31.57373619 0.00784314 0.51764706 0.78039216
v -54.13488007 -37.19839859 31.54865646 0.00784314 0.51764706 0.78039216
v -53.10374832 -34.99872589 31.32250595 0.00784314 0.51764706 0.78039216
v -52.97326660 -34.77390289 31.29939270 0.00784314 0.51764706 0.78039216
v -51.66754532 -32.91891861 31.10867882 0.00784314 0.51764706 0.78039216
v -54.13488007 -37.48475647 34.33397293 0.00784314 0.51764706 0.78039216
v -53.10374832 -35.28508759 34.10782242 0.00784314 0.51764706 0.78039216
v -52.97326660 -35.06026459 34.08470917 0.00784314 0.51764706 0.78039216
v -51.66754532 -33.20528030 33.89399719 0.00784314 0.51764706 0.78039216
v -51.25608444 -32.07972717 31.02240181 0.00784314 0.51764706 0.78039216
v -51.12500000 -31.20721245 30.93269730 0.00784314 0.51764706 0.78039216
v -51.12500000 -28.23486710 30.62710762 0.00784314 0.51764706 0.78039216
v -51.09271622 -28.03211212 30.60626411 0.00784314 0.51764706 0.78039216
v -50.88889313 -28.00000000 30.60296249 0.00784314 0.51764706 0.78039216
v -51.12500000 -28.52122688 33.41242599 0.00784314 0.51764706 0.78039216
v -51.09271622 -28.31847382 33.39158249 0.00784314 0.51764706 0.78039216
v -50.88889313 -28.28636169 33.38827896 0.00784314 0.51764706 0.78039216
v -51.25608444 -32.36608887 33.80772018 0.00784314 0.51764706 0.78039216
v -51.12500000 -31.49357414 33.71801758 0.00784314 0.51764706 0.78039216
v -46.48488617 -37.05207443 34.28948975 0.00784314 0.51764706 0.78039216
v -46.45716858 -37.02450180 34.28665543 0.00784314 0.51764706 0.78039216
v -46.46325302 -37.03055191 34.28727722 0.00784314 0.51764706 0.78039216
v -46.44677353 -37.01416016 34.28559113 0.00784314 0.51764706 0.78039216
v -46.34789276 -37.07272720 34.29161453 0.00784314 0.51764706 0.78039216
v -46.33584213 -37.06053543 34.29035950 0.00784314 0.51764706 0.78039216
v -46.41683197 -36.98437500 34.28252792 0.00784314 0.51764706 0.78039216
v -46.28334427 -37.00742340 34.28490067 0.00784314 0.51764706 0.78039216
v -45.35075760 -37.50458908 34.33601379 0.00784314 0.51764706 0.78039216
v -45.27084351 -37.40984726 34.32627106 0.00784314 0.51764706 0.78039216
v -45.13700867 -37.41659164 34.32696533 0.00784314 0.51764706 0.78039216
v -45.16663742 -37.45232773 34.33063889 0.00784314 0.51764706 0.78039216
v -45.21075058 -37.33860779 34.31894684 0.00784314 0.51764706 0.78039216
v -44.22038269 -36.16452408 34.19823837 0.00784314 0.51764706 0.78039216
v -44.12050629 -36.19069672 34.20093155 0.00784314 0.51764706 0.78039216
v -44.12285995 -36.04890823 34.18635178 0.00784314 0.51764706 0.78039216
v -43.80763626 -37.43489456 34.32884979 0.00784314 0.51764706 0.78039216
v -43.22029495 -36.42661285 34.22518539 0.00784314 0.51764706 0.78039216
v -42.53499222 -34.27857971 34.00434494 0.00784314 0.51764706 0.78039216
v -42.51037979 -34.24889374 34.00129318 0.00784314 0.51764706 0.78039216
v -44.94182968 -28.00000000 30.60296249 0.00784314 0.51764706 0.78039216
v -44.16537476 -27.89831352 30.59250641 0.00784314 0.51764706 0.78039216
v -42.44306564 -27.43924332 30.54530907 0.00784314 0.51764706 0.78039216
v -44.94182968 -28.28636169 33.38827896 0.00784314 0.51764706 0.78039216
v -44.16537476 -28.18467331 33.37782669 0.00784314 0.51764706 0.78039216
v -42.44306564 -27.72560310 33.33062744 0.00784314 0.51764706 0.78039216
v -41.54999924 -45.74108124 32.42693710 0.00784314 0.51764706 0.78039216
v -40.68174744 -46.09883881 32.46371841 0.00784314 0.51764706 0.78039216
v -39.75000000 -46.22085953 32.47626114 0.00784314 0.51764706 0.78039216
v -39.50000000 -46.22085953 32.47626114 0.00784314 0.51764706 0.78039216
v -42.29558563 -45.17197418 32.36842728 0.00784314 0.51764706 0.78039216
v -38.56825256 -46.09883881 32.46371841 0.00784314 0.51764706 0.78039216
v -37.70000076 -45.74108124 32.42693710 0.00784314 0.51764706 0.78039216
v -36.95441437 -45.17197418 32.36842728 0.00784314 0.51764706 0.78039216
v -36.38230896 -44.43029785 32.29217529 0.00784314 0.51764706 0.78039216
v -36.02266693 -43.56660080 32.20337677 0.00784314 0.51764706 0.78039216
v -41.54999924 -46.02744293 35.21225357 0.00784314 0.51764706 0.78039216
v -42.29558563 -45.45833588 35.15374374 0.00784314 0.51764706 0.78039216
v -41.26359177 -46.25276947 35.23542023 0.00784314 0.51764706 0.78039216
v -41.10514069 -46.28883362 35.23912811 0.00784314 0.51764706 0.78039216
v -40.68174744 -46.38519669 35.24903488 0.00784314 0.51764706 0.78039216
v -41.43573761 -47.28297043 35.34133530 0.00784314 0.51764706 0.78039216
v -39.77740479 -47.56930923 35.37077332 0.00784314 0.51764706 0.78039216
v -39.70595169 -46.92665100 35.30470276 0.00784314 0.51764706 0.78039216
v -39.19301605 -47.06129074 35.31854630 0.00784314 0.51764706 0.78039216
v -39.49305344 -46.73824310 35.28533173 0.00784314 0.51764706 0.78039216
v -39.21059418 -46.82213211 35.29395676 0.00784314 0.51764706 0.78039216
v -39.75000000 -46.50722122 35.26158142 0.00784314 0.51764706 0.78039216
v -39.61325836 -46.55072021 35.26605225 0.00784314 0.51764706 0.78039216
v -39.60253143 -46.50722122 35.26158142 0.00784314 0.51764706 0.78039216
v -39.43617630 -46.49886322 35.26072311 0.00784314 0.51764706 0.78039216
v -39.44264984 -46.52610779 35.26352310 0.00784314 0.51764706 0.78039216
v -39.50000000 -46.50722122 35.26158142 0.00784314 0.51764706 0.78039216
v -38.56825256 -46.38519669 35.24903488 0.00784314 0.51764706 0.78039216
v -38.45743179 -46.33953476 35.24434280 0.00784314 0.51764706 0.78039216
v -37.70000076 -46.02744293 35.21225357 0.00784314 0.51764706 0.78039216
v -36.98139191 -46.20093155 35.23009109 0.00784314 0.51764706 0.78039216
v -36.95441437 -45.45833588 35.15374374 0.00784314 0.51764706 0.78039216
v -39.12633514 -46.84716034 35.29653168 0.00784314 0.51764706 0.78039216
v -39.11948395 -46.77866745 35.28948975 0.00784314 0.51764706 0.78039216
v -38.57401276 -46.84676743 35.29648972 0.00784314 0.51764706 0.78039216
v -38.43723679 -46.85720444 35.29756165 0.00784314 0.51764706 0.78039216
v -39.08446121 -46.64406586 35.27565002 0.00784314 0.51764706 0.78039216
v -39.06447220 -46.65064621 35.27632523 0.00784314 0.51764706 0.78039216
v -39.03294373 -46.44605637 35.25529099 0.00784314 0.51764706 0.78039216
v -38.47635651 -46.42186356 35.25280380 0.00784314 0.51764706 0.78039216
v -38.34046173 -46.42193604 35.25281143 0.00784314 0.51764706 0.78039216
v -37.15048599 -47.33410263 35.34659195 0.00784314 0.51764706 0.78039216
v -37.24495697 -47.24983978 35.33792877 0.00784314 0.51764706 0.78039216
v -37.19585419 -46.93278503 35.30533218 0.00784314 0.51764706 0.78039216
v -37.09651566 -46.97241974 35.30941010 0.00784314 0.51764706 0.78039216
v -36.77019882 -46.67517471 35.27884674 0.00784314 0.51764706 0.78039216
v -36.58360291 -47.46763229 35.36032104 0.00784314 0.51764706 0.78039216
v -36.55069351 -47.19020462 35.33179855 0.00784314 0.51764706 0.78039216
v -36.38230896 -44.71665955 35.07749176 0.00784314 0.51764706 0.78039216
v -36.25678253 -44.71262360 35.07707596 0.00784314 0.51764706 0.78039216
v -36.26076889 -44.74623489 35.08053207 0.00784314 0.51764706 0.78039216
v -36.02266693 -43.85296249 34.98869324 0.00784314 0.51764706 0.78039216
v -42.29558563 -40.00802612 31.83751678 0.00784314 0.51764706 0.78039216
v -41.54999924 -39.43891907 31.77900505 0.00784314 0.51764706 0.78039216
v -40.68174744 -39.08116150 31.74222374 0.00784314 0.51764706 0.78039216
v -39.75000000 -38.95913696 31.72967911 0.00784314 0.51764706 0.78039216
v -39.50000000 -38.95913696 31.72967911 0.00784314 0.51764706 0.78039216
v -36.02266693 -41.61339951 32.00256729 0.00784314 0.51764706 0.78039216
v -36.38230896 -40.74969864 31.91376877 0.00784314 0.51764706 0.78039216
v -38.56825256 -39.08116150 31.74222374 0.00784314 0.51764706 0.78039216
v -37.70000076 -39.43891907 31.77900505 0.00784314 0.51764706 0.78039216
v -36.95441437 -40.00802612 31.83751678 0.00784314 0.51764706 0.78039216
v -42.29558563 -40.29438782 34.62283325 0.00784314 0.51764706 0.78039216
v -41.54999924 -39.72528076 34.56432343 0.00784314 0.51764706 0.78039216
v -41.41147232 -39.66820145 34.55845642 0.00784314 0.51764706 0.78039216
v -41.26813126 -39.27295685 34.51781845 0.00784314 0.51764706 0.78039216
v -41.03656006 -38.63443375 34.45217133 0.00784314 0.51764706 0.78039216
v -40.97028732 -38.45169449 34.43338394 0.00784314 0.51764706 0.78039216
v -41.09726715 -38.80182648 34.46938324 0.00784314 0.51764706 0.78039216
v -40.68174744 -39.36752319 34.52754211 0.00784314 0.51764706 0.78039216
v -39.75000000 -39.24549866 34.51499557 0.00784314 0.51764706 0.78039216
v -39.84512329 -39.17486191 34.50773621 0.00784314 0.51764706 0.78039216
v -39.89452362 -39.12000656 34.50209427 0.00784314 0.51764706 0.78039216
v -39.77352142 -39.00955582 34.49074173 0.00784314 0.51764706 0.78039216
v -39.50000000 -39.24549866 34.51499557 0.00784314 0.51764706 0.78039216
v -40.62590408 -37.98427582 34.38533020 0.00784314 0.51764706 0.78039216
v -36.02266693 -41.89976120 34.78788376 0.00784314 0.51764706 0.78039216
v -36.97462082 -40.27896118 34.62125015 0.00784314 0.51764706 0.78039216
v -36.95441437 -40.29438782 34.62283325 0.00784314 0.51764706 0.78039216
v -36.38230896 -41.03606033 34.69908524 0.00784314 0.51764706 0.78039216
v -36.21150589 -41.04155731 34.69964981 0.00784314 0.51764706 0.78039216
v -36.18476486 -40.40394974 34.63409805 0.00784314 0.51764706 0.78039216
v -36.09152603 -40.23751068 34.61698532 0.00784314 0.51764706 0.78039216
v -38.56825256 -39.36752319 34.52754211 0.00784314 0.51764706 0.78039216
v -37.70000076 -39.72528076 34.56432343 0.00784314 0.51764706 0.78039216
v -38.34055710 -37.70544052 34.35666275 0.00784314 0.51764706 0.78039216
v -37.62858963 -38.50181198 34.43853760 0.00784314 0.51764706 0.78039216
v -38.25794220 -37.72708893 34.35888672 0.00784314 0.51764706 0.78039216
v -37.40506363 -37.95060349 34.38186646 0.00784314 0.51764706 0.78039216
v -35.59140778 -47.79437256 35.39391327 0.00784314 0.51764706 0.78039216
v -35.53093338 -46.87503433 35.29939651 0.00784314 0.51764706 0.78039216
v -34.83962631 -47.87291718 35.40198898 0.00784314 0.51764706 0.78039216
v -33.56850433 -47.19152069 35.33193588 0.00784314 0.51764706 0.78039216
v -33.35564423 -47.07626343 35.32008362 0.00784314 0.51764706 0.78039216
v -35.90000153 -42.92609787 34.89340210 0.00784314 0.51764706 0.78039216
v -35.90000153 -42.82662201 34.88317490 0.00784314 0.51764706 0.78039216
v -30.80784416 -46.07319641 35.21695709 0.00784314 0.51764706 0.78039216
v -31.48926544 -47.52684784 35.36640930 0.00784314 0.51764706 0.78039216
v -30.39052773 -44.52392197 35.05767441 0.00784314 0.51764706 0.78039216
v -30.25000000 -42.92609787 34.89340210 0.00784314 0.51764706 0.78039216
v -30.25000000 -42.82662201 34.88317490 0.00784314 0.51764706 0.78039216
v -35.90000153 -42.63973618 32.10808563 0.00784314 0.51764706 0.78039216
v -35.90000153 -42.54026031 32.09785843 0.00784314 0.51764706 0.78039216
v -35.82277298 -41.05405807 34.70093536 0.00784314 0.51764706 0.78039216
v -35.14945221 -41.07571793 34.70316315 0.00784314 0.51764706 0.78039216
v -35.11528015 -40.55619812 34.64974976 0.00784314 0.51764706 0.78039216
v -35.71361542 -40.13386917 34.60633087 0.00784314 0.51764706 0.78039216
v -35.08917618 -40.15937042 34.60895157 0.00784314 0.51764706 0.78039216
v -35.07857513 -39.99822235 34.59238434 0.00784314 0.51764706 0.78039216
v -35.81254959 -38.36795044 34.42477417 0.00784314 0.51764706 0.78039216
v -34.98559189 -38.58467102 34.44705582 0.00784314 0.51764706 0.78039216
v -35.56232834 -38.85858536 34.47521973 0.00784314 0.51764706 0.78039216
v -30.39052773 -41.22879791 34.71890259 0.00784314 0.51764706 0.78039216
v -31.48926544 -38.22587585 34.41016769 0.00784314 0.51764706 0.78039216
v -30.80784416 -39.67952728 34.55961990 0.00784314 0.51764706 0.78039216
v -42.27531433 -35.21848297 34.10097504 0.00784314 0.51764706 0.78039216
v -39.17602158 -37.48648834 34.33415222 0.00784314 0.51764706 0.78039216
v -39.89769745 -36.02813721 34.18421936 0.00784314 0.51764706 0.78039216
v -41.83626938 -34.46038437 34.02303696 0.00784314 0.51764706 0.78039216
v -41.70056915 -34.38714218 34.01550674 0.00784314 0.51764706 0.78039216
v -41.34819412 -33.76699448 33.95174789 0.00784314 0.51764706 0.78039216
v -41.28338623 -33.78371429 33.95346832 0.00784314 0.51764706 0.78039216
v -40.73174667 -33.92604065 33.96810150 0.00784314 0.51764706 0.78039216
v -40.70192337 -33.87525940 33.96287918 0.00784314 0.51764706 0.78039216
v -39.43104172 -34.77458954 34.05533981 0.00784314 0.51764706 0.78039216
v -39.44900513 -34.25699234 34.00212479 0.00784314 0.51764706 0.78039216
v -39.19109726 -34.13003922 33.98907471 0.00784314 0.51764706 0.78039216
v -39.26438522 -33.74792480 33.94978714 0.00784314 0.51764706 0.78039216
v -39.23660278 -33.67132568 33.94191360 0.00784314 0.51764706 0.78039216
v -38.93677139 -36.94255066 34.27822876 0.00784314 0.51764706 0.78039216
v -38.88224792 -36.95194626 34.27919388 0.00784314 0.51764706 0.78039216
v -37.95862198 -36.82701111 34.26634979 0.00784314 0.51764706 0.78039216
v -37.94178009 -36.53936005 34.23677826 0.00784314 0.51764706 0.78039216
v -38.46617889 -35.87265015 34.16823196 0.00784314 0.51764706 0.78039216
v -38.25487518 -35.39225388 34.11884308 0.00784314 0.51764706 0.78039216
v -37.19295502 -36.73508453 34.25690079 0.00784314 0.51764706 0.78039216
v -37.12073517 -36.75395966 34.25883865 0.00784314 0.51764706 0.78039216
v -36.69955826 -37.32806015 34.31786346 0.00784314 0.51764706 0.78039216
v -37.39186096 -35.12271500 34.09112930 0.00784314 0.51764706 0.78039216
v -36.88265228 -35.47664642 34.12751770 0.00784314 0.51764706 0.78039216
v -36.75881958 -35.23078537 34.10224152 0.00784314 0.51764706 0.78039216
v -38.59246826 -34.47798157 34.02484512 0.00784314 0.51764706 0.78039216
v -39.03358841 -33.70693588 33.94557190 0.00784314 0.51764706 0.78039216
v -39.04574966 -33.73960495 33.94893265 0.00784314 0.51764706 0.78039216
v -37.57630920 -33.84952927 33.96023178 0.00784314 0.51764706 0.78039216
v -37.58658218 -33.96074295 33.97166824 0.00784314 0.51764706 0.78039216
v -36.75340271 -34.95246506 34.07362747 0.00784314 0.51764706 0.78039216
v -37.04032135 -34.06560135 33.98244858 0.00784314 0.51764706 0.78039216
v -36.62120438 -34.41632080 34.01850510 0.00784314 0.51764706 0.78039216
v -35.94040298 -34.58847809 34.03620529 0.00784314 0.51764706 0.78039216
v -35.97281265 -34.58028412 34.03536224 0.00784314 0.51764706 0.78039216
v -36.55354691 -34.14194107 33.99029541 0.00784314 0.51764706 0.78039216
v -36.50224304 -34.15093994 33.99122238 0.00784314 0.51764706 0.78039216
v -36.50273132 -34.15299225 33.99143219 0.00784314 0.51764706 0.78039216
v -42.18606186 -27.39416313 30.54067421 0.00784314 0.51764706 0.78039216
v -39.75548553 -27.18263054 30.51892662 0.00784314 0.51764706 0.78039216
v -39.49451447 -27.18263054 30.51892662 0.00784314 0.51764706 0.78039216
v -42.18606186 -27.68052483 33.32599258 0.00784314 0.51764706 0.78039216
v -39.75548553 -27.46899033 33.30424500 0.00784314 0.51764706 0.78039216
v -39.49451447 -27.46899033 33.30424500 0.00784314 0.51764706 0.78039216
v -37.06393814 -27.39416313 30.54067421 0.00784314 0.51764706 0.78039216
v -36.80693436 -27.43924332 30.54530907 0.00784314 0.51764706 0.78039216
v -37.06393814 -27.68052483 33.32599258 0.00784314 0.51764706 0.78039216
v -36.80693436 -27.72560310 33.33062744 0.00784314 0.51764706 0.78039216
v -35.40718460 -37.55075455 34.34075928 0.00784314 0.51764706 0.78039216
v -34.78711700 -35.56739044 34.13684845 0.00784314 0.51764706 0.78039216
v -34.78015518 -35.46157074 34.12596893 0.00784314 0.51764706 0.78039216
v -35.76671600 -34.63240051 34.04072189 0.00784314 0.51764706 0.78039216
v -35.89485931 -34.38481903 34.01526642 0.00784314 0.51764706 0.78039216
v -35.68568420 -34.48184586 34.02524185 0.00784314 0.51764706 0.78039216
v -35.30887985 -34.74817276 34.05262375 0.00784314 0.51764706 0.78039216
v -35.27373123 -34.75706482 34.05353928 0.00784314 0.51764706 0.78039216
v -35.26198959 -34.67838287 34.04544830 0.00784314 0.51764706 0.78039216
v -35.08356476 -34.82271957 34.06028748 0.00784314 0.51764706 0.78039216
v -35.08153915 -34.80566406 34.05853271 0.00784314 0.51764706 0.78039216
v -34.87500000 -34.85789108 34.06390381 0.00784314 0.51764706 0.78039216
v -32.41408920 -36.91201401 34.27508926 0.00784314 0.51764706 0.78039216
v -35.08462524 -27.89831352 30.59250641 0.00784314 0.51764706 0.78039216
v -34.30817032 -28.00000000 30.60296249 0.00784314 0.51764706 0.78039216
v -35.08462524 -28.18467331 33.37782669 0.00784314 0.51764706 0.78039216
v -34.30817032 -28.28636169 33.38827896 0.00784314 0.51764706 0.78039216
v -23.14758301 -65.95835114 39.55730438 0.00784314 0.51764706 0.78039216
v -25.11557961 -66.82458496 41.32566071 0.00784314 0.51764706 0.78039216
v -24.12339211 -66.45415497 40.37938690 0.00784314 0.51764706 0.78039216
v -24.50078773 -66.90316772 40.95458603 0.00784314 0.51764706 0.78039216
v -25.98501968 -67.44778442 43.09886169 0.00784314 0.51764706 0.78039216
v -25.65553856 -67.15791321 42.33558273 0.00784314 0.51764706 0.78039216
v -20.67623329 -64.36159515 38.26185226 0.00784314 0.51764706 0.78039216
v -22.47954941 -65.15526581 38.86930466 0.00784314 0.51764706 0.78039216
v -21.40267563 -65.23870850 38.76502991 0.00784314 0.51764706 0.78039216
v -21.30510330 -65.04855347 38.66389847 0.00784314 0.51764706 0.78039216
v -25.75079346 -55.43247986 33.64231873 0.00784314 0.51764706 0.78039216
v -26.47719193 -57.43947601 34.79842377 0.00784314 0.51764706 0.78039216
v -25.77168274 -57.47462082 34.78327179 0.00784314 0.51764706 0.78039216
v -17.00000000 -55.38497543 33.55234146 0.00784314 0.51764706 0.78039216
v -17.00000000 -57.92062759 34.60216904 0.00784314 0.51764706 0.78039216
v -17.00000000 -56.16969681 33.73387146 0.00784314 0.51764706 0.78039216
v -14.15265751 -65.08263397 38.33598328 0.00784314 0.51764706 0.78039216
v -12.73235703 -65.23668671 38.35088730 0.00784314 0.51764706 0.78039216
v -12.00000000 -64.61617279 38.06387329 0.00784314 0.51764706 0.78039216
v -13.70564842 -57.53860855 34.53912354 0.00784314 0.51764706 0.78039216
v -9.07255363 -55.35891724 33.63596725 0.00784314 0.51764706 0.78039216
v -7.99649286 -56.95209503 34.49077988 0.00784314 0.51764706 0.78039216
v -6.19428062 -56.77211761 34.47968674 0.00784314 0.51764706 0.78039216
v -26.48628998 -67.29872894 43.67003632 0.00784314 0.51764706 0.78039216
v -26.66642189 -67.41308594 44.48964310 0.00784314 0.51764706 0.78039216
v -26.71027374 -67.46907806 44.79219437 0.00784314 0.51764706 0.78039216
v -27.12144089 -67.11100769 45.77284622 0.00784314 0.51764706 0.78039216
v -27.19692612 -67.02460480 46.35477066 0.00784314 0.51764706 0.78039216
v -27.14542961 -67.04106903 46.78376007 0.00784314 0.51764706 0.78039216
v -27.29783630 -66.24316406 47.94117737 0.00784314 0.51764706 0.78039216
v -26.82331848 -66.12536621 48.98463440 0.00784314 0.51764706 0.78039216
v -26.70647240 -65.39406586 49.50445557 0.00784314 0.51764706 0.78039216
v -26.57112694 -65.11683655 49.78291702 0.00784314 0.51764706 0.78039216
v -25.95169258 -64.62472534 50.61625290 0.00784314 0.51764706 0.78039216
v -25.91948700 -63.91438675 50.69569397 0.00784314 0.51764706 0.78039216
v -24.75000000 -63.09562683 51.43066788 0.00784314 0.51764706 0.78039216
v -23.80928802 -62.62765121 51.73295212 0.00784314 0.51764706 0.78039216
v -23.06460762 -61.08409500 51.63047409 0.00784314 0.51764706 0.78039216
v -21.00000000 -61.24129105 51.97747040 0.00784314 0.51764706 0.78039216
v -21.00000000 -59.36529160 51.04714966 0.00784314 0.51764706 0.78039216
v -25.36000061 -53.54507828 46.61090469 0.00784314 0.51764706 0.78039216
v -17.77037048 -53.57781219 46.92929077 0.00784314 0.51764706 0.78039216
v -14.30370331 -53.57781219 46.92929077 0.00784314 0.51764706 0.78039216
v -5.90666676 -53.54507828 46.61090469 0.00784314 0.51764706 0.78039216
v -3.29395914 -107.73732758 45.00000000 0.00784314 0.51764706 0.78039216
v -2.53553486 -108.21387482 45.00000000 0.00784314 0.51764706 0.78039216
v -1.69008374 -108.50971222 45.00000000 0.00784314 0.51764706 0.78039216
v -0.80000001 -108.61000061 45.00000000 0.00784314 0.51764706 0.78039216
v -3.92732596 -107.10395813 45.00000000 0.00784314 0.51764706 0.78039216
v -2.09999990 -104.11000061 48.00000000 0.00784314 0.51764706 0.78039216
v -2.70561838 -100.21562195 53.97356033 0.00784314 0.51764706 0.78039216
v -2.09999990 -100.70999908 54.09474564 0.00784314 0.51764706 0.78039216
v -2.09999990 -100.17940521 53.87496185 0.00784314 0.51764706 0.78039216
v -2.72995758 -101.33107758 54.78301620 0.00784314 0.51764706 0.78039216
v -3.31698442 -101.33107758 55.37004089 0.00784314 0.51764706 0.78039216
v -2.70561838 -101.63643646 55.39438248 0.00784314 0.51764706 0.78039216
v -3.37017059 -100.88017273 54.72982788 0.00784314 0.51764706 0.78039216
v -3.31698442 -100.23995972 54.27892303 0.00784314 0.51764706 0.78039216
v -3.82107592 -100.23995972 54.78301620 0.00784314 0.51764706 0.78039216
v -2.72995758 -100.82698822 54.27892303 0.00784314 0.51764706 0.78039216
v -3.82107592 -100.82698822 55.37004089 0.00784314 0.51764706 0.78039216
v -2.09999990 -101.51525879 54.90000153 0.00784314 0.51764706 0.78039216
v -2.09999990 -101.73503876 55.43059921 0.00784314 0.51764706 0.78039216
v -2.09999990 -101.16563416 54.44436646 0.00784314 0.51764706 0.78039216
v -2.09999990 -95.11000061 48.00000000 0.00784314 0.51764706 0.78039216
v -3.92732596 -92.11604309 45.00000000 0.00784314 0.51764706 0.78039216
v -3.29395914 -91.48267365 45.00000000 0.00784314 0.51764706 0.78039216
v -2.53553486 -91.00612640 45.00000000 0.00784314 0.51764706 0.78039216
v -1.69008374 -90.71028900 45.00000000 0.00784314 0.51764706 0.78039216
v -0.80000001 -90.61000061 45.00000000 0.00784314 0.51764706 0.78039216
v -1.69008374 -90.71028900 49.37139130 0.00784314 0.51764706 0.78039216
v -0.80000001 -90.61000061 49.32295609 0.00784314 0.51764706 0.78039216
v -0.40498140 -90.61000061 49.32295609 0.00784314 0.51764706 0.78039216
v -3.20000005 -99.61000061 54.09474564 0.00784314 0.51764706 0.78039216
v -2.66940188 -99.61000061 53.87496185 0.00784314 0.51764706 0.78039216
v -2.70561838 -99.00437927 53.97356033 0.00784314 0.51764706 0.78039216
v -2.09999990 -99.61000061 53.79999924 0.00784314 0.51764706 0.78039216
v -2.09999990 -99.04059601 53.87496185 0.00784314 0.51764706 0.78039216
v -2.09999990 -98.51000214 54.09474564 0.00784314 0.51764706 0.78039216
v -3.65563488 -99.61000061 54.44436646 0.00784314 0.51764706 0.78039216
v -3.31698442 -98.98004150 54.27892303 0.00784314 0.51764706 0.78039216
v -3.82107592 -98.98004150 54.78301620 0.00784314 0.51764706 0.78039216
v -3.37017059 -98.33982849 54.72982788 0.00784314 0.51764706 0.78039216
v -2.72995758 -98.39301300 54.27892303 0.00784314 0.51764706 0.78039216
v -2.72995758 -97.88892365 54.78301620 0.00784314 0.51764706 0.78039216
v -3.82107592 -98.39301300 55.37004089 0.00784314 0.51764706 0.78039216
v -3.31698442 -97.88892365 55.37004089 0.00784314 0.51764706 0.78039216
v -2.70561838 -97.58356476 55.39438248 0.00784314 0.51764706 0.78039216
v -2.09999990 -98.05436707 54.44436646 0.00784314 0.51764706 0.78039216
v -2.09999990 -97.70474243 54.90000153 0.00784314 0.51764706 0.78039216
v -2.09999990 -97.48496246 55.43059921 0.00784314 0.51764706 0.78039216
v -3.92732596 -92.11604309 50.05029678 0.00784314 0.51764706 0.78039216
v -3.29395914 -91.48267365 49.74441528 0.00784314 0.51764706 0.78039216
v -2.53553486 -91.00612640 49.51426315 0.00784314 0.51764706 0.78039216
v 1.90050387 -90.61000061 49.63017654 0.00784314 0.51764706 0.78039216
v 6.19999981 -95.11000061 52.09999847 0.00784314 0.51764706 0.78039216
v 4.22123432 -90.61000061 50.70996857 0.00784314 0.51764706 0.78039216
v 6.19999981 -90.61000061 52.09999847 0.00784314 0.51764706 0.78039216
v 5.98458958 -90.61000061 52.23462677 0.00784314 0.51764706 0.78039216
v 6.19999981 -90.61000061 52.50703049 0.00784314 0.51764706 0.78039216
v 11.19999981 -108.61000061 51.50000000 0.00784314 0.51764706 0.78039216
v 11.19999981 -104.11000061 51.50000000 0.00784314 0.51764706 0.78039216
v -3.00000000 -75.05216217 42.59842300 0.00784314 0.51764706 0.78039216
v -0.79775149 -75.21983337 42.96855164 0.00784314 0.51764706 0.78039216
v -1.00000000 -87.52880096 47.83489227 0.00784314 0.51764706 0.78039216
v 1.33988905 -87.70695496 48.22815323 0.00784314 0.51764706 0.78039216
v 3.70198536 -87.92115784 49.41139221 0.00784314 0.51764706 0.78039216
v 5.01040745 -85.56536865 49.79832458 0.00784314 0.51764706 0.78039216
v 6.19999981 -88.90512848 52.09999847 0.00784314 0.51764706 0.78039216
v 6.36121607 -85.74540710 51.54949951 0.00784314 0.51764706 0.78039216
v 6.58133888 -86.88527679 52.09999847 0.00784314 0.51764706 0.78039216
v 6.59044218 -85.80200195 52.09999847 0.00784314 0.51764706 0.78039216
v 6.54729271 -82.64789581 52.09999847 0.00784314 0.51764706 0.78039216
v 6.19999981 -80.13596344 52.09999847 0.00784314 0.51764706 0.78039216
v 1.42539799 -75.42144012 44.08218765 0.00784314 0.51764706 0.78039216
v 3.21575880 -74.35730743 45.37690735 0.00784314 0.51764706 0.78039216
v 2.72917533 -73.58406067 44.61081696 0.00784314 0.51764706 0.78039216
v 3.92820334 -73.37367249 46.09452438 0.00784314 0.51764706 0.78039216
v 4.72740650 -73.57099915 48.01385498 0.00784314 0.51764706 0.78039216
v 6.19999981 -78.99929810 53.23666763 0.00784314 0.51764706 0.78039216
v 4.98832417 -73.51768494 49.95436096 0.00784314 0.51764706 0.78039216
v 4.82754660 -72.21786499 50.09129333 0.00784314 0.51764706 0.78039216
v 4.66275454 -72.47318268 51.43276215 0.00784314 0.51764706 0.78039216
v 4.36886692 -71.81729126 52.03902435 0.00784314 0.51764706 0.78039216
v 3.25845790 -71.95661163 54.24146652 0.00784314 0.51764706 0.78039216
v 31.20000076 -108.61000061 51.50000000 0.00784314 0.51764706 0.78039216
v 31.20000076 -104.11000061 51.50000000 0.00784314 0.51764706 0.78039216
v 43.20000076 -108.61000061 45.00000000 0.00784314 0.51764706 0.78039216
v 44.09008408 -108.50971222 45.00000000 0.00784314 0.51764706 0.78039216
v 44.93553543 -108.21387482 45.00000000 0.00784314 0.51764706 0.78039216
v 45.69395828 -107.73732758 45.00000000 0.00784314 0.51764706 0.78039216
v 46.32732773 -107.10395813 45.00000000 0.00784314 0.51764706 0.78039216
v 46.80387497 -106.34553528 45.00000000 0.00784314 0.51764706 0.78039216
v 47.09971237 -105.50008392 45.00000000 0.00784314 0.51764706 0.78039216
v 47.20000076 -104.61000061 45.00000000 0.00784314 0.51764706 0.78039216
v 44.50000000 -104.11000061 48.00000000 0.00784314 0.51764706 0.78039216
v 44.50000000 -100.70999908 54.09474564 0.00784314 0.51764706 0.78039216
v 44.50000000 -100.17940521 53.87496185 0.00784314 0.51764706 0.78039216
v 45.10561752 -100.21562195 53.97356033 0.00784314 0.51764706 0.78039216
v 44.50000000 -101.51525879 54.90000153 0.00784314 0.51764706 0.78039216
v 45.12995911 -101.33107758 54.78301620 0.00784314 0.51764706 0.78039216
v 44.50000000 -101.73503876 55.43059921 0.00784314 0.51764706 0.78039216
v 45.10561752 -101.63643646 55.39438248 0.00784314 0.51764706 0.78039216
v 44.50000000 -101.16563416 54.44436646 0.00784314 0.51764706 0.78039216
v 45.12995911 -100.82698822 54.27892303 0.00784314 0.51764706 0.78039216
v 45.71698380 -101.33107758 55.37004089 0.00784314 0.51764706 0.78039216
v 45.77017212 -100.88017273 54.72982788 0.00784314 0.51764706 0.78039216
v 45.71698380 -100.23995972 54.27892303 0.00784314 0.51764706 0.78039216
v 46.22107697 -100.23995972 54.78301620 0.00784314 0.51764706 0.78039216
v 46.22107697 -100.82698822 55.37004089 0.00784314 0.51764706 0.78039216
v 46.52643967 -100.21562195 55.39438248 0.00784314 0.51764706 0.78039216
v 44.50000000 -95.11000061 48.00000000 0.00784314 0.51764706 0.78039216
v 43.20000076 -90.61000061 45.00000000 0.00784314 0.51764706 0.78039216
v 47.20000076 -94.61000061 45.00000000 0.00784314 0.51764706 0.78039216
v 47.09971237 -93.71991730 45.00000000 0.00784314 0.51764706 0.78039216
v 46.32732773 -92.11604309 45.00000000 0.00784314 0.51764706 0.78039216
v 46.80387497 -92.87446594 45.00000000 0.00784314 0.51764706 0.78039216
v 44.93553543 -91.00612640 45.00000000 0.00784314 0.51764706 0.78039216
v 44.09008408 -90.71028900 45.00000000 0.00784314 0.51764706 0.78039216
v 45.69395828 -91.48267365 45.00000000 0.00784314 0.51764706 0.78039216
v 36.20000076 -95.11000061 52.09999847 0.00784314 0.51764706 0.78039216
v 36.20000076 -90.61000061 52.09999847 0.00784314 0.51764706 0.78039216
v 44.50000000 -99.61000061 53.79999924 0.00784314 0.51764706 0.78039216
v 44.50000000 -99.04059601 53.87496185 0.00784314 0.51764706 0.78039216
v 45.06940079 -99.61000061 53.87496185 0.00784314 0.51764706 0.78039216
v 45.59999847 -99.61000061 54.09474564 0.00784314 0.51764706 0.78039216
v 45.10561752 -99.00437927 53.97356033 0.00784314 0.51764706 0.78039216
v 44.50000000 -98.51000214 54.09474564 0.00784314 0.51764706 0.78039216
v 44.50000000 -98.05436707 54.44436646 0.00784314 0.51764706 0.78039216
v 44.50000000 -97.70474243 54.90000153 0.00784314 0.51764706 0.78039216
v 45.12995911 -98.39301300 54.27892303 0.00784314 0.51764706 0.78039216
v 45.12995911 -97.88892365 54.78301620 0.00784314 0.51764706 0.78039216
v 44.50000000 -97.48496246 55.43059921 0.00784314 0.51764706 0.78039216
v 45.10561752 -97.58356476 55.39438248 0.00784314 0.51764706 0.78039216
v 46.05563354 -99.61000061 54.44436646 0.00784314 0.51764706 0.78039216
v 45.71698380 -98.98004150 54.27892303 0.00784314 0.51764706 0.78039216
v 46.22107697 -98.98004150 54.78301620 0.00784314 0.51764706 0.78039216
v 46.40525436 -99.61000061 54.90000153 0.00784314 0.51764706 0.78039216
v 46.62503815 -99.61000061 55.43059921 0.00784314 0.51764706 0.78039216
v 46.52643967 -99.00437927 55.39438248 0.00784314 0.51764706 0.78039216
v 45.77017212 -98.33982849 54.72982788 0.00784314 0.51764706 0.78039216
v 46.22107697 -98.39301300 55.37004089 0.00784314 0.51764706 0.78039216
v 45.71698380 -97.88892365 55.37004089 0.00784314 0.51764706 0.78039216
v -3.29395914 -107.73732758 60.39510727 0.00784314 0.51764706 0.78039216
v -3.01809955 -107.91065979 60.59647369 0.00784314 0.51764706 0.78039216
v -2.53553486 -108.21387482 60.99931335 0.00784314 0.51764706 0.78039216
v -1.69008374 -108.50971222 61.27420807 0.00784314 0.51764706 0.78039216
v -0.80000001 -108.61000061 61.17709351 0.00784314 0.51764706 0.78039216
v -3.92732596 -107.10395813 59.67609787 0.00784314 0.51764706 0.78039216
v -3.66156936 -107.36971283 59.90571976 0.00784314 0.51764706 0.78039216
v 1.50000000 -108.61000061 60.46837616 0.00784314 0.51764706 0.78039216
v 1.18452060 -108.61000061 60.55127716 0.00784314 0.51764706 0.78039216
v 1.81547940 -108.61000061 60.55127716 0.00784314 0.51764706 0.78039216
v -3.20000005 -101.51525879 56.00000000 0.00784314 0.51764706 0.78039216
v -2.66940188 -101.73503876 56.00000000 0.00784314 0.51764706 0.78039216
v -3.31698442 -101.33107758 56.62995911 0.00784314 0.51764706 0.78039216
v -2.70561838 -101.63643646 56.60561752 0.00784314 0.51764706 0.78039216
v -2.72995758 -101.33107758 57.21698380 0.00784314 0.51764706 0.78039216
v -3.65563488 -101.16563416 56.00000000 0.00784314 0.51764706 0.78039216
v -3.82107592 -100.82698822 56.62995911 0.00784314 0.51764706 0.78039216
v -3.37017059 -100.88017273 57.27017212 0.00784314 0.51764706 0.78039216
v -3.82107592 -100.23995972 57.21698380 0.00784314 0.51764706 0.78039216
v -2.09999990 -101.80999756 56.00000000 0.00784314 0.51764706 0.78039216
v -2.09999990 -101.73503876 56.56940079 0.00784314 0.51764706 0.78039216
v -2.09999990 -101.51525879 57.09999847 0.00784314 0.51764706 0.78039216
v -3.31698442 -100.23995972 57.72107697 0.00784314 0.51764706 0.78039216
v -3.20865536 -100.06922150 57.80865097 0.00784314 0.51764706 0.78039216
v -2.72995758 -100.82698822 57.72107697 0.00784314 0.51764706 0.78039216
v -2.55922008 -100.71865845 57.80865097 0.00784314 0.51764706 0.78039216
v -2.72133255 -100.61033630 57.82928848 0.00784314 0.51764706 0.78039216
v -2.36000061 -100.75828552 57.82923889 0.00784314 0.51764706 0.78039216
v -3.10033536 -100.23133087 57.82928848 0.00784314 0.51764706 0.78039216
v -2.94852805 -100.45852661 57.79307556 0.00784314 0.51764706 0.78039216
v -2.09999990 -101.16563416 57.55563354 0.00784314 0.51764706 0.78039216
v -2.09999990 -100.80999756 57.82852173 0.00784314 0.51764706 0.78039216
v 4.15834427 -108.61000061 61.33159637 0.00784314 0.51764706 0.78039216
v -1.11517012 -109.25974274 62.46578979 0.00784314 0.51764706 0.78039216
v -0.95878094 -109.95073700 65.11079407 0.00784314 0.51764706 0.78039216
v 1.50000000 -109.69927216 62.66490173 0.00784314 0.51764706 0.78039216
v 1.50000000 -110.27274323 65.14389801 0.00784314 0.51764706 0.78039216
v -1.11517012 -109.79466248 67.66870117 0.00784314 0.51764706 0.78039216
v 1.50000000 -110.20219421 67.55667877 0.00784314 0.51764706 0.78039216
v 4.11517000 -109.25974274 62.46578979 0.00784314 0.51764706 0.78039216
v 5.41224861 -108.61000061 62.34816360 0.00784314 0.51764706 0.78039216
v 3.95878100 -109.95073700 65.11079407 0.00784314 0.51764706 0.78039216
v 6.25000000 -109.00665283 65.01373291 0.00784314 0.51764706 0.78039216
v 6.43737888 -108.61000061 63.97982025 0.00784314 0.51764706 0.78039216
v 6.76965761 -108.61000061 64.97294617 0.00784314 0.51764706 0.78039216
v 4.11517000 -109.79466248 67.66870117 0.00784314 0.51764706 0.78039216
v 6.64063644 -108.61000061 67.04336548 0.00784314 0.51764706 0.78039216
v 6.51917696 -108.61000061 67.64110565 0.00784314 0.51764706 0.78039216
v -3.82107592 -98.98004150 57.21698380 0.00784314 0.51764706 0.78039216
v -3.65563488 -98.05436707 56.00000000 0.00784314 0.51764706 0.78039216
v -3.20000005 -97.70474243 56.00000000 0.00784314 0.51764706 0.78039216
v -2.66940188 -97.48496246 56.00000000 0.00784314 0.51764706 0.78039216
v -3.82107592 -98.39301300 56.62995911 0.00784314 0.51764706 0.78039216
v -3.37017059 -98.33982849 57.27017212 0.00784314 0.51764706 0.78039216
v -3.31698442 -97.88892365 56.62995911 0.00784314 0.51764706 0.78039216
v -2.70561838 -97.58356476 56.60561752 0.00784314 0.51764706 0.78039216
v -2.72995758 -97.88892365 57.21698380 0.00784314 0.51764706 0.78039216
v -2.09999990 -97.41000366 56.00000000 0.00784314 0.51764706 0.78039216
v -2.09999990 -97.48496246 56.56940079 0.00784314 0.51764706 0.78039216
v -2.09999990 -97.70474243 57.09999847 0.00784314 0.51764706 0.78039216
v -3.65563488 -99.61000061 57.55563354 0.00784314 0.51764706 0.78039216
v -3.24828267 -99.87000275 57.82923889 0.00784314 0.51764706 0.78039216
v -3.29999995 -99.61000061 57.82852173 0.00784314 0.51764706 0.78039216
v -3.24828267 -99.34999847 57.82923889 0.00784314 0.51764706 0.78039216
v -3.31698442 -98.98004150 57.72107697 0.00784314 0.51764706 0.78039216
v -3.20865536 -99.15077972 57.80865097 0.00784314 0.51764706 0.78039216
v -3.10033536 -98.98867035 57.82928848 0.00784314 0.51764706 0.78039216
v -2.94852805 -98.76147461 57.79307556 0.00784314 0.51764706 0.78039216
v -2.72133255 -98.60966492 57.82928848 0.00784314 0.51764706 0.78039216
v -2.72995758 -98.39301300 57.72107697 0.00784314 0.51764706 0.78039216
v -2.55922008 -98.50134277 57.80865097 0.00784314 0.51764706 0.78039216
v -2.36000061 -98.46171570 57.82923889 0.00784314 0.51764706 0.78039216
v -2.09999990 -98.05436707 57.55563354 0.00784314 0.51764706 0.78039216
v -2.09999990 -98.41000366 57.82852173 0.00784314 0.51764706 0.78039216
v -3.92732596 -92.11604309 67.23769379 0.00784314 0.51764706 0.78039216
v -2.53553486 -91.00612640 66.70166016 0.00784314 0.51764706 0.78039216
v -1.69008374 -90.71028900 66.55878448 0.00784314 0.51764706 0.78039216
v -0.80000001 -90.61000061 66.51035309 0.00784314 0.51764706 0.78039216
v -3.29395914 -91.48267365 66.93180847 0.00784314 0.51764706 0.78039216
v 0.11593520 -90.61000061 66.51035309 0.00784314 0.51764706 0.78039216
v 0.52651829 -90.61000061 66.48280334 0.00784314 0.51764706 0.78039216
v 4.89369011 -90.61000061 65.12333679 0.00784314 0.51764706 0.78039216
v 6.19999981 -90.61000061 63.91231918 0.00784314 0.51764706 0.78039216
v 3.06132555 -90.61000061 65.98099518 0.00784314 0.51764706 0.78039216
v 2.49022794 -90.61000061 66.20313263 0.00784314 0.51764706 0.78039216
v -3.29395914 -107.73732758 70.73535919 0.00784314 0.51764706 0.78039216
v -2.53553486 -108.21387482 70.40634155 0.00784314 0.51764706 0.78039216
v -1.69008374 -108.50971222 70.30518341 0.00784314 0.51764706 0.78039216
v -1.22027111 -108.75296021 70.15999603 0.00784314 0.51764706 0.78039216
v -0.80000001 -108.61000061 70.43694305 0.00784314 0.51764706 0.78039216
v -3.48375773 -107.54753113 70.89728546 0.00784314 0.51764706 0.78039216
v -3.92732596 -107.10395813 71.18223572 0.00784314 0.51764706 0.78039216
v 1.50000000 -109.49244690 69.73882294 0.00784314 0.51764706 0.78039216
v -0.52719486 -108.61000061 70.51200867 0.00784314 0.51764706 0.78039216
v 1.50000000 -108.61000061 70.96201324 0.00784314 0.51764706 0.78039216
v 5.61810112 -108.61000061 68.76949310 0.00784314 0.51764706 0.78039216
v 3.52719498 -108.61000061 70.51200867 0.00784314 0.51764706 0.78039216
v 4.22027111 -108.75296021 70.15999603 0.00784314 0.51764706 0.78039216
v 4.22027111 -108.61000061 70.30295563 0.00784314 0.51764706 0.78039216
v 4.42682362 -108.61000061 70.16218567 0.00784314 0.51764706 0.78039216
v -3.29395914 -107.73732758 81.00000000 0.00784314 0.51764706 0.78039216
v -2.53553486 -108.21387482 81.00000000 0.00784314 0.51764706 0.78039216
v -1.69008374 -108.50971222 81.00000000 0.00784314 0.51764706 0.78039216
v -0.80000001 -108.61000061 81.00000000 0.00784314 0.51764706 0.78039216
v -3.92732596 -107.10395813 81.00000000 0.00784314 0.51764706 0.78039216
v -2.09999990 -104.11000061 81.00000000 0.00784314 0.51764706 0.78039216
v -3.20865536 -100.06922150 81.00000000 0.00784314 0.51764706 0.78039216
v -2.55922008 -100.71865845 81.00000000 0.00784314 0.51764706 0.78039216
v -2.94852805 -100.45852661 81.00000000 0.00784314 0.51764706 0.78039216
v -2.09999990 -100.80999756 81.00000000 0.00784314 0.51764706 0.78039216
v -3.29999995 -99.61000061 81.00000000 0.00784314 0.51764706 0.78039216
v -3.20865536 -99.15077972 81.00000000 0.00784314 0.51764706 0.78039216
v -2.94852805 -98.76147461 81.00000000 0.00784314 0.51764706 0.78039216
v -2.55922008 -98.50134277 81.00000000 0.00784314 0.51764706 0.78039216
v -2.09999990 -98.41000366 81.00000000 0.00784314 0.51764706 0.78039216
v -2.09999990 -95.11000061 81.00000000 0.00784314 0.51764706 0.78039216
v -3.92732596 -92.11604309 81.00000000 0.00784314 0.51764706 0.78039216
v -3.29395914 -91.48267365 81.00000000 0.00784314 0.51764706 0.78039216
v -2.53553486 -91.00612640 81.00000000 0.00784314 0.51764706 0.78039216
v -1.69008374 -90.71028900 81.00000000 0.00784314 0.51764706 0.78039216
v -0.80000001 -90.61000061 81.00000000 0.00784314 0.51764706 0.78039216
v 6.19999981 -95.11000061 81.00000000 0.00784314 0.51764706 0.78039216
v 6.19999981 -90.61000061 81.00000000 0.00784314 0.51764706 0.78039216
v 11.19999981 -108.61000061 81.00000000 0.00784314 0.51764706 0.78039216
v 11.19999981 -104.11000061 81.00000000 0.00784314 0.51764706 0.78039216
v 1.43392670 -82.18280029 61.91107941 0.00784314 0.51764706 0.78039216
v 6.19999981 -87.08986664 61.58207703 0.00784314 0.51764706 0.78039216
v 6.19999981 -80.95188141 56.37508392 0.00784314 0.51764706 0.78039216
v 6.19999981 -84.17072296 59.11395645 0.00784314 0.51764706 0.78039216
v 5.64961147 -84.23977661 60.20562363 0.00784314 0.51764706 0.78039216
v -1.00000000 -84.83132172 63.71953964 0.00784314 0.51764706 0.78039216
v 1.33988905 -84.65316772 63.32627869 0.00784314 0.51764706 0.78039216
v -1.00000000 -82.70519257 62.66518021 0.00784314 0.51764706 0.78039216
v 3.70198536 -84.43896484 62.14303970 0.00784314 0.51764706 0.78039216
v -0.79775149 -72.34568787 57.17855072 0.00784314 0.51764706 0.78039216
v -3.00000000 -71.00222778 56.80180359 0.00784314 0.51764706 0.78039216
v -2.98068976 -70.63002014 56.61532211 0.00784314 0.51764706 0.78039216
v -0.41842967 -71.67096710 56.66951370 0.00784314 0.51764706 0.78039216
v 1.42539799 -72.14408112 56.06491470 0.00784314 0.51764706 0.78039216
v 44.50000000 -101.80999756 56.00000000 0.00784314 0.51764706 0.78039216
v 45.06940079 -101.73503876 56.00000000 0.00784314 0.51764706 0.78039216
v 45.59999847 -101.51525879 56.00000000 0.00784314 0.51764706 0.78039216
v 44.50000000 -101.73503876 56.56940079 0.00784314 0.51764706 0.78039216
v 44.50000000 -101.51525879 57.09999847 0.00784314 0.51764706 0.78039216
v 45.10561752 -101.63643646 56.60561752 0.00784314 0.51764706 0.78039216
v 45.12995911 -101.33107758 57.21698380 0.00784314 0.51764706 0.78039216
v 45.71698380 -101.33107758 56.62995911 0.00784314 0.51764706 0.78039216
v 46.05563354 -101.16563416 56.00000000 0.00784314 0.51764706 0.78039216
v 46.40525436 -100.70999908 56.00000000 0.00784314 0.51764706 0.78039216
v 46.62503815 -100.17940521 56.00000000 0.00784314 0.51764706 0.78039216
v 46.22107697 -100.82698822 56.62995911 0.00784314 0.51764706 0.78039216
v 45.77017212 -100.88017273 57.27017212 0.00784314 0.51764706 0.78039216
v 46.22107697 -100.23995972 57.21698380 0.00784314 0.51764706 0.78039216
v 46.52643967 -100.21562195 56.60561752 0.00784314 0.51764706 0.78039216
v 44.50000000 -101.16563416 57.55563354 0.00784314 0.51764706 0.78039216
v 44.50000000 -100.80999756 57.82852173 0.00784314 0.51764706 0.78039216
v 44.76000214 -100.75828552 57.82923889 0.00784314 0.51764706 0.78039216
v 45.12995911 -100.82698822 57.72107697 0.00784314 0.51764706 0.78039216
v 44.95922089 -100.71865845 57.80865097 0.00784314 0.51764706 0.78039216
v 45.12133408 -100.61033630 57.82928848 0.00784314 0.51764706 0.78039216
v 45.34852982 -100.45852661 57.79307556 0.00784314 0.51764706 0.78039216
v 45.50033569 -100.23133087 57.82928848 0.00784314 0.51764706 0.78039216
v 45.71698380 -100.23995972 57.72107697 0.00784314 0.51764706 0.78039216
v 45.60865402 -100.06922150 57.80865097 0.00784314 0.51764706 0.78039216
v 44.50000000 -97.41000366 56.00000000 0.00784314 0.51764706 0.78039216
v 45.06940079 -97.48496246 56.00000000 0.00784314 0.51764706 0.78039216
v 45.59999847 -97.70474243 56.00000000 0.00784314 0.51764706 0.78039216
v 44.50000000 -97.48496246 56.56940079 0.00784314 0.51764706 0.78039216
v 44.50000000 -97.70474243 57.09999847 0.00784314 0.51764706 0.78039216
v 45.10561752 -97.58356476 56.60561752 0.00784314 0.51764706 0.78039216
v 45.12995911 -97.88892365 57.21698380 0.00784314 0.51764706 0.78039216
v 46.70000076 -99.61000061 56.00000000 0.00784314 0.51764706 0.78039216
v 46.62503815 -99.04059601 56.00000000 0.00784314 0.51764706 0.78039216
v 46.22107697 -98.98004150 57.21698380 0.00784314 0.51764706 0.78039216
v 46.62503815 -99.61000061 56.56940079 0.00784314 0.51764706 0.78039216
v 46.40525436 -99.61000061 57.09999847 0.00784314 0.51764706 0.78039216
v 46.52643967 -99.00437927 56.60561752 0.00784314 0.51764706 0.78039216
v 46.05563354 -98.05436707 56.00000000 0.00784314 0.51764706 0.78039216
v 46.40525436 -98.51000214 56.00000000 0.00784314 0.51764706 0.78039216
v 46.22107697 -98.39301300 56.62995911 0.00784314 0.51764706 0.78039216
v 45.77017212 -98.33982849 57.27017212 0.00784314 0.51764706 0.78039216
v 45.71698380 -97.88892365 56.62995911 0.00784314 0.51764706 0.78039216
v 45.12133408 -98.60966492 57.82928848 0.00784314 0.51764706 0.78039216
v 45.50033569 -98.98867035 57.82928848 0.00784314 0.51764706 0.78039216
v 45.34852982 -98.76147461 57.79307556 0.00784314 0.51764706 0.78039216
v 44.50000000 -98.05436707 57.55563354 0.00784314 0.51764706 0.78039216
v 44.50000000 -98.41000366 57.82852173 0.00784314 0.51764706 0.78039216
v 44.76000214 -98.46171570 57.82923889 0.00784314 0.51764706 0.78039216
v 45.12995911 -98.39301300 57.72107697 0.00784314 0.51764706 0.78039216
v 44.95922089 -98.50134277 57.80865097 0.00784314 0.51764706 0.78039216
v 46.05563354 -99.61000061 57.55563354 0.00784314 0.51764706 0.78039216
v 45.64828110 -99.87000275 57.82923889 0.00784314 0.51764706 0.78039216
v 45.70000076 -99.61000061 57.82852173 0.00784314 0.51764706 0.78039216
v 45.64828110 -99.34999847 57.82923889 0.00784314 0.51764706 0.78039216
v 45.71698380 -98.98004150 57.72107697 0.00784314 0.51764706 0.78039216
v 45.60865402 -99.15077972 57.80865097 0.00784314 0.51764706 0.78039216
v 31.20000076 -108.61000061 81.00000000 0.00784314 0.51764706 0.78039216
v 31.20000076 -104.11000061 81.00000000 0.00784314 0.51764706 0.78039216
v 43.20000076 -108.61000061 81.00000000 0.00784314 0.51764706 0.78039216
v 44.09008408 -108.50971222 81.00000000 0.00784314 0.51764706 0.78039216
v 44.93553543 -108.21387482 81.00000000 0.00784314 0.51764706 0.78039216
v 45.69395828 -107.73732758 81.00000000 0.00784314 0.51764706 0.78039216
v 46.32732773 -107.10395813 81.00000000 0.00784314 0.51764706 0.78039216
v 46.80387497 -106.34553528 81.00000000 0.00784314 0.51764706 0.78039216
v 47.09971237 -105.50008392 81.00000000 0.00784314 0.51764706 0.78039216
v 44.50000000 -104.11000061 81.00000000 0.00784314 0.51764706 0.78039216
v 47.20000076 -104.61000061 81.00000000 0.00784314 0.51764706 0.78039216
v 44.50000000 -100.80999756 81.00000000 0.00784314 0.51764706 0.78039216
v 44.95922089 -100.71865845 81.00000000 0.00784314 0.51764706 0.78039216
v 45.34852982 -100.45852661 81.00000000 0.00784314 0.51764706 0.78039216
v 45.60865402 -100.06922150 81.00000000 0.00784314 0.51764706 0.78039216
v 36.20000076 -95.11000061 81.00000000 0.00784314 0.51764706 0.78039216
v 36.20000076 -90.61000061 81.00000000 0.00784314 0.51764706 0.78039216
v 45.34852982 -98.76147461 81.00000000 0.00784314 0.51764706 0.78039216
v 44.50000000 -98.41000366 81.00000000 0.00784314 0.51764706 0.78039216
v 44.95922089 -98.50134277 81.00000000 0.00784314 0.51764706 0.78039216
v 45.70000076 -99.61000061 81.00000000 0.00784314 0.51764706 0.78039216
v 45.60865402 -99.15077972 81.00000000 0.00784314 0.51764706 0.78039216
v 44.50000000 -95.11000061 81.00000000 0.00784314 0.51764706 0.78039216
v 43.20000076 -90.61000061 81.00000000 0.00784314 0.51764706 0.78039216
v 47.20000076 -94.61000061 81.00000000 0.00784314 0.51764706 0.78039216
v 47.09971237 -93.71991730 81.00000000 0.00784314 0.51764706 0.78039216
v 46.32732773 -92.11604309 81.00000000 0.00784314 0.51764706 0.78039216
v 46.80387497 -92.87446594 81.00000000 0.00784314 0.51764706 0.78039216
v 44.93553543 -91.00612640 81.00000000 0.00784314 0.51764706 0.78039216
v 44.09008408 -90.71028900 81.00000000 0.00784314 0.51764706 0.78039216
v 45.69395828 -91.48267365 81.00000000 0.00784314 0.51764706 0.78039216
v -2.44007468 -64.22746277 38.28425598 0.00784314 0.51764706 0.78039216
v -3.00000000 -63.62141418 37.96160126 0.00784314 0.51764706 0.78039216
v -0.93539202 -63.77861023 38.30859756 0.00784314 0.51764706 0.78039216
v -0.36266330 -64.71174622 38.94947815 0.00784314 0.51764706 0.78039216
v 1.15162134 -64.08400726 39.40069580 0.00784314 0.51764706 0.78039216
v 1.83937514 -64.82363892 40.34577560 0.00784314 0.51764706 0.78039216
v 2.86730433 -64.14337158 41.06211853 0.00784314 0.51764706 0.78039216
v 3.51980782 -64.26351929 42.09777451 0.00784314 0.51764706 0.78039216
v 3.57751298 -64.20104980 42.16227341 0.00784314 0.51764706 0.78039216
v 3.96412253 -64.09167480 43.02107620 0.00784314 0.51764706 0.78039216
v -2.69737101 -55.30786896 33.41050339 0.00784314 0.51764706 0.78039216
v -2.31843829 -55.33008194 33.41278839 0.00784314 0.51764706 0.78039216
v -1.41619158 -55.58744049 33.43924713 0.00784314 0.51764706 0.78039216
v 0.02598704 -56.25641632 33.50802612 0.00784314 0.51764706 0.78039216
v 0.27121755 -56.34520340 33.51715469 0.00784314 0.51764706 0.78039216
v -2.69737101 -55.35604858 33.87915039 0.00784314 0.51764706 0.78039216
v -2.31843829 -55.38078690 33.90595627 0.00784314 0.51764706 0.78039216
v -1.41619158 -55.65285492 34.07549667 0.00784314 0.51764706 0.78039216
v -0.65320033 -56.02502060 34.28932953 0.00784314 0.51764706 0.78039216
v -0.62745333 -56.03812027 34.30181122 0.00784314 0.51764706 0.78039216
v 0.02598704 -56.35637283 34.48028564 0.00784314 0.51764706 0.78039216
v 0.27121755 -56.44979095 34.53443909 0.00784314 0.51764706 0.78039216
v 0.28721547 -56.45429230 34.53718567 0.00784314 0.51764706 0.78039216
v 0.90970320 -56.62994003 34.64887238 0.00784314 0.51764706 0.78039216
v 1.89476347 -56.92523575 34.99423981 0.00784314 0.51764706 0.78039216
v -2.13343763 -48.03276825 35.41842270 0.00784314 0.51764706 0.78039216
v -1.81091106 -48.49097061 35.46553040 0.00784314 0.51764706 0.78039216
v -0.79396337 -48.22456741 35.43814087 0.00784314 0.51764706 0.78039216
v 2.11131358 -51.22293854 35.74640656 0.00784314 0.51764706 0.78039216
v -0.50265968 -49.74222183 35.59417343 0.00784314 0.51764706 0.78039216
v 0.64999998 -50.54508972 35.67671585 0.00784314 0.51764706 0.78039216
v -0.75656140 -48.64983368 35.48186493 0.00784314 0.51764706 0.78039216
v -0.67078537 -48.64165878 35.48102570 0.00784314 0.51764706 0.78039216
v -0.67078537 -48.46696091 35.46306229 0.00784314 0.51764706 0.78039216
v 0.47882059 -48.59876251 35.47661209 0.00784314 0.51764706 0.78039216
v 1.95404518 -48.10629654 35.42598343 0.00784314 0.51764706 0.78039216
v 2.54375768 -56.95093536 33.57942963 0.00784314 0.51764706 0.78039216
v 2.80076170 -56.99601364 33.58406448 0.00784314 0.51764706 0.78039216
v 5.14451551 -57.19999313 33.60503387 0.00784314 0.51764706 0.78039216
v 5.40548468 -57.19999313 33.60503387 0.00784314 0.51764706 0.78039216
v 7.74923849 -56.99601364 33.58406448 0.00784314 0.51764706 0.78039216
v 8.00624275 -56.95093536 33.57942963 0.00784314 0.51764706 0.78039216
v 2.54375768 -57.12097549 35.23333740 0.00784314 0.51764706 0.78039216
v 2.61385441 -57.13540649 35.25536728 0.00784314 0.51764706 0.78039216
v 2.80076170 -57.18284607 35.40128708 0.00784314 0.51764706 0.78039216
v 4.17677546 -57.40213013 36.38169479 0.00784314 0.51764706 0.78039216
v 4.52131701 -57.06987000 36.34753418 0.00784314 0.51764706 0.78039216
v 5.14451551 -57.48635101 36.39035416 0.00784314 0.51764706 0.78039216
v 5.40548468 -57.48635101 36.39035416 0.00784314 0.51764706 0.78039216
v 7.74923849 -57.28237534 36.36938477 0.00784314 0.51764706 0.78039216
v 8.00624275 -57.23729706 36.36474991 0.00784314 0.51764706 0.78039216
v 5.88030338 -54.98724747 36.13341904 0.00784314 0.51764706 0.78039216
v 5.96884346 -54.84878540 36.11918259 0.00784314 0.51764706 0.78039216
v 6.02830553 -54.72564697 36.10652542 0.00784314 0.51764706 0.78039216
v 6.15627289 -54.09265137 36.04144287 0.00784314 0.51764706 0.78039216
v 2.76004124 -51.39585495 35.76418686 0.00784314 0.51764706 0.78039216
v 3.71577740 -51.37278366 35.76181412 0.00784314 0.51764706 0.78039216
v 5.25067997 -51.55709076 35.78076172 0.00784314 0.51764706 0.78039216
v 5.32389927 -51.33396530 35.75782394 0.00784314 0.51764706 0.78039216
v 5.27500010 -51.33514404 35.75794220 0.00784314 0.51764706 0.78039216
v 5.05700397 -49.79895401 35.60000610 0.00784314 0.51764706 0.78039216
v 6.31768703 -53.02130508 35.93129730 0.00784314 0.51764706 0.78039216
v 6.23025036 -52.44096375 35.87163544 0.00784314 0.51764706 0.78039216
v 6.30058479 -52.45034027 35.96281433 0.00784314 0.51764706 0.78039216
v 6.15627289 -51.94995880 35.82115173 0.00784314 0.51764706 0.78039216
v 6.47115231 -53.04175949 36.13024902 0.00784314 0.51764706 0.78039216
v 6.58788872 -52.51012421 36.54433060 0.00784314 0.51764706 0.78039216
v 6.10684538 -51.70546341 35.79601669 0.00784314 0.51764706 0.78039216
v 6.88124561 -51.63806534 35.78908539 0.00784314 0.51764706 0.78039216
v 7.44971323 -51.48654556 35.77350998 0.00784314 0.51764706 0.78039216
v 8.21327019 -51.28302383 35.75258636 0.00784314 0.51764706 0.78039216
v 8.43868637 -51.22293854 35.74640656 0.00784314 0.51764706 0.78039216
v 6.80297756 -50.44902420 35.66683960 0.00784314 0.51764706 0.78039216
v 6.38349819 -48.52662659 35.46919632 0.00784314 0.51764706 0.78039216
v 8.00624275 -50.04103851 35.62489700 0.00784314 0.51764706 0.78039216
v 8.24302292 -50.42730331 35.66460800 0.00784314 0.51764706 0.78039216
v 7.93570852 -49.17765427 35.53612900 0.00784314 0.51764706 0.78039216
v 8.00624275 -48.21836853 35.43750381 0.00784314 0.51764706 0.78039216
v 8.29399300 -48.96136856 35.51389313 0.00784314 0.51764706 0.78039216
v 5.96884346 -56.47451019 37.74490738 0.00784314 0.51764706 0.78039216
v 6.80165052 -54.82267761 37.64041519 0.00784314 0.51764706 0.78039216
v 7.07055473 -53.18975449 37.56974792 0.00784314 0.51764706 0.78039216
v 7.07055473 -54.89334488 39.27333832 0.00784314 0.51764706 0.78039216
v 7.27500010 -53.34857178 39.11452103 0.00784314 0.51764706 0.78039216
v 6.80165052 -55.16051865 40.92646790 0.00784314 0.51764706 0.78039216
v 7.07055473 -53.50739288 40.65929031 0.00784314 0.51764706 0.78039216
v 6.47115231 -53.65538788 42.09878922 0.00784314 0.51764706 0.78039216
v 6.97557402 -52.60584641 37.47537994 0.00784314 0.51764706 0.78039216
v 7.07055473 -52.66907883 38.09042358 0.00784314 0.51764706 0.78039216
v 7.19819403 -52.76823425 39.05485535 0.00784314 0.51764706 0.78039216
v 7.07055473 -52.86738968 40.01928711 0.00784314 0.51764706 0.78039216
v 6.97557402 -52.93062210 40.63433075 0.00784314 0.51764706 0.78039216
v 6.30058479 -53.08612823 42.14689255 0.00784314 0.51764706 0.78039216
v 6.58788872 -53.02634430 41.56538010 0.00784314 0.51764706 0.78039216
v 10.27878284 -56.34520340 33.51715469 0.00784314 0.51764706 0.78039216
v 10.52401257 -56.25641632 33.50802612 0.00784314 0.51764706 0.78039216
v 12.11926842 -55.51643372 33.43194962 0.00784314 0.51764706 0.78039216
v 12.44740868 -55.38701630 33.41864395 0.00784314 0.51764706 0.78039216
v 13.37379837 -55.23686218 33.40320587 0.00784314 0.51764706 0.78039216
v 10.27878284 -56.63156509 36.30247116 0.00784314 0.51764706 0.78039216
v 10.52401257 -56.54277420 36.29334259 0.00784314 0.51764706 0.78039216
v 12.11926842 -55.80279541 36.21726608 0.00784314 0.51764706 0.78039216
v 12.44740868 -55.67337799 36.20396042 0.00784314 0.51764706 0.78039216
v 13.37379837 -55.52322388 36.18852234 0.00784314 0.51764706 0.78039216
v 9.89999962 -50.54508972 35.67671585 0.00784314 0.51764706 0.78039216
v 11.22078514 -49.62511826 35.58213425 0.00784314 0.51764706 0.78039216
v 16.54224777 -55.22286224 33.40176392 0.00784314 0.51764706 0.78039216
v 16.74253845 -55.19085312 33.39847565 0.00784314 0.51764706 0.78039216
v 16.77499962 -54.98696899 33.37751389 0.00784314 0.51764706 0.78039216
v 16.54224777 -55.50922394 36.18708420 0.00784314 0.51764706 0.78039216
v 16.74253845 -55.47721481 36.18379211 0.00784314 0.51764706 0.78039216
v 16.77499962 -55.27332687 36.16283035 0.00784314 0.51764706 0.78039216
v 16.77499962 -52.80893326 33.15358734 0.00784314 0.51764706 0.78039216
v 16.90608597 -51.93641663 33.06388474 0.00784314 0.51764706 0.78039216
v 17.31754303 -51.09722900 32.97760391 0.00784314 0.51764706 0.78039216
v 18.19025230 -49.85740662 32.85013962 0.00784314 0.51764706 0.78039216
v 18.32073593 -49.63258362 32.82702637 0.00784314 0.51764706 0.78039216
v 16.77499962 -53.09529495 35.93890762 0.00784314 0.51764706 0.78039216
v 16.90608597 -52.22277832 35.84920120 0.00784314 0.51764706 0.78039216
v 17.31754303 -51.38358688 35.76292419 0.00784314 0.51764706 0.78039216
v 18.19025230 -50.14376831 35.63545609 0.00784314 0.51764706 0.78039216
v 18.32073593 -49.91894531 35.61234283 0.00784314 0.51764706 0.78039216
v 4.30003452 -63.53789902 43.61124802 0.00784314 0.51764706 0.78039216
v 4.44919205 -63.67630005 44.74099350 0.00784314 0.51764706 0.78039216
v 4.52653456 -63.03376007 45.24040222 0.00784314 0.51764706 0.78039216
v 4.39882183 -63.07968140 46.16506958 0.00784314 0.51764706 0.78039216
v 3.97563863 -62.23015594 47.57624817 0.00784314 0.51764706 0.78039216
v 4.24444389 -62.62987518 46.90050125 0.00784314 0.51764706 0.78039216
v 3.57877445 -62.55761719 48.51447296 0.00784314 0.51764706 0.78039216
v 2.86730433 -60.71933746 48.87695694 0.00784314 0.51764706 0.78039216
v -3.00000000 -61.24129105 51.97747040 0.00784314 0.51764706 0.78039216
v -0.93539202 -61.08409500 51.63047409 0.00784314 0.51764706 0.78039216
v -0.85241759 -58.90435410 50.38177109 0.00784314 0.51764706 0.78039216
v -3.00000000 -59.36529160 51.04714966 0.00784314 0.51764706 0.78039216
v 1.14881063 -60.89509201 50.58643723 0.00784314 0.51764706 0.78039216
v -0.03827015 -53.49755478 46.14866257 0.00784314 0.51764706 0.78039216
v 1.64208162 -53.47009277 45.88155746 0.00784314 0.51764706 0.78039216
v 5.53899384 -53.19031143 43.16022491 0.00784314 0.51764706 0.78039216
v 4.11656475 -53.33578491 44.57519531 0.00784314 0.51764706 0.78039216
v 2.15730858 -44.08056259 32.25621796 0.00784314 0.51764706 0.78039216
v 1.89210653 -43.51481628 32.19805145 0.00784314 0.51764706 0.78039216
v 1.72969210 -42.91185379 32.13606262 0.00784314 0.51764706 0.78039216
v -3.41715670 -45.72345734 35.18099976 0.00784314 0.51764706 0.78039216
v -2.73573494 -47.17710876 35.33045197 0.00784314 0.51764706 0.78039216
v 2.15730858 -44.36692429 35.04153442 0.00784314 0.51764706 0.78039216
v 1.89210653 -43.80117798 34.98337173 0.00784314 0.51764706 0.78039216
v 1.72969210 -43.19821548 34.92137909 0.00784314 0.51764706 0.78039216
v 1.67499995 -42.29000092 32.07212830 0.00784314 0.51764706 0.78039216
v 1.72969210 -41.66814423 32.00819397 0.00784314 0.51764706 0.78039216
v 1.89210653 -41.06518555 31.94620323 0.00784314 0.51764706 0.78039216
v 2.15730858 -40.49943924 31.88803864 0.00784314 0.51764706 0.78039216
v -3.83447170 -40.97853851 34.69317245 0.00784314 0.51764706 0.78039216
v -3.41715670 -39.42926407 34.53388977 0.00784314 0.51764706 0.78039216
v -2.73573494 -37.97561264 34.38443756 0.00784314 0.51764706 0.78039216
v 1.67499995 -42.57636261 34.85744476 0.00784314 0.51764706 0.78039216
v 1.72969210 -41.95450592 34.79351425 0.00784314 0.51764706 0.78039216
v 1.37614667 -40.25296402 34.61857605 0.00784314 0.51764706 0.78039216
v 1.89210653 -41.35154343 34.73152161 0.00784314 0.51764706 0.78039216
v 2.15730858 -40.78580093 34.67335510 0.00784314 0.51764706 0.78039216
v 3.47499990 -45.39134216 32.39097977 0.00784314 0.51764706 0.78039216
v 4.04372740 -45.65515518 32.41810226 0.00784314 0.51764706 0.78039216
v 4.64986658 -45.81671906 32.43471146 0.00784314 0.51764706 0.78039216
v 5.27500010 -45.87112427 32.44030762 0.00784314 0.51764706 0.78039216
v 2.96096468 -45.03329849 32.35416794 0.00784314 0.51764706 0.78039216
v 2.51724005 -44.59189987 32.30878830 0.00784314 0.51764706 0.78039216
v 5.90013361 -45.81671906 32.43471146 0.00784314 0.51764706 0.78039216
v 6.50627232 -45.65515518 32.41810226 0.00784314 0.51764706 0.78039216
v 7.07499981 -45.39134216 32.39097977 0.00784314 0.51764706 0.78039216
v 7.58903551 -45.03329849 32.35416794 0.00784314 0.51764706 0.78039216
v 8.03275967 -44.59189987 32.30878830 0.00784314 0.51764706 0.78039216
v 8.39269161 -44.08056259 32.25621796 0.00784314 0.51764706 0.78039216
v 8.65789318 -43.51481628 32.19805145 0.00784314 0.51764706 0.78039216
v 8.82030773 -42.91185379 32.13606262 0.00784314 0.51764706 0.78039216
v 3.47499990 -45.67770386 35.17629623 0.00784314 0.51764706 0.78039216
v 4.64986658 -46.10308075 35.22003174 0.00784314 0.51764706 0.78039216
v 4.04372740 -45.94151688 35.20341873 0.00784314 0.51764706 0.78039216
v 5.27500010 -46.15748596 35.22562408 0.00784314 0.51764706 0.78039216
v 4.50295544 -46.93188477 35.30524063 0.00784314 0.51764706 0.78039216
v 2.51724005 -44.87826157 35.09410477 0.00784314 0.51764706 0.78039216
v 2.96096468 -45.31966019 35.13948822 0.00784314 0.51764706 0.78039216
v 5.90013361 -46.10308075 35.22003174 0.00784314 0.51764706 0.78039216
v 6.50627232 -45.94151688 35.20341873 0.00784314 0.51764706 0.78039216
v 7.07499981 -45.67770386 35.17629623 0.00784314 0.51764706 0.78039216
v 8.40256500 -45.83874512 35.19285583 0.00784314 0.51764706 0.78039216
v 7.92220354 -47.63447571 35.37747574 0.00784314 0.51764706 0.78039216
v 7.58903551 -45.31966019 35.13948822 0.00784314 0.51764706 0.78039216
v 7.89924479 -45.01107788 35.10776138 0.00784314 0.51764706 0.78039216
v 8.00624275 -44.90464020 35.09681702 0.00784314 0.51764706 0.78039216
v 8.03275967 -44.87826157 35.09410477 0.00784314 0.51764706 0.78039216
v 8.39269161 -44.36692429 35.04153442 0.00784314 0.51764706 0.78039216
v 8.45863152 -44.22625732 35.02707291 0.00784314 0.51764706 0.78039216
v 8.65789318 -43.80117798 34.98337173 0.00784314 0.51764706 0.78039216
v 8.82030773 -43.19821548 34.92137909 0.00784314 0.51764706 0.78039216
v 2.51724005 -39.98809814 31.83546829 0.00784314 0.51764706 0.78039216
v 2.96096468 -39.54669952 31.79008675 0.00784314 0.51764706 0.78039216
v 3.47499990 -39.18865585 31.75327682 0.00784314 0.51764706 0.78039216
v 4.04372740 -38.92484665 31.72615433 0.00784314 0.51764706 0.78039216
v 4.64986658 -38.76328278 31.70954323 0.00784314 0.51764706 0.78039216
v 5.27500010 -38.70887756 31.70394897 0.00784314 0.51764706 0.78039216
v 8.82030773 -41.66814423 32.00819397 0.00784314 0.51764706 0.78039216
v 8.65789318 -41.06518555 31.94620323 0.00784314 0.51764706 0.78039216
v 8.39269161 -40.49943924 31.88803864 0.00784314 0.51764706 0.78039216
v 6.50627232 -38.92484665 31.72615433 0.00784314 0.51764706 0.78039216
v 7.07499981 -39.18865585 31.75327682 0.00784314 0.51764706 0.78039216
v 5.90013361 -38.76328278 31.70954323 0.00784314 0.51764706 0.78039216
v 7.58903551 -39.54669952 31.79008675 0.00784314 0.51764706 0.78039216
v 8.03275967 -39.98809814 31.83546829 0.00784314 0.51764706 0.78039216
v 2.51724005 -40.27445984 34.62078476 0.00784314 0.51764706 0.78039216
v 2.96096468 -39.83306122 34.57540512 0.00784314 0.51764706 0.78039216
v 3.47499990 -39.47501755 34.53859329 0.00784314 0.51764706 0.78039216
v 3.80473185 -39.32206726 34.52286911 0.00784314 0.51764706 0.78039216
v 3.67198038 -38.19519424 34.40701294 0.00784314 0.51764706 0.78039216
v 3.90688896 -38.83721542 34.47302246 0.00784314 0.51764706 0.78039216
v 4.04372740 -39.21120453 34.51147079 0.00784314 0.51764706 0.78039216
v 4.64986658 -39.04964447 34.49486160 0.00784314 0.51764706 0.78039216
v 5.27500010 -38.99523544 34.48926926 0.00784314 0.51764706 0.78039216
v 4.70064974 -38.58864975 34.44746780 0.00784314 0.51764706 0.78039216
v 8.82030773 -41.95450592 34.79351425 0.00784314 0.51764706 0.78039216
v 8.03275967 -40.27445984 34.62078476 0.00784314 0.51764706 0.78039216
v 8.00624275 -40.24808121 34.61807251 0.00784314 0.51764706 0.78039216
v 8.65789318 -41.35154343 34.73152161 0.00784314 0.51764706 0.78039216
v 8.39269161 -40.78580093 34.67335510 0.00784314 0.51764706 0.78039216
v 5.90013361 -39.04964447 34.49486160 0.00784314 0.51764706 0.78039216
v 6.25529337 -39.14431000 34.50459290 0.00784314 0.51764706 0.78039216
v 6.50627232 -39.21120453 34.51147079 0.00784314 0.51764706 0.78039216
v 7.07499981 -39.47501755 34.53859329 0.00784314 0.51764706 0.78039216
v 6.12394142 -37.78701782 34.36505127 0.00784314 0.51764706 0.78039216
v 7.58903551 -39.83306122 34.57540512 0.00784314 0.51764706 0.78039216
v 7.83874607 -38.09809875 34.39703369 0.00784314 0.51764706 0.78039216
v -1.81091106 -36.66175079 34.24935913 0.00784314 0.51764706 0.78039216
v -0.67078537 -35.52760315 34.13275909 0.00784314 0.51764706 0.78039216
v 2.12787986 -36.39915085 34.22236252 0.00784314 0.51764706 0.78039216
v 0.64999998 -34.60763168 34.03817368 0.00784314 0.51764706 0.78039216
v 1.77530265 -34.08564377 33.98450851 0.00784314 0.51764706 0.78039216
v 2.11131358 -33.92978287 33.96848297 0.00784314 0.51764706 0.78039216
v 2.38514996 -33.85679245 33.96097946 0.00784314 0.51764706 0.78039216
v 0.75715238 -28.00000000 30.60296249 0.00784314 0.51764706 0.78039216
v 1.53360951 -27.89831352 30.59250641 0.00784314 0.51764706 0.78039216
v 0.75715238 -28.28636169 33.38827896 0.00784314 0.51764706 0.78039216
v 1.53360951 -28.18467331 33.37782669 0.00784314 0.51764706 0.78039216
v 2.59426856 -35.24973297 34.10419083 0.00784314 0.51764706 0.78039216
v 2.77419734 -33.75309372 33.95031738 0.00784314 0.51764706 0.78039216
v 3.71350169 -34.19445038 33.99569702 0.00784314 0.51764706 0.78039216
v 4.53711939 -33.43907928 33.91803360 0.00784314 0.51764706 0.78039216
v 5.27500010 -33.37486267 33.91143417 0.00784314 0.51764706 0.78039216
v 8.00624275 -36.93435287 34.27738571 0.00784314 0.51764706 0.78039216
v 8.70955276 -37.00956345 34.28511810 0.00784314 0.51764706 0.78039216
v 5.70053911 -33.41189957 33.91524124 0.00784314 0.51764706 0.78039216
v 6.88124561 -33.51465607 33.92580414 0.00784314 0.51764706 0.78039216
v 8.81063652 -34.10231400 33.98622131 0.00784314 0.51764706 0.78039216
v 2.54375768 -27.62906456 30.56482506 0.00784314 0.51764706 0.78039216
v 2.80076170 -27.58398438 30.56019020 0.00784314 0.51764706 0.78039216
v 5.14451551 -27.38000870 30.53921890 0.00784314 0.51764706 0.78039216
v 5.40548468 -27.38000870 30.53921890 0.00784314 0.51764706 0.78039216
v 2.54375768 -27.91542435 33.35014343 0.00784314 0.51764706 0.78039216
v 2.80076170 -27.87034607 33.34550858 0.00784314 0.51764706 0.78039216
v 5.14451551 -27.66636848 33.32453918 0.00784314 0.51764706 0.78039216
v 5.40548468 -27.66636848 33.32453918 0.00784314 0.51764706 0.78039216
v 7.74923801 -27.58398438 30.56019020 0.00784314 0.51764706 0.78039216
v 8.00624275 -27.62906456 30.56482506 0.00784314 0.51764706 0.78039216
v 7.74923801 -27.87034607 33.34550858 0.00784314 0.51764706 0.78039216
v 8.00624275 -27.91542435 33.35014343 0.00784314 0.51764706 0.78039216
v 11.22078514 -47.80556870 35.39506531 0.00784314 0.51764706 0.78039216
v 13.28573513 -47.17710876 35.33045197 0.00784314 0.51764706 0.78039216
v 14.45418930 -43.38148117 34.94021988 0.00784314 0.51764706 0.78039216
v 8.87500000 -42.29000092 32.07212830 0.00784314 0.51764706 0.78039216
v 8.87500000 -42.57636261 34.85744476 0.00784314 0.51764706 0.78039216
v 13.53533554 -40.81359482 34.67621613 0.00784314 0.51764706 0.78039216
v 14.52499962 -42.57636261 34.85744476 0.00784314 0.51764706 0.78039216
v 14.38447189 -41.03402710 34.69887924 0.00784314 0.51764706 0.78039216
v 14.39065361 -41.04882431 34.70039749 0.00784314 0.51764706 0.78039216
v 14.19964886 -40.29238892 34.62262726 0.00784314 0.51764706 0.78039216
v 12.46233177 -37.81491089 34.36791611 0.00784314 0.51764706 0.78039216
v 13.28573513 -38.40402603 34.42848587 0.00784314 0.51764706 0.78039216
v 13.28573513 -37.97561264 34.38443756 0.00784314 0.51764706 0.78039216
v 13.96715641 -39.74930191 34.56679535 0.00784314 0.51764706 0.78039216
v 13.96715641 -39.42926407 34.53388977 0.00784314 0.51764706 0.78039216
v 19.31503296 -47.51148987 32.60895157 0.00784314 0.51764706 0.78039216
v 19.40428925 -47.26754379 32.58387375 0.00784314 0.51764706 0.78039216
v 20.01321602 -45.00691986 32.35145569 0.00784314 0.51764706 0.78039216
v 20.05853271 -44.75126648 32.32517242 0.00784314 0.51764706 0.78039216
v 19.31503296 -47.79785156 35.39427185 0.00784314 0.51764706 0.78039216
v 19.40428925 -47.55390549 35.36919022 0.00784314 0.51764706 0.78039216
v 20.01321602 -45.29328156 35.13677597 0.00784314 0.51764706 0.78039216
v 20.05853271 -45.03762436 35.11048889 0.00784314 0.51764706 0.78039216
v 20.26358414 -42.41979980 32.08547211 0.00784314 0.51764706 0.78039216
v 20.26358414 -42.16019821 32.05878448 0.00784314 0.51764706 0.78039216
v 20.01321602 -39.57307816 31.79279900 0.00784314 0.51764706 0.78039216
v 20.05853271 -39.82873535 31.81908226 0.00784314 0.51764706 0.78039216
v 20.26358414 -42.44655991 34.84410095 0.00784314 0.51764706 0.78039216
v 20.26358414 -42.70616150 34.87079239 0.00784314 0.51764706 0.78039216
v 20.01321602 -39.85943985 34.57811737 0.00784314 0.51764706 0.78039216
v 19.40428925 -37.59881592 34.34569931 0.00784314 0.51764706 0.78039216
v 20.05853271 -40.11509705 34.60440063 0.00784314 0.51764706 0.78039216
v 10.09544563 -36.82986832 34.26664352 0.00784314 0.51764706 0.78039216
v 9.89999962 -35.26399612 34.10565567 0.00784314 0.51764706 0.78039216
v 11.22078514 -35.52760315 34.13275909 0.00784314 0.51764706 0.78039216
v 9.72909927 -34.52835464 34.03002548 0.00784314 0.51764706 0.78039216
v 12.36091137 -37.53147888 34.33877563 0.00784314 0.51764706 0.78039216
v 12.36091137 -36.66175079 34.24935913 0.00784314 0.51764706 0.78039216
v 12.84543133 -37.35009003 34.32012939 0.00784314 0.51764706 0.78039216
v 9.01639080 -27.89831352 30.59250641 0.00784314 0.51764706 0.78039216
v 9.79284763 -28.00000000 30.60296249 0.00784314 0.51764706 0.78039216
v 9.01639080 -28.18467331 33.37782669 0.00784314 0.51764706 0.78039216
v 9.79284763 -28.28636169 33.38827896 0.00784314 0.51764706 0.78039216
v 18.19025230 -34.72259521 31.29411697 0.00784314 0.51764706 0.78039216
v 18.32073593 -34.94741440 31.31723022 0.00784314 0.51764706 0.78039216
v 17.31754303 -33.48277283 31.16664886 0.00784314 0.51764706 0.78039216
v 16.92183113 -32.69325638 31.08547974 0.00784314 0.51764706 0.78039216
v 19.40428925 -37.31245422 31.56038284 0.00784314 0.51764706 0.78039216
v 19.31503296 -37.06851196 31.53530312 0.00784314 0.51764706 0.78039216
v 18.19025230 -35.00895309 34.07943344 0.00784314 0.51764706 0.78039216
v 18.32073593 -35.23377609 34.10255051 0.00784314 0.51764706 0.78039216
v 17.31754303 -33.76913452 33.95196915 0.00784314 0.51764706 0.78039216
v 16.92183113 -32.97961807 33.87079620 0.00784314 0.51764706 0.78039216
v 19.31503296 -37.35486984 34.32062149 0.00784314 0.51764706 0.78039216
v 16.77499962 -31.77106476 30.99066734 0.00784314 0.51764706 0.78039216
v 16.77499962 -28.23486710 30.62710762 0.00784314 0.51764706 0.78039216
v 16.53889465 -28.00000000 30.60296249 0.00784314 0.51764706 0.78039216
v 16.74271774 -28.03211212 30.60626411 0.00784314 0.51764706 0.78039216
v 16.77499962 -28.52122688 33.41242599 0.00784314 0.51764706 0.78039216
v 16.53889465 -28.28636169 33.38827896 0.00784314 0.51764706 0.78039216
v 16.74271774 -28.31847382 33.39158249 0.00784314 0.51764706 0.78039216
v 16.77499962 -32.05742645 33.77598572 0.00784314 0.51764706 0.78039216
f 147 149 148
f 147 150 149
f 150 161 151
f 161 162 170
f 149 150 151
f 151 161 170
f 162 168 170
f 147 155 150
f 148 149 153
f 147 148 152
f 150 155 157
f 150 157 161
f 156 161 157
f 149 151 154
f 148 153 152
f 147 152 155
f 152 153 155
f 153 157 155
f 154 156 157
f 156 174 167
f 149 154 153
f 153 154 157
f 154 174 156
f 167 174 175
f 158 164 295
f 160 162 167
f 160 167 163
f 158 166 164
f 164 165 295
f 159 160 163
f 158 159 166
f 159 163 166
f 156 162 161
f 156 167 162
f 163 167 313
f 163 301 166
f 167 314 313
f 171 172 424
f 171 424 173
f 168 175 170
f 168 169 176
f 169 172 178
f 170 175 174
f 168 176 175
f 169 178 176
f 151 170 174
f 151 174 154
f 176 178 180
f 175 176 187
f 171 177 172
f 171 173 179
f 172 177 178
f 171 179 177
f 173 198 179
f 177 181 178
f 178 181 180
f 177 179 182
f 177 182 181
f 162 310 168
f 168 427 169
f 169 424 172
f 168 310 427
f 169 423 424
f 169 427 423
f 167 175 185
f 175 187 185
f 176 180 187
f 167 185 314
f 185 186 314
f 188 314 186
f 183 184 180
f 189 234 190
f 173 426 193
f 193 428 196
f 196 430 197
f 194 197 430
f 173 193 198
f 193 196 199
f 196 197 200
f 193 199 198
f 179 198 213
f 198 203 204
f 198 204 206
f 196 200 199
f 198 199 201
f 199 200 201
f 200 207 201
f 198 201 203
f 198 206 205
f 198 205 218
f 179 213 182
f 198 222 213
f 198 218 220
f 198 220 222
f 194 209 197
f 194 195 210
f 195 251 210
f 197 211 200
f 197 208 211
f 197 209 208
f 200 212 207
f 200 211 212
f 194 210 209
f 173 424 425
f 173 425 426
f 193 426 428
f 196 428 429
f 196 429 430
f 194 430 431
f 194 431 432
f 194 432 524
f 217 216 215
f 217 232 216
f 217 230 231
f 217 231 232
f 220 221 222
f 189 233 234
f 238 235 236
f 238 236 237
f 243 244 254
f 244 245 255
f 245 246 256
f 195 241 247
f 241 248 247
f 195 247 251
f 241 242 248
f 242 249 248
f 242 250 249
f 242 243 252
f 242 252 250
f 243 253 252
f 243 254 253
f 244 255 254
f 245 256 255
f 165 296 295
f 296 298 297
f 297 299 303
f 165 298 296
f 297 298 299
f 164 342 165
f 299 300 303
f 165 340 298
f 298 355 299
f 166 301 315
f 164 166 315
f 163 313 312
f 163 312 301
f 165 342 340
f 164 315 317
f 164 318 342
f 164 317 318
f 300 302 303
f 302 306 304
f 304 307 305
f 305 308 378
f 308 309 378
f 296 297 583
f 297 303 583
f 300 306 302
f 304 306 307
f 299 354 300
f 305 307 308
f 298 341 343
f 298 340 341
f 298 343 355
f 299 355 354
f 300 354 397
f 300 397 399
f 300 400 403
f 300 398 400
f 300 399 398
f 300 585 306
f 162 311 310
f 162 338 311
f 162 339 338
f 162 336 339
f 160 583 162
f 162 337 336
f 313 314 328
f 315 319 317
f 320 321 316
f 325 324 323
f 325 323 326
f 321 320 330
f 321 333 322
f 321 330 333
f 333 334 322
f 334 335 322
f 329 331 330
f 329 332 331
f 333 330 331
f 158 583 159
f 158 295 583
f 295 296 583
f 159 583 160
f 162 583 337
f 342 344 341
f 342 346 344
f 343 351 352
f 345 361 348
f 345 348 346
f 355 343 352
f 360 357 356
f 365 353 349
f 350 365 349
f 360 405 357
f 360 358 405
f 405 358 359
f 335 361 347
f 335 363 361
f 363 362 361
f 362 368 350
f 368 362 364
f 363 364 362
f 368 364 369
f 369 364 485
f 366 365 350
f 366 350 368
f 366 370 367
f 375 370 366
f 371 359 367
f 371 367 370
f 376 370 375
f 369 485 375
f 376 375 485
f 376 485 486
f 377 413 373
f 376 377 374
f 376 491 377
f 309 379 378
f 379 383 380
f 309 383 379
f 380 384 381
f 380 383 384
f 381 384 385
f 381 385 382
f 382 385 386
f 302 583 303
f 302 304 583
f 304 305 583
f 382 386 387
f 386 395 387
f 306 585 307
f 307 585 308
f 387 395 388
f 388 396 389
f 381 382 418
f 382 387 417
f 387 388 417
f 388 395 396
f 395 420 396
f 389 390 391
f 389 392 390
f 390 393 391
f 388 389 417
f 389 391 417
f 391 394 417
f 389 396 392
f 390 392 393
f 391 393 394
f 392 394 393
f 392 396 420
f 392 420 394
f 385 421 386
f 386 420 395
f 378 379 583
f 305 378 583
f 379 380 583
f 380 381 583
f 308 585 309
f 402 399 401
f 402 404 400
f 402 401 406
f 402 409 404
f 300 403 585
f 309 585 383
f 383 585 384
f 384 585 385
f 407 406 408
f 407 408 372
f 404 410 412
f 404 412 416
f 377 538 413
f 414 413 538
f 414 415 411
f 411 415 412
f 377 542 538
f 541 414 538
f 541 415 414
f 585 403 404
f 415 416 412
f 381 418 419
f 381 419 577
f 386 421 420
f 385 422 421
f 385 580 422
f 382 417 418
f 394 420 417
f 381 577 578
f 381 579 583
f 385 581 580
f 385 582 581
f 385 585 582
f 381 578 579
f 417 420 418
f 418 421 419
f 419 422 577
f 418 420 421
f 419 421 422
f 194 601 195
f 435 433 327
f 435 436 433
f 433 436 437
f 440 438 238
f 440 238 439
f 440 442 445
f 441 456 443
f 441 455 456
f 440 437 436
f 440 445 437
f 446 445 449
f 447 449 448
f 448 449 445
f 451 450 462
f 452 466 453
f 457 458 462
f 461 459 460
f 461 460 457
f 461 457 450
f 457 462 450
f 466 452 463
f 464 467 465
f 464 469 467
f 466 467 453
f 453 467 468
f 472 471 473
f 471 472 474
f 376 486 487
f 376 487 488
f 377 489 490
f 496 495 494
f 496 494 497
f 501 502 504
f 500 501 504
f 503 505 504
f 503 526 505
f 509 558 510
f 511 558 509
f 195 601 241
f 241 601 242
f 242 601 243
f 194 524 601
f 243 601 244
f 244 601 245
f 245 601 246
f 512 514 513
f 512 513 470
f 258 515 514
f 258 260 515
f 262 516 515
f 262 520 516
f 601 524 525
f 526 528 529
f 505 526 529
f 527 535 528
f 534 587 532
f 534 533 587
f 531 530 537
f 530 535 537
f 583 475 337
f 583 476 475
f 584 477 476
f 600 478 477
f 600 479 478
f 600 482 479
f 600 483 482
f 601 484 483
f 377 490 548
f 377 545 542
f 377 548 545
f 490 498 540
f 498 539 540
f 540 539 552
f 548 490 540
f 548 540 547
f 540 556 547
f 585 404 416
f 548 547 549
f 546 550 551
f 551 550 566
f 555 553 508
f 508 510 554
f 555 508 554
f 554 510 558
f 547 556 557
f 559 558 511
f 559 511 560
f 569 561 562
f 569 562 563
f 547 564 549
f 574 570 571
f 574 571 576
f 577 580 578
f 578 581 579
f 422 580 577
f 578 580 581
f 579 581 582
f 583 584 476
f 584 600 477
f 586 567 602
f 579 582 583
f 583 585 584
f 584 586 600
f 585 565 586
f 582 585 583
f 584 585 586
f 585 416 543
f 585 543 544
f 585 544 546
f 585 546 551
f 585 551 565
f 586 565 567
f 602 567 568
f 568 574 602
f 602 574 575
f 601 525 480
f 601 480 481
f 601 481 484
f 589 598 596
f 593 594 595
f 597 596 598
f 603 572 590
f 603 573 591
f 603 591 572
f 603 590 592
f 603 593 595
f 603 592 593
f 603 595 598
f 603 598 589
f 600 601 483
f 602 575 603
f 600 602 601
f 586 602 600
f 601 602 603
f 603 575 576
f 603 576 573
f 246 614 256
f 246 617 614
f 246 1024 617
f 617 1024 624
f 624 1024 1029
f 246 601 1024
f 262 1039 520
f 520 1157 519
f 1252 521 519
f 1252 522 521
f 1252 523 522
f 1252 535 523
f 1252 537 535
f 1252 536 537
f 1252 589 588
f 1252 588 599
f 1252 599 536
f 603 589 1252
f 601 603 1250
f 519 1157 1156
f 1039 1157 520
f 519 1156 1165
f 519 1165 1166
f 519 1166 1167
f 519 1167 1243
f 519 1243 1244
f 519 1244 1246
f 601 1250 1024
f 603 1252 1250
f 1253 519 1246
f 1252 519 1253
f 1024 1025 1030
f 1025 1026 1031
f 1026 1032 1031
f 1024 1030 1029
f 1025 1031 1030
f 1027 1033 1032
f 1026 1027 1032
f 1027 1034 1033
f 1028 1036 1035
f 1028 1037 1036
f 1027 1028 1035
f 1027 1035 1034
f 1028 1050 1038
f 1028 1038 1037
f 1038 1050 1056
f 1028 1153 1050
f 1028 1154 1153
f 1050 1153 1178
f 1051 1174 1052
f 1052 1174 1053
f 1053 1179 1054
f 1054 1179 1055
f 1050 1051 1058
f 1050 1057 1056
f 1050 1058 1057
f 1051 1061 1058
f 1051 1052 1061
f 1052 1053 1062
f 1052 1062 1061
f 1058 1061 1059
f 1059 1061 1060
f 1060 1061 1065
f 1061 1062 1065
f 1053 1054 1063
f 1054 1055 1064
f 1053 1063 1062
f 1062 1063 1065
f 1054 1064 1063
f 1055 1113 1064
f 1063 1066 1065
f 1063 1067 1066
f 1063 1068 1067
f 1063 1075 1068
f 1063 1078 1076
f 1063 1081 1078
f 1064 1082 1081
f 1063 1076 1075
f 1063 1064 1081
f 1064 1084 1083
f 1050 1178 1051
f 1051 1173 1174
f 1051 1178 1177
f 1051 1177 1173
f 1053 1174 1175
f 1053 1175 1176
f 1053 1176 1179
f 1055 1179 1180
f 1055 1180 1181
f 1055 1181 1182
f 1055 1182 1183
f 1055 1183 1184
f 1055 1184 1185
f 1064 1087 1082
f 1064 1086 1087
f 1064 1083 1086
f 1084 1085 1089
f 1089 1085 1092
f 1088 1089 1091
f 1088 1091 1090
f 1197 1092 1085
f 1111 1127 1112
f 1055 1108 1113
f 1108 1109 1114
f 1109 1110 1115
f 1108 1114 1113
f 1109 1115 1114
f 1064 1113 1084
f 1113 1114 1118
f 1114 1115 1118
f 1110 1111 1116
f 1111 1112 1117
f 1110 1116 1115
f 1111 1117 1116
f 1112 1123 1117
f 1116 1117 1132
f 1055 1185 1108
f 1113 1085 1084
f 1113 1118 1085
f 1115 1119 1118
f 1115 1116 1276
f 1115 1276 1119
f 1116 1133 1277
f 1112 1122 1120
f 1120 1122 1121
f 1112 1126 1122
f 1112 1127 1126
f 1112 1120 1123
f 1120 1121 1124
f 1121 1122 1125
f 1121 1125 1124
f 1122 1131 1125
f 1122 1126 1131
f 1120 1124 1123
f 1117 1123 1125
f 1117 1125 1131
f 1123 1124 1125
f 1117 1131 1132
f 1111 1128 1127
f 1130 1291 1295
f 1126 1132 1131
f 1126 1127 1132
f 1127 1128 1133
f 1127 1133 1132
f 1128 1134 1133
f 1116 1132 1133
f 1128 1129 1134
f 1129 1130 1135
f 1129 1135 1134
f 1133 1134 1278
f 1130 1295 1135
f 1024 1250 1025
f 1025 1250 1026
f 1027 1251 1028
f 1026 1251 1027
f 1028 1155 1154
f 1028 1161 1155
f 1028 1162 1161
f 1049 1168 1170
f 1028 1251 1162
f 1191 1074 1188
f 1196 1198 1199
f 1200 1199 1198
f 1196 1090 1198
f 1201 1092 1197
f 1201 1197 1202
f 1197 1203 1202
f 1204 1203 1197
f 1227 1226 1224
f 1226 1225 1224
f 1226 1227 1228
f 1231 1280 1260
f 1237 1240 1236
f 1231 1260 1234
f 1234 1260 1235
f 1235 1260 1232
f 1233 1232 1260
f 1233 1260 1259
f 1026 1250 1251
f 1251 1163 1162
f 1251 1164 1163
f 1251 1207 1164
f 1251 1208 1207
f 1249 1248 1254
f 1253 1247 1245
f 1253 1245 1248
f 1253 1255 1268
f 1250 1252 1251
f 1251 1253 1264
f 1251 1252 1253
f 1253 1268 1264
f 1253 1246 1247
f 1253 1248 1249
f 1253 1249 1255
f 1251 1209 1208
f 1251 1210 1209
f 1264 1211 1210
f 1266 1212 1211
f 1266 1218 1212
f 1272 1216 1218
f 1272 1217 1216
f 1315 1213 1214
f 1315 1214 1215
f 1272 1219 1217
f 1315 1220 1219
f 1315 1215 1220
f 1226 1228 1256
f 1228 1230 1256
f 1269 1256 1230
f 1269 1230 1257
f 1263 1259 1260
f 1261 1240 1262
f 1274 1242 1259
f 1274 1262 1242
f 1275 1259 1263
f 1251 1264 1210
f 1264 1265 1211
f 1265 1266 1211
f 1266 1267 1218
f 1268 1256 1269
f 1264 1268 1265
f 1265 1269 1266
f 1266 1270 1267
f 1265 1268 1269
f 1269 1257 1270
f 1266 1269 1270
f 1267 1270 1271
f 1267 1272 1218
f 1272 1273 1219
f 1273 1315 1219
f 1274 1259 1275
f 1275 1263 1317
f 1267 1271 1272
f 1272 1274 1273
f 1273 1275 1315
f 1270 1262 1271
f 1271 1262 1274
f 1271 1274 1272
f 1273 1274 1275
f 1275 1317 1315
f 1268 1255 1256
f 1270 1257 1258
f 1270 1258 1261
f 1270 1261 1262
f 1108 1185 1186
f 1108 1186 1279
f 1108 1279 1213
f 1108 1315 1109
f 1110 1315 1111
f 1109 1315 1110
f 1111 1315 1128
f 1128 1315 1129
f 1116 1308 1276
f 1116 1277 1308
f 1133 1278 1277
f 1278 1281 1277
f 1108 1213 1315
f 1129 1315 1130
f 1308 1277 1286
f 1287 1312 1286
f 1289 1285 1290
f 1295 1317 1290
f 1291 1292 1296
f 1292 1293 1297
f 1293 1294 1298
f 1294 1299 1304
f 1134 1282 1278
f 1135 1295 1285
f 1134 1135 1284
f 1134 1284 1282
f 1135 1283 1284
f 1135 1285 1283
f 1291 1296 1295
f 1292 1297 1296
f 1293 1298 1297
f 1294 1304 1298
f 1130 1315 1291
f 1291 1315 1292
f 1292 1315 1293
f 1293 1315 1294
f 1294 1315 1299
f 1299 1300 1303
f 1300 1302 1307
f 1301 1306 1305
f 1301 1323 1306
f 1301 1305 1302
f 1302 1305 1307
f 1295 1290 1285
f 1295 1296 1317
f 1296 1297 1317
f 1297 1298 1317
f 1298 1304 1317
f 1303 1317 1304
f 1299 1303 1304
f 1300 1307 1303
f 1315 1319 1320
f 1308 1310 1309
f 1308 1312 1310
f 1308 1286 1312
f 1317 1311 1309
f 1317 1309 1310
f 1317 1314 1288
f 1317 1313 1314
f 1317 1310 1313
f 1287 1313 1312
f 1313 1287 1314
f 1317 1288 1290
f 1317 1326 1325
f 1315 1317 1316
f 1316 1317 1318
f 1315 1316 1321
f 1315 1321 1319
f 1316 1322 1321
f 1316 1330 1322
f 1317 1327 1318
f 1316 1318 1332
f 1316 1331 1330
f 1316 1332 1331
f 1318 1337 1334
f 1318 1335 1332
f 1318 1334 1335
f 1317 1263 1311
f 1317 1325 1327
f 1318 1327 1328
f 1318 1328 1337
f 1299 1315 1300
f 1300 1315 1302
f 1301 1302 1315
f 1320 1325 1326
f 1315 1324 1323
f 1301 1315 1323
f 1315 1320 1324
f 1321 1322 1328
f 1319 1321 1327
f 1319 1325 1320
f 1319 1327 1325
f 1321 1328 1327
f 1322 1337 1328
f 1323 1324 1329
f 1324 1326 1329
f 1306 1323 1329
f 1320 1326 1324
f 1303 1307 1317
f 1305 1317 1307
f 1305 1306 1317
f 1306 1329 1317
f 1317 1329 1326
f 1322 1330 1337
f 1330 1334 1337
f 1330 1331 1334
f 1331 1332 1333
f 1331 1333 1336
f 1332 1335 1333
f 1331 1336 1334
f 1333 1335 1336
f 1334 1336 1335
f 191 192 265
f 202 214 219
f 250 252 615
f 264 272 268
f 267 269 279
f 269 273 281
f 264 265 271
f 192 271 265
f 192 277 271
f 272 275 274
f 274 284 283
f 274 275 285
f 269 280 279
f 269 281 280
f 275 287 285
f 288 290 289
f 252 616 615
f 252 253 618
f 253 254 618
f 254 255 618
f 252 618 616
f 255 256 618
f 256 614 618
f 614 617 619
f 614 619 618
f 617 624 619
f 619 624 623
f 623 624 1029
f 623 1032 625
f 623 1029 1030
f 623 1030 1031
f 623 1031 1032
f 625 1033 626
f 625 1032 1033
f 1067 1068 1094
f 1068 1079 1094
f 1095 1097 1096
f 1096 1097 1099
f 1097 1104 1099
f 1095 1102 1097
f 1097 1102 1103
f 1097 1103 1104
f 247 248 611
f 247 604 251
f 248 249 611
f 208 609 608
f 270 608 627
f 270 627 628
f 270 628 629
f 211 608 212
f 212 608 270
f 208 608 211
f 208 209 606
f 209 210 604
f 210 251 604
f 191 270 629
f 191 629 192
f 201 263 203
f 201 207 263
f 202 206 266
f 203 266 204
f 204 266 206
f 202 205 206
f 202 219 205
f 205 219 218
f 249 250 615
f 263 264 266
f 207 270 263
f 263 265 264
f 191 265 270
f 263 270 265
f 266 268 267
f 202 266 267
f 203 263 266
f 264 268 266
f 267 268 269
f 268 273 269
f 207 212 270
f 264 271 272
f 271 275 272
f 271 277 275
f 268 272 273
f 273 282 281
f 272 274 273
f 273 283 282
f 273 274 283
f 274 276 284
f 274 285 276
f 202 267 214
f 214 267 278
f 267 279 278
f 192 629 630
f 192 630 631
f 277 632 633
f 192 631 632
f 192 632 277
f 277 637 287
f 277 633 634
f 277 634 635
f 277 635 636
f 277 636 637
f 287 637 638
f 287 638 639
f 275 277 287
f 285 287 288
f 285 288 286
f 276 285 286
f 286 288 289
f 288 292 290
f 290 292 291
f 291 292 293
f 287 639 288
f 288 639 292
f 292 641 293
f 293 641 294
f 249 615 612
f 208 607 605
f 208 606 607
f 208 605 609
f 247 611 604
f 209 604 606
f 249 612 611
f 612 615 613
f 292 639 640
f 292 640 641
f 641 642 643
f 294 643 644
f 294 641 643
f 626 1033 1015
f 1015 1033 1034
f 1015 1035 1036
f 1015 1034 1035
f 1015 1036 1037
f 1014 1037 1038
f 1016 1038 1056
f 1016 1056 1057
f 1018 1057 1058
f 1014 1015 1037
f 1014 1038 1016
f 1016 1057 1017
f 1017 1057 1018
f 1018 1060 1019
f 1019 1065 1020
f 1018 1058 1059
f 1018 1059 1060
f 1019 1060 1065
f 1020 1065 1093
f 1023 1093 1094
f 1020 1093 1021
f 1021 1093 1022
f 1022 1093 1023
f 1023 1096 1136
f 1096 1137 1136
f 1096 1138 1137
f 1065 1066 1093
f 1066 1067 1094
f 1068 1075 1079
f 1075 1076 1079
f 1076 1077 1079
f 1077 1080 1079
f 1079 1080 1095
f 1023 1094 1096
f 1066 1094 1093
f 1079 1095 1094
f 1094 1095 1096
f 1096 1098 1138
f 1098 1099 1139
f 1096 1099 1098
f 1099 1105 1107
f 1099 1107 1100
f 1100 1107 1106
f 1100 1106 1151
f 1080 1101 1095
f 1095 1101 1102
f 1099 1104 1105
f 1098 1139 1138
f 1099 1141 1139
f 1100 1142 1140
f 1100 1140 1141
f 1100 1143 1142
f 1145 1146 1147
f 1146 1149 1147
f 647 1147 1149
f 1146 1148 1152
f 1146 1150 1149
f 1146 1152 1150
f 1100 1151 1143
f 1148 1151 1152
f 1099 1100 1141
f 1143 1151 1148
f 613 615 616
f 616 618 620
f 610 613 616
f 610 616 620
f 618 619 622
f 619 623 622
f 622 623 625
f 625 626 1015
f 618 621 620
f 618 622 621
f 622 625 1015
f 643 645 644
f 643 646 645
f 643 1144 1147
f 646 1147 647
f 643 1147 646
f 1144 1145 1147
f 1145 1148 1146
f 32 605 607
f 33 604 35
f 26 35 604
f 33 606 604
f 26 604 611
f 33 607 606
f 26 613 27
f 27 622 706
f 34 36 608
f 34 608 609
f 34 609 605
f 36 627 608
f 31 628 627
f 31 629 628
f 31 630 629
f 31 627 36
f 37 38 630
f 31 37 630
f 38 631 630
f 38 632 631
f 39 633 632
f 32 607 33
f 32 34 605
f 38 39 632
f 39 40 635
f 40 41 635
f 41 42 635
f 39 634 633
f 39 635 634
f 42 43 637
f 43 139 639
f 139 140 639
f 27 613 610
f 27 610 620
f 26 611 612
f 26 612 613
f 27 620 621
f 27 621 622
f 622 1015 706
f 42 636 635
f 42 637 636
f 43 638 637
f 43 639 638
f 140 141 641
f 140 640 639
f 140 641 640
f 141 642 641
f 141 145 642
f 145 146 642
f 146 922 642
f 642 1144 643
f 642 922 1144
f 706 1015 707
f 707 1018 718
f 718 1020 720
f 719 720 1020
f 719 1020 721
f 721 1022 722
f 722 1137 724
f 724 1141 725
f 725 1141 726
f 726 1141 727
f 707 1015 1014
f 707 1014 1016
f 707 1016 1017
f 707 1017 1018
f 718 1018 1019
f 718 1019 1020
f 721 1020 1021
f 721 1021 1022
f 722 1022 1023
f 722 1023 1136
f 722 1136 1137
f 724 1137 1138
f 724 1138 1139
f 724 1139 1141
f 727 1140 1142
f 727 1141 1140
f 728 1143 1148
f 922 923 1144
f 921 1144 923
f 921 1145 1144
f 728 1148 925
f 921 924 1148
f 924 925 1148
f 921 1148 1145
f 727 1143 728
f 727 1142 1143
f 1 28 17
f 33 35 44
f 26 44 35
f 29 32 33
f 29 34 32
f 29 36 34
f 29 31 36
f 28 33 44
f 28 29 33
f 1 29 28
f 2 30 29
f 30 131 31
f 29 30 31
f 31 131 37
f 37 131 38
f 40 131 133
f 38 131 39
f 39 131 40
f 40 133 41
f 17 28 44
f 12 44 45
f 26 27 45
f 27 706 45
f 26 45 44
f 45 706 708
f 132 135 134
f 41 133 134
f 42 134 136
f 43 136 138
f 138 142 141
f 136 137 138
f 41 134 42
f 42 136 43
f 43 138 139
f 138 140 139
f 138 141 140
f 141 142 143
f 143 144 145
f 144 922 146
f 141 143 145
f 144 146 145
f 144 919 922
f 706 707 708
f 707 718 710
f 707 709 708
f 707 710 709
f 710 718 711
f 711 721 713
f 713 721 715
f 722 716 715
f 711 718 720
f 711 720 719
f 711 719 721
f 721 722 715
f 722 724 717
f 724 725 723
f 725 726 723
f 726 727 723
f 722 717 716
f 724 723 717
f 727 914 723
f 727 728 914
f 912 920 925
f 918 921 919
f 912 921 918
f 728 920 916
f 916 915 914
f 919 921 923
f 919 923 922
f 912 925 924
f 912 924 921
f 728 916 914
f 728 925 920
f 1 2 29
f 2 51 30
f 1 51 2
f 6 44 16
f 7 16 44
f 1 50 51
f 6 50 17
f 6 17 44
f 1 17 50
f 7 44 12
f 7 12 45
f 7 45 18
f 18 25 19
f 18 23 25
f 18 24 23
f 18 45 708
f 18 708 695
f 18 695 24
f 30 48 131
f 30 51 46
f 46 55 48
f 47 131 55
f 47 49 132
f 30 46 48
f 48 55 131
f 47 132 131
f 83 135 132
f 82 134 135
f 49 83 132
f 82 135 83
f 82 85 136
f 82 136 134
f 85 137 136
f 54 69 55
f 83 84 85
f 86 87 88
f 87 138 137
f 85 87 137
f 86 138 87
f 86 88 138
f 88 89 142
f 89 90 143
f 90 92 143
f 91 143 92
f 91 93 143
f 93 94 861
f 131 132 133
f 132 134 133
f 88 142 138
f 89 143 142
f 93 917 143
f 143 919 144
f 143 917 919
f 695 708 696
f 696 708 697
f 674 697 708
f 674 708 675
f 675 708 676
f 676 709 698
f 698 709 700
f 700 710 702
f 702 712 703
f 676 708 709
f 700 709 710
f 702 710 711
f 702 711 712
f 711 714 712
f 711 713 714
f 713 715 714
f 93 861 917
f 916 913 915
f 866 867 919
f 870 912 871
f 866 919 917
f 867 918 919
f 871 912 918
f 861 865 917
f 862 917 865
f 862 863 917
f 863 864 917
f 864 866 917
f 867 871 918
f 868 913 916
f 868 920 870
f 870 920 912
f 868 916 920
f 868 869 913
f 6 8 52
f 6 7 8
f 7 10 8
f 8 10 62
f 7 9 10
f 6 16 7
f 7 18 19
f 7 19 9
f 47 55 49
f 50 53 51
f 52 60 53
f 6 52 50
f 50 52 53
f 51 54 55
f 46 51 55
f 51 53 54
f 53 67 54
f 56 58 57
f 53 60 71
f 60 72 71
f 59 72 60
f 59 820 72
f 56 57 60
f 57 61 60
f 60 61 792
f 60 792 793
f 59 60 793
f 8 60 52
f 8 63 58
f 8 62 63
f 8 58 56
f 8 56 60
f 53 71 67
f 54 68 69
f 49 55 69
f 49 69 83
f 54 67 68
f 68 83 69
f 68 97 83
f 83 97 84
f 70 71 72
f 70 72 73
f 67 71 70
f 72 821 73
f 70 73 75
f 70 75 74
f 74 75 100
f 67 70 74
f 67 74 68
f 68 74 99
f 73 821 75
f 82 83 85
f 91 127 93
f 93 95 94
f 93 125 96
f 93 96 95
f 68 99 97
f 84 109 85
f 84 97 109
f 85 109 98
f 85 98 110
f 74 100 99
f 99 100 102
f 99 102 109
f 75 101 100
f 100 101 875
f 100 873 103
f 100 103 102
f 102 103 878
f 102 878 104
f 103 877 878
f 102 107 111
f 102 104 105
f 102 105 106
f 102 106 107
f 97 99 109
f 102 111 109
f 98 109 110
f 109 111 110
f 110 111 114
f 110 114 123
f 111 113 114
f 107 108 111
f 108 112 111
f 111 112 113
f 114 115 123
f 113 115 114
f 115 124 123
f 85 110 87
f 87 123 88
f 87 110 123
f 88 120 89
f 89 120 90
f 90 121 92
f 88 123 120
f 119 120 123
f 90 120 122
f 91 121 126
f 90 122 121
f 119 122 120
f 119 123 124
f 91 92 121
f 91 126 127
f 93 127 125
f 59 787 788
f 59 788 789
f 59 789 820
f 789 790 820
f 790 791 820
f 59 793 787
f 795 822 820
f 791 795 820
f 794 822 795
f 794 796 822
f 796 826 822
f 796 819 826
f 819 827 826
f 72 820 821
f 820 822 821
f 821 822 823
f 822 828 823
f 75 821 824
f 75 824 879
f 821 823 825
f 821 825 824
f 823 828 825
f 824 825 879
f 825 832 879
f 822 826 828
f 826 827 829
f 826 829 828
f 827 830 829
f 829 830 831
f 825 828 832
f 828 829 832
f 829 834 832
f 832 834 882
f 829 831 833
f 829 833 834
f 75 879 101
f 101 879 875
f 100 875 874
f 100 874 873
f 103 873 872
f 874 875 876
f 875 880 876
f 103 872 877
f 875 879 880
f 879 881 880
f 879 883 881
f 832 884 879
f 832 882 884
f 882 886 884
f 879 884 883
f 883 884 885
f 884 886 885
f 218 227 220
f 220 225 221
f 220 227 225
f 226 224 228
f 226 223 224
f 218 239 227
f 227 239 228
f 229 228 239
f 279 280 281
f 276 278 279
f 214 289 219
f 214 278 286
f 279 281 284
f 281 282 283
f 281 283 284
f 276 279 284
f 276 286 278
f 214 286 289
f 219 289 290
f 219 290 291
f 219 291 293
f 219 293 294
f 219 294 644
f 218 1039 239
f 218 219 1076
f 1039 240 239
f 1039 257 240
f 1039 259 257
f 1039 261 259
f 1039 262 261
f 218 1040 1039
f 218 1047 1040
f 218 1045 1047
f 218 1048 1045
f 218 1044 1043
f 218 1042 1044
f 218 1069 1042
f 218 1071 1069
f 218 1043 1048
f 218 1081 1071
f 218 1076 1078
f 219 1077 1076
f 218 1078 1081
f 219 1101 1080
f 219 1080 1077
f 219 647 1149
f 219 1149 1150
f 219 1150 1152
f 219 1102 1101
f 219 1103 1102
f 219 1104 1103
f 219 1105 1104
f 219 1107 1105
f 219 1106 1107
f 219 1151 1106
f 219 1152 1151
f 219 644 645
f 219 645 646
f 219 646 647
f 1047 1041 1040
f 1048 1046 1045
f 1070 1069 1071
f 1081 1072 1071
f 1071 1072 1073
f 3 58 4
f 4 63 5
f 3 652 61
f 3 57 58
f 4 58 63
f 61 652 792
f 3 61 57
f 5 62 10
f 5 9 19
f 5 10 9
f 5 63 62
f 5 25 13
f 13 23 14
f 14 24 15
f 15 695 669
f 13 25 23
f 14 23 24
f 15 24 695
f 5 19 25
f 104 878 116
f 104 116 105
f 105 116 106
f 107 117 108
f 106 117 107
f 116 878 891
f 106 116 117
f 108 117 118
f 108 118 112
f 112 118 113
f 113 118 115
f 115 118 128
f 121 122 128
f 119 128 122
f 121 128 126
f 125 127 129
f 95 96 903
f 94 95 903
f 96 125 130
f 126 128 127
f 115 128 124
f 119 124 128
f 118 893 128
f 125 129 130
f 127 128 129
f 96 130 903
f 648 649 787
f 649 650 789
f 650 651 790
f 648 792 652
f 649 788 787
f 649 789 788
f 650 790 789
f 648 793 792
f 648 787 793
f 651 795 791
f 651 794 795
f 651 704 794
f 671 672 673
f 669 696 670
f 670 697 671
f 671 674 672
f 672 675 673
f 669 695 696
f 670 696 697
f 671 697 674
f 672 674 675
f 673 675 676
f 673 676 698
f 673 698 700
f 700 702 701
f 702 703 701
f 650 734 651
f 649 735 650
f 648 652 737
f 3 738 652
f 648 736 649
f 3 4 757
f 4 5 758
f 651 731 704
f 5 13 760
f 13 14 759
f 14 15 763
f 15 669 761
f 669 670 762
f 670 671 756
f 671 673 756
f 673 700 765
f 700 701 765
f 651 733 731
f 651 734 733
f 650 735 734
f 649 736 735
f 648 737 736
f 652 738 737
f 731 729 704
f 3 757 738
f 670 756 762
f 673 765 756
f 4 758 757
f 5 760 758
f 13 759 760
f 14 763 759
f 15 761 763
f 669 762 761
f 731 733 732
f 651 791 790
f 794 704 796
f 796 704 819
f 819 704 827
f 827 704 830
f 830 704 831
f 831 704 910
f 872 873 887
f 873 874 888
f 874 876 889
f 872 887 877
f 877 891 878
f 876 880 890
f 880 881 890
f 881 883 890
f 883 885 890
f 831 910 833
f 833 910 834
f 834 910 882
f 882 910 886
f 885 886 910
f 873 888 887
f 874 889 888
f 876 890 889
f 877 887 891
f 116 892 117
f 887 888 911
f 888 889 911
f 116 891 911
f 887 911 891
f 117 892 118
f 118 892 896
f 118 894 895
f 118 895 893
f 118 896 894
f 116 911 892
f 885 910 890
f 889 890 911
f 890 910 911
f 862 906 863
f 863 907 864
f 864 907 866
f 866 907 867
f 867 907 871
f 94 903 861
f 861 904 865
f 862 865 905
f 870 871 909
f 868 870 909
f 868 909 869
f 128 893 897
f 128 897 898
f 128 898 899
f 128 899 900
f 128 900 901
f 128 901 902
f 862 905 906
f 863 906 907
f 861 903 904
f 865 904 905
f 128 909 129
f 129 909 130
f 905 907 906
f 128 902 909
f 130 909 903
f 903 909 904
f 904 909 905
f 905 909 907
f 871 907 909
f 909 902 908
f 731 985 729
f 731 732 985
f 732 733 986
f 733 734 987
f 734 735 988
f 735 736 989
f 736 737 990
f 737 738 991
f 738 757 993
f 756 1012 762
f 757 758 1007
f 758 760 1008
f 759 1010 760
f 761 762 1011
f 761 1013 763
f 759 763 1009
f 756 765 1006
f 985 983 729
f 732 986 985
f 733 987 986
f 734 988 987
f 735 989 988
f 736 990 989
f 737 991 990
f 738 993 991
f 993 984 983
f 985 987 983
f 987 988 983
f 988 989 983
f 989 990 983
f 990 991 983
f 991 993 983
f 985 986 987
f 993 992 984
f 993 994 992
f 993 995 994
f 993 996 995
f 993 997 996
f 993 1003 997
f 993 1004 1003
f 1006 765 999
f 757 1007 993
f 756 1006 1012
f 758 1008 1007
f 760 1010 1008
f 759 1009 1010
f 762 1012 1011
f 761 1011 1013
f 763 1013 1009
f 1006 999 998
f 993 1007 1004
f 1007 1002 1000
f 1007 1000 1004
f 1007 1001 1002
f 1007 1005 1001
f 1006 998 1012
f 1011 1012 998
f 1011 998 1013
f 1010 998 1005
f 1009 1013 998
f 1009 998 1010
f 1007 1008 1005
f 1008 1010 1005
f 699 701 703
f 699 703 913
f 699 765 701
f 714 716 712
f 714 715 716
f 703 712 915
f 712 716 717
f 723 712 717
f 723 914 712
f 699 764 765
f 699 913 869
f 699 869 908
f 869 909 908
f 703 915 913
f 914 915 712
f 764 999 765
f 764 998 999
f 705 704 730
f 730 704 729
f 705 910 704
f 705 911 910
f 730 729 984
f 729 983 984
f 653 655 667
f 653 667 665
f 653 656 655
f 653 680 656
f 653 681 680
f 653 666 806
f 653 665 666
f 653 668 681
f 668 682 681
f 668 692 682
f 668 693 692
f 668 694 693
f 668 844 694
f 668 845 844
f 653 739 668
f 653 705 739
f 668 764 699
f 705 730 739
f 668 755 764
f 668 739 755
f 739 747 740
f 739 743 747
f 739 740 741
f 739 926 745
f 739 929 926
f 739 745 743
f 739 741 755
f 755 741 766
f 755 766 767
f 755 767 771
f 755 771 772
f 755 772 773
f 755 773 776
f 755 776 951
f 653 806 896
f 653 892 705
f 806 807 896
f 807 808 896
f 808 817 896
f 817 818 896
f 668 902 845
f 668 699 908
f 845 902 846
f 846 902 859
f 860 859 902
f 653 896 892
f 705 892 911
f 668 908 902
f 860 902 901
f 730 984 739
f 739 992 929
f 929 992 930
f 930 992 941
f 941 992 942
f 764 755 1005
f 755 951 1001
f 955 972 1001
f 954 1001 951
f 954 955 1001
f 973 1001 972
f 739 984 992
f 942 992 994
f 764 1005 998
f 755 1001 1005
f 664 11 64
f 662 20 11
f 65 11 21
f 21 11 20
f 21 20 22
f 20 685 22
f 21 22 77
f 22 689 81
f 64 66 803
f 65 64 11
f 65 66 64
f 65 78 66
f 66 79 805
f 65 21 76
f 21 77 76
f 65 76 78
f 76 77 78
f 77 22 81
f 77 80 78
f 77 81 80
f 81 839 80
f 78 79 66
f 78 80 79
f 79 80 835
f 663 655 654
f 663 654 661
f 661 654 677
f 654 656 678
f 655 656 654
f 658 659 657
f 659 665 657
f 658 797 659
f 659 798 666
f 664 660 662
f 683 662 661
f 660 661 662
f 663 661 660
f 663 657 667
f 663 660 657
f 658 657 660
f 664 658 660
f 802 658 664
f 664 662 11
f 657 665 667
f 659 666 665
f 663 667 655
f 654 678 677
f 678 679 677
f 677 679 684
f 684 679 687
f 678 681 679
f 679 682 687
f 678 656 680
f 678 680 681
f 679 681 682
f 683 661 677
f 683 677 684
f 683 20 662
f 683 685 20
f 683 684 685
f 684 686 685
f 685 689 22
f 685 686 689
f 684 687 686
f 687 692 688
f 687 688 686
f 686 688 690
f 689 686 690
f 689 690 836
f 690 688 691
f 688 693 691
f 690 691 837
f 691 694 838
f 687 682 692
f 688 692 693
f 691 693 694
f 802 797 658
f 802 799 797
f 659 797 798
f 797 800 798
f 797 799 800
f 798 800 807
f 799 801 800
f 800 801 808
f 802 664 64
f 802 64 803
f 802 803 799
f 803 804 799
f 803 805 804
f 803 66 805
f 799 804 801
f 798 806 666
f 798 807 806
f 800 808 807
f 801 817 808
f 805 847 809
f 804 805 809
f 847 848 809
f 809 848 810
f 809 810 815
f 801 804 811
f 804 809 811
f 801 811 817
f 811 814 817
f 811 816 813
f 811 813 812
f 811 812 814
f 811 809 816
f 816 809 815
f 817 814 818
f 805 79 847
f 79 835 847
f 80 839 835
f 689 836 81
f 81 836 839
f 836 841 839
f 836 690 837
f 836 837 841
f 691 838 837
f 837 842 841
f 837 838 842
f 838 845 842
f 839 841 840
f 835 839 840
f 840 841 843
f 841 842 843
f 842 846 843
f 838 694 844
f 838 844 845
f 842 845 846
f 843 846 859
f 847 851 850
f 847 849 848
f 847 850 849
f 835 851 847
f 835 840 851
f 850 851 852
f 852 851 853
f 851 854 853
f 851 855 854
f 851 856 855
f 851 840 856
f 840 843 856
f 856 859 858
f 856 843 859
f 855 856 857
f 856 858 857
f 858 859 860
f 740 742 741
f 740 748 742
f 741 742 768
f 748 751 742
f 742 751 769
f 747 743 744
f 743 745 746
f 743 746 744
f 746 749 744
f 745 927 746
f 746 928 749
f 747 748 740
f 747 744 748
f 748 750 751
f 748 744 750
f 744 749 750
f 750 753 752
f 751 752 778
f 750 752 751
f 749 753 750
f 749 934 753
f 753 935 754
f 753 754 752
f 752 754 781
f 754 936 782
f 741 768 766
f 766 768 767
f 767 770 771
f 742 769 768
f 768 769 770
f 767 768 770
f 770 774 771
f 770 769 779
f 770 779 774
f 771 774 772
f 772 775 773
f 774 775 772
f 774 779 784
f 774 784 775
f 775 784 786
f 773 777 776
f 773 775 777
f 775 786 777
f 776 777 952
f 777 786 953
f 751 778 769
f 769 778 779
f 778 752 781
f 778 781 780
f 779 778 780
f 779 780 784
f 780 781 783
f 780 783 785
f 783 965 785
f 754 782 781
f 781 782 783
f 782 959 783
f 780 785 784
f 784 785 786
f 786 785 964
f 745 926 927
f 926 929 927
f 746 927 928
f 927 929 931
f 927 931 928
f 928 931 933
f 929 930 931
f 930 941 932
f 931 932 933
f 930 932 931
f 932 938 933
f 749 928 934
f 928 933 934
f 934 935 753
f 934 933 937
f 934 937 935
f 935 937 940
f 935 936 754
f 935 940 936
f 936 940 961
f 933 938 937
f 938 939 937
f 937 939 940
f 940 939 962
f 941 943 944
f 941 942 943
f 941 944 932
f 932 944 938
f 944 949 938
f 943 945 944
f 944 945 946
f 944 946 949
f 946 947 949
f 947 948 949
f 938 949 939
f 949 977 939
f 949 978 977
f 948 950 949
f 949 950 978
f 776 952 951
f 952 954 951
f 777 953 952
f 952 956 954
f 953 968 956
f 952 953 956
f 954 956 955
f 955 957 972
f 957 968 967
f 956 968 957
f 955 956 957
f 965 963 966
f 936 958 782
f 782 958 959
f 936 961 958
f 958 961 959
f 783 959 965
f 959 961 963
f 959 963 965
f 939 977 962
f 962 977 960
f 963 960 966
f 962 960 963
f 940 962 961
f 961 962 963
f 785 965 964
f 964 966 968
f 965 966 964
f 786 964 953
f 953 964 968
f 967 968 966
f 960 967 966
f 975 981 971
f 970 971 981
f 974 972 975
f 973 972 974
f 975 972 957
f 975 967 981
f 975 957 967
f 974 975 976
f 969 976 975
f 969 975 971
f 980 981 977
f 978 979 977
f 979 980 977
f 981 960 977
f 981 967 960
f 980 982 981
f 970 981 982
f 810 893 815
f 810 848 893
f 813 894 812
f 814 812 894
f 816 815 895
f 816 895 813
f 814 894 818
f 848 849 897
f 849 850 898
f 850 852 898
f 852 853 898
f 853 854 899
f 854 855 899
f 855 857 900
f 857 858 900
f 858 860 901
f 813 895 894
f 815 893 895
f 818 894 896
f 848 897 893
f 849 898 897
f 853 899 898
f 855 900 899
f 858 901 900
f 942 994 943
f 943 995 945
f 945 995 946
f 946 996 947
f 947 996 948
f 948 997 950
f 950 997 978
f 970 982 1004
f 970 1000 971
f 969 971 1000
f 973 974 1002
f 974 976 1002
f 969 1002 976
f 978 997 979
f 979 1003 980
f 980 1004 982
f 943 994 995
f 946 995 996
f 948 996 997
f 969 1000 1002
f 970 1004 1000
f 973 1002 1001
f 979 997 1003
f 980 1003 1004
f 1158 1178 1153
f 1159 1153 1154
f 1160 1154 1155
f 1158 1192 1178
f 1158 1153 1159
f 1160 1159 1154
f 1160 1155 1168
f 1155 1161 1168
f 1169 1161 1162
f 1172 1163 1164
f 1221 1164 1207
f 1171 1162 1163
f 1169 1168 1161
f 1169 1162 1171
f 1171 1163 1172
f 1221 1172 1164
f 1187 1174 1173
f 1189 1175 1174
f 1175 1188 1176
f 1192 1177 1178
f 1173 1177 1193
f 1179 1176 1194
f 1194 1180 1179
f 1180 1196 1181
f 1182 1202 1183
f 1181 1199 1182
f 1183 1203 1184
f 1185 1184 1205
f 1185 1206 1186
f 1187 1173 1193
f 1189 1174 1187
f 1189 1188 1175
f 1176 1188 1190
f 1190 1194 1176
f 1192 1193 1177
f 1194 1195 1180
f 1195 1196 1180
f 1196 1199 1181
f 1200 1182 1199
f 1200 1201 1182
f 1201 1202 1182
f 1202 1203 1183
f 1204 1184 1203
f 1185 1205 1206
f 1204 1205 1184
f 1207 1208 1222
f 1223 1208 1209
f 1209 1210 1227
f 1223 1222 1208
f 1224 1223 1209
f 1227 1224 1209
f 1210 1211 1228
f 1228 1227 1210
f 1229 1228 1211
f 1229 1212 1236
f 1229 1211 1212
f 1215 1232 1220
f 1215 1214 1235
f 1213 1234 1214
f 1237 1218 1216
f 1238 1216 1217
f 1237 1236 1218
f 1238 1237 1216
f 1238 1217 1239
f 1218 1236 1212
f 1241 1219 1220
f 1239 1217 1219
f 1239 1219 1241
f 1221 1207 1222
f 1213 1231 1234
f 1232 1233 1220
f 1234 1235 1214
f 1235 1232 1215
f 1241 1220 1233
f 1186 1206 1280
f 1186 1280 1279
f 1279 1231 1213
f 1279 1280 1231
f 427 310 331
f 311 338 334
f 311 333 310
f 434 427 332
f 332 427 331
f 333 331 310
f 334 333 311
f 335 334 338
f 338 339 335
f 339 336 363
f 336 337 364
f 337 475 485
f 339 363 335
f 336 364 363
f 485 364 337
f 434 423 427
f 423 433 424
f 425 424 437
f 444 426 425
f 428 426 447
f 428 451 429
f 454 430 429
f 430 471 431
f 431 474 432
f 517 524 432
f 434 433 423
f 433 437 424
f 444 425 437
f 446 449 426
f 444 446 426
f 449 447 426
f 428 447 461
f 461 450 428
f 428 450 451
f 429 451 452
f 454 429 452
f 454 471 430
f 471 474 431
f 517 432 474
f 475 476 486
f 492 476 477
f 487 486 476
f 492 487 476
f 493 477 478
f 479 497 478
f 493 492 477
f 493 478 497
f 506 497 479
f 499 480 525
f 484 481 501
f 480 502 481
f 506 479 482
f 482 483 506
f 506 483 507
f 483 484 507
f 486 485 475
f 499 525 518
f 499 502 480
f 500 484 501
f 481 502 501
f 500 507 484
f 517 518 524
f 524 518 525
f 1044 1048 1043
f 1047 1045 1046
f 1047 1046 1048
f 1070 1071 1074
f 1071 1073 1074
f 1069 1193 1042
f 1070 1191 1069
f 1189 1069 1191
f 1070 1074 1191
f 1190 1073 1072
f 1190 1074 1073
f 1086 1083 1084
f 1088 1084 1089
f 1194 1072 1081
f 1194 1081 1082
f 1194 1082 1087
f 1195 1086 1084
f 1195 1087 1086
f 1195 1084 1088
f 1195 1088 1090
f 1091 1198 1090
f 1091 1089 1092
f 1091 1092 1198
f 1118 1197 1085
f 1166 1156 1157
f 1039 1167 1157
f 1167 1039 1040
f 1040 1041 1243
f 1047 1243 1041
f 1044 1042 1246
f 1160 1042 1159
f 1160 1049 1042
f 1158 1042 1192
f 1042 1049 1170
f 1158 1159 1042
f 1244 1047 1048
f 1048 1044 1246
f 1160 1168 1049
f 1166 1165 1156
f 1166 1157 1167
f 1167 1040 1243
f 1244 1243 1047
f 1042 1170 1246
f 1169 1170 1168
f 1246 1244 1048
f 1169 1171 1246
f 1169 1246 1170
f 1171 1172 1246
f 1221 1245 1172
f 1189 1191 1188
f 1187 1193 1069
f 1192 1042 1193
f 1189 1187 1069
f 1074 1190 1188
f 1190 1072 1194
f 1200 1198 1201
f 1194 1087 1195
f 1195 1090 1196
f 1201 1198 1092
f 1204 1197 1205
f 1225 1223 1224
f 1221 1222 1248
f 1223 1248 1222
f 1223 1225 1254
f 1229 1230 1228
f 1238 1240 1237
f 1239 1241 1262
f 1241 1233 1242
f 1233 1259 1242
f 1172 1245 1246
f 1221 1248 1245
f 1245 1247 1246
f 1256 1225 1226
f 1223 1254 1248
f 1225 1256 1254
f 1229 1258 1230
f 1229 1236 1258
f 1258 1257 1230
f 1255 1254 1256
f 1249 1254 1255
f 1258 1236 1240
f 1238 1239 1262
f 1238 1262 1240
f 1241 1242 1262
f 1258 1240 1261
f 1118 1206 1205
f 1118 1280 1206
f 1118 1119 1308
f 1118 1205 1197
f 1118 1260 1280
f 1119 1276 1308
f 1118 1309 1260
f 1118 1308 1309
f 1287 1277 1281
f 1287 1286 1277
f 1282 1281 1278
f 1282 1283 1281
f 1282 1284 1283
f 1281 1285 1289
f 1285 1281 1283
f 1288 1281 1289
f 1288 1287 1281
f 1288 1314 1287
f 1288 1289 1290
f 1263 1260 1311
f 1309 1311 1260
f 1312 1313 1310
f 187 180 184
f 181 183 180
f 185 184 216
f 183 215 184
f 232 186 216
f 185 187 184
f 185 216 186
f 234 314 188
f 188 186 190
f 189 190 186
f 234 188 190
f 328 234 235
f 181 213 222
f 181 221 225
f 221 181 222
f 181 224 223
f 181 225 227
f 181 227 224
f 181 182 213
f 181 223 183
f 217 215 183
f 216 184 215
f 217 183 223
f 226 217 223
f 224 227 228
f 226 228 229
f 217 226 230
f 226 229 230
f 232 257 186
f 231 230 239
f 232 231 239
f 229 239 230
f 257 189 186
f 234 233 235
f 238 328 235
f 236 235 233
f 257 233 189
f 232 239 240
f 257 232 240
f 257 236 233
f 257 237 236
f 259 238 237
f 259 439 238
f 257 259 237
f 259 261 439
f 261 258 464
f 261 260 258
f 261 515 260
f 261 262 515
f 312 313 301
f 301 313 438
f 315 301 316
f 320 316 301
f 316 319 315
f 316 321 319
f 317 319 321
f 322 318 317
f 330 320 301
f 317 321 322
f 322 335 318
f 323 324 301
f 440 323 301
f 440 301 438
f 323 435 326
f 325 326 327
f 434 329 325
f 434 325 327
f 234 328 314
f 313 328 438
f 325 301 324
f 325 329 301
f 329 330 301
f 434 332 329
f 342 318 347
f 345 346 342
f 342 341 340
f 344 343 341
f 344 350 343
f 348 344 346
f 349 351 343
f 345 342 347
f 347 318 335
f 345 347 361
f 348 350 344
f 350 349 343
f 348 361 362
f 362 350 348
f 352 351 353
f 355 352 353
f 355 356 354
f 360 356 355
f 354 356 397
f 356 357 397
f 349 353 351
f 355 353 365
f 355 365 366
f 366 358 360
f 405 397 357
f 367 359 358
f 366 360 355
f 366 367 358
f 366 368 369
f 366 369 375
f 371 405 359
f 376 371 370
f 374 405 371
f 408 374 372
f 407 372 373
f 376 374 371
f 377 373 372
f 377 372 374
f 401 399 397
f 402 398 399
f 402 400 398
f 404 403 400
f 401 397 374
f 402 406 407
f 401 408 406
f 374 397 405
f 402 407 373
f 401 374 408
f 402 373 409
f 404 409 413
f 404 413 410
f 373 413 409
f 413 411 410
f 411 412 410
f 414 411 413
f 435 323 436
f 435 327 326
f 434 327 433
f 440 436 323
f 238 438 328
f 441 440 439
f 440 441 442
f 445 442 456
f 441 443 442
f 456 442 443
f 444 437 445
f 444 445 446
f 445 459 448
f 459 445 460
f 459 447 448
f 459 461 447
f 462 463 451
f 451 463 452
f 452 453 454
f 445 457 460
f 445 464 457
f 457 464 458
f 462 458 467
f 464 465 458
f 467 458 465
f 466 462 467
f 466 463 462
f 261 441 439
f 261 445 456
f 261 455 441
f 261 456 455
f 467 469 470
f 467 470 468
f 512 469 464
f 261 464 445
f 512 470 469
f 513 468 470
f 454 473 471
f 492 376 488
f 492 488 487
f 377 491 495
f 377 495 489
f 492 491 376
f 493 491 492
f 493 494 491
f 494 495 491
f 496 489 495
f 493 497 494
f 506 490 496
f 506 496 497
f 490 489 496
f 509 539 498
f 499 503 502
f 503 499 526
f 503 504 502
f 500 504 505
f 506 531 490
f 509 508 539
f 508 509 510
f 490 531 498
f 531 509 498
f 507 500 505
f 506 507 530
f 505 529 507
f 529 530 507
f 506 530 531
f 509 531 534
f 509 532 511
f 509 534 532
f 511 532 560
f 587 560 532
f 454 453 516
f 454 519 473
f 454 520 519
f 258 512 464
f 512 258 514
f 513 516 468
f 513 514 515
f 453 468 516
f 516 513 515
f 454 516 520
f 519 472 473
f 521 474 472
f 517 474 521
f 517 522 518
f 519 521 472
f 517 521 522
f 499 527 526
f 526 527 528
f 499 518 522
f 499 535 527
f 529 528 535
f 530 529 535
f 534 531 537
f 534 537 533
f 536 587 533
f 499 522 523
f 499 523 535
f 536 533 537
f 540 552 553
f 541 538 542
f 541 542 415
f 542 416 415
f 543 416 542
f 545 544 542
f 544 543 542
f 544 545 546
f 545 548 546
f 549 546 548
f 549 550 546
f 508 553 539
f 539 553 552
f 555 540 553
f 555 554 558
f 556 555 558
f 556 558 559
f 555 556 540
f 547 557 561
f 559 560 587
f 562 561 557
f 557 556 599
f 562 588 563
f 569 563 589
f 564 547 561
f 550 570 566
f 551 570 565
f 551 566 570
f 569 564 561
f 549 564 596
f 568 567 565
f 550 549 596
f 571 570 550
f 570 568 565
f 569 596 564
f 550 596 571
f 570 574 568
f 571 573 576
f 591 573 572
f 574 576 575
f 536 556 559
f 536 559 587
f 562 557 599
f 589 596 569
f 589 563 588
f 562 599 588
f 536 599 556
f 572 573 596
f 572 596 590
f 571 596 573
f 590 593 592
f 590 596 593
f 594 597 595
f 594 596 597
f 593 596 594
f 597 598 595

