# https://github.com/mikedh/trimesh
v -8.40000000 -15.60000000 -22.00000000 0.91764706 0.34509804 0.04705882
v -4.60000000 -15.60000000 -22.00000000 0.91764706 0.34509804 0.04705882
v -4.60000000 -12.40000000 -22.00000000 0.91764706 0.34509804 0.04705882
v 9.05000000 -12.40000000 -22.00000000 0.91764706 0.34509804 0.04705882
v 9.49160907 -12.38915911 -22.00000000 0.91764706 0.34509804 0.04705882
v 9.93215426 -12.35666254 -22.00000000 0.91764706 0.34509804 0.04705882
v 10.37057427 -12.30258859 -22.00000000 0.91764706 0.34509804 0.04705882
v 10.80581290 -12.22706752 -22.00000000 0.91764706 0.34509804 0.04705882
v 11.23682162 -12.13028128 -22.00000000 0.91764706 0.34509804 0.04705882
v 11.66256210 -12.01246302 -22.00000000 0.91764706 0.34509804 0.04705882
v 12.08200868 -11.87389659 -22.00000000 0.91764706 0.34509804 0.04705882
v 12.49415089 -11.71491579 -22.00000000 0.91764706 0.34509804 0.04705882
v 12.89799584 -11.53590364 -22.00000000 0.91764706 0.34509804 0.04705882
v 13.29257063 -11.33729138 -22.00000000 0.91764706 0.34509804 0.04705882
v 13.67692470 -11.11955749 -22.00000000 0.91764706 0.34509804 0.04705882
v 14.05013210 -10.88322651 -22.00000000 0.91764706 0.34509804 0.04705882
v 14.41129374 -10.62886778 -22.00000000 0.91764706 0.34509804 0.04705882
v 14.75953956 -10.35709408 -22.00000000 0.91764706 0.34509804 0.04705882
v 15.09403059 -10.06856013 -22.00000000 0.91764706 0.34509804 0.04705882
v 15.41396103 -9.76396103 -22.00000000 0.91764706 0.34509804 0.04705882
v 15.71856013 -9.44403059 -22.00000000 0.91764706 0.34509804 0.04705882
v 16.00709408 -9.10953956 -22.00000000 0.91764706 0.34509804 0.04705882
v 16.27886778 -8.76129374 -22.00000000 0.91764706 0.34509804 0.04705882
v 16.53322651 -8.40013210 -22.00000000 0.91764706 0.34509804 0.04705882
v 16.76955749 -8.02692470 -22.00000000 0.91764706 0.34509804 0.04705882
v 16.98729138 -7.64257063 -22.00000000 0.91764706 0.34509804 0.04705882
v 17.18590364 -7.24799584 -22.00000000 0.91764706 0.34509804 0.04705882
v 17.36491579 -6.84415089 -22.00000000 0.91764706 0.34509804 0.04705882
v 17.52389659 -6.43200868 -22.00000000 0.91764706 0.34509804 0.04705882
v 17.66246302 -6.01256210 -22.00000000 0.91764706 0.34509804 0.04705882
v 17.78028128 -5.58682162 -22.00000000 0.91764706 0.34509804 0.04705882
v 17.87706752 -5.15581290 -22.00000000 0.91764706 0.34509804 0.04705882
v 17.95258859 -4.72057427 -22.00000000 0.91764706 0.34509804 0.04705882
v 18.00666254 -4.28215426 -22.00000000 0.91764706 0.34509804 0.04705882
v 18.03915911 -3.84160907 -22.00000000 0.91764706 0.34509804 0.04705882
v 18.05000000 -3.40000000 -22.00000000 0.91764706 0.34509804 0.04705882
v 18.05000000 0.20000000 -22.00000000 0.91764706 0.34509804 0.04705882
v 22.85000000 0.20000000 -22.00000000 0.91764706 0.34509804 0.04705882
v 22.85000000 3.80000000 -22.00000000 0.91764706 0.34509804 0.04705882
v 18.04018055 3.80000000 -22.00000000 0.91764706 0.34509804 0.04705882
v 18.03915911 3.84160907 -22.00000000 0.91764706 0.34509804 0.04705882
v 18.00666254 4.28215426 -22.00000000 0.91764706 0.34509804 0.04705882
v 17.95258859 4.72057427 -22.00000000 0.91764706 0.34509804 0.04705882
v 17.87706752 5.15581290 -22.00000000 0.91764706 0.34509804 0.04705882
v 17.78028128 5.58682162 -22.00000000 0.91764706 0.34509804 0.04705882
v 17.66246302 6.01256210 -22.00000000 0.91764706 0.34509804 0.04705882
v 17.52389659 6.43200868 -22.00000000 0.91764706 0.34509804 0.04705882
v 17.36491579 6.84415089 -22.00000000 0.91764706 0.34509804 0.04705882
v 17.18590364 7.24799584 -22.00000000 0.91764706 0.34509804 0.04705882
v 16.98729138 7.64257063 -22.00000000 0.91764706 0.34509804 0.04705882
v 16.76955749 8.02692470 -22.00000000 0.91764706 0.34509804 0.04705882
v 16.53322651 8.40013210 -22.00000000 0.91764706 0.34509804 0.04705882
v 16.27886778 8.76129374 -22.00000000 0.91764706 0.34509804 0.04705882
v 16.00709408 9.10953956 -22.00000000 0.91764706 0.34509804 0.04705882
v 15.71856013 9.44403059 -22.00000000 0.91764706 0.34509804 0.04705882
v 15.41396103 9.76396103 -22.00000000 0.91764706 0.34509804 0.04705882
v 15.09403059 10.06856013 -22.00000000 0.91764706 0.34509804 0.04705882
v 14.75953956 10.35709408 -22.00000000 0.91764706 0.34509804 0.04705882
v 14.41129374 10.62886778 -22.00000000 0.91764706 0.34509804 0.04705882
v 14.05013210 10.88322651 -22.00000000 0.91764706 0.34509804 0.04705882
v 13.67692470 11.11955749 -22.00000000 0.91764706 0.34509804 0.04705882
v 13.29257063 11.33729138 -22.00000000 0.91764706 0.34509804 0.04705882
v 12.89799584 11.53590364 -22.00000000 0.91764706 0.34509804 0.04705882
v 12.49415089 11.71491579 -22.00000000 0.91764706 0.34509804 0.04705882
v 12.08200868 11.87389659 -22.00000000 0.91764706 0.34509804 0.04705882
v 11.66256210 12.01246302 -22.00000000 0.91764706 0.34509804 0.04705882
v 11.23682162 12.13028128 -22.00000000 0.91764706 0.34509804 0.04705882
v 10.80581290 12.22706752 -22.00000000 0.91764706 0.34509804 0.04705882
v 10.37057427 12.30258859 -22.00000000 0.91764706 0.34509804 0.04705882
v 10.25000000 12.31746001 -22.00000000 0.91764706 0.34509804 0.04705882
v 10.25000000 15.60000000 -22.00000000 0.91764706 0.34509804 0.04705882
v 10.24036945 15.79603428 -22.00000000 0.91764706 0.34509804 0.04705882
v 10.21157056 15.99018064 -22.00000000 0.91764706 0.34509804 0.04705882
v 10.16388067 16.18056935 -22.00000000 0.91764706 0.34509804 0.04705882
v 10.09775907 16.36536686 -22.00000000 0.91764706 0.34509804 0.04705882
v 10.01384253 16.54279347 -22.00000000 0.91764706 0.34509804 0.04705882
v 9.91293922 16.71114047 -22.00000000 0.91764706 0.34509804 0.04705882
v 9.79602091 16.86878657 -22.00000000 0.91764706 0.34509804 0.04705882
v 9.66421356 17.01421356 -22.00000000 0.91764706 0.34509804 0.04705882
v 9.51878657 17.14602091 -22.00000000 0.91764706 0.34509804 0.04705882
v 9.36114047 17.26293922 -22.00000000 0.91764706 0.34509804 0.04705882
v 9.19279347 17.36384253 -22.00000000 0.91764706 0.34509804 0.04705882
v 9.01536686 17.44775907 -22.00000000 0.91764706 0.34509804 0.04705882
v 8.83056935 17.51388067 -22.00000000 0.91764706 0.34509804 0.04705882
v 8.64018064 17.56157056 -22.00000000 0.91764706 0.34509804 0.04705882
v 8.44603428 17.59036945 -22.00000000 0.91764706 0.34509804 0.04705882
v 8.25000000 17.60000000 -22.00000000 0.91764706 0.34509804 0.04705882
v -8.25000000 17.60000000 -22.00000000 0.91764706 0.34509804 0.04705882
v -8.44603428 17.59036945 -22.00000000 0.91764706 0.34509804 0.04705882
v -8.64018064 17.56157056 -22.00000000 0.91764706 0.34509804 0.04705882
v -8.83056935 17.51388067 -22.00000000 0.91764706 0.34509804 0.04705882
v -9.01536686 17.44775907 -22.00000000 0.91764706 0.34509804 0.04705882
v -9.19279347 17.36384253 -22.00000000 0.91764706 0.34509804 0.04705882
v -9.36114047 17.26293922 -22.00000000 0.91764706 0.34509804 0.04705882
v -9.51878657 17.14602091 -22.00000000 0.91764706 0.34509804 0.04705882
v -9.66421356 17.01421356 -22.00000000 0.91764706 0.34509804 0.04705882
v -9.79602091 16.86878657 -22.00000000 0.91764706 0.34509804 0.04705882
v -9.91293922 16.71114047 -22.00000000 0.91764706 0.34509804 0.04705882
v -10.01384253 16.54279347 -22.00000000 0.91764706 0.34509804 0.04705882
v -10.09775907 16.36536686 -22.00000000 0.91764706 0.34509804 0.04705882
v -10.16388067 16.18056935 -22.00000000 0.91764706 0.34509804 0.04705882
v -10.21157056 15.99018064 -22.00000000 0.91764706 0.34509804 0.04705882
v -10.24036945 15.79603428 -22.00000000 0.91764706 0.34509804 0.04705882
v -10.25000000 15.60000000 -22.00000000 0.91764706 0.34509804 0.04705882
v -10.25000000 12.31746001 -22.00000000 0.91764706 0.34509804 0.04705882
v -10.37057427 12.30258859 -22.00000000 0.91764706 0.34509804 0.04705882
v -10.80581290 12.22706752 -22.00000000 0.91764706 0.34509804 0.04705882
v -11.23682162 12.13028128 -22.00000000 0.91764706 0.34509804 0.04705882
v -11.66256210 12.01246302 -22.00000000 0.91764706 0.34509804 0.04705882
v -12.08200868 11.87389659 -22.00000000 0.91764706 0.34509804 0.04705882
v -12.49415089 11.71491579 -22.00000000 0.91764706 0.34509804 0.04705882
v -12.89799584 11.53590364 -22.00000000 0.91764706 0.34509804 0.04705882
v -13.29257063 11.33729138 -22.00000000 0.91764706 0.34509804 0.04705882
v -13.67692470 11.11955749 -22.00000000 0.91764706 0.34509804 0.04705882
v -14.05013210 10.88322651 -22.00000000 0.91764706 0.34509804 0.04705882
v -14.41129374 10.62886778 -22.00000000 0.91764706 0.34509804 0.04705882
v -14.75953956 10.35709408 -22.00000000 0.91764706 0.34509804 0.04705882
v -15.09403059 10.06856013 -22.00000000 0.91764706 0.34509804 0.04705882
v -15.41396103 9.76396103 -22.00000000 0.91764706 0.34509804 0.04705882
v -15.71856013 9.44403059 -22.00000000 0.91764706 0.34509804 0.04705882
v -16.00709408 9.10953956 -22.00000000 0.91764706 0.34509804 0.04705882
v -16.27886778 8.76129374 -22.00000000 0.91764706 0.34509804 0.04705882
v -16.53322651 8.40013210 -22.00000000 0.91764706 0.34509804 0.04705882
v -16.76955749 8.02692470 -22.00000000 0.91764706 0.34509804 0.04705882
v -16.98729138 7.64257063 -22.00000000 0.91764706 0.34509804 0.04705882
v -17.18590364 7.24799584 -22.00000000 0.91764706 0.34509804 0.04705882
v -17.36491579 6.84415089 -22.00000000 0.91764706 0.34509804 0.04705882
v -17.52389659 6.43200868 -22.00000000 0.91764706 0.34509804 0.04705882
v -17.66246302 6.01256210 -22.00000000 0.91764706 0.34509804 0.04705882
v -17.78028128 5.58682162 -22.00000000 0.91764706 0.34509804 0.04705882
v -17.87706752 5.15581290 -22.00000000 0.91764706 0.34509804 0.04705882
v -17.95258859 4.72057427 -22.00000000 0.91764706 0.34509804 0.04705882
v -18.00666254 4.28215426 -22.00000000 0.91764706 0.34509804 0.04705882
v -18.03915911 3.84160907 -22.00000000 0.91764706 0.34509804 0.04705882
v -18.05000000 3.40000000 -22.00000000 0.91764706 0.34509804 0.04705882
v -18.05000000 -3.40000000 -22.00000000 0.91764706 0.34509804 0.04705882
v -18.03915911 -3.84160907 -22.00000000 0.91764706 0.34509804 0.04705882
v -18.00666254 -4.28215426 -22.00000000 0.91764706 0.34509804 0.04705882
v -17.95258859 -4.72057427 -22.00000000 0.91764706 0.34509804 0.04705882
v -17.87706752 -5.15581290 -22.00000000 0.91764706 0.34509804 0.04705882
v -17.78028128 -5.58682162 -22.00000000 0.91764706 0.34509804 0.04705882
v -17.66246302 -6.01256210 -22.00000000 0.91764706 0.34509804 0.04705882
v -17.52389659 -6.43200868 -22.00000000 0.91764706 0.34509804 0.04705882
v -17.36491579 -6.84415089 -22.00000000 0.91764706 0.34509804 0.04705882
v -17.18590364 -7.24799584 -22.00000000 0.91764706 0.34509804 0.04705882
v -16.98729138 -7.64257063 -22.00000000 0.91764706 0.34509804 0.04705882
v -16.76955749 -8.02692470 -22.00000000 0.91764706 0.34509804 0.04705882
v -16.53322651 -8.40013210 -22.00000000 0.91764706 0.34509804 0.04705882
v -16.27886778 -8.76129374 -22.00000000 0.91764706 0.34509804 0.04705882
v -16.00709408 -9.10953956 -22.00000000 0.91764706 0.34509804 0.04705882
v -15.71856013 -9.44403059 -22.00000000 0.91764706 0.34509804 0.04705882
v -15.41396103 -9.76396103 -22.00000000 0.91764706 0.34509804 0.04705882
v -15.09403059 -10.06856013 -22.00000000 0.91764706 0.34509804 0.04705882
v -14.75953956 -10.35709408 -22.00000000 0.91764706 0.34509804 0.04705882
v -14.41129374 -10.62886778 -22.00000000 0.91764706 0.34509804 0.04705882
v -14.05013210 -10.88322651 -22.00000000 0.91764706 0.34509804 0.04705882
v -13.67692470 -11.11955749 -22.00000000 0.91764706 0.34509804 0.04705882
v -13.29257063 -11.33729138 -22.00000000 0.91764706 0.34509804 0.04705882
v -12.89799584 -11.53590364 -22.00000000 0.91764706 0.34509804 0.04705882
v -12.49415089 -11.71491579 -22.00000000 0.91764706 0.34509804 0.04705882
v -12.08200868 -11.87389659 -22.00000000 0.91764706 0.34509804 0.04705882
v -11.66256210 -12.01246302 -22.00000000 0.91764706 0.34509804 0.04705882
v -11.23682162 -12.13028128 -22.00000000 0.91764706 0.34509804 0.04705882
v -10.80581290 -12.22706752 -22.00000000 0.91764706 0.34509804 0.04705882
v -10.37057427 -12.30258859 -22.00000000 0.91764706 0.34509804 0.04705882
v -9.93215426 -12.35666254 -22.00000000 0.91764706 0.34509804 0.04705882
v -9.49160907 -12.38915911 -22.00000000 0.91764706 0.34509804 0.04705882
v -9.05000000 -12.40000000 -22.00000000 0.91764706 0.34509804 0.04705882
v -8.40000000 -12.40000000 -22.00000000 0.91764706 0.34509804 0.04705882
v 9.03527305 -11.20000000 -22.00000000 0.91764706 0.34509804 0.04705882
v -9.03527305 -11.20000000 -22.00000000 0.91764706 0.34509804 0.04705882
v -9.43271012 -11.19024347 -22.00000000 0.91764706 0.34509804 0.04705882
v -9.81449826 -11.16208108 -22.00000000 0.91764706 0.34509804 0.04705882
v -10.19444465 -11.11521916 -22.00000000 0.91764706 0.34509804 0.04705882
v -10.57163398 -11.04977061 -22.00000000 0.91764706 0.34509804 0.04705882
v -10.94515756 -10.96589308 -22.00000000 0.91764706 0.34509804 0.04705882
v -11.31411554 -10.86378866 -22.00000000 0.91764706 0.34509804 0.04705882
v -11.67761906 -10.74370332 -22.00000000 0.91764706 0.34509804 0.04705882
v -12.03479242 -10.60592635 -22.00000000 0.91764706 0.34509804 0.04705882
v -12.38477516 -10.45078967 -22.00000000 0.91764706 0.34509804 0.04705882
v -12.72672412 -10.27866702 -22.00000000 0.91764706 0.34509804 0.04705882
v -13.05981554 -10.08997307 -22.00000000 0.91764706 0.34509804 0.04705882
v -13.38324696 -9.88516238 -22.00000000 0.91764706 0.34509804 0.04705882
v -13.69623921 -9.66472836 -22.00000000 0.91764706 0.34509804 0.04705882
v -13.99803827 -9.42920207 -22.00000000 0.91764706 0.34509804 0.04705882
v -14.28791706 -9.17915090 -22.00000000 0.91764706 0.34509804 0.04705882
v -14.56517726 -8.91517726 -22.00000000 0.91764706 0.34509804 0.04705882
v -14.82915090 -8.63791706 -22.00000000 0.91764706 0.34509804 0.04705882
v -15.07920207 -8.34803827 -22.00000000 0.91764706 0.34509804 0.04705882
v -15.31472836 -8.04623921 -22.00000000 0.91764706 0.34509804 0.04705882
v -15.53516238 -7.73324696 -22.00000000 0.91764706 0.34509804 0.04705882
v -15.73997307 -7.40981554 -22.00000000 0.91764706 0.34509804 0.04705882
v -15.92866702 -7.07672412 -22.00000000 0.91764706 0.34509804 0.04705882
v -16.10078967 -6.73477516 -22.00000000 0.91764706 0.34509804 0.04705882
v -16.25592635 -6.38479242 -22.00000000 0.91764706 0.34509804 0.04705882
v -16.39370332 -6.02761906 -22.00000000 0.91764706 0.34509804 0.04705882
v -16.51378866 -5.66411554 -22.00000000 0.91764706 0.34509804 0.04705882
v -16.61589308 -5.29515756 -22.00000000 0.91764706 0.34509804 0.04705882
v -16.69977061 -4.92163398 -22.00000000 0.91764706 0.34509804 0.04705882
v -16.76521916 -4.54444465 -22.00000000 0.91764706 0.34509804 0.04705882
v -16.81208108 -4.16449826 -22.00000000 0.91764706 0.34509804 0.04705882
v -16.84024347 -3.78271012 -22.00000000 0.91764706 0.34509804 0.04705882
v -16.85000000 -3.38527305 -22.00000000 0.91764706 0.34509804 0.04705882
v -16.85000000 3.38527305 -22.00000000 0.91764706 0.34509804 0.04705882
v -16.84024347 3.78271012 -22.00000000 0.91764706 0.34509804 0.04705882
v -16.81208108 4.16449826 -22.00000000 0.91764706 0.34509804 0.04705882
v -16.76521916 4.54444465 -22.00000000 0.91764706 0.34509804 0.04705882
v -16.69977061 4.92163398 -22.00000000 0.91764706 0.34509804 0.04705882
v -16.61589308 5.29515756 -22.00000000 0.91764706 0.34509804 0.04705882
v -16.51378866 5.66411554 -22.00000000 0.91764706 0.34509804 0.04705882
v -16.39370332 6.02761906 -22.00000000 0.91764706 0.34509804 0.04705882
v -16.25592635 6.38479242 -22.00000000 0.91764706 0.34509804 0.04705882
v -16.10078967 6.73477516 -22.00000000 0.91764706 0.34509804 0.04705882
v -15.92866702 7.07672412 -22.00000000 0.91764706 0.34509804 0.04705882
v -15.73997307 7.40981554 -22.00000000 0.91764706 0.34509804 0.04705882
v -15.53516238 7.73324696 -22.00000000 0.91764706 0.34509804 0.04705882
v -15.31472836 8.04623921 -22.00000000 0.91764706 0.34509804 0.04705882
v -15.07920207 8.34803827 -22.00000000 0.91764706 0.34509804 0.04705882
v -14.82915090 8.63791706 -22.00000000 0.91764706 0.34509804 0.04705882
v -14.56517726 8.91517726 -22.00000000 0.91764706 0.34509804 0.04705882
v -14.28791706 9.17915090 -22.00000000 0.91764706 0.34509804 0.04705882
v -13.99803827 9.42920207 -22.00000000 0.91764706 0.34509804 0.04705882
v -13.69623921 9.66472836 -22.00000000 0.91764706 0.34509804 0.04705882
v -13.38324696 9.88516238 -22.00000000 0.91764706 0.34509804 0.04705882
v -13.05981554 10.08997307 -22.00000000 0.91764706 0.34509804 0.04705882
v -12.72672412 10.27866702 -22.00000000 0.91764706 0.34509804 0.04705882
v -12.38477516 10.45078967 -22.00000000 0.91764706 0.34509804 0.04705882
v -12.03479242 10.60592635 -22.00000000 0.91764706 0.34509804 0.04705882
v -11.67761906 10.74370332 -22.00000000 0.91764706 0.34509804 0.04705882
v -11.31411554 10.86378866 -22.00000000 0.91764706 0.34509804 0.04705882
v -10.94515756 10.96589308 -22.00000000 0.91764706 0.34509804 0.04705882
v -10.57163398 11.04977061 -22.00000000 0.91764706 0.34509804 0.04705882
v -10.19444465 11.11521916 -22.00000000 0.91764706 0.34509804 0.04705882
v -10.10310719 11.12648457 -22.00000000 0.91764706 0.34509804 0.04705882
v -10.04581310 11.13495939 -22.00000000 0.91764706 0.34509804 0.04705882
v -9.98899465 11.14618881 -22.00000000 0.91764706 0.34509804 0.04705882
v -9.93278421 11.16014668 -22.00000000 0.91764706 0.34509804 0.04705882
v -9.87731271 11.17680047 -22.00000000 0.91764706 0.34509804 0.04705882
v -9.82270937 11.19611139 -22.00000000 0.91764706 0.34509804 0.04705882
v -9.76910140 11.21803446 -22.00000000 0.91764706 0.34509804 0.04705882
v -9.71661366 11.24251861 -22.00000000 0.91764706 0.34509804 0.04705882
v -9.66536844 11.26950680 -22.00000000 0.91764706 0.34509804 0.04705882
v -9.61548509 11.29893616 -22.00000000 0.91764706 0.34509804 0.04705882
v -9.56707982 11.33073814 -22.00000000 0.91764706 0.34509804 0.04705882
v -9.52026540 11.36483867 -22.00000000 0.91764706 0.34509804 0.04705882
v -9.47515087 11.40115829 -22.00000000 0.91764706 0.34509804 0.04705882
v -9.43184133 11.43961241 -22.00000000 0.91764706 0.34509804 0.04705882
v -9.39043767 11.48011146 -22.00000000 0.91764706 0.34509804 0.04705882
v -9.35103633 11.52256107 -22.00000000 0.91764706 0.34509804 0.04705882
v -9.31372909 11.56686239 -22.00000000 0.91764706 0.34509804 0.04705882
v -9.27860287 11.61291219 -22.00000000 0.91764706 0.34509804 0.04705882
v -9.24573950 11.66060322 -22.00000000 0.91764706 0.34509804 0.04705882
v -9.21521551 11.70982438 -22.00000000 0.91764706 0.34509804 0.04705882
v -9.18710203 11.76046100 -22.00000000 0.91764706 0.34509804 0.04705882
v -9.16146453 11.81239514 -22.00000000 0.91764706 0.34509804 0.04705882
v -9.13836274 11.86550581 -22.00000000 0.91764706 0.34509804 0.04705882
v -9.11785048 11.91966929 -22.00000000 0.91764706 0.34509804 0.04705882
v -9.09997552 11.97475941 -22.00000000 0.91764706 0.34509804 0.04705882
v -9.08477951 12.03064785 -22.00000000 0.91764706 0.34509804 0.04705882
v -9.07229785 12.08720440 -22.00000000 0.91764706 0.34509804 0.04705882
v -9.06255961 12.14429733 -22.00000000 0.91764706 0.34509804 0.04705882
v -9.05558747 12.20179364 -22.00000000 0.91764706 0.34509804 0.04705882
v -9.05139768 12.25955938 -22.00000000 0.91764706 0.34509804 0.04705882
v -9.05000000 12.31746001 -22.00000000 0.91764706 0.34509804 0.04705882
v -9.05000000 15.57054165 -22.00000000 0.91764706 0.34509804 0.04705882
v -9.04470755 15.67827186 -22.00000000 0.91764706 0.34509804 0.04705882
v -9.03320884 15.75578992 -22.00000000 0.91764706 0.34509804 0.04705882
v -9.01416739 15.83180764 -22.00000000 0.91764706 0.34509804 0.04705882
v -8.98776659 15.90559293 -22.00000000 0.91764706 0.34509804 0.04705882
v -8.95426070 15.97643519 -22.00000000 0.91764706 0.34509804 0.04705882
v -8.91397239 16.04365217 -22.00000000 0.91764706 0.34509804 0.04705882
v -8.86728967 16.10659654 -22.00000000 0.91764706 0.34509804 0.04705882
v -8.81466210 16.16466210 -22.00000000 0.91764706 0.34509804 0.04705882
v -8.75659654 16.21728967 -22.00000000 0.91764706 0.34509804 0.04705882
v -8.69365217 16.26397239 -22.00000000 0.91764706 0.34509804 0.04705882
v -8.62643519 16.30426070 -22.00000000 0.91764706 0.34509804 0.04705882
v -8.55559293 16.33776659 -22.00000000 0.91764706 0.34509804 0.04705882
v -8.48180764 16.36416739 -22.00000000 0.91764706 0.34509804 0.04705882
v -8.40578992 16.38320884 -22.00000000 0.91764706 0.34509804 0.04705882
v -8.32827186 16.39470755 -22.00000000 0.91764706 0.34509804 0.04705882
v -8.22054165 16.40000000 -22.00000000 0.91764706 0.34509804 0.04705882
v 8.22054165 16.40000000 -22.00000000 0.91764706 0.34509804 0.04705882
v 8.32827186 16.39470755 -22.00000000 0.91764706 0.34509804 0.04705882
v 8.40578992 16.38320884 -22.00000000 0.91764706 0.34509804 0.04705882
v 8.48180764 16.36416739 -22.00000000 0.91764706 0.34509804 0.04705882
v 8.55559293 16.33776659 -22.00000000 0.91764706 0.34509804 0.04705882
v 8.62643519 16.30426070 -22.00000000 0.91764706 0.34509804 0.04705882
v 8.69365217 16.26397239 -22.00000000 0.91764706 0.34509804 0.04705882
v 8.75659654 16.21728967 -22.00000000 0.91764706 0.34509804 0.04705882
v 8.81466210 16.16466210 -22.00000000 0.91764706 0.34509804 0.04705882
v 8.86728967 16.10659654 -22.00000000 0.91764706 0.34509804 0.04705882
v 8.91397239 16.04365217 -22.00000000 0.91764706 0.34509804 0.04705882
v 8.95426070 15.97643519 -22.00000000 0.91764706 0.34509804 0.04705882
v 8.98776659 15.90559293 -22.00000000 0.91764706 0.34509804 0.04705882
v 9.01416739 15.83180764 -22.00000000 0.91764706 0.34509804 0.04705882
v 9.03320884 15.75578992 -22.00000000 0.91764706 0.34509804 0.04705882
v 9.04470755 15.67827186 -22.00000000 0.91764706 0.34509804 0.04705882
v 9.05000000 15.57054165 -22.00000000 0.91764706 0.34509804 0.04705882
v 9.05000000 12.31746001 -22.00000000 0.91764706 0.34509804 0.04705882
v 9.05149571 12.25756444 -22.00000000 0.91764706 0.34509804 0.04705882
v 9.05597913 12.19781819 -22.00000000 0.91764706 0.34509804 0.04705882
v 9.06343907 12.13837018 -22.00000000 0.91764706 0.34509804 0.04705882
v 9.07385694 12.07936862 -22.00000000 0.91764706 0.34509804 0.04705882
v 9.08720677 12.02096059 -22.00000000 0.91764706 0.34509804 0.04705882
v 9.10345528 11.96329169 -22.00000000 0.91764706 0.34509804 0.04705882
v 9.12256196 11.90650568 -22.00000000 0.91764706 0.34509804 0.04705882
v 9.14447918 11.85074413 -22.00000000 0.91764706 0.34509804 0.04705882
v 9.16915231 11.79614603 -22.00000000 0.91764706 0.34509804 0.04705882
v 9.19651984 11.74284749 -22.00000000 0.91764706 0.34509804 0.04705882
v 9.22651354 11.69098138 -22.00000000 0.91764706 0.34509804 0.04705882
v 9.25905866 11.64067699 -22.00000000 0.91764706 0.34509804 0.04705882
v 9.29407405 11.59205972 -22.00000000 0.91764706 0.34509804 0.04705882
v 9.33147243 11.54525078 -22.00000000 0.91764706 0.34509804 0.04705882
v 9.37116056 11.50036684 -22.00000000 0.91764706 0.34509804 0.04705882
v 9.41303952 11.45751980 -22.00000000 0.91764706 0.34509804 0.04705882
v 9.45700490 11.41681647 -22.00000000 0.91764706 0.34509804 0.04705882
v 9.50294711 11.37835832 -22.00000000 0.91764706 0.34509804 0.04705882
v 9.55075162 11.34224121 -22.00000000 0.91764706 0.34509804 0.04705882
v 9.60029925 11.30855519 -22.00000000 0.91764706 0.34509804 0.04705882
v 9.65146649 11.27738422 -22.00000000 0.91764706 0.34509804 0.04705882
v 9.70412579 11.24880602 -22.00000000 0.91764706 0.34509804 0.04705882
v 9.75814588 11.22289182 -22.00000000 0.91764706 0.34509804 0.04705882
v 9.81339209 11.19970622 -22.00000000 0.91764706 0.34509804 0.04705882
v 9.86972671 11.17930702 -22.00000000 0.91764706 0.34509804 0.04705882
v 9.92700929 11.16174508 -22.00000000 0.91764706 0.34509804 0.04705882
v 9.98509704 11.14706417 -22.00000000 0.91764706 0.34509804 0.04705882
v 10.04384516 11.13530089 -22.00000000 0.91764706 0.34509804 0.04705882
v 10.10310719 11.12648457 -22.00000000 0.91764706 0.34509804 0.04705882
v 10.19444465 11.11521916 -22.00000000 0.91764706 0.34509804 0.04705882
v 10.57163398 11.04977061 -22.00000000 0.91764706 0.34509804 0.04705882
v 10.94515756 10.96589308 -22.00000000 0.91764706 0.34509804 0.04705882
v 11.31411554 10.86378866 -22.00000000 0.91764706 0.34509804 0.04705882
v 11.67761906 10.74370332 -22.00000000 0.91764706 0.34509804 0.04705882
v 12.03479242 10.60592635 -22.00000000 0.91764706 0.34509804 0.04705882
v 12.38477516 10.45078967 -22.00000000 0.91764706 0.34509804 0.04705882
v 12.72672412 10.27866702 -22.00000000 0.91764706 0.34509804 0.04705882
v 13.05981554 10.08997307 -22.00000000 0.91764706 0.34509804 0.04705882
v 13.38324696 9.88516238 -22.00000000 0.91764706 0.34509804 0.04705882
v 13.69623921 9.66472836 -22.00000000 0.91764706 0.34509804 0.04705882
v 13.99803827 9.42920207 -22.00000000 0.91764706 0.34509804 0.04705882
v 14.28791706 9.17915090 -22.00000000 0.91764706 0.34509804 0.04705882
v 14.56517726 8.91517726 -22.00000000 0.91764706 0.34509804 0.04705882
v 14.82915090 8.63791706 -22.00000000 0.91764706 0.34509804 0.04705882
v 15.07920207 8.34803827 -22.00000000 0.91764706 0.34509804 0.04705882
v 15.31472836 8.04623921 -22.00000000 0.91764706 0.34509804 0.04705882
v 15.53516238 7.73324696 -22.00000000 0.91764706 0.34509804 0.04705882
v 15.73997307 7.40981554 -22.00000000 0.91764706 0.34509804 0.04705882
v 15.92866702 7.07672412 -22.00000000 0.91764706 0.34509804 0.04705882
v 16.10078967 6.73477516 -22.00000000 0.91764706 0.34509804 0.04705882
v 16.25592635 6.38479242 -22.00000000 0.91764706 0.34509804 0.04705882
v 16.39370332 6.02761906 -22.00000000 0.91764706 0.34509804 0.04705882
v 16.51378866 5.66411554 -22.00000000 0.91764706 0.34509804 0.04705882
v 16.61589308 5.29515756 -22.00000000 0.91764706 0.34509804 0.04705882
v 16.69977061 4.92163398 -22.00000000 0.91764706 0.34509804 0.04705882
v 16.76521916 4.54444465 -22.00000000 0.91764706 0.34509804 0.04705882
v 16.81208108 4.16449826 -22.00000000 0.91764706 0.34509804 0.04705882
v 16.84024347 3.78271012 -22.00000000 0.91764706 0.34509804 0.04705882
v 16.85000000 3.38527305 -22.00000000 0.91764706 0.34509804 0.04705882
v 16.85000000 -3.38527305 -22.00000000 0.91764706 0.34509804 0.04705882
v 16.84024347 -3.78271012 -22.00000000 0.91764706 0.34509804 0.04705882
v 16.81208108 -4.16449826 -22.00000000 0.91764706 0.34509804 0.04705882
v 16.76521916 -4.54444465 -22.00000000 0.91764706 0.34509804 0.04705882
v 16.69977061 -4.92163398 -22.00000000 0.91764706 0.34509804 0.04705882
v 16.61589308 -5.29515756 -22.00000000 0.91764706 0.34509804 0.04705882
v 16.51378866 -5.66411554 -22.00000000 0.91764706 0.34509804 0.04705882
v 16.39370332 -6.02761906 -22.00000000 0.91764706 0.34509804 0.04705882
v 16.25592635 -6.38479242 -22.00000000 0.91764706 0.34509804 0.04705882
v 16.10078967 -6.73477516 -22.00000000 0.91764706 0.34509804 0.04705882
v 15.92866702 -7.07672412 -22.00000000 0.91764706 0.34509804 0.04705882
v 15.73997307 -7.40981554 -22.00000000 0.91764706 0.34509804 0.04705882
v 15.53516238 -7.73324696 -22.00000000 0.91764706 0.34509804 0.04705882
v 15.31472836 -8.04623921 -22.00000000 0.91764706 0.34509804 0.04705882
v 15.07920207 -8.34803827 -22.00000000 0.91764706 0.34509804 0.04705882
v 14.82915090 -8.63791706 -22.00000000 0.91764706 0.34509804 0.04705882
v 14.56517726 -8.91517726 -22.00000000 0.91764706 0.34509804 0.04705882
v 14.28791706 -9.17915090 -22.00000000 0.91764706 0.34509804 0.04705882
v 13.99803827 -9.42920207 -22.00000000 0.91764706 0.34509804 0.04705882
v 13.69623921 -9.66472836 -22.00000000 0.91764706 0.34509804 0.04705882
v 13.38324696 -9.88516238 -22.00000000 0.91764706 0.34509804 0.04705882
v 13.05981554 -10.08997307 -22.00000000 0.91764706 0.34509804 0.04705882
v 12.72672412 -10.27866702 -22.00000000 0.91764706 0.34509804 0.04705882
v 12.38477516 -10.45078967 -22.00000000 0.91764706 0.34509804 0.04705882
v 12.03479242 -10.60592635 -22.00000000 0.91764706 0.34509804 0.04705882
v 11.67761906 -10.74370332 -22.00000000 0.91764706 0.34509804 0.04705882
v 11.31411554 -10.86378866 -22.00000000 0.91764706 0.34509804 0.04705882
v 10.94515756 -10.96589308 -22.00000000 0.91764706 0.34509804 0.04705882
v 10.57163398 -11.04977061 -22.00000000 0.91764706 0.34509804 0.04705882
v 10.19444465 -11.11521916 -22.00000000 0.91764706 0.34509804 0.04705882
v 9.81449826 -11.16208108 -22.00000000 0.91764706 0.34509804 0.04705882
v 9.43271012 -11.19024347 -22.00000000 0.91764706 0.34509804 0.04705882
v -8.40000000 -15.60000000 0.00000000 0.91764706 0.34509804 0.04705882
v -4.60000000 -15.60000000 0.00000000 0.91764706 0.34509804 0.04705882
v -4.60000000 -12.40000000 0.00000000 0.91764706 0.34509804 0.04705882
v 9.05000000 -12.40000000 0.00000000 0.91764706 0.34509804 0.04705882
v 9.49160907 -12.38915911 0.00000000 0.91764706 0.34509804 0.04705882
v 9.93215426 -12.35666254 0.00000000 0.91764706 0.34509804 0.04705882
v 10.37057427 -12.30258859 0.00000000 0.91764706 0.34509804 0.04705882
v 10.80581290 -12.22706752 0.00000000 0.91764706 0.34509804 0.04705882
v 11.23682162 -12.13028128 0.00000000 0.91764706 0.34509804 0.04705882
v 11.66256210 -12.01246302 0.00000000 0.91764706 0.34509804 0.04705882
v 12.08200868 -11.87389659 0.00000000 0.91764706 0.34509804 0.04705882
v 12.49415089 -11.71491579 0.00000000 0.91764706 0.34509804 0.04705882
v 12.89799584 -11.53590364 0.00000000 0.91764706 0.34509804 0.04705882
v 13.29257063 -11.33729138 0.00000000 0.91764706 0.34509804 0.04705882
v 13.67692470 -11.11955749 0.00000000 0.91764706 0.34509804 0.04705882
v 14.05013210 -10.88322651 0.00000000 0.91764706 0.34509804 0.04705882
v 14.41129374 -10.62886778 0.00000000 0.91764706 0.34509804 0.04705882
v 14.75953956 -10.35709408 0.00000000 0.91764706 0.34509804 0.04705882
v 15.09403059 -10.06856013 0.00000000 0.91764706 0.34509804 0.04705882
v 15.41396103 -9.76396103 0.00000000 0.91764706 0.34509804 0.04705882
v 15.71856013 -9.44403059 0.00000000 0.91764706 0.34509804 0.04705882
v 16.00709408 -9.10953956 0.00000000 0.91764706 0.34509804 0.04705882
v 16.27886778 -8.76129374 0.00000000 0.91764706 0.34509804 0.04705882
v 16.53322651 -8.40013210 0.00000000 0.91764706 0.34509804 0.04705882
v 16.76955749 -8.02692470 0.00000000 0.91764706 0.34509804 0.04705882
v 16.98729138 -7.64257063 0.00000000 0.91764706 0.34509804 0.04705882
v 17.18590364 -7.24799584 0.00000000 0.91764706 0.34509804 0.04705882
v 17.36491579 -6.84415089 0.00000000 0.91764706 0.34509804 0.04705882
v 17.52389659 -6.43200868 0.00000000 0.91764706 0.34509804 0.04705882
v 17.66246302 -6.01256210 0.00000000 0.91764706 0.34509804 0.04705882
v 17.78028128 -5.58682162 0.00000000 0.91764706 0.34509804 0.04705882
v 17.87706752 -5.15581290 0.00000000 0.91764706 0.34509804 0.04705882
v 17.95258859 -4.72057427 0.00000000 0.91764706 0.34509804 0.04705882
v 18.00666254 -4.28215426 0.00000000 0.91764706 0.34509804 0.04705882
v 18.03915911 -3.84160907 0.00000000 0.91764706 0.34509804 0.04705882
v 18.05000000 -3.40000000 0.00000000 0.91764706 0.34509804 0.04705882
v 18.05000000 0.20000000 0.00000000 0.91764706 0.34509804 0.04705882
v 22.85000000 0.20000000 0.00000000 0.91764706 0.34509804 0.04705882
v 22.85000000 3.80000000 0.00000000 0.91764706 0.34509804 0.04705882
v 18.04018055 3.80000000 0.00000000 0.91764706 0.34509804 0.04705882
v 18.03915911 3.84160907 0.00000000 0.91764706 0.34509804 0.04705882
v 18.00666254 4.28215426 0.00000000 0.91764706 0.34509804 0.04705882
v 17.95258859 4.72057427 0.00000000 0.91764706 0.34509804 0.04705882
v 17.87706752 5.15581290 0.00000000 0.91764706 0.34509804 0.04705882
v 17.78028128 5.58682162 0.00000000 0.91764706 0.34509804 0.04705882
v 17.66246302 6.01256210 0.00000000 0.91764706 0.34509804 0.04705882
v 17.52389659 6.43200868 0.00000000 0.91764706 0.34509804 0.04705882
v 17.36491579 6.84415089 0.00000000 0.91764706 0.34509804 0.04705882
v 17.18590364 7.24799584 0.00000000 0.91764706 0.34509804 0.04705882
v 16.98729138 7.64257063 0.00000000 0.91764706 0.34509804 0.04705882
v 16.76955749 8.02692470 0.00000000 0.91764706 0.34509804 0.04705882
v 16.53322651 8.40013210 0.00000000 0.91764706 0.34509804 0.04705882
v 16.27886778 8.76129374 0.00000000 0.91764706 0.34509804 0.04705882
v 16.00709408 9.10953956 0.00000000 0.91764706 0.34509804 0.04705882
v 15.71856013 9.44403059 0.00000000 0.91764706 0.34509804 0.04705882
v 15.41396103 9.76396103 0.00000000 0.91764706 0.34509804 0.04705882
v 15.09403059 10.06856013 0.00000000 0.91764706 0.34509804 0.04705882
v 14.75953956 10.35709408 0.00000000 0.91764706 0.34509804 0.04705882
v 14.41129374 10.62886778 0.00000000 0.91764706 0.34509804 0.04705882
v 14.05013210 10.88322651 0.00000000 0.91764706 0.34509804 0.04705882
v 13.67692470 11.11955749 0.00000000 0.91764706 0.34509804 0.04705882
v 13.29257063 11.33729138 0.00000000 0.91764706 0.34509804 0.04705882
v 12.89799584 11.53590364 0.00000000 0.91764706 0.34509804 0.04705882
v 12.49415089 11.71491579 0.00000000 0.91764706 0.34509804 0.04705882
v 12.08200868 11.87389659 0.00000000 0.91764706 0.34509804 0.04705882
v 11.66256210 12.01246302 0.00000000 0.91764706 0.34509804 0.04705882
v 11.23682162 12.13028128 0.00000000 0.91764706 0.34509804 0.04705882
v 10.80581290 12.22706752 0.00000000 0.91764706 0.34509804 0.04705882
v 10.37057427 12.30258859 0.00000000 0.91764706 0.34509804 0.04705882
v 10.25000000 12.31746001 0.00000000 0.91764706 0.34509804 0.04705882
v 10.25000000 15.60000000 0.00000000 0.91764706 0.34509804 0.04705882
v 10.24036945 15.79603428 0.00000000 0.91764706 0.34509804 0.04705882
v 10.21157056 15.99018064 0.00000000 0.91764706 0.34509804 0.04705882
v 10.16388067 16.18056935 0.00000000 0.91764706 0.34509804 0.04705882
v 10.09775907 16.36536686 0.00000000 0.91764706 0.34509804 0.04705882
v 10.01384253 16.54279347 0.00000000 0.91764706 0.34509804 0.04705882
v 9.91293922 16.71114047 0.00000000 0.91764706 0.34509804 0.04705882
v 9.79602091 16.86878657 0.00000000 0.91764706 0.34509804 0.04705882
v 9.66421356 17.01421356 0.00000000 0.91764706 0.34509804 0.04705882
v 9.51878657 17.14602091 0.00000000 0.91764706 0.34509804 0.04705882
v 9.36114047 17.26293922 0.00000000 0.91764706 0.34509804 0.04705882
v 9.19279347 17.36384253 0.00000000 0.91764706 0.34509804 0.04705882
v 9.01536686 17.44775907 0.00000000 0.91764706 0.34509804 0.04705882
v 8.83056935 17.51388067 0.00000000 0.91764706 0.34509804 0.04705882
v 8.64018064 17.56157056 0.00000000 0.91764706 0.34509804 0.04705882
v 8.44603428 17.59036945 0.00000000 0.91764706 0.34509804 0.04705882
v 8.25000000 17.60000000 0.00000000 0.91764706 0.34509804 0.04705882
v -8.25000000 17.60000000 0.00000000 0.91764706 0.34509804 0.04705882
v -8.44603428 17.59036945 0.00000000 0.91764706 0.34509804 0.04705882
v -8.64018064 17.56157056 0.00000000 0.91764706 0.34509804 0.04705882
v -8.83056935 17.51388067 0.00000000 0.91764706 0.34509804 0.04705882
v -9.01536686 17.44775907 0.00000000 0.91764706 0.34509804 0.04705882
v -9.19279347 17.36384253 0.00000000 0.91764706 0.34509804 0.04705882
v -9.36114047 17.26293922 0.00000000 0.91764706 0.34509804 0.04705882
v -9.51878657 17.14602091 0.00000000 0.91764706 0.34509804 0.04705882
v -9.66421356 17.01421356 0.00000000 0.91764706 0.34509804 0.04705882
v -9.79602091 16.86878657 0.00000000 0.91764706 0.34509804 0.04705882
v -9.91293922 16.71114047 0.00000000 0.91764706 0.34509804 0.04705882
v -10.01384253 16.54279347 0.00000000 0.91764706 0.34509804 0.04705882
v -10.09775907 16.36536686 0.00000000 0.91764706 0.34509804 0.04705882
v -10.16388067 16.18056935 0.00000000 0.91764706 0.34509804 0.04705882
v -10.21157056 15.99018064 0.00000000 0.91764706 0.34509804 0.04705882
v -10.24036945 15.79603428 0.00000000 0.91764706 0.34509804 0.04705882
v -10.25000000 15.60000000 0.00000000 0.91764706 0.34509804 0.04705882
v -10.25000000 12.31746001 0.00000000 0.91764706 0.34509804 0.04705882
v -10.37057427 12.30258859 0.00000000 0.91764706 0.34509804 0.04705882
v -10.80581290 12.22706752 0.00000000 0.91764706 0.34509804 0.04705882
v -11.23682162 12.13028128 0.00000000 0.91764706 0.34509804 0.04705882
v -11.66256210 12.01246302 0.00000000 0.91764706 0.34509804 0.04705882
v -12.08200868 11.87389659 0.00000000 0.91764706 0.34509804 0.04705882
v -12.49415089 11.71491579 0.00000000 0.91764706 0.34509804 0.04705882
v -12.89799584 11.53590364 0.00000000 0.91764706 0.34509804 0.04705882
v -13.29257063 11.33729138 0.00000000 0.91764706 0.34509804 0.04705882
v -13.67692470 11.11955749 0.00000000 0.91764706 0.34509804 0.04705882
v -14.05013210 10.88322651 0.00000000 0.91764706 0.34509804 0.04705882
v -14.41129374 10.62886778 0.00000000 0.91764706 0.34509804 0.04705882
v -14.75953956 10.35709408 0.00000000 0.91764706 0.34509804 0.04705882
v -15.09403059 10.06856013 0.00000000 0.91764706 0.34509804 0.04705882
v -15.41396103 9.76396103 0.00000000 0.91764706 0.34509804 0.04705882
v -15.71856013 9.44403059 0.00000000 0.91764706 0.34509804 0.04705882
v -16.00709408 9.10953956 0.00000000 0.91764706 0.34509804 0.04705882
v -16.27886778 8.76129374 0.00000000 0.91764706 0.34509804 0.04705882
v -16.53322651 8.40013210 0.00000000 0.91764706 0.34509804 0.04705882
v -16.76955749 8.02692470 0.00000000 0.91764706 0.34509804 0.04705882
v -16.98729138 7.64257063 0.00000000 0.91764706 0.34509804 0.04705882
v -17.18590364 7.24799584 0.00000000 0.91764706 0.34509804 0.04705882
v -17.36491579 6.84415089 0.00000000 0.91764706 0.34509804 0.04705882
v -17.52389659 6.43200868 0.00000000 0.91764706 0.34509804 0.04705882
v -17.66246302 6.01256210 0.00000000 0.91764706 0.34509804 0.04705882
v -17.78028128 5.58682162 0.00000000 0.91764706 0.34509804 0.04705882
v -17.87706752 5.15581290 0.00000000 0.91764706 0.34509804 0.04705882
v -17.95258859 4.72057427 0.00000000 0.91764706 0.34509804 0.04705882
v -18.00666254 4.28215426 0.00000000 0.91764706 0.34509804 0.04705882
v -18.03915911 3.84160907 0.00000000 0.91764706 0.34509804 0.04705882
v -18.05000000 3.40000000 0.00000000 0.91764706 0.34509804 0.04705882
v -18.05000000 -3.40000000 0.00000000 0.91764706 0.34509804 0.04705882
v -18.03915911 -3.84160907 0.00000000 0.91764706 0.34509804 0.04705882
v -18.00666254 -4.28215426 0.00000000 0.91764706 0.34509804 0.04705882
v -17.95258859 -4.72057427 0.00000000 0.91764706 0.34509804 0.04705882
v -17.87706752 -5.15581290 0.00000000 0.91764706 0.34509804 0.04705882
v -17.78028128 -5.58682162 0.00000000 0.91764706 0.34509804 0.04705882
v -17.66246302 -6.01256210 0.00000000 0.91764706 0.34509804 0.04705882
v -17.52389659 -6.43200868 0.00000000 0.91764706 0.34509804 0.04705882
v -17.36491579 -6.84415089 0.00000000 0.91764706 0.34509804 0.04705882
v -17.18590364 -7.24799584 0.00000000 0.91764706 0.34509804 0.04705882
v -16.98729138 -7.64257063 0.00000000 0.91764706 0.34509804 0.04705882
v -16.76955749 -8.02692470 0.00000000 0.91764706 0.34509804 0.04705882
v -16.53322651 -8.40013210 0.00000000 0.91764706 0.34509804 0.04705882
v -16.27886778 -8.76129374 0.00000000 0.91764706 0.34509804 0.04705882
v -16.00709408 -9.10953956 0.00000000 0.91764706 0.34509804 0.04705882
v -15.71856013 -9.44403059 0.00000000 0.91764706 0.34509804 0.04705882
v -15.41396103 -9.76396103 0.00000000 0.91764706 0.34509804 0.04705882
v -15.09403059 -10.06856013 0.00000000 0.91764706 0.34509804 0.04705882
v -14.75953956 -10.35709408 0.00000000 0.91764706 0.34509804 0.04705882
v -14.41129374 -10.62886778 0.00000000 0.91764706 0.34509804 0.04705882
v -14.05013210 -10.88322651 0.00000000 0.91764706 0.34509804 0.04705882
v -13.67692470 -11.11955749 0.00000000 0.91764706 0.34509804 0.04705882
v -13.29257063 -11.33729138 0.00000000 0.91764706 0.34509804 0.04705882
v -12.89799584 -11.53590364 0.00000000 0.91764706 0.34509804 0.04705882
v -12.49415089 -11.71491579 0.00000000 0.91764706 0.34509804 0.04705882
v -12.08200868 -11.87389659 0.00000000 0.91764706 0.34509804 0.04705882
v -11.66256210 -12.01246302 0.00000000 0.91764706 0.34509804 0.04705882
v -11.23682162 -12.13028128 0.00000000 0.91764706 0.34509804 0.04705882
v -10.80581290 -12.22706752 0.00000000 0.91764706 0.34509804 0.04705882
v -10.37057427 -12.30258859 0.00000000 0.91764706 0.34509804 0.04705882
v -9.93215426 -12.35666254 0.00000000 0.91764706 0.34509804 0.04705882
v -9.49160907 -12.38915911 0.00000000 0.91764706 0.34509804 0.04705882
v -9.05000000 -12.40000000 0.00000000 0.91764706 0.34509804 0.04705882
v -8.40000000 -12.40000000 0.00000000 0.91764706 0.34509804 0.04705882
v 9.03527305 -11.20000000 0.00000000 0.91764706 0.34509804 0.04705882
v -9.03527305 -11.20000000 0.00000000 0.91764706 0.34509804 0.04705882
v -9.43271012 -11.19024347 0.00000000 0.91764706 0.34509804 0.04705882
v -9.81449826 -11.16208108 0.00000000 0.91764706 0.34509804 0.04705882
v -10.19444465 -11.11521916 0.00000000 0.91764706 0.34509804 0.04705882
v -10.57163398 -11.04977061 0.00000000 0.91764706 0.34509804 0.04705882
v -10.94515756 -10.96589308 0.00000000 0.91764706 0.34509804 0.04705882
v -11.31411554 -10.86378866 0.00000000 0.91764706 0.34509804 0.04705882
v -11.67761906 -10.74370332 0.00000000 0.91764706 0.34509804 0.04705882
v -12.03479242 -10.60592635 0.00000000 0.91764706 0.34509804 0.04705882
v -12.38477516 -10.45078967 0.00000000 0.91764706 0.34509804 0.04705882
v -12.72672412 -10.27866702 0.00000000 0.91764706 0.34509804 0.04705882
v -13.05981554 -10.08997307 0.00000000 0.91764706 0.34509804 0.04705882
v -13.38324696 -9.88516238 0.00000000 0.91764706 0.34509804 0.04705882
v -13.69623921 -9.66472836 0.00000000 0.91764706 0.34509804 0.04705882
v -13.99803827 -9.42920207 0.00000000 0.91764706 0.34509804 0.04705882
v -14.28791706 -9.17915090 0.00000000 0.91764706 0.34509804 0.04705882
v -14.56517726 -8.91517726 0.00000000 0.91764706 0.34509804 0.04705882
v -14.82915090 -8.63791706 0.00000000 0.91764706 0.34509804 0.04705882
v -15.07920207 -8.34803827 0.00000000 0.91764706 0.34509804 0.04705882
v -15.31472836 -8.04623921 0.00000000 0.91764706 0.34509804 0.04705882
v -15.53516238 -7.73324696 0.00000000 0.91764706 0.34509804 0.04705882
v -15.73997307 -7.40981554 0.00000000 0.91764706 0.34509804 0.04705882
v -15.92866702 -7.07672412 0.00000000 0.91764706 0.34509804 0.04705882
v -16.10078967 -6.73477516 0.00000000 0.91764706 0.34509804 0.04705882
v -16.25592635 -6.38479242 0.00000000 0.91764706 0.34509804 0.04705882
v -16.39370332 -6.02761906 0.00000000 0.91764706 0.34509804 0.04705882
v -16.51378866 -5.66411554 0.00000000 0.91764706 0.34509804 0.04705882
v -16.61589308 -5.29515756 0.00000000 0.91764706 0.34509804 0.04705882
v -16.69977061 -4.92163398 0.00000000 0.91764706 0.34509804 0.04705882
v -16.76521916 -4.54444465 0.00000000 0.91764706 0.34509804 0.04705882
v -16.81208108 -4.16449826 0.00000000 0.91764706 0.34509804 0.04705882
v -16.84024347 -3.78271012 0.00000000 0.91764706 0.34509804 0.04705882
v -16.85000000 -3.38527305 0.00000000 0.91764706 0.34509804 0.04705882
v -16.85000000 3.38527305 0.00000000 0.91764706 0.34509804 0.04705882
v -16.84024347 3.78271012 0.00000000 0.91764706 0.34509804 0.04705882
v -16.81208108 4.16449826 0.00000000 0.91764706 0.34509804 0.04705882
v -16.76521916 4.54444465 0.00000000 0.91764706 0.34509804 0.04705882
v -16.69977061 4.92163398 0.00000000 0.91764706 0.34509804 0.04705882
v -16.61589308 5.29515756 0.00000000 0.91764706 0.34509804 0.04705882
v -16.51378866 5.66411554 0.00000000 0.91764706 0.34509804 0.04705882
v -16.39370332 6.02761906 0.00000000 0.91764706 0.34509804 0.04705882
v -16.25592635 6.38479242 0.00000000 0.91764706 0.34509804 0.04705882
v -16.10078967 6.73477516 0.00000000 0.91764706 0.34509804 0.04705882
v -15.92866702 7.07672412 0.00000000 0.91764706 0.34509804 0.04705882
v -15.73997307 7.40981554 0.00000000 0.91764706 0.34509804 0.04705882
v -15.53516238 7.73324696 0.00000000 0.91764706 0.34509804 0.04705882
v -15.31472836 8.04623921 0.00000000 0.91764706 0.34509804 0.04705882
v -15.07920207 8.34803827 0.00000000 0.91764706 0.34509804 0.04705882
v -14.82915090 8.63791706 0.00000000 0.91764706 0.34509804 0.04705882
v -14.56517726 8.91517726 0.00000000 0.91764706 0.34509804 0.04705882
v -14.28791706 9.17915090 0.00000000 0.91764706 0.34509804 0.04705882
v -13.99803827 9.42920207 0.00000000 0.91764706 0.34509804 0.04705882
v -13.69623921 9.66472836 0.00000000 0.91764706 0.34509804 0.04705882
v -13.38324696 9.88516238 0.00000000 0.91764706 0.34509804 0.04705882
v -13.05981554 10.08997307 0.00000000 0.91764706 0.34509804 0.04705882
v -12.72672412 10.27866702 0.00000000 0.91764706 0.34509804 0.04705882
v -12.38477516 10.45078967 0.00000000 0.91764706 0.34509804 0.04705882
v -12.03479242 10.60592635 0.00000000 0.91764706 0.34509804 0.04705882
v -11.67761906 10.74370332 0.00000000 0.91764706 0.34509804 0.04705882
v -11.31411554 10.86378866 0.00000000 0.91764706 0.34509804 0.04705882
v -10.94515756 10.96589308 0.00000000 0.91764706 0.34509804 0.04705882
v -10.57163398 11.04977061 0.00000000 0.91764706 0.34509804 0.04705882
v -10.19444465 11.11521916 0.00000000 0.91764706 0.34509804 0.04705882
v -10.10310719 11.12648457 0.00000000 0.91764706 0.34509804 0.04705882
v -10.04581310 11.13495939 0.00000000 0.91764706 0.34509804 0.04705882
v -9.98899465 11.14618881 0.00000000 0.91764706 0.34509804 0.04705882
v -9.93278421 11.16014668 0.00000000 0.91764706 0.34509804 0.04705882
v -9.87731271 11.17680047 0.00000000 0.91764706 0.34509804 0.04705882
v -9.82270937 11.19611139 0.00000000 0.91764706 0.34509804 0.04705882
v -9.76910140 11.21803446 0.00000000 0.91764706 0.34509804 0.04705882
v -9.71661366 11.24251861 0.00000000 0.91764706 0.34509804 0.04705882
v -9.66536844 11.26950680 0.00000000 0.91764706 0.34509804 0.04705882
v -9.61548509 11.29893616 0.00000000 0.91764706 0.34509804 0.04705882
v -9.56707982 11.33073814 0.00000000 0.91764706 0.34509804 0.04705882
v -9.52026540 11.36483867 0.00000000 0.91764706 0.34509804 0.04705882
v -9.47515087 11.40115829 0.00000000 0.91764706 0.34509804 0.04705882
v -9.43184133 11.43961241 0.00000000 0.91764706 0.34509804 0.04705882
v -9.39043767 11.48011146 0.00000000 0.91764706 0.34509804 0.04705882
v -9.35103633 11.52256107 0.00000000 0.91764706 0.34509804 0.04705882
v -9.31372909 11.56686239 0.00000000 0.91764706 0.34509804 0.04705882
v -9.27860287 11.61291219 0.00000000 0.91764706 0.34509804 0.04705882
v -9.24573950 11.66060322 0.00000000 0.91764706 0.34509804 0.04705882
v -9.21521551 11.70982438 0.00000000 0.91764706 0.34509804 0.04705882
v -9.18710203 11.76046100 0.00000000 0.91764706 0.34509804 0.04705882
v -9.16146453 11.81239514 0.00000000 0.91764706 0.34509804 0.04705882
v -9.13836274 11.86550581 0.00000000 0.91764706 0.34509804 0.04705882
v -9.11785048 11.91966929 0.00000000 0.91764706 0.34509804 0.04705882
v -9.09997552 11.97475941 0.00000000 0.91764706 0.34509804 0.04705882
v -9.08477951 12.03064785 0.00000000 0.91764706 0.34509804 0.04705882
v -9.07229785 12.08720440 0.00000000 0.91764706 0.34509804 0.04705882
v -9.06255961 12.14429733 0.00000000 0.91764706 0.34509804 0.04705882
v -9.05558747 12.20179364 0.00000000 0.91764706 0.34509804 0.04705882
v -9.05139768 12.25955938 0.00000000 0.91764706 0.34509804 0.04705882
v -9.05000000 12.31746001 0.00000000 0.91764706 0.34509804 0.04705882
v -9.05000000 15.57054165 0.00000000 0.91764706 0.34509804 0.04705882
v -9.04470755 15.67827186 0.00000000 0.91764706 0.34509804 0.04705882
v -9.03320884 15.75578992 0.00000000 0.91764706 0.34509804 0.04705882
v -9.01416739 15.83180764 0.00000000 0.91764706 0.34509804 0.04705882
v -8.98776659 15.90559293 0.00000000 0.91764706 0.34509804 0.04705882
v -8.95426070 15.97643519 0.00000000 0.91764706 0.34509804 0.04705882
v -8.91397239 16.04365217 0.00000000 0.91764706 0.34509804 0.04705882
v -8.86728967 16.10659654 0.00000000 0.91764706 0.34509804 0.04705882
v -8.81466210 16.16466210 0.00000000 0.91764706 0.34509804 0.04705882
v -8.75659654 16.21728967 0.00000000 0.91764706 0.34509804 0.04705882
v -8.69365217 16.26397239 0.00000000 0.91764706 0.34509804 0.04705882
v -8.62643519 16.30426070 0.00000000 0.91764706 0.34509804 0.04705882
v -8.55559293 16.33776659 0.00000000 0.91764706 0.34509804 0.04705882
v -8.48180764 16.36416739 0.00000000 0.91764706 0.34509804 0.04705882
v -8.40578992 16.38320884 0.00000000 0.91764706 0.34509804 0.04705882
v -8.32827186 16.39470755 0.00000000 0.91764706 0.34509804 0.04705882
v -8.22054165 16.40000000 0.00000000 0.91764706 0.34509804 0.04705882
v 8.22054165 16.40000000 0.00000000 0.91764706 0.34509804 0.04705882
v 8.32827186 16.39470755 0.00000000 0.91764706 0.34509804 0.04705882
v 8.40578992 16.38320884 0.00000000 0.91764706 0.34509804 0.04705882
v 8.48180764 16.36416739 0.00000000 0.91764706 0.34509804 0.04705882
v 8.55559293 16.33776659 0.00000000 0.91764706 0.34509804 0.04705882
v 8.62643519 16.30426070 0.00000000 0.91764706 0.34509804 0.04705882
v 8.69365217 16.26397239 0.00000000 0.91764706 0.34509804 0.04705882
v 8.75659654 16.21728967 0.00000000 0.91764706 0.34509804 0.04705882
v 8.81466210 16.16466210 0.00000000 0.91764706 0.34509804 0.04705882
v 8.86728967 16.10659654 0.00000000 0.91764706 0.34509804 0.04705882
v 8.91397239 16.04365217 0.00000000 0.91764706 0.34509804 0.04705882
v 8.95426070 15.97643519 0.00000000 0.91764706 0.34509804 0.04705882
v 8.98776659 15.90559293 0.00000000 0.91764706 0.34509804 0.04705882
v 9.01416739 15.83180764 0.00000000 0.91764706 0.34509804 0.04705882
v 9.03320884 15.75578992 0.00000000 0.91764706 0.34509804 0.04705882
v 9.04470755 15.67827186 0.00000000 0.91764706 0.34509804 0.04705882
v 9.05000000 15.57054165 0.00000000 0.91764706 0.34509804 0.04705882
v 9.05000000 12.31746001 0.00000000 0.91764706 0.34509804 0.04705882
v 9.05149571 12.25756444 0.00000000 0.91764706 0.34509804 0.04705882
v 9.05597913 12.19781819 0.00000000 0.91764706 0.34509804 0.04705882
v 9.06343907 12.13837018 0.00000000 0.91764706 0.34509804 0.04705882
v 9.07385694 12.07936862 0.00000000 0.91764706 0.34509804 0.04705882
v 9.08720677 12.02096059 0.00000000 0.91764706 0.34509804 0.04705882
v 9.10345528 11.96329169 0.00000000 0.91764706 0.34509804 0.04705882
v 9.12256196 11.90650568 0.00000000 0.91764706 0.34509804 0.04705882
v 9.14447918 11.85074413 0.00000000 0.91764706 0.34509804 0.04705882
v 9.16915231 11.79614603 0.00000000 0.91764706 0.34509804 0.04705882
v 9.19651984 11.74284749 0.00000000 0.91764706 0.34509804 0.04705882
v 9.22651354 11.69098138 0.00000000 0.91764706 0.34509804 0.04705882
v 9.25905866 11.64067699 0.00000000 0.91764706 0.34509804 0.04705882
v 9.29407405 11.59205972 0.00000000 0.91764706 0.34509804 0.04705882
v 9.33147243 11.54525078 0.00000000 0.91764706 0.34509804 0.04705882
v 9.37116056 11.50036684 0.00000000 0.91764706 0.34509804 0.04705882
v 9.41303952 11.45751980 0.00000000 0.91764706 0.34509804 0.04705882
v 9.45700490 11.41681647 0.00000000 0.91764706 0.34509804 0.04705882
v 9.50294711 11.37835832 0.00000000 0.91764706 0.34509804 0.04705882
v 9.55075162 11.34224121 0.00000000 0.91764706 0.34509804 0.04705882
v 9.60029925 11.30855519 0.00000000 0.91764706 0.34509804 0.04705882
v 9.65146649 11.27738422 0.00000000 0.91764706 0.34509804 0.04705882
v 9.70412579 11.24880602 0.00000000 0.91764706 0.34509804 0.04705882
v 9.75814588 11.22289182 0.00000000 0.91764706 0.34509804 0.04705882
v 9.81339209 11.19970622 0.00000000 0.91764706 0.34509804 0.04705882
v 9.86972671 11.17930702 0.00000000 0.91764706 0.34509804 0.04705882
v 9.92700929 11.16174508 0.00000000 0.91764706 0.34509804 0.04705882
v 9.98509704 11.14706417 0.00000000 0.91764706 0.34509804 0.04705882
v 10.04384516 11.13530089 0.00000000 0.91764706 0.34509804 0.04705882
v 10.10310719 11.12648457 0.00000000 0.91764706 0.34509804 0.04705882
v 10.19444465 11.11521916 0.00000000 0.91764706 0.34509804 0.04705882
v 10.57163398 11.04977061 0.00000000 0.91764706 0.34509804 0.04705882
v 10.94515756 10.96589308 0.00000000 0.91764706 0.34509804 0.04705882
v 11.31411554 10.86378866 0.00000000 0.91764706 0.34509804 0.04705882
v 11.67761906 10.74370332 0.00000000 0.91764706 0.34509804 0.04705882
v 12.03479242 10.60592635 0.00000000 0.91764706 0.34509804 0.04705882
v 12.38477516 10.45078967 0.00000000 0.91764706 0.34509804 0.04705882
v 12.72672412 10.27866702 0.00000000 0.91764706 0.34509804 0.04705882
v 13.05981554 10.08997307 0.00000000 0.91764706 0.34509804 0.04705882
v 13.38324696 9.88516238 0.00000000 0.91764706 0.34509804 0.04705882
v 13.69623921 9.66472836 0.00000000 0.91764706 0.34509804 0.04705882
v 13.99803827 9.42920207 0.00000000 0.91764706 0.34509804 0.04705882
v 14.28791706 9.17915090 0.00000000 0.91764706 0.34509804 0.04705882
v 14.56517726 8.91517726 0.00000000 0.91764706 0.34509804 0.04705882
v 14.82915090 8.63791706 0.00000000 0.91764706 0.34509804 0.04705882
v 15.07920207 8.34803827 0.00000000 0.91764706 0.34509804 0.04705882
v 15.31472836 8.04623921 0.00000000 0.91764706 0.34509804 0.04705882
v 15.53516238 7.73324696 0.00000000 0.91764706 0.34509804 0.04705882
v 15.73997307 7.40981554 0.00000000 0.91764706 0.34509804 0.04705882
v 15.92866702 7.07672412 0.00000000 0.91764706 0.34509804 0.04705882
v 16.10078967 6.73477516 0.00000000 0.91764706 0.34509804 0.04705882
v 16.25592635 6.38479242 0.00000000 0.91764706 0.34509804 0.04705882
v 16.39370332 6.02761906 0.00000000 0.91764706 0.34509804 0.04705882
v 16.51378866 5.66411554 0.00000000 0.91764706 0.34509804 0.04705882
v 16.61589308 5.29515756 0.00000000 0.91764706 0.34509804 0.04705882
v 16.69977061 4.92163398 0.00000000 0.91764706 0.34509804 0.04705882
v 16.76521916 4.54444465 0.00000000 0.91764706 0.34509804 0.04705882
v 16.81208108 4.16449826 0.00000000 0.91764706 0.34509804 0.04705882
v 16.84024347 3.78271012 0.00000000 0.91764706 0.34509804 0.04705882
v 16.85000000 3.38527305 0.00000000 0.91764706 0.34509804 0.04705882
v 16.85000000 -3.38527305 0.00000000 0.91764706 0.34509804 0.04705882
v 16.84024347 -3.78271012 0.00000000 0.91764706 0.34509804 0.04705882
v 16.81208108 -4.16449826 0.00000000 0.91764706 0.34509804 0.04705882
v 16.76521916 -4.54444465 0.00000000 0.91764706 0.34509804 0.04705882
v 16.69977061 -4.92163398 0.00000000 0.91764706 0.34509804 0.04705882
v 16.61589308 -5.29515756 0.00000000 0.91764706 0.34509804 0.04705882
v 16.51378866 -5.66411554 0.00000000 0.91764706 0.34509804 0.04705882
v 16.39370332 -6.02761906 0.00000000 0.91764706 0.34509804 0.04705882
v 16.25592635 -6.38479242 0.00000000 0.91764706 0.34509804 0.04705882
v 16.10078967 -6.73477516 0.00000000 0.91764706 0.34509804 0.04705882
v 15.92866702 -7.07672412 0.00000000 0.91764706 0.34509804 0.04705882
v 15.73997307 -7.40981554 0.00000000 0.91764706 0.34509804 0.04705882
v 15.53516238 -7.73324696 0.00000000 0.91764706 0.34509804 0.04705882
v 15.31472836 -8.04623921 0.00000000 0.91764706 0.34509804 0.04705882
v 15.07920207 -8.34803827 0.00000000 0.91764706 0.34509804 0.04705882
v 14.82915090 -8.63791706 0.00000000 0.91764706 0.34509804 0.04705882
v 14.56517726 -8.91517726 0.00000000 0.91764706 0.34509804 0.04705882
v 14.28791706 -9.17915090 0.00000000 0.91764706 0.34509804 0.04705882
v 13.99803827 -9.42920207 0.00000000 0.91764706 0.34509804 0.04705882
v 13.69623921 -9.66472836 0.00000000 0.91764706 0.34509804 0.04705882
v 13.38324696 -9.88516238 0.00000000 0.91764706 0.34509804 0.04705882
v 13.05981554 -10.08997307 0.00000000 0.91764706 0.34509804 0.04705882
v 12.72672412 -10.27866702 0.00000000 0.91764706 0.34509804 0.04705882
v 12.38477516 -10.45078967 0.00000000 0.91764706 0.34509804 0.04705882
v 12.03479242 -10.60592635 0.00000000 0.91764706 0.34509804 0.04705882
v 11.67761906 -10.74370332 0.00000000 0.91764706 0.34509804 0.04705882
v 11.31411554 -10.86378866 0.00000000 0.91764706 0.34509804 0.04705882
v 10.94515756 -10.96589308 0.00000000 0.91764706 0.34509804 0.04705882
v 10.57163398 -11.04977061 0.00000000 0.91764706 0.34509804 0.04705882
v 10.19444465 -11.11521916 0.00000000 0.91764706 0.34509804 0.04705882
v 9.81449826 -11.16208108 0.00000000 0.91764706 0.34509804 0.04705882
v 9.43271012 -11.19024347 0.00000000 0.91764706 0.34509804 0.04705882
v 8.25000000 1.40000000 -36.75000000 0.91764706 0.34509804 0.04705882
v 8.44603428 1.40963055 -36.75000000 0.91764706 0.34509804 0.04705882
v 8.64018064 1.43842944 -36.75000000 0.91764706 0.34509804 0.04705882
v 8.83056935 1.48611933 -36.75000000 0.91764706 0.34509804 0.04705882
v 9.01536686 1.55224093 -36.75000000 0.91764706 0.34509804 0.04705882
v 9.19279347 1.63615747 -36.75000000 0.91764706 0.34509804 0.04705882
v 9.36114047 1.73706078 -36.75000000 0.91764706 0.34509804 0.04705882
v 9.51878657 1.85397909 -36.75000000 0.91764706 0.34509804 0.04705882
v 9.66421356 1.98578644 -36.75000000 0.91764706 0.34509804 0.04705882
v 9.79602091 2.13121343 -36.75000000 0.91764706 0.34509804 0.04705882
v 9.91293922 2.28885953 -36.75000000 0.91764706 0.34509804 0.04705882
v 10.01384253 2.45720653 -36.75000000 0.91764706 0.34509804 0.04705882
v 10.09775907 2.63463314 -36.75000000 0.91764706 0.34509804 0.04705882
v 10.16388067 2.81943065 -36.75000000 0.91764706 0.34509804 0.04705882
v 10.21157056 3.00981936 -36.75000000 0.91764706 0.34509804 0.04705882
v 10.24036945 3.20396572 -36.75000000 0.91764706 0.34509804 0.04705882
v 10.25000000 3.40000000 -36.75000000 0.91764706 0.34509804 0.04705882
v 10.25000000 15.60000000 -36.75000000 0.91764706 0.34509804 0.04705882
v 10.24036945 15.79603428 -36.75000000 0.91764706 0.34509804 0.04705882
v 10.21157056 15.99018064 -36.75000000 0.91764706 0.34509804 0.04705882
v 10.16388067 16.18056935 -36.75000000 0.91764706 0.34509804 0.04705882
v 10.09775907 16.36536686 -36.75000000 0.91764706 0.34509804 0.04705882
v 10.01384253 16.54279347 -36.75000000 0.91764706 0.34509804 0.04705882
v 9.91293922 16.71114047 -36.75000000 0.91764706 0.34509804 0.04705882
v 9.79602091 16.86878657 -36.75000000 0.91764706 0.34509804 0.04705882
v 9.66421356 17.01421356 -36.75000000 0.91764706 0.34509804 0.04705882
v 9.51878657 17.14602091 -36.75000000 0.91764706 0.34509804 0.04705882
v 9.36114047 17.26293922 -36.75000000 0.91764706 0.34509804 0.04705882
v 9.19279347 17.36384253 -36.75000000 0.91764706 0.34509804 0.04705882
v 9.01536686 17.44775907 -36.75000000 0.91764706 0.34509804 0.04705882
v 8.83056935 17.51388067 -36.75000000 0.91764706 0.34509804 0.04705882
v 8.64018064 17.56157056 -36.75000000 0.91764706 0.34509804 0.04705882
v 8.44603428 17.59036945 -36.75000000 0.91764706 0.34509804 0.04705882
v 8.25000000 17.60000000 -36.75000000 0.91764706 0.34509804 0.04705882
v -8.25000000 17.60000000 -36.75000000 0.91764706 0.34509804 0.04705882
v -8.44603428 17.59036945 -36.75000000 0.91764706 0.34509804 0.04705882
v -8.64018064 17.56157056 -36.75000000 0.91764706 0.34509804 0.04705882
v -8.83056935 17.51388067 -36.75000000 0.91764706 0.34509804 0.04705882
v -9.01536686 17.44775907 -36.75000000 0.91764706 0.34509804 0.04705882
v -9.19279347 17.36384253 -36.75000000 0.91764706 0.34509804 0.04705882
v -9.36114047 17.26293922 -36.75000000 0.91764706 0.34509804 0.04705882
v -9.51878657 17.14602091 -36.75000000 0.91764706 0.34509804 0.04705882
v -9.66421356 17.01421356 -36.75000000 0.91764706 0.34509804 0.04705882
v -9.79602091 16.86878657 -36.75000000 0.91764706 0.34509804 0.04705882
v -9.91293922 16.71114047 -36.75000000 0.91764706 0.34509804 0.04705882
v -10.01384253 16.54279347 -36.75000000 0.91764706 0.34509804 0.04705882
v -10.09775907 16.36536686 -36.75000000 0.91764706 0.34509804 0.04705882
v -10.16388067 16.18056935 -36.75000000 0.91764706 0.34509804 0.04705882
v -10.21157056 15.99018064 -36.75000000 0.91764706 0.34509804 0.04705882
v -10.24036945 15.79603428 -36.75000000 0.91764706 0.34509804 0.04705882
v -10.25000000 15.60000000 -36.75000000 0.91764706 0.34509804 0.04705882
v -10.25000000 3.40000000 -36.75000000 0.91764706 0.34509804 0.04705882
v -10.24036945 3.20396572 -36.75000000 0.91764706 0.34509804 0.04705882
v -10.21157056 3.00981936 -36.75000000 0.91764706 0.34509804 0.04705882
v -10.16388067 2.81943065 -36.75000000 0.91764706 0.34509804 0.04705882
v -10.09775907 2.63463314 -36.75000000 0.91764706 0.34509804 0.04705882
v -10.01384253 2.45720653 -36.75000000 0.91764706 0.34509804 0.04705882
v -9.91293922 2.28885953 -36.75000000 0.91764706 0.34509804 0.04705882
v -9.79602091 2.13121343 -36.75000000 0.91764706 0.34509804 0.04705882
v -9.66421356 1.98578644 -36.75000000 0.91764706 0.34509804 0.04705882
v -9.51878657 1.85397909 -36.75000000 0.91764706 0.34509804 0.04705882
v -9.36114047 1.73706078 -36.75000000 0.91764706 0.34509804 0.04705882
v -9.19279347 1.63615747 -36.75000000 0.91764706 0.34509804 0.04705882
v -9.01536686 1.55224093 -36.75000000 0.91764706 0.34509804 0.04705882
v -8.83056935 1.48611933 -36.75000000 0.91764706 0.34509804 0.04705882
v -8.64018064 1.43842944 -36.75000000 0.91764706 0.34509804 0.04705882
v -8.44603428 1.40963055 -36.75000000 0.91764706 0.34509804 0.04705882
v -8.25000000 1.40000000 -36.75000000 0.91764706 0.34509804 0.04705882
v 8.25000000 1.40000000 -22.00000000 0.91764706 0.34509804 0.04705882
v 8.44603428 1.40963055 -22.00000000 0.91764706 0.34509804 0.04705882
v 8.64018064 1.43842944 -22.00000000 0.91764706 0.34509804 0.04705882
v 8.83056935 1.48611933 -22.00000000 0.91764706 0.34509804 0.04705882
v 9.01536686 1.55224093 -22.00000000 0.91764706 0.34509804 0.04705882
v 9.19279347 1.63615747 -22.00000000 0.91764706 0.34509804 0.04705882
v 9.36114047 1.73706078 -22.00000000 0.91764706 0.34509804 0.04705882
v 9.51878657 1.85397909 -22.00000000 0.91764706 0.34509804 0.04705882
v 9.66421356 1.98578644 -22.00000000 0.91764706 0.34509804 0.04705882
v 9.79602091 2.13121343 -22.00000000 0.91764706 0.34509804 0.04705882
v 9.91293922 2.28885953 -22.00000000 0.91764706 0.34509804 0.04705882
v 10.01384253 2.45720653 -22.00000000 0.91764706 0.34509804 0.04705882
v 10.09775907 2.63463314 -22.00000000 0.91764706 0.34509804 0.04705882
v 10.16388067 2.81943065 -22.00000000 0.91764706 0.34509804 0.04705882
v 10.21157056 3.00981936 -22.00000000 0.91764706 0.34509804 0.04705882
v 10.24036945 3.20396572 -22.00000000 0.91764706 0.34509804 0.04705882
v 10.25000000 3.40000000 -22.00000000 0.91764706 0.34509804 0.04705882
v 10.25000000 15.60000000 -22.00000000 0.91764706 0.34509804 0.04705882
v 10.24036945 15.79603428 -22.00000000 0.91764706 0.34509804 0.04705882
v 10.21157056 15.99018064 -22.00000000 0.91764706 0.34509804 0.04705882
v 10.16388067 16.18056935 -22.00000000 0.91764706 0.34509804 0.04705882
v 10.09775907 16.36536686 -22.00000000 0.91764706 0.34509804 0.04705882
v 10.01384253 16.54279347 -22.00000000 0.91764706 0.34509804 0.04705882
v 9.91293922 16.71114047 -22.00000000 0.91764706 0.34509804 0.04705882
v 9.79602091 16.86878657 -22.00000000 0.91764706 0.34509804 0.04705882
v 9.66421356 17.01421356 -22.00000000 0.91764706 0.34509804 0.04705882
v 9.51878657 17.14602091 -22.00000000 0.91764706 0.34509804 0.04705882
v 9.36114047 17.26293922 -22.00000000 0.91764706 0.34509804 0.04705882
v 9.19279347 17.36384253 -22.00000000 0.91764706 0.34509804 0.04705882
v 9.01536686 17.44775907 -22.00000000 0.91764706 0.34509804 0.04705882
v 8.83056935 17.51388067 -22.00000000 0.91764706 0.34509804 0.04705882
v 8.64018064 17.56157056 -22.00000000 0.91764706 0.34509804 0.04705882
v 8.44603428 17.59036945 -22.00000000 0.91764706 0.34509804 0.04705882
v 8.25000000 17.60000000 -22.00000000 0.91764706 0.34509804 0.04705882
v -8.25000000 17.60000000 -22.00000000 0.91764706 0.34509804 0.04705882
v -8.44603428 17.59036945 -22.00000000 0.91764706 0.34509804 0.04705882
v -8.64018064 17.56157056 -22.00000000 0.91764706 0.34509804 0.04705882
v -8.83056935 17.51388067 -22.00000000 0.91764706 0.34509804 0.04705882
v -9.01536686 17.44775907 -22.00000000 0.91764706 0.34509804 0.04705882
v -9.19279347 17.36384253 -22.00000000 0.91764706 0.34509804 0.04705882
v -9.36114047 17.26293922 -22.00000000 0.91764706 0.34509804 0.04705882
v -9.51878657 17.14602091 -22.00000000 0.91764706 0.34509804 0.04705882
v -9.66421356 17.01421356 -22.00000000 0.91764706 0.34509804 0.04705882
v -9.79602091 16.86878657 -22.00000000 0.91764706 0.34509804 0.04705882
v -9.91293922 16.71114047 -22.00000000 0.91764706 0.34509804 0.04705882
v -10.01384253 16.54279347 -22.00000000 0.91764706 0.34509804 0.04705882
v -10.09775907 16.36536686 -22.00000000 0.91764706 0.34509804 0.04705882
v -10.16388067 16.18056935 -22.00000000 0.91764706 0.34509804 0.04705882
v -10.21157056 15.99018064 -22.00000000 0.91764706 0.34509804 0.04705882
v -10.24036945 15.79603428 -22.00000000 0.91764706 0.34509804 0.04705882
v -10.25000000 15.60000000 -22.00000000 0.91764706 0.34509804 0.04705882
v -10.25000000 3.40000000 -22.00000000 0.91764706 0.34509804 0.04705882
v -10.24036945 3.20396572 -22.00000000 0.91764706 0.34509804 0.04705882
v -10.21157056 3.00981936 -22.00000000 0.91764706 0.34509804 0.04705882
v -10.16388067 2.81943065 -22.00000000 0.91764706 0.34509804 0.04705882
v -10.09775907 2.63463314 -22.00000000 0.91764706 0.34509804 0.04705882
v -10.01384253 2.45720653 -22.00000000 0.91764706 0.34509804 0.04705882
v -9.91293922 2.28885953 -22.00000000 0.91764706 0.34509804 0.04705882
v -9.79602091 2.13121343 -22.00000000 0.91764706 0.34509804 0.04705882
v -9.66421356 1.98578644 -22.00000000 0.91764706 0.34509804 0.04705882
v -9.51878657 1.85397909 -22.00000000 0.91764706 0.34509804 0.04705882
v -9.36114047 1.73706078 -22.00000000 0.91764706 0.34509804 0.04705882
v -9.19279347 1.63615747 -22.00000000 0.91764706 0.34509804 0.04705882
v -9.01536686 1.55224093 -22.00000000 0.91764706 0.34509804 0.04705882
v -8.83056935 1.48611933 -22.00000000 0.91764706 0.34509804 0.04705882
v -8.64018064 1.43842944 -22.00000000 0.91764706 0.34509804 0.04705882
v -8.44603428 1.40963055 -22.00000000 0.91764706 0.34509804 0.04705882
v -8.25000000 1.40000000 -22.00000000 0.91764706 0.34509804 0.04705882
v -2.25000000 12.60000000 -13.50000000 0.94509804 0.96078431 0.97647059
v -2.25000000 12.60000000 -8.50000000 0.94509804 0.96078431 0.97647059
v -2.25000000 15.80000000 -13.50000000 0.94509804 0.96078431 0.97647059
v -2.25000000 15.80000000 -8.50000000 0.94509804 0.96078431 0.97647059
v 2.25000000 12.60000000 -13.50000000 0.94509804 0.96078431 0.97647059
v 2.25000000 12.60000000 -8.50000000 0.94509804 0.96078431 0.97647059
v 2.25000000 15.80000000 -13.50000000 0.94509804 0.96078431 0.97647059
v 2.25000000 15.80000000 -8.50000000 0.94509804 0.96078431 0.97647059
v -10.60000000 11.50000000 -9.50000000 0.17647059 0.17647059 0.17647059
v -9.20000000 11.50000000 -9.50000000 0.17647059 0.17647059 0.17647059
v -9.20000000 16.80000000 -9.50000000 0.17647059 0.17647059 0.17647059
v 9.20000000 16.80000000 -9.50000000 0.17647059 0.17647059 0.17647059
v 9.20000000 11.50000000 -9.50000000 0.17647059 0.17647059 0.17647059
v 10.60000000 11.50000000 -9.50000000 0.17647059 0.17647059 0.17647059
v 10.60000000 18.00000000 -9.50000000 0.17647059 0.17647059 0.17647059
v -10.60000000 18.00000000 -9.50000000 0.17647059 0.17647059 0.17647059
v -10.60000000 11.50000000 0.00000000 0.17647059 0.17647059 0.17647059
v -9.20000000 11.50000000 0.00000000 0.17647059 0.17647059 0.17647059
v -9.20000000 16.80000000 0.00000000 0.17647059 0.17647059 0.17647059
v 9.20000000 16.80000000 0.00000000 0.17647059 0.17647059 0.17647059
v 9.20000000 11.50000000 0.00000000 0.17647059 0.17647059 0.17647059
v 10.60000000 11.50000000 0.00000000 0.17647059 0.17647059 0.17647059
v 10.60000000 18.00000000 0.00000000 0.17647059 0.17647059 0.17647059
v -10.60000000 18.00000000 0.00000000 0.17647059 0.17647059 0.17647059
v -8.89999962 14.00000000 -36.00000000 0.91764706 0.70196078 0.03137255
v -7.09999990 15.50000000 -34.00000000 0.91764706 0.70196078 0.03137255
v -8.89999962 14.00000000 -12.00000000 0.91764706 0.70196078 0.03137255
v -7.09999990 15.50000000 -14.00000000 0.91764706 0.70196078 0.03137255
v -8.89999962 19.00000000 -36.00000000 0.91764706 0.70196078 0.03137255
v -7.09999990 19.00000000 -34.00000000 0.91764706 0.70196078 0.03137255
v -8.89999962 19.00000000 -12.00000000 0.91764706 0.70196078 0.03137255
v -7.09999990 19.00000000 -14.00000000 0.91764706 0.70196078 0.03137255
v 8.89999962 14.00000000 -36.00000000 0.91764706 0.70196078 0.03137255
v 7.09999990 15.50000000 -34.00000000 0.91764706 0.70196078 0.03137255
v 8.89999962 14.00000000 -12.00000000 0.91764706 0.70196078 0.03137255
v 7.09999990 15.50000000 -14.00000000 0.91764706 0.70196078 0.03137255
v 7.09999990 19.00000000 -34.00000000 0.91764706 0.70196078 0.03137255
v 8.89999962 19.00000000 -36.00000000 0.91764706 0.70196078 0.03137255
v 7.09999990 19.00000000 -14.00000000 0.91764706 0.70196078 0.03137255
v 8.89999962 19.00000000 -12.00000000 0.91764706 0.70196078 0.03137255
v -3.65000000 16.27500000 -35.50000000 0.97647059 0.45098039 0.08627451
v -3.65000000 16.27500000 -12.50000000 0.97647059 0.45098039 0.08627451
v -3.65000000 20.72500000 -35.50000000 0.97647059 0.45098039 0.08627451
v -3.65000000 20.72500000 -12.50000000 0.97647059 0.45098039 0.08627451
v 3.65000000 16.27500000 -35.50000000 0.97647059 0.45098039 0.08627451
v 3.65000000 16.27500000 -12.50000000 0.97647059 0.45098039 0.08627451
v 3.65000000 20.72500000 -35.50000000 0.97647059 0.45098039 0.08627451
v 3.65000000 20.72500000 -12.50000000 0.97647059 0.45098039 0.08627451
v -3.25000000 20.50000000 -16.60000000 1.00000000 0.92941176 0.83529412
v -3.25000000 20.50000000 -15.40000000 1.00000000 0.92941176 0.83529412
v -3.25000000 21.40000000 -16.60000000 1.00000000 0.92941176 0.83529412
v -3.25000000 21.40000000 -15.40000000 1.00000000 0.92941176 0.83529412
v 3.25000000 20.50000000 -16.60000000 1.00000000 0.92941176 0.83529412
v 3.25000000 20.50000000 -15.40000000 1.00000000 0.92941176 0.83529412
v 3.25000000 21.40000000 -16.60000000 1.00000000 0.92941176 0.83529412
v 3.25000000 21.40000000 -15.40000000 1.00000000 0.92941176 0.83529412
v -3.25000000 20.50000000 -20.10000000 1.00000000 0.92941176 0.83529412
v -3.25000000 20.50000000 -18.90000000 1.00000000 0.92941176 0.83529412
v -3.25000000 21.40000000 -20.10000000 1.00000000 0.92941176 0.83529412
v -3.25000000 21.40000000 -18.90000000 1.00000000 0.92941176 0.83529412
v 3.25000000 20.50000000 -20.10000000 1.00000000 0.92941176 0.83529412
v 3.25000000 20.50000000 -18.90000000 1.00000000 0.92941176 0.83529412
v 3.25000000 21.40000000 -20.10000000 1.00000000 0.92941176 0.83529412
v 3.25000000 21.40000000 -18.90000000 1.00000000 0.92941176 0.83529412
v -3.25000000 20.50000000 -23.60000000 1.00000000 0.92941176 0.83529412
v -3.25000000 20.50000000 -22.40000000 1.00000000 0.92941176 0.83529412
v -3.25000000 21.40000000 -23.60000000 1.00000000 0.92941176 0.83529412
v -3.25000000 21.40000000 -22.40000000 1.00000000 0.92941176 0.83529412
v 3.25000000 20.50000000 -23.60000000 1.00000000 0.92941176 0.83529412
v 3.25000000 20.50000000 -22.40000000 1.00000000 0.92941176 0.83529412
v 3.25000000 21.40000000 -23.60000000 1.00000000 0.92941176 0.83529412
v 3.25000000 21.40000000 -22.40000000 1.00000000 0.92941176 0.83529412
v -3.25000000 20.50000000 -27.10000000 1.00000000 0.92941176 0.83529412
v -3.25000000 20.50000000 -25.90000000 1.00000000 0.92941176 0.83529412
v -3.25000000 21.40000000 -27.10000000 1.00000000 0.92941176 0.83529412
v -3.25000000 21.40000000 -25.90000000 1.00000000 0.92941176 0.83529412
v 3.25000000 20.50000000 -27.10000000 1.00000000 0.92941176 0.83529412
v 3.25000000 20.50000000 -25.90000000 1.00000000 0.92941176 0.83529412
v 3.25000000 21.40000000 -27.10000000 1.00000000 0.92941176 0.83529412
v 3.25000000 21.40000000 -25.90000000 1.00000000 0.92941176 0.83529412
v -9.42780187 -11.09033383 -21.00000000 0.86274510 0.14901961 0.14901961
v -9.03404580 -11.10000000 -21.00000000 0.86274510 0.14901961 0.14901961
v 9.03404580 -11.10000000 -21.00000000 0.86274510 0.14901961 0.14901961
v 9.42780187 -11.09033383 -21.00000000 0.86274510 0.14901961 0.14901961
v 9.80469359 -11.06253263 -21.00000000 0.86274510 0.14901961 0.14901961
v 10.17976719 -11.01627171 -21.00000000 0.86274510 0.14901961 0.14901961
v 10.55211907 -10.95166253 -21.00000000 0.86274510 0.14901961 0.14901961
v 10.92085222 -10.86886073 -21.00000000 0.86274510 0.14901961 0.14901961
v 11.28507832 -10.76806580 -21.00000000 0.86274510 0.14901961 0.14901961
v 11.64391993 -10.64952054 -21.00000000 0.86274510 0.14901961 0.14901961
v 11.99651255 -10.51351056 -21.00000000 0.86274510 0.14901961 0.14901961
v 12.34200677 -10.36036351 -21.00000000 0.86274510 0.14901961 0.14901961
v 12.67957025 -10.19044833 -21.00000000 0.86274510 0.14901961 0.14901961
v 13.00838978 -10.00417436 -21.00000000 0.86274510 0.14901961 0.14901961
v 13.32767320 -9.80199037 -21.00000000 0.86274510 0.14901961 0.14901961
v 13.63665134 -9.58438341 -21.00000000 0.86274510 0.14901961 0.14901961
v 13.93457983 -9.35187774 -21.00000000 0.86274510 0.14901961 0.14901961
v 14.22074093 -9.10503347 -21.00000000 0.86274510 0.14901961 0.14901961
v 14.49444527 -8.84444527 -21.00000000 0.86274510 0.14901961 0.14901961
v 14.75503347 -8.57074093 -21.00000000 0.86274510 0.14901961 0.14901961
v 15.00187774 -8.28457983 -21.00000000 0.86274510 0.14901961 0.14901961
v 15.23438341 -7.98665134 -21.00000000 0.86274510 0.14901961 0.14901961
v 15.45199037 -7.67767320 -21.00000000 0.86274510 0.14901961 0.14901961
v 15.65417436 -7.35838978 -21.00000000 0.86274510 0.14901961 0.14901961
v 15.84044833 -7.02957025 -21.00000000 0.86274510 0.14901961 0.14901961
v 16.01036351 -6.69200677 -21.00000000 0.86274510 0.14901961 0.14901961
v 16.16351056 -6.34651255 -21.00000000 0.86274510 0.14901961 0.14901961
v 16.29952054 -5.99391993 -21.00000000 0.86274510 0.14901961 0.14901961
v 16.41806580 -5.63507832 -21.00000000 0.86274510 0.14901961 0.14901961
v 16.51886073 -5.27085222 -21.00000000 0.86274510 0.14901961 0.14901961
v 16.60166253 -4.90211907 -21.00000000 0.86274510 0.14901961 0.14901961
v 16.66627171 -4.52976719 -21.00000000 0.86274510 0.14901961 0.14901961
v 16.71253263 -4.15469359 -21.00000000 0.86274510 0.14901961 0.14901961
v 16.74033383 -3.77780187 -21.00000000 0.86274510 0.14901961 0.14901961
v 16.75000000 -3.38404580 -21.00000000 0.86274510 0.14901961 0.14901961
v 16.75000000 3.38404580 -21.00000000 0.86274510 0.14901961 0.14901961
v 16.74033383 3.77780187 -21.00000000 0.86274510 0.14901961 0.14901961
v 16.71253263 4.15469359 -21.00000000 0.86274510 0.14901961 0.14901961
v 16.66627171 4.52976719 -21.00000000 0.86274510 0.14901961 0.14901961
v 16.60166253 4.90211907 -21.00000000 0.86274510 0.14901961 0.14901961
v 16.51886073 5.27085222 -21.00000000 0.86274510 0.14901961 0.14901961
v 16.41806580 5.63507832 -21.00000000 0.86274510 0.14901961 0.14901961
v 16.29952054 5.99391993 -21.00000000 0.86274510 0.14901961 0.14901961
v 16.16351056 6.34651255 -21.00000000 0.86274510 0.14901961 0.14901961
v 16.01036351 6.69200677 -21.00000000 0.86274510 0.14901961 0.14901961
v 15.84044833 7.02957025 -21.00000000 0.86274510 0.14901961 0.14901961
v 15.65417436 7.35838978 -21.00000000 0.86274510 0.14901961 0.14901961
v 15.45199037 7.67767320 -21.00000000 0.86274510 0.14901961 0.14901961
v 15.23438341 7.98665134 -21.00000000 0.86274510 0.14901961 0.14901961
v 15.00187774 8.28457983 -21.00000000 0.86274510 0.14901961 0.14901961
v 14.75503347 8.57074093 -21.00000000 0.86274510 0.14901961 0.14901961
v 14.49444527 8.84444527 -21.00000000 0.86274510 0.14901961 0.14901961
v 14.22074093 9.10503347 -21.00000000 0.86274510 0.14901961 0.14901961
v 13.93457983 9.35187774 -21.00000000 0.86274510 0.14901961 0.14901961
v 13.63665134 9.58438341 -21.00000000 0.86274510 0.14901961 0.14901961
v 13.32767320 9.80199037 -21.00000000 0.86274510 0.14901961 0.14901961
v 13.00838978 10.00417436 -21.00000000 0.86274510 0.14901961 0.14901961
v 12.67957025 10.19044833 -21.00000000 0.86274510 0.14901961 0.14901961
v 12.34200677 10.36036351 -21.00000000 0.86274510 0.14901961 0.14901961
v 11.99651255 10.51351056 -21.00000000 0.86274510 0.14901961 0.14901961
v 11.64391993 10.64952054 -21.00000000 0.86274510 0.14901961 0.14901961
v 11.28507832 10.76806580 -21.00000000 0.86274510 0.14901961 0.14901961
v 10.92085222 10.86886073 -21.00000000 0.86274510 0.14901961 0.14901961
v 10.55211907 10.95166253 -21.00000000 0.86274510 0.14901961 0.14901961
v 10.17976719 11.01627171 -21.00000000 0.86274510 0.14901961 0.14901961
v 10.09086612 11.02723661 -21.00000000 0.86274510 0.14901961 0.14901961
v 10.02666559 11.03678763 -21.00000000 0.86274510 0.14901961 0.14901961
v 9.96302179 11.04953118 -21.00000000 0.86274510 0.14901961 0.14901961
v 9.90009340 11.06543550 -21.00000000 0.86274510 0.14901961 0.14901961
v 9.83803727 11.08446094 -21.00000000 0.86274510 0.14901961 0.14901961
v 9.77700810 11.10656007 -21.00000000 0.86274510 0.14901961 0.14901961
v 9.71715804 11.13167780 -21.00000000 0.86274510 0.14901961 0.14901961
v 9.65863628 11.15975152 -21.00000000 0.86274510 0.14901961 0.14901961
v 9.60158870 11.19071124 -21.00000000 0.86274510 0.14901961 0.14901961
v 9.54615752 11.22447979 -21.00000000 0.86274510 0.14901961 0.14901961
v 9.49248092 11.26097298 -21.00000000 0.86274510 0.14901961 0.14901961
v 9.44069270 11.30009984 -21.00000000 0.86274510 0.14901961 0.14901961
v 9.39092198 11.34176284 -21.00000000 0.86274510 0.14901961 0.14901961
v 9.34329281 11.38585812 -21.00000000 0.86274510 0.14901961 0.14901961
v 9.29792394 11.43227574 -21.00000000 0.86274510 0.14901961 0.14901961
v 9.25492846 11.48090001 -21.00000000 0.86274510 0.14901961 0.14901961
v 9.21441355 11.53160970 -21.00000000 0.86274510 0.14901961 0.14901961
v 9.17648021 11.58427840 -21.00000000 0.86274510 0.14901961 0.14901961
v 9.14122301 11.63877482 -21.00000000 0.86274510 0.14901961 0.14901961
v 9.10872982 11.69496311 -21.00000000 0.86274510 0.14901961 0.14901961
v 9.07908167 11.75270319 -21.00000000 0.86274510 0.14901961 0.14901961
v 9.05235244 11.81185114 -21.00000000 0.86274510 0.14901961 0.14901961
v 9.02860878 11.87225949 -21.00000000 0.86274510 0.14901961 0.14901961
v 9.00790988 11.93377767 -21.00000000 0.86274510 0.14901961 0.14901961
v 8.99030733 11.99625231 -21.00000000 0.86274510 0.14901961 0.14901961
v 8.97584502 12.05952768 -21.00000000 0.86274510 0.14901961 0.14901961
v 8.96455900 12.12344603 -21.00000000 0.86274510 0.14901961 0.14901961
v 8.95647739 12.18784804 -21.00000000 0.86274510 0.14901961 0.14901961
v 8.95162036 12.25257314 -21.00000000 0.86274510 0.14901961 0.14901961
v 8.95000000 12.31746001 -21.00000000 0.86274510 0.14901961 0.14901961
v 8.95000000 15.56808679 -21.00000000 0.86274510 0.14901961 0.14901961
v 8.94506906 15.66845833 -21.00000000 0.86274510 0.14901961 0.14901961
v 8.93501203 15.73625736 -21.00000000 0.86274510 0.14901961 0.14901961
v 8.91835795 15.80274417 -21.00000000 0.86274510 0.14901961 0.14901961
v 8.89526722 15.86727843 -21.00000000 0.86274510 0.14901961 0.14901961
v 8.86596221 15.92923866 -21.00000000 0.86274510 0.14901961 0.14901961
v 8.83072515 15.98802814 -21.00000000 0.86274510 0.14901961 0.14901961
v 8.78989540 16.04308070 -21.00000000 0.86274510 0.14901961 0.14901961
v 8.74386615 16.09386615 -21.00000000 0.86274510 0.14901961 0.14901961
v 8.69308070 16.13989540 -21.00000000 0.86274510 0.14901961 0.14901961
v 8.63802814 16.18072515 -21.00000000 0.86274510 0.14901961 0.14901961
v 8.57923866 16.21596221 -21.00000000 0.86274510 0.14901961 0.14901961
v 8.51727843 16.24526722 -21.00000000 0.86274510 0.14901961 0.14901961
v 8.45274417 16.26835795 -21.00000000 0.86274510 0.14901961 0.14901961
v 8.38625736 16.28501203 -21.00000000 0.86274510 0.14901961 0.14901961
v 8.31845833 16.29506906 -21.00000000 0.86274510 0.14901961 0.14901961
v 8.21808679 16.30000000 -21.00000000 0.86274510 0.14901961 0.14901961
v -8.21808679 16.30000000 -21.00000000 0.86274510 0.14901961 0.14901961
v -8.31845833 16.29506906 -21.00000000 0.86274510 0.14901961 0.14901961
v -8.38625736 16.28501203 -21.00000000 0.86274510 0.14901961 0.14901961
v -8.45274417 16.26835795 -21.00000000 0.86274510 0.14901961 0.14901961
v -8.51727843 16.24526722 -21.00000000 0.86274510 0.14901961 0.14901961
v -8.57923866 16.21596221 -21.00000000 0.86274510 0.14901961 0.14901961
v -8.63802814 16.18072515 -21.00000000 0.86274510 0.14901961 0.14901961
v -8.69308070 16.13989540 -21.00000000 0.86274510 0.14901961 0.14901961
v -8.74386615 16.09386615 -21.00000000 0.86274510 0.14901961 0.14901961
v -8.78989540 16.04308070 -21.00000000 0.86274510 0.14901961 0.14901961
v -8.83072515 15.98802814 -21.00000000 0.86274510 0.14901961 0.14901961
v -8.86596221 15.92923866 -21.00000000 0.86274510 0.14901961 0.14901961
v -8.89526722 15.86727843 -21.00000000 0.86274510 0.14901961 0.14901961
v -8.91835795 15.80274417 -21.00000000 0.86274510 0.14901961 0.14901961
v -8.93501203 15.73625736 -21.00000000 0.86274510 0.14901961 0.14901961
v -8.94506906 15.66845833 -21.00000000 0.86274510 0.14901961 0.14901961
v -8.95000000 15.56808679 -21.00000000 0.86274510 0.14901961 0.14901961
v -8.95000000 12.31746001 -21.00000000 0.86274510 0.14901961 0.14901961
v -8.95151416 12.25473433 -21.00000000 0.86274510 0.14901961 0.14901961
v -8.95605309 12.19215477 -21.00000000 0.86274510 0.14901961 0.14901961
v -8.96360624 12.12986711 -21.00000000 0.86274510 0.14901961 0.14901961
v -8.97415600 12.06801644 -21.00000000 0.86274510 0.14901961 0.14901961
v -8.98767781 12.00674683 -21.00000000 0.86274510 0.14901961 0.14901961
v -9.00414015 11.94620103 -21.00000000 0.86274510 0.14901961 0.14901961
v -9.02350468 11.88652006 -21.00000000 0.86274510 0.14901961 0.14901961
v -9.04572630 11.82784296 -21.00000000 0.86274510 0.14901961 0.14901961
v -9.07075324 11.77030640 -21.00000000 0.86274510 0.14901961 0.14901961
v -9.09852719 11.71404442 -21.00000000 0.86274510 0.14901961 0.14901961
v -9.12898347 11.65918807 -21.00000000 0.86274510 0.14901961 0.14901961
v -9.16205112 11.60586515 -21.00000000 0.86274510 0.14901961 0.14901961
v -9.19765311 11.55419987 -21.00000000 0.86274510 0.14901961 0.14901961
v -9.23570652 11.50431258 -21.00000000 0.86274510 0.14901961 0.14901961
v -9.27612269 11.45631950 -21.00000000 0.86274510 0.14901961 0.14901961
v -9.31880747 11.41033241 -21.00000000 0.86274510 0.14901961 0.14901961
v -9.36366144 11.36645845 -21.00000000 0.86274510 0.14901961 0.14901961
v -9.41058011 11.32479982 -21.00000000 0.86274510 0.14901961 0.14901961
v -9.45945419 11.28545356 -21.00000000 0.86274510 0.14901961 0.14901961
v -9.51016981 11.24851132 -21.00000000 0.86274510 0.14901961 0.14901961
v -9.56260885 11.21405917 -21.00000000 0.86274510 0.14901961 0.14901961
v -9.61664914 11.18217736 -21.00000000 0.86274510 0.14901961 0.14901961
v -9.67216480 11.15294016 -21.00000000 0.86274510 0.14901961 0.14901961
v -9.72902652 11.12641566 -21.00000000 0.86274510 0.14901961 0.14901961
v -9.78710182 11.10266567 -21.00000000 0.86274510 0.14901961 0.14901961
v -9.84625543 11.08174551 -21.00000000 0.86274510 0.14901961 0.14901961
v -9.90634956 11.06370390 -21.00000000 0.86274510 0.14901961 0.14901961
v -9.96724420 11.04858288 -21.00000000 0.86274510 0.14901961 0.14901961
v -10.02879752 11.03641767 -21.00000000 0.86274510 0.14901961 0.14901961
v -10.09086612 11.02723661 -21.00000000 0.86274510 0.14901961 0.14901961
v -10.17976719 11.01627171 -21.00000000 0.86274510 0.14901961 0.14901961
v -10.55211907 10.95166253 -21.00000000 0.86274510 0.14901961 0.14901961
v -10.92085222 10.86886073 -21.00000000 0.86274510 0.14901961 0.14901961
v -11.28507832 10.76806580 -21.00000000 0.86274510 0.14901961 0.14901961
v -11.64391993 10.64952054 -21.00000000 0.86274510 0.14901961 0.14901961
v -11.99651255 10.51351056 -21.00000000 0.86274510 0.14901961 0.14901961
v -12.34200677 10.36036351 -21.00000000 0.86274510 0.14901961 0.14901961
v -12.67957025 10.19044833 -21.00000000 0.86274510 0.14901961 0.14901961
v -13.00838978 10.00417436 -21.00000000 0.86274510 0.14901961 0.14901961
v -13.32767320 9.80199037 -21.00000000 0.86274510 0.14901961 0.14901961
v -13.63665134 9.58438341 -21.00000000 0.86274510 0.14901961 0.14901961
v -13.93457983 9.35187774 -21.00000000 0.86274510 0.14901961 0.14901961
v -14.22074093 9.10503347 -21.00000000 0.86274510 0.14901961 0.14901961
v -14.49444527 8.84444527 -21.00000000 0.86274510 0.14901961 0.14901961
v -14.75503347 8.57074093 -21.00000000 0.86274510 0.14901961 0.14901961
v -15.00187774 8.28457983 -21.00000000 0.86274510 0.14901961 0.14901961
v -15.23438341 7.98665134 -21.00000000 0.86274510 0.14901961 0.14901961
v -15.45199037 7.67767320 -21.00000000 0.86274510 0.14901961 0.14901961
v -15.65417436 7.35838978 -21.00000000 0.86274510 0.14901961 0.14901961
v -15.84044833 7.02957025 -21.00000000 0.86274510 0.14901961 0.14901961
v -16.01036351 6.69200677 -21.00000000 0.86274510 0.14901961 0.14901961
v -16.16351056 6.34651255 -21.00000000 0.86274510 0.14901961 0.14901961
v -16.29952054 5.99391993 -21.00000000 0.86274510 0.14901961 0.14901961
v -16.41806580 5.63507832 -21.00000000 0.86274510 0.14901961 0.14901961
v -16.51886073 5.27085222 -21.00000000 0.86274510 0.14901961 0.14901961
v -16.60166253 4.90211907 -21.00000000 0.86274510 0.14901961 0.14901961
v -16.66627171 4.52976719 -21.00000000 0.86274510 0.14901961 0.14901961
v -16.71253263 4.15469359 -21.00000000 0.86274510 0.14901961 0.14901961
v -16.74033383 3.77780187 -21.00000000 0.86274510 0.14901961 0.14901961
v -16.75000000 3.38404580 -21.00000000 0.86274510 0.14901961 0.14901961
v -16.75000000 -3.38404580 -21.00000000 0.86274510 0.14901961 0.14901961
v -16.74033383 -3.77780187 -21.00000000 0.86274510 0.14901961 0.14901961
v -16.71253263 -4.15469359 -21.00000000 0.86274510 0.14901961 0.14901961
v -16.66627171 -4.52976719 -21.00000000 0.86274510 0.14901961 0.14901961
v -16.60166253 -4.90211907 -21.00000000 0.86274510 0.14901961 0.14901961
v -16.51886073 -5.27085222 -21.00000000 0.86274510 0.14901961 0.14901961
v -16.41806580 -5.63507832 -21.00000000 0.86274510 0.14901961 0.14901961
v -16.29952054 -5.99391993 -21.00000000 0.86274510 0.14901961 0.14901961
v -16.16351056 -6.34651255 -21.00000000 0.86274510 0.14901961 0.14901961
v -16.01036351 -6.69200677 -21.00000000 0.86274510 0.14901961 0.14901961
v -15.84044833 -7.02957025 -21.00000000 0.86274510 0.14901961 0.14901961
v -15.65417436 -7.35838978 -21.00000000 0.86274510 0.14901961 0.14901961
v -15.45199037 -7.67767320 -21.00000000 0.86274510 0.14901961 0.14901961
v -15.23438341 -7.98665134 -21.00000000 0.86274510 0.14901961 0.14901961
v -15.00187774 -8.28457983 -21.00000000 0.86274510 0.14901961 0.14901961
v -14.75503347 -8.57074093 -21.00000000 0.86274510 0.14901961 0.14901961
v -14.49444527 -8.84444527 -21.00000000 0.86274510 0.14901961 0.14901961
v -14.22074093 -9.10503347 -21.00000000 0.86274510 0.14901961 0.14901961
v -13.93457983 -9.35187774 -21.00000000 0.86274510 0.14901961 0.14901961
v -13.63665134 -9.58438341 -21.00000000 0.86274510 0.14901961 0.14901961
v -13.32767320 -9.80199037 -21.00000000 0.86274510 0.14901961 0.14901961
v -13.00838978 -10.00417436 -21.00000000 0.86274510 0.14901961 0.14901961
v -12.67957025 -10.19044833 -21.00000000 0.86274510 0.14901961 0.14901961
v -12.34200677 -10.36036351 -21.00000000 0.86274510 0.14901961 0.14901961
v -11.99651255 -10.51351056 -21.00000000 0.86274510 0.14901961 0.14901961
v -11.64391993 -10.64952054 -21.00000000 0.86274510 0.14901961 0.14901961
v -11.28507832 -10.76806580 -21.00000000 0.86274510 0.14901961 0.14901961
v -10.92085222 -10.86886073 -21.00000000 0.86274510 0.14901961 0.14901961
v -10.55211907 -10.95166253 -21.00000000 0.86274510 0.14901961 0.14901961
v -10.17976719 -11.01627171 -21.00000000 0.86274510 0.14901961 0.14901961
v -9.80469359 -11.06253263 -21.00000000 0.86274510 0.14901961 0.14901961
v 9.01072812 -9.20000000 -21.00000000 0.86274510 0.14901961 0.14901961
v -9.01072812 -9.20000000 -21.00000000 0.86274510 0.14901961 0.14901961
v -9.33454521 -9.19205074 -21.00000000 0.86274510 0.14901961 0.14901961
v -9.61840492 -9.17111199 -21.00000000 0.86274510 0.14901961 0.14901961
v -9.90089529 -9.13627012 -21.00000000 0.86274510 0.14901961 0.14901961
v -10.18133579 -9.08760908 -21.00000000 0.86274510 0.14901961 0.14901961
v -10.45905079 -9.02524609 -21.00000000 0.86274510 0.14901961 0.14901961
v -10.73337127 -8.94933139 -21.00000000 0.86274510 0.14901961 0.14901961
v -11.00363636 -8.86004786 -21.00000000 0.86274510 0.14901961 0.14901961
v -11.26919497 -8.75761060 -21.00000000 0.86274510 0.14901961 0.14901961
v -11.52940735 -8.64226639 -21.00000000 0.86274510 0.14901961 0.14901961
v -11.78364661 -8.51429310 -21.00000000 0.86274510 0.14901961 0.14901961
v -12.03130029 -8.37399903 -21.00000000 0.86274510 0.14901961 0.14901961
v -12.27177174 -8.22172216 -21.00000000 0.86274510 0.14901961 0.14901961
v -12.50448167 -8.05782933 -21.00000000 0.86274510 0.14901961 0.14901961
v -12.72886945 -7.88271539 -21.00000000 0.86274510 0.14901961 0.14901961
v -12.94439451 -7.69680220 -21.00000000 0.86274510 0.14901961 0.14901961
v -13.15053763 -7.50053763 -21.00000000 0.86274510 0.14901961 0.14901961
v -13.34680220 -7.29439451 -21.00000000 0.86274510 0.14901961 0.14901961
v -13.53271539 -7.07886945 -21.00000000 0.86274510 0.14901961 0.14901961
v -13.70782933 -6.85448167 -21.00000000 0.86274510 0.14901961 0.14901961
v -13.87172216 -6.62177174 -21.00000000 0.86274510 0.14901961 0.14901961
v -14.02399903 -6.38130029 -21.00000000 0.86274510 0.14901961 0.14901961
v -14.16429310 -6.13364661 -21.00000000 0.86274510 0.14901961 0.14901961
v -14.29226639 -5.87940735 -21.00000000 0.86274510 0.14901961 0.14901961
v -14.40761060 -5.61919497 -21.00000000 0.86274510 0.14901961 0.14901961
v -14.51004786 -5.35363636 -21.00000000 0.86274510 0.14901961 0.14901961
v -14.59933139 -5.08337127 -21.00000000 0.86274510 0.14901961 0.14901961
v -14.67524609 -4.80905079 -21.00000000 0.86274510 0.14901961 0.14901961
v -14.73760908 -4.53133579 -21.00000000 0.86274510 0.14901961 0.14901961
v -14.78627012 -4.25089529 -21.00000000 0.86274510 0.14901961 0.14901961
v -14.82111199 -3.96840492 -21.00000000 0.86274510 0.14901961 0.14901961
v -14.84205074 -3.68454521 -21.00000000 0.86274510 0.14901961 0.14901961
v -14.85000000 -3.36072812 -21.00000000 0.86274510 0.14901961 0.14901961
v -14.85000000 3.36072812 -21.00000000 0.86274510 0.14901961 0.14901961
v -14.84205074 3.68454521 -21.00000000 0.86274510 0.14901961 0.14901961
v -14.82111199 3.96840492 -21.00000000 0.86274510 0.14901961 0.14901961
v -14.78627012 4.25089529 -21.00000000 0.86274510 0.14901961 0.14901961
v -14.73760908 4.53133579 -21.00000000 0.86274510 0.14901961 0.14901961
v -14.67524609 4.80905079 -21.00000000 0.86274510 0.14901961 0.14901961
v -14.59933139 5.08337127 -21.00000000 0.86274510 0.14901961 0.14901961
v -14.51004786 5.35363636 -21.00000000 0.86274510 0.14901961 0.14901961
v -14.40761060 5.61919497 -21.00000000 0.86274510 0.14901961 0.14901961
v -14.29226639 5.87940735 -21.00000000 0.86274510 0.14901961 0.14901961
v -14.16429310 6.13364661 -21.00000000 0.86274510 0.14901961 0.14901961
v -14.02399903 6.38130029 -21.00000000 0.86274510 0.14901961 0.14901961
v -13.87172216 6.62177174 -21.00000000 0.86274510 0.14901961 0.14901961
v -13.70782933 6.85448167 -21.00000000 0.86274510 0.14901961 0.14901961
v -13.53271539 7.07886945 -21.00000000 0.86274510 0.14901961 0.14901961
v -13.34680220 7.29439451 -21.00000000 0.86274510 0.14901961 0.14901961
v -13.15053763 7.50053763 -21.00000000 0.86274510 0.14901961 0.14901961
v -12.94439451 7.69680220 -21.00000000 0.86274510 0.14901961 0.14901961
v -12.72886945 7.88271539 -21.00000000 0.86274510 0.14901961 0.14901961
v -12.50448167 8.05782933 -21.00000000 0.86274510 0.14901961 0.14901961
v -12.27177174 8.22172216 -21.00000000 0.86274510 0.14901961 0.14901961
v -12.03130029 8.37399903 -21.00000000 0.86274510 0.14901961 0.14901961
v -11.78364661 8.51429310 -21.00000000 0.86274510 0.14901961 0.14901961
v -11.52940735 8.64226639 -21.00000000 0.86274510 0.14901961 0.14901961
v -11.26919497 8.75761060 -21.00000000 0.86274510 0.14901961 0.14901961
v -11.00363636 8.86004786 -21.00000000 0.86274510 0.14901961 0.14901961
v -10.73337127 8.94933139 -21.00000000 0.86274510 0.14901961 0.14901961
v -10.45905079 9.02524609 -21.00000000 0.86274510 0.14901961 0.14901961
v -10.18133579 9.08760908 -21.00000000 0.86274510 0.14901961 0.14901961
v -9.90089529 9.13627012 -21.00000000 0.86274510 0.14901961 0.14901961
v -9.85828584 9.14152550 -21.00000000 0.86274510 0.14901961 0.14901961
v -9.70550159 9.16412503 -21.00000000 0.86274510 0.14901961 0.14901961
v -9.55398573 9.19407016 -21.00000000 0.86274510 0.14901961 0.14901961
v -9.40409122 9.23129113 -21.00000000 0.86274510 0.14901961 0.14901961
v -9.25616722 9.27570124 -21.00000000 0.86274510 0.14901961 0.14901961
v -9.11055833 9.32719703 -21.00000000 0.86274510 0.14901961 0.14901961
v -8.96760373 9.38565854 -21.00000000 0.86274510 0.14901961 0.14901961
v -8.82763644 9.45094960 -21.00000000 0.86274510 0.14901961 0.14901961
v -8.69098250 9.52291811 -21.00000000 0.86274510 0.14901961 0.14901961
v -8.55796024 9.60139641 -21.00000000 0.86274510 0.14901961 0.14901961
v -8.42887953 9.68620171 -21.00000000 0.86274510 0.14901961 0.14901961
v -8.30404107 9.77713643 -21.00000000 0.86274510 0.14901961 0.14901961
v -8.18373566 9.87398877 -21.00000000 0.86274510 0.14901961 0.14901961
v -8.06824356 9.97653309 -21.00000000 0.86274510 0.14901961 0.14901961
v -7.95783378 10.08453054 -21.00000000 0.86274510 0.14901961 0.14901961
v -7.85276354 10.19772952 -21.00000000 0.86274510 0.14901961 0.14901961
v -7.75327758 10.31586635 -21.00000000 0.86274510 0.14901961 0.14901961
v -7.65960767 10.43866583 -21.00000000 0.86274510 0.14901961 0.14901961
v -7.57197199 10.56584191 -21.00000000 0.86274510 0.14901961 0.14901961
v -7.49057470 10.69709832 -21.00000000 0.86274510 0.14901961 0.14901961
v -7.41560540 10.83212932 -21.00000000 0.86274510 0.14901961 0.14901961
v -7.34723874 10.97062035 -21.00000000 0.86274510 0.14901961 0.14901961
v -7.28563397 11.11224880 -21.00000000 0.86274510 0.14901961 0.14901961
v -7.23093460 11.25668476 -21.00000000 0.86274510 0.14901961 0.14901961
v -7.18326806 11.40359175 -21.00000000 0.86274510 0.14901961 0.14901961
v -7.14274537 11.55262758 -21.00000000 0.86274510 0.14901961 0.14901961
v -7.10946093 11.70344506 -21.00000000 0.86274510 0.14901961 0.14901961
v -7.08349228 11.85569287 -21.00000000 0.86274510 0.14901961 0.14901961
v -7.06489992 12.00901635 -21.00000000 0.86274510 0.14901961 0.14901961
v -7.05372715 12.16305834 -21.00000000 0.86274510 0.14901961 0.14901961
v -7.05000000 12.31746001 -21.00000000 0.86274510 0.14901961 0.14901961
v -7.05000000 14.40000000 -21.00000000 0.86274510 0.14901961 0.14901961
v 7.05000000 14.40000000 -21.00000000 0.86274510 0.14901961 0.14901961
v 7.05000000 12.31746001 -21.00000000 0.86274510 0.14901961 0.14901961
v 7.05398857 12.15773850 -21.00000000 0.86274510 0.14901961 0.14901961
v 7.06594435 11.99841515 -21.00000000 0.86274510 0.14901961 0.14901961
v 7.08583753 11.83988714 -21.00000000 0.86274510 0.14901961 0.14901961
v 7.11361851 11.68254965 -21.00000000 0.86274510 0.14901961 0.14901961
v 7.14921805 11.52679490 -21.00000000 0.86274510 0.14901961 0.14901961
v 7.19254740 11.37301117 -21.00000000 0.86274510 0.14901961 0.14901961
v 7.24349855 11.22158181 -21.00000000 0.86274510 0.14901961 0.14901961
v 7.30194448 11.07288433 -21.00000000 0.86274510 0.14901961 0.14901961
v 7.36773949 10.92728939 -21.00000000 0.86274510 0.14901961 0.14901961
v 7.44071957 10.78515995 -21.00000000 0.86274510 0.14901961 0.14901961
v 7.52070279 10.64685032 -21.00000000 0.86274510 0.14901961 0.14901961
v 7.60748975 10.51270529 -21.00000000 0.86274510 0.14901961 0.14901961
v 7.70086413 10.38305925 -21.00000000 0.86274510 0.14901961 0.14901961
v 7.80059313 10.25823539 -21.00000000 0.86274510 0.14901961 0.14901961
v 7.90642817 10.13854490 -21.00000000 0.86274510 0.14901961 0.14901961
v 8.01810539 10.02428613 -21.00000000 0.86274510 0.14901961 0.14901961
v 8.13534641 9.91574391 -21.00000000 0.86274510 0.14901961 0.14901961
v 8.25785896 9.81318884 -21.00000000 0.86274510 0.14901961 0.14901961
v 8.38533764 9.71687656 -21.00000000 0.86274510 0.14901961 0.14901961
v 8.51746466 9.62704716 -21.00000000 0.86274510 0.14901961 0.14901961
v 8.65391064 9.54392458 -21.00000000 0.86274510 0.14901961 0.14901961
v 8.79433545 9.46771603 -21.00000000 0.86274510 0.14901961 0.14901961
v 8.93838902 9.39861150 -21.00000000 0.86274510 0.14901961 0.14901961
v 9.08571225 9.33678323 -21.00000000 0.86274510 0.14901961 0.14901961
v 9.23593789 9.28238537 -21.00000000 0.86274510 0.14901961 0.14901961
v 9.38869144 9.23555353 -21.00000000 0.86274510 0.14901961 0.14901961
v 9.54359211 9.19640443 -21.00000000 0.86274510 0.14901961 0.14901961
v 9.70025375 9.16503569 -21.00000000 0.86274510 0.14901961 0.14901961
v 9.85828584 9.14152550 -21.00000000 0.86274510 0.14901961 0.14901961
v 9.90089529 9.13627012 -21.00000000 0.86274510 0.14901961 0.14901961
v 10.18133579 9.08760908 -21.00000000 0.86274510 0.14901961 0.14901961
v 10.45905079 9.02524609 -21.00000000 0.86274510 0.14901961 0.14901961
v 10.73337127 8.94933139 -21.00000000 0.86274510 0.14901961 0.14901961
v 11.00363636 8.86004786 -21.00000000 0.86274510 0.14901961 0.14901961
v 11.26919497 8.75761060 -21.00000000 0.86274510 0.14901961 0.14901961
v 11.52940735 8.64226639 -21.00000000 0.86274510 0.14901961 0.14901961
v 11.78364661 8.51429310 -21.00000000 0.86274510 0.14901961 0.14901961
v 12.03130029 8.37399903 -21.00000000 0.86274510 0.14901961 0.14901961
v 12.27177174 8.22172216 -21.00000000 0.86274510 0.14901961 0.14901961
v 12.50448167 8.05782933 -21.00000000 0.86274510 0.14901961 0.14901961
v 12.72886945 7.88271539 -21.00000000 0.86274510 0.14901961 0.14901961
v 12.94439451 7.69680220 -21.00000000 0.86274510 0.14901961 0.14901961
v 13.15053763 7.50053763 -21.00000000 0.86274510 0.14901961 0.14901961
v 13.34680220 7.29439451 -21.00000000 0.86274510 0.14901961 0.14901961
v 13.53271539 7.07886945 -21.00000000 0.86274510 0.14901961 0.14901961
v 13.70782933 6.85448167 -21.00000000 0.86274510 0.14901961 0.14901961
v 13.87172216 6.62177174 -21.00000000 0.86274510 0.14901961 0.14901961
v 14.02399903 6.38130029 -21.00000000 0.86274510 0.14901961 0.14901961
v 14.16429310 6.13364661 -21.00000000 0.86274510 0.14901961 0.14901961
v 14.29226639 5.87940735 -21.00000000 0.86274510 0.14901961 0.14901961
v 14.40761060 5.61919497 -21.00000000 0.86274510 0.14901961 0.14901961
v 14.51004786 5.35363636 -21.00000000 0.86274510 0.14901961 0.14901961
v 14.59933139 5.08337127 -21.00000000 0.86274510 0.14901961 0.14901961
v 14.67524609 4.80905079 -21.00000000 0.86274510 0.14901961 0.14901961
v 14.73760908 4.53133579 -21.00000000 0.86274510 0.14901961 0.14901961
v 14.78627012 4.25089529 -21.00000000 0.86274510 0.14901961 0.14901961
v 14.82111199 3.96840492 -21.00000000 0.86274510 0.14901961 0.14901961
v 14.84205074 3.68454521 -21.00000000 0.86274510 0.14901961 0.14901961
v 14.85000000 3.36072812 -21.00000000 0.86274510 0.14901961 0.14901961
v 14.85000000 -3.36072812 -21.00000000 0.86274510 0.14901961 0.14901961
v 14.84205074 -3.68454521 -21.00000000 0.86274510 0.14901961 0.14901961
v 14.82111199 -3.96840492 -21.00000000 0.86274510 0.14901961 0.14901961
v 14.78627012 -4.25089529 -21.00000000 0.86274510 0.14901961 0.14901961
v 14.73760908 -4.53133579 -21.00000000 0.86274510 0.14901961 0.14901961
v 14.67524609 -4.80905079 -21.00000000 0.86274510 0.14901961 0.14901961
v 14.59933139 -5.08337127 -21.00000000 0.86274510 0.14901961 0.14901961
v 14.51004786 -5.35363636 -21.00000000 0.86274510 0.14901961 0.14901961
v 14.40761060 -5.61919497 -21.00000000 0.86274510 0.14901961 0.14901961
v 14.29226639 -5.87940735 -21.00000000 0.86274510 0.14901961 0.14901961
v 14.16429310 -6.13364661 -21.00000000 0.86274510 0.14901961 0.14901961
v 14.02399903 -6.38130029 -21.00000000 0.86274510 0.14901961 0.14901961
v 13.87172216 -6.62177174 -21.00000000 0.86274510 0.14901961 0.14901961
v 13.70782933 -6.85448167 -21.00000000 0.86274510 0.14901961 0.14901961
v 13.53271539 -7.07886945 -21.00000000 0.86274510 0.14901961 0.14901961
v 13.34680220 -7.29439451 -21.00000000 0.86274510 0.14901961 0.14901961
v 13.15053763 -7.50053763 -21.00000000 0.86274510 0.14901961 0.14901961
v 12.94439451 -7.69680220 -21.00000000 0.86274510 0.14901961 0.14901961
v 12.72886945 -7.88271539 -21.00000000 0.86274510 0.14901961 0.14901961
v 12.50448167 -8.05782933 -21.00000000 0.86274510 0.14901961 0.14901961
v 12.27177174 -8.22172216 -21.00000000 0.86274510 0.14901961 0.14901961
v 12.03130029 -8.37399903 -21.00000000 0.86274510 0.14901961 0.14901961
v 11.78364661 -8.51429310 -21.00000000 0.86274510 0.14901961 0.14901961
v 11.52940735 -8.64226639 -21.00000000 0.86274510 0.14901961 0.14901961
v 11.26919497 -8.75761060 -21.00000000 0.86274510 0.14901961 0.14901961
v 11.00363636 -8.86004786 -21.00000000 0.86274510 0.14901961 0.14901961
v 10.73337127 -8.94933139 -21.00000000 0.86274510 0.14901961 0.14901961
v 10.45905079 -9.02524609 -21.00000000 0.86274510 0.14901961 0.14901961
v 10.18133579 -9.08760908 -21.00000000 0.86274510 0.14901961 0.14901961
v 9.90089529 -9.13627012 -21.00000000 0.86274510 0.14901961 0.14901961
v 9.61840492 -9.17111199 -21.00000000 0.86274510 0.14901961 0.14901961
v 9.33454521 -9.19205074 -21.00000000 0.86274510 0.14901961 0.14901961
v -9.42780187 -11.09033383 -17.00000000 0.86274510 0.14901961 0.14901961
v -9.03404580 -11.10000000 -17.00000000 0.86274510 0.14901961 0.14901961
v 9.03404580 -11.10000000 -17.00000000 0.86274510 0.14901961 0.14901961
v 9.42780187 -11.09033383 -17.00000000 0.86274510 0.14901961 0.14901961
v 9.80469359 -11.06253263 -17.00000000 0.86274510 0.14901961 0.14901961
v 10.17976719 -11.01627171 -17.00000000 0.86274510 0.14901961 0.14901961
v 10.55211907 -10.95166253 -17.00000000 0.86274510 0.14901961 0.14901961
v 10.92085222 -10.86886073 -17.00000000 0.86274510 0.14901961 0.14901961
v 11.28507832 -10.76806580 -17.00000000 0.86274510 0.14901961 0.14901961
v 11.64391993 -10.64952054 -17.00000000 0.86274510 0.14901961 0.14901961
v 11.99651255 -10.51351056 -17.00000000 0.86274510 0.14901961 0.14901961
v 12.34200677 -10.36036351 -17.00000000 0.86274510 0.14901961 0.14901961
v 12.67957025 -10.19044833 -17.00000000 0.86274510 0.14901961 0.14901961
v 13.00838978 -10.00417436 -17.00000000 0.86274510 0.14901961 0.14901961
v 13.32767320 -9.80199037 -17.00000000 0.86274510 0.14901961 0.14901961
v 13.63665134 -9.58438341 -17.00000000 0.86274510 0.14901961 0.14901961
v 13.93457983 -9.35187774 -17.00000000 0.86274510 0.14901961 0.14901961
v 14.22074093 -9.10503347 -17.00000000 0.86274510 0.14901961 0.14901961
v 14.49444527 -8.84444527 -17.00000000 0.86274510 0.14901961 0.14901961
v 14.75503347 -8.57074093 -17.00000000 0.86274510 0.14901961 0.14901961
v 15.00187774 -8.28457983 -17.00000000 0.86274510 0.14901961 0.14901961
v 15.23438341 -7.98665134 -17.00000000 0.86274510 0.14901961 0.14901961
v 15.45199037 -7.67767320 -17.00000000 0.86274510 0.14901961 0.14901961
v 15.65417436 -7.35838978 -17.00000000 0.86274510 0.14901961 0.14901961
v 15.84044833 -7.02957025 -17.00000000 0.86274510 0.14901961 0.14901961
v 16.01036351 -6.69200677 -17.00000000 0.86274510 0.14901961 0.14901961
v 16.16351056 -6.34651255 -17.00000000 0.86274510 0.14901961 0.14901961
v 16.29952054 -5.99391993 -17.00000000 0.86274510 0.14901961 0.14901961
v 16.41806580 -5.63507832 -17.00000000 0.86274510 0.14901961 0.14901961
v 16.51886073 -5.27085222 -17.00000000 0.86274510 0.14901961 0.14901961
v 16.60166253 -4.90211907 -17.00000000 0.86274510 0.14901961 0.14901961
v 16.66627171 -4.52976719 -17.00000000 0.86274510 0.14901961 0.14901961
v 16.71253263 -4.15469359 -17.00000000 0.86274510 0.14901961 0.14901961
v 16.74033383 -3.77780187 -17.00000000 0.86274510 0.14901961 0.14901961
v 16.75000000 -3.38404580 -17.00000000 0.86274510 0.14901961 0.14901961
v 16.75000000 3.38404580 -17.00000000 0.86274510 0.14901961 0.14901961
v 16.74033383 3.77780187 -17.00000000 0.86274510 0.14901961 0.14901961
v 16.71253263 4.15469359 -17.00000000 0.86274510 0.14901961 0.14901961
v 16.66627171 4.52976719 -17.00000000 0.86274510 0.14901961 0.14901961
v 16.60166253 4.90211907 -17.00000000 0.86274510 0.14901961 0.14901961
v 16.51886073 5.27085222 -17.00000000 0.86274510 0.14901961 0.14901961
v 16.41806580 5.63507832 -17.00000000 0.86274510 0.14901961 0.14901961
v 16.29952054 5.99391993 -17.00000000 0.86274510 0.14901961 0.14901961
v 16.16351056 6.34651255 -17.00000000 0.86274510 0.14901961 0.14901961
v 16.01036351 6.69200677 -17.00000000 0.86274510 0.14901961 0.14901961
v 15.84044833 7.02957025 -17.00000000 0.86274510 0.14901961 0.14901961
v 15.65417436 7.35838978 -17.00000000 0.86274510 0.14901961 0.14901961
v 15.45199037 7.67767320 -17.00000000 0.86274510 0.14901961 0.14901961
v 15.23438341 7.98665134 -17.00000000 0.86274510 0.14901961 0.14901961
v 15.00187774 8.28457983 -17.00000000 0.86274510 0.14901961 0.14901961
v 14.75503347 8.57074093 -17.00000000 0.86274510 0.14901961 0.14901961
v 14.49444527 8.84444527 -17.00000000 0.86274510 0.14901961 0.14901961
v 14.22074093 9.10503347 -17.00000000 0.86274510 0.14901961 0.14901961
v 13.93457983 9.35187774 -17.00000000 0.86274510 0.14901961 0.14901961
v 13.63665134 9.58438341 -17.00000000 0.86274510 0.14901961 0.14901961
v 13.32767320 9.80199037 -17.00000000 0.86274510 0.14901961 0.14901961
v 13.00838978 10.00417436 -17.00000000 0.86274510 0.14901961 0.14901961
v 12.67957025 10.19044833 -17.00000000 0.86274510 0.14901961 0.14901961
v 12.34200677 10.36036351 -17.00000000 0.86274510 0.14901961 0.14901961
v 11.99651255 10.51351056 -17.00000000 0.86274510 0.14901961 0.14901961
v 11.64391993 10.64952054 -17.00000000 0.86274510 0.14901961 0.14901961
v 11.28507832 10.76806580 -17.00000000 0.86274510 0.14901961 0.14901961
v 10.92085222 10.86886073 -17.00000000 0.86274510 0.14901961 0.14901961
v 10.55211907 10.95166253 -17.00000000 0.86274510 0.14901961 0.14901961
v 10.17976719 11.01627171 -17.00000000 0.86274510 0.14901961 0.14901961
v 10.09086612 11.02723661 -17.00000000 0.86274510 0.14901961 0.14901961
v 10.02666559 11.03678763 -17.00000000 0.86274510 0.14901961 0.14901961
v 9.96302179 11.04953118 -17.00000000 0.86274510 0.14901961 0.14901961
v 9.90009340 11.06543550 -17.00000000 0.86274510 0.14901961 0.14901961
v 9.83803727 11.08446094 -17.00000000 0.86274510 0.14901961 0.14901961
v 9.77700810 11.10656007 -17.00000000 0.86274510 0.14901961 0.14901961
v 9.71715804 11.13167780 -17.00000000 0.86274510 0.14901961 0.14901961
v 9.65863628 11.15975152 -17.00000000 0.86274510 0.14901961 0.14901961
v 9.60158870 11.19071124 -17.00000000 0.86274510 0.14901961 0.14901961
v 9.54615752 11.22447979 -17.00000000 0.86274510 0.14901961 0.14901961
v 9.49248092 11.26097298 -17.00000000 0.86274510 0.14901961 0.14901961
v 9.44069270 11.30009984 -17.00000000 0.86274510 0.14901961 0.14901961
v 9.39092198 11.34176284 -17.00000000 0.86274510 0.14901961 0.14901961
v 9.34329281 11.38585812 -17.00000000 0.86274510 0.14901961 0.14901961
v 9.29792394 11.43227574 -17.00000000 0.86274510 0.14901961 0.14901961
v 9.25492846 11.48090001 -17.00000000 0.86274510 0.14901961 0.14901961
v 9.21441355 11.53160970 -17.00000000 0.86274510 0.14901961 0.14901961
v 9.17648021 11.58427840 -17.00000000 0.86274510 0.14901961 0.14901961
v 9.14122301 11.63877482 -17.00000000 0.86274510 0.14901961 0.14901961
v 9.10872982 11.69496311 -17.00000000 0.86274510 0.14901961 0.14901961
v 9.07908167 11.75270319 -17.00000000 0.86274510 0.14901961 0.14901961
v 9.05235244 11.81185114 -17.00000000 0.86274510 0.14901961 0.14901961
v 9.02860878 11.87225949 -17.00000000 0.86274510 0.14901961 0.14901961
v 9.00790988 11.93377767 -17.00000000 0.86274510 0.14901961 0.14901961
v 8.99030733 11.99625231 -17.00000000 0.86274510 0.14901961 0.14901961
v 8.97584502 12.05952768 -17.00000000 0.86274510 0.14901961 0.14901961
v 8.96455900 12.12344603 -17.00000000 0.86274510 0.14901961 0.14901961
v 8.95647739 12.18784804 -17.00000000 0.86274510 0.14901961 0.14901961
v 8.95162036 12.25257314 -17.00000000 0.86274510 0.14901961 0.14901961
v 8.95000000 12.31746001 -17.00000000 0.86274510 0.14901961 0.14901961
v 8.95000000 15.56808679 -17.00000000 0.86274510 0.14901961 0.14901961
v 8.94506906 15.66845833 -17.00000000 0.86274510 0.14901961 0.14901961
v 8.93501203 15.73625736 -17.00000000 0.86274510 0.14901961 0.14901961
v 8.91835795 15.80274417 -17.00000000 0.86274510 0.14901961 0.14901961
v 8.89526722 15.86727843 -17.00000000 0.86274510 0.14901961 0.14901961
v 8.86596221 15.92923866 -17.00000000 0.86274510 0.14901961 0.14901961
v 8.83072515 15.98802814 -17.00000000 0.86274510 0.14901961 0.14901961
v 8.78989540 16.04308070 -17.00000000 0.86274510 0.14901961 0.14901961
v 8.74386615 16.09386615 -17.00000000 0.86274510 0.14901961 0.14901961
v 8.69308070 16.13989540 -17.00000000 0.86274510 0.14901961 0.14901961
v 8.63802814 16.18072515 -17.00000000 0.86274510 0.14901961 0.14901961
v 8.57923866 16.21596221 -17.00000000 0.86274510 0.14901961 0.14901961
v 8.51727843 16.24526722 -17.00000000 0.86274510 0.14901961 0.14901961
v 8.45274417 16.26835795 -17.00000000 0.86274510 0.14901961 0.14901961
v 8.38625736 16.28501203 -17.00000000 0.86274510 0.14901961 0.14901961
v 8.31845833 16.29506906 -17.00000000 0.86274510 0.14901961 0.14901961
v 8.21808679 16.30000000 -17.00000000 0.86274510 0.14901961 0.14901961
v -8.21808679 16.30000000 -17.00000000 0.86274510 0.14901961 0.14901961
v -8.31845833 16.29506906 -17.00000000 0.86274510 0.14901961 0.14901961
v -8.38625736 16.28501203 -17.00000000 0.86274510 0.14901961 0.14901961
v -8.45274417 16.26835795 -17.00000000 0.86274510 0.14901961 0.14901961
v -8.51727843 16.24526722 -17.00000000 0.86274510 0.14901961 0.14901961
v -8.57923866 16.21596221 -17.00000000 0.86274510 0.14901961 0.14901961
v -8.63802814 16.18072515 -17.00000000 0.86274510 0.14901961 0.14901961
v -8.69308070 16.13989540 -17.00000000 0.86274510 0.14901961 0.14901961
v -8.74386615 16.09386615 -17.00000000 0.86274510 0.14901961 0.14901961
v -8.78989540 16.04308070 -17.00000000 0.86274510 0.14901961 0.14901961
v -8.83072515 15.98802814 -17.00000000 0.86274510 0.14901961 0.14901961
v -8.86596221 15.92923866 -17.00000000 0.86274510 0.14901961 0.14901961
v -8.89526722 15.86727843 -17.00000000 0.86274510 0.14901961 0.14901961
v -8.91835795 15.80274417 -17.00000000 0.86274510 0.14901961 0.14901961
v -8.93501203 15.73625736 -17.00000000 0.86274510 0.14901961 0.14901961
v -8.94506906 15.66845833 -17.00000000 0.86274510 0.14901961 0.14901961
v -8.95000000 15.56808679 -17.00000000 0.86274510 0.14901961 0.14901961
v -8.95000000 12.31746001 -17.00000000 0.86274510 0.14901961 0.14901961
v -8.95151416 12.25473433 -17.00000000 0.86274510 0.14901961 0.14901961
v -8.95605309 12.19215477 -17.00000000 0.86274510 0.14901961 0.14901961
v -8.96360624 12.12986711 -17.00000000 0.86274510 0.14901961 0.14901961
v -8.97415600 12.06801644 -17.00000000 0.86274510 0.14901961 0.14901961
v -8.98767781 12.00674683 -17.00000000 0.86274510 0.14901961 0.14901961
v -9.00414015 11.94620103 -17.00000000 0.86274510 0.14901961 0.14901961
v -9.02350468 11.88652006 -17.00000000 0.86274510 0.14901961 0.14901961
v -9.04572630 11.82784296 -17.00000000 0.86274510 0.14901961 0.14901961
v -9.07075324 11.77030640 -17.00000000 0.86274510 0.14901961 0.14901961
v -9.09852719 11.71404442 -17.00000000 0.86274510 0.14901961 0.14901961
v -9.12898347 11.65918807 -17.00000000 0.86274510 0.14901961 0.14901961
v -9.16205112 11.60586515 -17.00000000 0.86274510 0.14901961 0.14901961
v -9.19765311 11.55419987 -17.00000000 0.86274510 0.14901961 0.14901961
v -9.23570652 11.50431258 -17.00000000 0.86274510 0.14901961 0.14901961
v -9.27612269 11.45631950 -17.00000000 0.86274510 0.14901961 0.14901961
v -9.31880747 11.41033241 -17.00000000 0.86274510 0.14901961 0.14901961
v -9.36366144 11.36645845 -17.00000000 0.86274510 0.14901961 0.14901961
v -9.41058011 11.32479982 -17.00000000 0.86274510 0.14901961 0.14901961
v -9.45945419 11.28545356 -17.00000000 0.86274510 0.14901961 0.14901961
v -9.51016981 11.24851132 -17.00000000 0.86274510 0.14901961 0.14901961
v -9.56260885 11.21405917 -17.00000000 0.86274510 0.14901961 0.14901961
v -9.61664914 11.18217736 -17.00000000 0.86274510 0.14901961 0.14901961
v -9.67216480 11.15294016 -17.00000000 0.86274510 0.14901961 0.14901961
v -9.72902652 11.12641566 -17.00000000 0.86274510 0.14901961 0.14901961
v -9.78710182 11.10266567 -17.00000000 0.86274510 0.14901961 0.14901961
v -9.84625543 11.08174551 -17.00000000 0.86274510 0.14901961 0.14901961
v -9.90634956 11.06370390 -17.00000000 0.86274510 0.14901961 0.14901961
v -9.96724420 11.04858288 -17.00000000 0.86274510 0.14901961 0.14901961
v -10.02879752 11.03641767 -17.00000000 0.86274510 0.14901961 0.14901961
v -10.09086612 11.02723661 -17.00000000 0.86274510 0.14901961 0.14901961
v -10.17976719 11.01627171 -17.00000000 0.86274510 0.14901961 0.14901961
v -10.55211907 10.95166253 -17.00000000 0.86274510 0.14901961 0.14901961
v -10.92085222 10.86886073 -17.00000000 0.86274510 0.14901961 0.14901961
v -11.28507832 10.76806580 -17.00000000 0.86274510 0.14901961 0.14901961
v -11.64391993 10.64952054 -17.00000000 0.86274510 0.14901961 0.14901961
v -11.99651255 10.51351056 -17.00000000 0.86274510 0.14901961 0.14901961
v -12.34200677 10.36036351 -17.00000000 0.86274510 0.14901961 0.14901961
v -12.67957025 10.19044833 -17.00000000 0.86274510 0.14901961 0.14901961
v -13.00838978 10.00417436 -17.00000000 0.86274510 0.14901961 0.14901961
v -13.32767320 9.80199037 -17.00000000 0.86274510 0.14901961 0.14901961
v -13.63665134 9.58438341 -17.00000000 0.86274510 0.14901961 0.14901961
v -13.93457983 9.35187774 -17.00000000 0.86274510 0.14901961 0.14901961
v -14.22074093 9.10503347 -17.00000000 0.86274510 0.14901961 0.14901961
v -14.49444527 8.84444527 -17.00000000 0.86274510 0.14901961 0.14901961
v -14.75503347 8.57074093 -17.00000000 0.86274510 0.14901961 0.14901961
v -15.00187774 8.28457983 -17.00000000 0.86274510 0.14901961 0.14901961
v -15.23438341 7.98665134 -17.00000000 0.86274510 0.14901961 0.14901961
v -15.45199037 7.67767320 -17.00000000 0.86274510 0.14901961 0.14901961
v -15.65417436 7.35838978 -17.00000000 0.86274510 0.14901961 0.14901961
v -15.84044833 7.02957025 -17.00000000 0.86274510 0.14901961 0.14901961
v -16.01036351 6.69200677 -17.00000000 0.86274510 0.14901961 0.14901961
v -16.16351056 6.34651255 -17.00000000 0.86274510 0.14901961 0.14901961
v -16.29952054 5.99391993 -17.00000000 0.86274510 0.14901961 0.14901961
v -16.41806580 5.63507832 -17.00000000 0.86274510 0.14901961 0.14901961
v -16.51886073 5.27085222 -17.00000000 0.86274510 0.14901961 0.14901961
v -16.60166253 4.90211907 -17.00000000 0.86274510 0.14901961 0.14901961
v -16.66627171 4.52976719 -17.00000000 0.86274510 0.14901961 0.14901961
v -16.71253263 4.15469359 -17.00000000 0.86274510 0.14901961 0.14901961
v -16.74033383 3.77780187 -17.00000000 0.86274510 0.14901961 0.14901961
v -16.75000000 3.38404580 -17.00000000 0.86274510 0.14901961 0.14901961
v -16.75000000 -3.38404580 -17.00000000 0.86274510 0.14901961 0.14901961
v -16.74033383 -3.77780187 -17.00000000 0.86274510 0.14901961 0.14901961
v -16.71253263 -4.15469359 -17.00000000 0.86274510 0.14901961 0.14901961
v -16.66627171 -4.52976719 -17.00000000 0.86274510 0.14901961 0.14901961
v -16.60166253 -4.90211907 -17.00000000 0.86274510 0.14901961 0.14901961
v -16.51886073 -5.27085222 -17.00000000 0.86274510 0.14901961 0.14901961
v -16.41806580 -5.63507832 -17.00000000 0.86274510 0.14901961 0.14901961
v -16.29952054 -5.99391993 -17.00000000 0.86274510 0.14901961 0.14901961
v -16.16351056 -6.34651255 -17.00000000 0.86274510 0.14901961 0.14901961
v -16.01036351 -6.69200677 -17.00000000 0.86274510 0.14901961 0.14901961
v -15.84044833 -7.02957025 -17.00000000 0.86274510 0.14901961 0.14901961
v -15.65417436 -7.35838978 -17.00000000 0.86274510 0.14901961 0.14901961
v -15.45199037 -7.67767320 -17.00000000 0.86274510 0.14901961 0.14901961
v -15.23438341 -7.98665134 -17.00000000 0.86274510 0.14901961 0.14901961
v -15.00187774 -8.28457983 -17.00000000 0.86274510 0.14901961 0.14901961
v -14.75503347 -8.57074093 -17.00000000 0.86274510 0.14901961 0.14901961
v -14.49444527 -8.84444527 -17.00000000 0.86274510 0.14901961 0.14901961
v -14.22074093 -9.10503347 -17.00000000 0.86274510 0.14901961 0.14901961
v -13.93457983 -9.35187774 -17.00000000 0.86274510 0.14901961 0.14901961
v -13.63665134 -9.58438341 -17.00000000 0.86274510 0.14901961 0.14901961
v -13.32767320 -9.80199037 -17.00000000 0.86274510 0.14901961 0.14901961
v -13.00838978 -10.00417436 -17.00000000 0.86274510 0.14901961 0.14901961
v -12.67957025 -10.19044833 -17.00000000 0.86274510 0.14901961 0.14901961
v -12.34200677 -10.36036351 -17.00000000 0.86274510 0.14901961 0.14901961
v -11.99651255 -10.51351056 -17.00000000 0.86274510 0.14901961 0.14901961
v -11.64391993 -10.64952054 -17.00000000 0.86274510 0.14901961 0.14901961
v -11.28507832 -10.76806580 -17.00000000 0.86274510 0.14901961 0.14901961
v -10.92085222 -10.86886073 -17.00000000 0.86274510 0.14901961 0.14901961
v -10.55211907 -10.95166253 -17.00000000 0.86274510 0.14901961 0.14901961
v -10.17976719 -11.01627171 -17.00000000 0.86274510 0.14901961 0.14901961
v -9.80469359 -11.06253263 -17.00000000 0.86274510 0.14901961 0.14901961
v 9.01072812 -9.20000000 -17.00000000 0.86274510 0.14901961 0.14901961
v -9.01072812 -9.20000000 -17.00000000 0.86274510 0.14901961 0.14901961
v -9.33454521 -9.19205074 -17.00000000 0.86274510 0.14901961 0.14901961
v -9.61840492 -9.17111199 -17.00000000 0.86274510 0.14901961 0.14901961
v -9.90089529 -9.13627012 -17.00000000 0.86274510 0.14901961 0.14901961
v -10.18133579 -9.08760908 -17.00000000 0.86274510 0.14901961 0.14901961
v -10.45905079 -9.02524609 -17.00000000 0.86274510 0.14901961 0.14901961
v -10.73337127 -8.94933139 -17.00000000 0.86274510 0.14901961 0.14901961
v -11.00363636 -8.86004786 -17.00000000 0.86274510 0.14901961 0.14901961
v -11.26919497 -8.75761060 -17.00000000 0.86274510 0.14901961 0.14901961
v -11.52940735 -8.64226639 -17.00000000 0.86274510 0.14901961 0.14901961
v -11.78364661 -8.51429310 -17.00000000 0.86274510 0.14901961 0.14901961
v -12.03130029 -8.37399903 -17.00000000 0.86274510 0.14901961 0.14901961
v -12.27177174 -8.22172216 -17.00000000 0.86274510 0.14901961 0.14901961
v -12.50448167 -8.05782933 -17.00000000 0.86274510 0.14901961 0.14901961
v -12.72886945 -7.88271539 -17.00000000 0.86274510 0.14901961 0.14901961
v -12.94439451 -7.69680220 -17.00000000 0.86274510 0.14901961 0.14901961
v -13.15053763 -7.50053763 -17.00000000 0.86274510 0.14901961 0.14901961
v -13.34680220 -7.29439451 -17.00000000 0.86274510 0.14901961 0.14901961
v -13.53271539 -7.07886945 -17.00000000 0.86274510 0.14901961 0.14901961
v -13.70782933 -6.85448167 -17.00000000 0.86274510 0.14901961 0.14901961
v -13.87172216 -6.62177174 -17.00000000 0.86274510 0.14901961 0.14901961
v -14.02399903 -6.38130029 -17.00000000 0.86274510 0.14901961 0.14901961
v -14.16429310 -6.13364661 -17.00000000 0.86274510 0.14901961 0.14901961
v -14.29226639 -5.87940735 -17.00000000 0.86274510 0.14901961 0.14901961
v -14.40761060 -5.61919497 -17.00000000 0.86274510 0.14901961 0.14901961
v -14.51004786 -5.35363636 -17.00000000 0.86274510 0.14901961 0.14901961
v -14.59933139 -5.08337127 -17.00000000 0.86274510 0.14901961 0.14901961
v -14.67524609 -4.80905079 -17.00000000 0.86274510 0.14901961 0.14901961
v -14.73760908 -4.53133579 -17.00000000 0.86274510 0.14901961 0.14901961
v -14.78627012 -4.25089529 -17.00000000 0.86274510 0.14901961 0.14901961
v -14.82111199 -3.96840492 -17.00000000 0.86274510 0.14901961 0.14901961
v -14.84205074 -3.68454521 -17.00000000 0.86274510 0.14901961 0.14901961
v -14.85000000 -3.36072812 -17.00000000 0.86274510 0.14901961 0.14901961
v -14.85000000 3.36072812 -17.00000000 0.86274510 0.14901961 0.14901961
v -14.84205074 3.68454521 -17.00000000 0.86274510 0.14901961 0.14901961
v -14.82111199 3.96840492 -17.00000000 0.86274510 0.14901961 0.14901961
v -14.78627012 4.25089529 -17.00000000 0.86274510 0.14901961 0.14901961
v -14.73760908 4.53133579 -17.00000000 0.86274510 0.14901961 0.14901961
v -14.67524609 4.80905079 -17.00000000 0.86274510 0.14901961 0.14901961
v -14.59933139 5.08337127 -17.00000000 0.86274510 0.14901961 0.14901961
v -14.51004786 5.35363636 -17.00000000 0.86274510 0.14901961 0.14901961
v -14.40761060 5.61919497 -17.00000000 0.86274510 0.14901961 0.14901961
v -14.29226639 5.87940735 -17.00000000 0.86274510 0.14901961 0.14901961
v -14.16429310 6.13364661 -17.00000000 0.86274510 0.14901961 0.14901961
v -14.02399903 6.38130029 -17.00000000 0.86274510 0.14901961 0.14901961
v -13.87172216 6.62177174 -17.00000000 0.86274510 0.14901961 0.14901961
v -13.70782933 6.85448167 -17.00000000 0.86274510 0.14901961 0.14901961
v -13.53271539 7.07886945 -17.00000000 0.86274510 0.14901961 0.14901961
v -13.34680220 7.29439451 -17.00000000 0.86274510 0.14901961 0.14901961
v -13.15053763 7.50053763 -17.00000000 0.86274510 0.14901961 0.14901961
v -12.94439451 7.69680220 -17.00000000 0.86274510 0.14901961 0.14901961
v -12.72886945 7.88271539 -17.00000000 0.86274510 0.14901961 0.14901961
v -12.50448167 8.05782933 -17.00000000 0.86274510 0.14901961 0.14901961
v -12.27177174 8.22172216 -17.00000000 0.86274510 0.14901961 0.14901961
v -12.03130029 8.37399903 -17.00000000 0.86274510 0.14901961 0.14901961
v -11.78364661 8.51429310 -17.00000000 0.86274510 0.14901961 0.14901961
v -11.52940735 8.64226639 -17.00000000 0.86274510 0.14901961 0.14901961
v -11.26919497 8.75761060 -17.00000000 0.86274510 0.14901961 0.14901961
v -11.00363636 8.86004786 -17.00000000 0.86274510 0.14901961 0.14901961
v -10.73337127 8.94933139 -17.00000000 0.86274510 0.14901961 0.14901961
v -10.45905079 9.02524609 -17.00000000 0.86274510 0.14901961 0.14901961
v -10.18133579 9.08760908 -17.00000000 0.86274510 0.14901961 0.14901961
v -9.90089529 9.13627012 -17.00000000 0.86274510 0.14901961 0.14901961
v -9.85828584 9.14152550 -17.00000000 0.86274510 0.14901961 0.14901961
v -9.70550159 9.16412503 -17.00000000 0.86274510 0.14901961 0.14901961
v -9.55398573 9.19407016 -17.00000000 0.86274510 0.14901961 0.14901961
v -9.40409122 9.23129113 -17.00000000 0.86274510 0.14901961 0.14901961
v -9.25616722 9.27570124 -17.00000000 0.86274510 0.14901961 0.14901961
v -9.11055833 9.32719703 -17.00000000 0.86274510 0.14901961 0.14901961
v -8.96760373 9.38565854 -17.00000000 0.86274510 0.14901961 0.14901961
v -8.82763644 9.45094960 -17.00000000 0.86274510 0.14901961 0.14901961
v -8.69098250 9.52291811 -17.00000000 0.86274510 0.14901961 0.14901961
v -8.55796024 9.60139641 -17.00000000 0.86274510 0.14901961 0.14901961
v -8.42887953 9.68620171 -17.00000000 0.86274510 0.14901961 0.14901961
v -8.30404107 9.77713643 -17.00000000 0.86274510 0.14901961 0.14901961
v -8.18373566 9.87398877 -17.00000000 0.86274510 0.14901961 0.14901961
v -8.06824356 9.97653309 -17.00000000 0.86274510 0.14901961 0.14901961
v -7.95783378 10.08453054 -17.00000000 0.86274510 0.14901961 0.14901961
v -7.85276354 10.19772952 -17.00000000 0.86274510 0.14901961 0.14901961
v -7.75327758 10.31586635 -17.00000000 0.86274510 0.14901961 0.14901961
v -7.65960767 10.43866583 -17.00000000 0.86274510 0.14901961 0.14901961
v -7.57197199 10.56584191 -17.00000000 0.86274510 0.14901961 0.14901961
v -7.49057470 10.69709832 -17.00000000 0.86274510 0.14901961 0.14901961
v -7.41560540 10.83212932 -17.00000000 0.86274510 0.14901961 0.14901961
v -7.34723874 10.97062035 -17.00000000 0.86274510 0.14901961 0.14901961
v -7.28563397 11.11224880 -17.00000000 0.86274510 0.14901961 0.14901961
v -7.23093460 11.25668476 -17.00000000 0.86274510 0.14901961 0.14901961
v -7.18326806 11.40359175 -17.00000000 0.86274510 0.14901961 0.14901961
v -7.14274537 11.55262758 -17.00000000 0.86274510 0.14901961 0.14901961
v -7.10946093 11.70344506 -17.00000000 0.86274510 0.14901961 0.14901961
v -7.08349228 11.85569287 -17.00000000 0.86274510 0.14901961 0.14901961
v -7.06489992 12.00901635 -17.00000000 0.86274510 0.14901961 0.14901961
v -7.05372715 12.16305834 -17.00000000 0.86274510 0.14901961 0.14901961
v -7.05000000 12.31746001 -17.00000000 0.86274510 0.14901961 0.14901961
v -7.05000000 14.40000000 -17.00000000 0.86274510 0.14901961 0.14901961
v 7.05000000 14.40000000 -17.00000000 0.86274510 0.14901961 0.14901961
v 7.05000000 12.31746001 -17.00000000 0.86274510 0.14901961 0.14901961
v 7.05398857 12.15773850 -17.00000000 0.86274510 0.14901961 0.14901961
v 7.06594435 11.99841515 -17.00000000 0.86274510 0.14901961 0.14901961
v 7.08583753 11.83988714 -17.00000000 0.86274510 0.14901961 0.14901961
v 7.11361851 11.68254965 -17.00000000 0.86274510 0.14901961 0.14901961
v 7.14921805 11.52679490 -17.00000000 0.86274510 0.14901961 0.14901961
v 7.19254740 11.37301117 -17.00000000 0.86274510 0.14901961 0.14901961
v 7.24349855 11.22158181 -17.00000000 0.86274510 0.14901961 0.14901961
v 7.30194448 11.07288433 -17.00000000 0.86274510 0.14901961 0.14901961
v 7.36773949 10.92728939 -17.00000000 0.86274510 0.14901961 0.14901961
v 7.44071957 10.78515995 -17.00000000 0.86274510 0.14901961 0.14901961
v 7.52070279 10.64685032 -17.00000000 0.86274510 0.14901961 0.14901961
v 7.60748975 10.51270529 -17.00000000 0.86274510 0.14901961 0.14901961
v 7.70086413 10.38305925 -17.00000000 0.86274510 0.14901961 0.14901961
v 7.80059313 10.25823539 -17.00000000 0.86274510 0.14901961 0.14901961
v 7.90642817 10.13854490 -17.00000000 0.86274510 0.14901961 0.14901961
v 8.01810539 10.02428613 -17.00000000 0.86274510 0.14901961 0.14901961
v 8.13534641 9.91574391 -17.00000000 0.86274510 0.14901961 0.14901961
v 8.25785896 9.81318884 -17.00000000 0.86274510 0.14901961 0.14901961
v 8.38533764 9.71687656 -17.00000000 0.86274510 0.14901961 0.14901961
v 8.51746466 9.62704716 -17.00000000 0.86274510 0.14901961 0.14901961
v 8.65391064 9.54392458 -17.00000000 0.86274510 0.14901961 0.14901961
v 8.79433545 9.46771603 -17.00000000 0.86274510 0.14901961 0.14901961
v 8.93838902 9.39861150 -17.00000000 0.86274510 0.14901961 0.14901961
v 9.08571225 9.33678323 -17.00000000 0.86274510 0.14901961 0.14901961
v 9.23593789 9.28238537 -17.00000000 0.86274510 0.14901961 0.14901961
v 9.38869144 9.23555353 -17.00000000 0.86274510 0.14901961 0.14901961
v 9.54359211 9.19640443 -17.00000000 0.86274510 0.14901961 0.14901961
v 9.70025375 9.16503569 -17.00000000 0.86274510 0.14901961 0.14901961
v 9.85828584 9.14152550 -17.00000000 0.86274510 0.14901961 0.14901961
v 9.90089529 9.13627012 -17.00000000 0.86274510 0.14901961 0.14901961
v 10.18133579 9.08760908 -17.00000000 0.86274510 0.14901961 0.14901961
v 10.45905079 9.02524609 -17.00000000 0.86274510 0.14901961 0.14901961
v 10.73337127 8.94933139 -17.00000000 0.86274510 0.14901961 0.14901961
v 11.00363636 8.86004786 -17.00000000 0.86274510 0.14901961 0.14901961
v 11.26919497 8.75761060 -17.00000000 0.86274510 0.14901961 0.14901961
v 11.52940735 8.64226639 -17.00000000 0.86274510 0.14901961 0.14901961
v 11.78364661 8.51429310 -17.00000000 0.86274510 0.14901961 0.14901961
v 12.03130029 8.37399903 -17.00000000 0.86274510 0.14901961 0.14901961
v 12.27177174 8.22172216 -17.00000000 0.86274510 0.14901961 0.14901961
v 12.50448167 8.05782933 -17.00000000 0.86274510 0.14901961 0.14901961
v 12.72886945 7.88271539 -17.00000000 0.86274510 0.14901961 0.14901961
v 12.94439451 7.69680220 -17.00000000 0.86274510 0.14901961 0.14901961
v 13.15053763 7.50053763 -17.00000000 0.86274510 0.14901961 0.14901961
v 13.34680220 7.29439451 -17.00000000 0.86274510 0.14901961 0.14901961
v 13.53271539 7.07886945 -17.00000000 0.86274510 0.14901961 0.14901961
v 13.70782933 6.85448167 -17.00000000 0.86274510 0.14901961 0.14901961
v 13.87172216 6.62177174 -17.00000000 0.86274510 0.14901961 0.14901961
v 14.02399903 6.38130029 -17.00000000 0.86274510 0.14901961 0.14901961
v 14.16429310 6.13364661 -17.00000000 0.86274510 0.14901961 0.14901961
v 14.29226639 5.87940735 -17.00000000 0.86274510 0.14901961 0.14901961
v 14.40761060 5.61919497 -17.00000000 0.86274510 0.14901961 0.14901961
v 14.51004786 5.35363636 -17.00000000 0.86274510 0.14901961 0.14901961
v 14.59933139 5.08337127 -17.00000000 0.86274510 0.14901961 0.14901961
v 14.67524609 4.80905079 -17.00000000 0.86274510 0.14901961 0.14901961
v 14.73760908 4.53133579 -17.00000000 0.86274510 0.14901961 0.14901961
v 14.78627012 4.25089529 -17.00000000 0.86274510 0.14901961 0.14901961
v 14.82111199 3.96840492 -17.00000000 0.86274510 0.14901961 0.14901961
v 14.84205074 3.68454521 -17.00000000 0.86274510 0.14901961 0.14901961
v 14.85000000 3.36072812 -17.00000000 0.86274510 0.14901961 0.14901961
v 14.85000000 -3.36072812 -17.00000000 0.86274510 0.14901961 0.14901961
v 14.84205074 -3.68454521 -17.00000000 0.86274510 0.14901961 0.14901961
v 14.82111199 -3.96840492 -17.00000000 0.86274510 0.14901961 0.14901961
v 14.78627012 -4.25089529 -17.00000000 0.86274510 0.14901961 0.14901961
v 14.73760908 -4.53133579 -17.00000000 0.86274510 0.14901961 0.14901961
v 14.67524609 -4.80905079 -17.00000000 0.86274510 0.14901961 0.14901961
v 14.59933139 -5.08337127 -17.00000000 0.86274510 0.14901961 0.14901961
v 14.51004786 -5.35363636 -17.00000000 0.86274510 0.14901961 0.14901961
v 14.40761060 -5.61919497 -17.00000000 0.86274510 0.14901961 0.14901961
v 14.29226639 -5.87940735 -17.00000000 0.86274510 0.14901961 0.14901961
v 14.16429310 -6.13364661 -17.00000000 0.86274510 0.14901961 0.14901961
v 14.02399903 -6.38130029 -17.00000000 0.86274510 0.14901961 0.14901961
v 13.87172216 -6.62177174 -17.00000000 0.86274510 0.14901961 0.14901961
v 13.70782933 -6.85448167 -17.00000000 0.86274510 0.14901961 0.14901961
v 13.53271539 -7.07886945 -17.00000000 0.86274510 0.14901961 0.14901961
v 13.34680220 -7.29439451 -17.00000000 0.86274510 0.14901961 0.14901961
v 13.15053763 -7.50053763 -17.00000000 0.86274510 0.14901961 0.14901961
v 12.94439451 -7.69680220 -17.00000000 0.86274510 0.14901961 0.14901961
v 12.72886945 -7.88271539 -17.00000000 0.86274510 0.14901961 0.14901961
v 12.50448167 -8.05782933 -17.00000000 0.86274510 0.14901961 0.14901961
v 12.27177174 -8.22172216 -17.00000000 0.86274510 0.14901961 0.14901961
v 12.03130029 -8.37399903 -17.00000000 0.86274510 0.14901961 0.14901961
v 11.78364661 -8.51429310 -17.00000000 0.86274510 0.14901961 0.14901961
v 11.52940735 -8.64226639 -17.00000000 0.86274510 0.14901961 0.14901961
v 11.26919497 -8.75761060 -17.00000000 0.86274510 0.14901961 0.14901961
v 11.00363636 -8.86004786 -17.00000000 0.86274510 0.14901961 0.14901961
v 10.73337127 -8.94933139 -17.00000000 0.86274510 0.14901961 0.14901961
v 10.45905079 -9.02524609 -17.00000000 0.86274510 0.14901961 0.14901961
v 10.18133579 -9.08760908 -17.00000000 0.86274510 0.14901961 0.14901961
v 9.90089529 -9.13627012 -17.00000000 0.86274510 0.14901961 0.14901961
v 9.61840492 -9.17111199 -17.00000000 0.86274510 0.14901961 0.14901961
v 9.33454521 -9.19205074 -17.00000000 0.86274510 0.14901961 0.14901961
v 9.50000000 -7.75000000 -22.00000000 0.58039216 0.63921569 0.72156863
v 9.84305999 -7.73314654 -22.00000000 0.58039216 0.63921569 0.72156863
v 10.18281613 -7.68274848 -22.00000000 0.58039216 0.63921569 0.72156863
v 10.51599637 -7.59929118 -22.00000000 0.58039216 0.63921569 0.72156863
v 10.83939201 -7.48357836 -22.00000000 0.58039216 0.63921569 0.72156863
v 11.14988858 -7.33672443 -22.00000000 0.58039216 0.63921569 0.72156863
v 11.44449582 -7.16014364 -22.00000000 0.58039216 0.63921569 0.72156863
v 11.72037649 -6.95553659 -22.00000000 0.58039216 0.63921569 0.72156863
v 11.97487373 -6.72487373 -22.00000000 0.58039216 0.63921569 0.72156863
v 12.20553659 -6.47037649 -22.00000000 0.58039216 0.63921569 0.72156863
v 12.41014364 -6.19449582 -22.00000000 0.58039216 0.63921569 0.72156863
v 12.58672443 -5.89988858 -22.00000000 0.58039216 0.63921569 0.72156863
v 12.73357836 -5.58939201 -22.00000000 0.58039216 0.63921569 0.72156863
v 12.84929118 -5.26599637 -22.00000000 0.58039216 0.63921569 0.72156863
v 12.93274848 -4.93281613 -22.00000000 0.58039216 0.63921569 0.72156863
v 12.98314654 -4.59305999 -22.00000000 0.58039216 0.63921569 0.72156863
v 13.00000000 -4.25000000 -22.00000000 0.58039216 0.63921569 0.72156863
v 13.00000000 4.25000000 -22.00000000 0.58039216 0.63921569 0.72156863
v 12.98314654 4.59305999 -22.00000000 0.58039216 0.63921569 0.72156863
v 12.93274848 4.93281613 -22.00000000 0.58039216 0.63921569 0.72156863
v 12.84929118 5.26599637 -22.00000000 0.58039216 0.63921569 0.72156863
v 12.73357836 5.58939201 -22.00000000 0.58039216 0.63921569 0.72156863
v 12.58672443 5.89988858 -22.00000000 0.58039216 0.63921569 0.72156863
v 12.41014364 6.19449582 -22.00000000 0.58039216 0.63921569 0.72156863
v 12.20553659 6.47037649 -22.00000000 0.58039216 0.63921569 0.72156863
v 11.97487373 6.72487373 -22.00000000 0.58039216 0.63921569 0.72156863
v 11.72037649 6.95553659 -22.00000000 0.58039216 0.63921569 0.72156863
v 11.44449582 7.16014364 -22.00000000 0.58039216 0.63921569 0.72156863
v 11.14988858 7.33672443 -22.00000000 0.58039216 0.63921569 0.72156863
v 10.83939201 7.48357836 -22.00000000 0.58039216 0.63921569 0.72156863
v 10.51599637 7.59929118 -22.00000000 0.58039216 0.63921569 0.72156863
v 10.18281613 7.68274848 -22.00000000 0.58039216 0.63921569 0.72156863
v 9.84305999 7.73314654 -22.00000000 0.58039216 0.63921569 0.72156863
v 9.50000000 7.75000000 -22.00000000 0.58039216 0.63921569 0.72156863
v -9.50000000 7.75000000 -22.00000000 0.58039216 0.63921569 0.72156863
v -9.84305999 7.73314654 -22.00000000 0.58039216 0.63921569 0.72156863
v -10.18281613 7.68274848 -22.00000000 0.58039216 0.63921569 0.72156863
v -10.51599637 7.59929118 -22.00000000 0.58039216 0.63921569 0.72156863
v -10.83939201 7.48357836 -22.00000000 0.58039216 0.63921569 0.72156863
v -11.14988858 7.33672443 -22.00000000 0.58039216 0.63921569 0.72156863
v -11.44449582 7.16014364 -22.00000000 0.58039216 0.63921569 0.72156863
v -11.72037649 6.95553659 -22.00000000 0.58039216 0.63921569 0.72156863
v -11.97487373 6.72487373 -22.00000000 0.58039216 0.63921569 0.72156863
v -12.20553659 6.47037649 -22.00000000 0.58039216 0.63921569 0.72156863
v -12.41014364 6.19449582 -22.00000000 0.58039216 0.63921569 0.72156863
v -12.58672443 5.89988858 -22.00000000 0.58039216 0.63921569 0.72156863
v -12.73357836 5.58939201 -22.00000000 0.58039216 0.63921569 0.72156863
v -12.84929118 5.26599637 -22.00000000 0.58039216 0.63921569 0.72156863
v -12.93274848 4.93281613 -22.00000000 0.58039216 0.63921569 0.72156863
v -12.98314654 4.59305999 -22.00000000 0.58039216 0.63921569 0.72156863
v -13.00000000 4.25000000 -22.00000000 0.58039216 0.63921569 0.72156863
v -13.00000000 -4.25000000 -22.00000000 0.58039216 0.63921569 0.72156863
v -12.98314654 -4.59305999 -22.00000000 0.58039216 0.63921569 0.72156863
v -12.93274848 -4.93281613 -22.00000000 0.58039216 0.63921569 0.72156863
v -12.84929118 -5.26599637 -22.00000000 0.58039216 0.63921569 0.72156863
v -12.73357836 -5.58939201 -22.00000000 0.58039216 0.63921569 0.72156863
v -12.58672443 -5.89988858 -22.00000000 0.58039216 0.63921569 0.72156863
v -12.41014364 -6.19449582 -22.00000000 0.58039216 0.63921569 0.72156863
v -12.20553659 -6.47037649 -22.00000000 0.58039216 0.63921569 0.72156863
v -11.97487373 -6.72487373 -22.00000000 0.58039216 0.63921569 0.72156863
v -11.72037649 -6.95553659 -22.00000000 0.58039216 0.63921569 0.72156863
v -11.44449582 -7.16014364 -22.00000000 0.58039216 0.63921569 0.72156863
v -11.14988858 -7.33672443 -22.00000000 0.58039216 0.63921569 0.72156863
v -10.83939201 -7.48357836 -22.00000000 0.58039216 0.63921569 0.72156863
v -10.51599637 -7.59929118 -22.00000000 0.58039216 0.63921569 0.72156863
v -10.18281613 -7.68274848 -22.00000000 0.58039216 0.63921569 0.72156863
v -9.84305999 -7.73314654 -22.00000000 0.58039216 0.63921569 0.72156863
v -9.50000000 -7.75000000 -22.00000000 0.58039216 0.63921569 0.72156863
v 9.50000000 -7.75000000 -4.00000000 0.58039216 0.63921569 0.72156863
v 9.84305999 -7.73314654 -4.00000000 0.58039216 0.63921569 0.72156863
v 10.18281613 -7.68274848 -4.00000000 0.58039216 0.63921569 0.72156863
v 10.51599637 -7.59929118 -4.00000000 0.58039216 0.63921569 0.72156863
v 10.83939201 -7.48357836 -4.00000000 0.58039216 0.63921569 0.72156863
v 11.14988858 -7.33672443 -4.00000000 0.58039216 0.63921569 0.72156863
v 11.44449582 -7.16014364 -4.00000000 0.58039216 0.63921569 0.72156863
v 11.72037649 -6.95553659 -4.00000000 0.58039216 0.63921569 0.72156863
v 11.97487373 -6.72487373 -4.00000000 0.58039216 0.63921569 0.72156863
v 12.20553659 -6.47037649 -4.00000000 0.58039216 0.63921569 0.72156863
v 12.41014364 -6.19449582 -4.00000000 0.58039216 0.63921569 0.72156863
v 12.58672443 -5.89988858 -4.00000000 0.58039216 0.63921569 0.72156863
v 12.73357836 -5.58939201 -4.00000000 0.58039216 0.63921569 0.72156863
v 12.84929118 -5.26599637 -4.00000000 0.58039216 0.63921569 0.72156863
v 12.93274848 -4.93281613 -4.00000000 0.58039216 0.63921569 0.72156863
v 12.98314654 -4.59305999 -4.00000000 0.58039216 0.63921569 0.72156863
v 13.00000000 -4.25000000 -4.00000000 0.58039216 0.63921569 0.72156863
v 13.00000000 4.25000000 -4.00000000 0.58039216 0.63921569 0.72156863
v 12.98314654 4.59305999 -4.00000000 0.58039216 0.63921569 0.72156863
v 12.93274848 4.93281613 -4.00000000 0.58039216 0.63921569 0.72156863
v 12.84929118 5.26599637 -4.00000000 0.58039216 0.63921569 0.72156863
v 12.73357836 5.58939201 -4.00000000 0.58039216 0.63921569 0.72156863
v 12.58672443 5.89988858 -4.00000000 0.58039216 0.63921569 0.72156863
v 12.41014364 6.19449582 -4.00000000 0.58039216 0.63921569 0.72156863
v 12.20553659 6.47037649 -4.00000000 0.58039216 0.63921569 0.72156863
v 11.97487373 6.72487373 -4.00000000 0.58039216 0.63921569 0.72156863
v 11.72037649 6.95553659 -4.00000000 0.58039216 0.63921569 0.72156863
v 11.44449582 7.16014364 -4.00000000 0.58039216 0.63921569 0.72156863
v 11.14988858 7.33672443 -4.00000000 0.58039216 0.63921569 0.72156863
v 10.83939201 7.48357836 -4.00000000 0.58039216 0.63921569 0.72156863
v 10.51599637 7.59929118 -4.00000000 0.58039216 0.63921569 0.72156863
v 10.18281613 7.68274848 -4.00000000 0.58039216 0.63921569 0.72156863
v 9.84305999 7.73314654 -4.00000000 0.58039216 0.63921569 0.72156863
v 9.50000000 7.75000000 -4.00000000 0.58039216 0.63921569 0.72156863
v -9.50000000 7.75000000 -4.00000000 0.58039216 0.63921569 0.72156863
v -9.84305999 7.73314654 -4.00000000 0.58039216 0.63921569 0.72156863
v -10.18281613 7.68274848 -4.00000000 0.58039216 0.63921569 0.72156863
v -10.51599637 7.59929118 -4.00000000 0.58039216 0.63921569 0.72156863
v -10.83939201 7.48357836 -4.00000000 0.58039216 0.63921569 0.72156863
v -11.14988858 7.33672443 -4.00000000 0.58039216 0.63921569 0.72156863
v -11.44449582 7.16014364 -4.00000000 0.58039216 0.63921569 0.72156863
v -11.72037649 6.95553659 -4.00000000 0.58039216 0.63921569 0.72156863
v -11.97487373 6.72487373 -4.00000000 0.58039216 0.63921569 0.72156863
v -12.20553659 6.47037649 -4.00000000 0.58039216 0.63921569 0.72156863
v -12.41014364 6.19449582 -4.00000000 0.58039216 0.63921569 0.72156863
v -12.58672443 5.89988858 -4.00000000 0.58039216 0.63921569 0.72156863
v -12.73357836 5.58939201 -4.00000000 0.58039216 0.63921569 0.72156863
v -12.84929118 5.26599637 -4.00000000 0.58039216 0.63921569 0.72156863
v -12.93274848 4.93281613 -4.00000000 0.58039216 0.63921569 0.72156863
v -12.98314654 4.59305999 -4.00000000 0.58039216 0.63921569 0.72156863
v -13.00000000 4.25000000 -4.00000000 0.58039216 0.63921569 0.72156863
v -13.00000000 -4.25000000 -4.00000000 0.58039216 0.63921569 0.72156863
v -12.98314654 -4.59305999 -4.00000000 0.58039216 0.63921569 0.72156863
v -12.93274848 -4.93281613 -4.00000000 0.58039216 0.63921569 0.72156863
v -12.84929118 -5.26599637 -4.00000000 0.58039216 0.63921569 0.72156863
v -12.73357836 -5.58939201 -4.00000000 0.58039216 0.63921569 0.72156863
v -12.58672443 -5.89988858 -4.00000000 0.58039216 0.63921569 0.72156863
v -12.41014364 -6.19449582 -4.00000000 0.58039216 0.63921569 0.72156863
v -12.20553659 -6.47037649 -4.00000000 0.58039216 0.63921569 0.72156863
v -11.97487373 -6.72487373 -4.00000000 0.58039216 0.63921569 0.72156863
v -11.72037649 -6.95553659 -4.00000000 0.58039216 0.63921569 0.72156863
v -11.44449582 -7.16014364 -4.00000000 0.58039216 0.63921569 0.72156863
v -11.14988858 -7.33672443 -4.00000000 0.58039216 0.63921569 0.72156863
v -10.83939201 -7.48357836 -4.00000000 0.58039216 0.63921569 0.72156863
v -10.51599637 -7.59929118 -4.00000000 0.58039216 0.63921569 0.72156863
v -10.18281613 -7.68274848 -4.00000000 0.58039216 0.63921569 0.72156863
v -9.84305999 -7.73314654 -4.00000000 0.58039216 0.63921569 0.72156863
v -9.50000000 -7.75000000 -4.00000000 0.58039216 0.63921569 0.72156863
v -9.25000000 -3.75000000 -20.00000000 0.11764706 0.16078431 0.23137255
v -9.25000000 -3.75000000 -4.00000000 0.11764706 0.16078431 0.23137255
v -9.25000000 3.75000000 -20.00000000 0.11764706 0.16078431 0.23137255
v -9.25000000 3.75000000 -4.00000000 0.11764706 0.16078431 0.23137255
v -2.75000000 -3.75000000 -20.00000000 0.11764706 0.16078431 0.23137255
v -2.75000000 -3.75000000 -4.00000000 0.11764706 0.16078431 0.23137255
v -2.75000000 3.75000000 -20.00000000 0.11764706 0.16078431 0.23137255
v -2.75000000 3.75000000 -4.00000000 0.11764706 0.16078431 0.23137255
v 2.75000000 -3.75000000 -20.00000000 0.11764706 0.16078431 0.23137255
v 2.75000000 -3.75000000 -4.00000000 0.11764706 0.16078431 0.23137255
v 2.75000000 3.75000000 -20.00000000 0.11764706 0.16078431 0.23137255
v 2.75000000 3.75000000 -4.00000000 0.11764706 0.16078431 0.23137255
v 9.25000000 -3.75000000 -20.00000000 0.11764706 0.16078431 0.23137255
v 9.25000000 -3.75000000 -4.00000000 0.11764706 0.16078431 0.23137255
v 9.25000000 3.75000000 -20.00000000 0.11764706 0.16078431 0.23137255
v 9.25000000 3.75000000 -4.00000000 0.11764706 0.16078431 0.23137255
v -7.60000000 -2.25000000 -16.00000000 0.98431373 0.74901961 0.14117647
v -7.60000000 -2.25000000 -6.00000000 0.98431373 0.74901961 0.14117647
v -7.60000000 2.25000000 -16.00000000 0.98431373 0.74901961 0.14117647
v -7.60000000 2.25000000 -6.00000000 0.98431373 0.74901961 0.14117647
v -6.80000000 -2.25000000 -16.00000000 0.98431373 0.74901961 0.14117647
v -6.80000000 -2.25000000 -6.00000000 0.98431373 0.74901961 0.14117647
v -6.80000000 2.25000000 -16.00000000 0.98431373 0.74901961 0.14117647
v -6.80000000 2.25000000 -6.00000000 0.98431373 0.74901961 0.14117647
v -5.20000000 -2.25000000 -16.00000000 0.98431373 0.74901961 0.14117647
v -5.20000000 -2.25000000 -6.00000000 0.98431373 0.74901961 0.14117647
v -5.20000000 2.25000000 -16.00000000 0.98431373 0.74901961 0.14117647
v -5.20000000 2.25000000 -6.00000000 0.98431373 0.74901961 0.14117647
v -4.40000000 -2.25000000 -16.00000000 0.98431373 0.74901961 0.14117647
v -4.40000000 -2.25000000 -6.00000000 0.98431373 0.74901961 0.14117647
v -4.40000000 2.25000000 -16.00000000 0.98431373 0.74901961 0.14117647
v -4.40000000 2.25000000 -6.00000000 0.98431373 0.74901961 0.14117647
v 4.40000000 -2.25000000 -16.00000000 0.98431373 0.74901961 0.14117647
v 4.40000000 -2.25000000 -6.00000000 0.98431373 0.74901961 0.14117647
v 4.40000000 2.25000000 -16.00000000 0.98431373 0.74901961 0.14117647
v 4.40000000 2.25000000 -6.00000000 0.98431373 0.74901961 0.14117647
v 5.20000000 -2.25000000 -16.00000000 0.98431373 0.74901961 0.14117647
v 5.20000000 -2.25000000 -6.00000000 0.98431373 0.74901961 0.14117647
v 5.20000000 2.25000000 -16.00000000 0.98431373 0.74901961 0.14117647
v 5.20000000 2.25000000 -6.00000000 0.98431373 0.74901961 0.14117647
v 6.80000000 -2.25000000 -16.00000000 0.98431373 0.74901961 0.14117647
v 6.80000000 -2.25000000 -6.00000000 0.98431373 0.74901961 0.14117647
v 6.80000000 2.25000000 -16.00000000 0.98431373 0.74901961 0.14117647
v 6.80000000 2.25000000 -6.00000000 0.98431373 0.74901961 0.14117647
v 7.60000000 -2.25000000 -16.00000000 0.98431373 0.74901961 0.14117647
v 7.60000000 -2.25000000 -6.00000000 0.98431373 0.74901961 0.14117647
v 7.60000000 2.25000000 -16.00000000 0.98431373 0.74901961 0.14117647
v 7.60000000 2.25000000 -6.00000000 0.98431373 0.74901961 0.14117647
v 8.50000000 -9.50000000 -54.60000000 0.91764706 0.34509804 0.04705882
v 8.89241878 -9.48715354 -54.60000000 0.91764706 0.34509804 0.04705882
v 9.28315715 -9.44866917 -54.60000000 0.91764706 0.34509804 0.04705882
v 9.67054193 -9.38471168 -54.60000000 0.91764706 0.34509804 0.04705882
v 10.05291427 -9.29555496 -54.60000000 0.91764706 0.34509804 0.04705882
v 10.42863679 -9.18158078 -54.60000000 0.91764706 0.34509804 0.04705882
v 10.79610059 -9.04327720 -54.60000000 0.91764706 0.34509804 0.04705882
v 11.15373214 -8.88123645 -54.60000000 0.91764706 0.34509804 0.04705882
v 11.50000000 -8.69615242 -54.60000000 0.91764706 0.34509804 0.04705882
v 11.83342140 -8.48881767 -54.60000000 0.91764706 0.34509804 0.04705882
v 12.15256857 -8.26012004 -54.60000000 0.91764706 0.34509804 0.04705882
v 12.45607489 -8.01103884 -54.60000000 0.91764706 0.34509804 0.04705882
v 12.74264069 -7.74264069 -54.60000000 0.91764706 0.34509804 0.04705882
v 13.01103884 -7.45607489 -54.60000000 0.91764706 0.34509804 0.04705882
v 13.26012004 -7.15256857 -54.60000000 0.91764706 0.34509804 0.04705882
v 13.48881767 -6.83342140 -54.60000000 0.91764706 0.34509804 0.04705882
v 13.69615242 -6.50000000 -54.60000000 0.91764706 0.34509804 0.04705882
v 13.88123645 -6.15373214 -54.60000000 0.91764706 0.34509804 0.04705882
v 14.04327720 -5.79610059 -54.60000000 0.91764706 0.34509804 0.04705882
v 14.18158078 -5.42863679 -54.60000000 0.91764706 0.34509804 0.04705882
v 14.29555496 -5.05291427 -54.60000000 0.91764706 0.34509804 0.04705882
v 14.38471168 -4.67054193 -54.60000000 0.91764706 0.34509804 0.04705882
v 14.44866917 -4.28315715 -54.60000000 0.91764706 0.34509804 0.04705882
v 14.48715354 -3.89241878 -54.60000000 0.91764706 0.34509804 0.04705882
v 14.50000000 -3.50000000 -54.60000000 0.91764706 0.34509804 0.04705882
v 14.50000000 3.50000000 -54.60000000 0.91764706 0.34509804 0.04705882
v 14.48715354 3.89241878 -54.60000000 0.91764706 0.34509804 0.04705882
v 14.44866917 4.28315715 -54.60000000 0.91764706 0.34509804 0.04705882
v 14.38471168 4.67054193 -54.60000000 0.91764706 0.34509804 0.04705882
v 14.29555496 5.05291427 -54.60000000 0.91764706 0.34509804 0.04705882
v 14.18158078 5.42863679 -54.60000000 0.91764706 0.34509804 0.04705882
v 14.04327720 5.79610059 -54.60000000 0.91764706 0.34509804 0.04705882
v 13.88123645 6.15373214 -54.60000000 0.91764706 0.34509804 0.04705882
v 13.69615242 6.50000000 -54.60000000 0.91764706 0.34509804 0.04705882
v 13.48881767 6.83342140 -54.60000000 0.91764706 0.34509804 0.04705882
v 13.26012004 7.15256857 -54.60000000 0.91764706 0.34509804 0.04705882
v 13.01103884 7.45607489 -54.60000000 0.91764706 0.34509804 0.04705882
v 12.74264069 7.74264069 -54.60000000 0.91764706 0.34509804 0.04705882
v 12.45607489 8.01103884 -54.60000000 0.91764706 0.34509804 0.04705882
v 12.15256857 8.26012004 -54.60000000 0.91764706 0.34509804 0.04705882
v 11.83342140 8.48881767 -54.60000000 0.91764706 0.34509804 0.04705882
v 11.50000000 8.69615242 -54.60000000 0.91764706 0.34509804 0.04705882
v 11.15373214 8.88123645 -54.60000000 0.91764706 0.34509804 0.04705882
v 10.79610059 9.04327720 -54.60000000 0.91764706 0.34509804 0.04705882
v 10.42863679 9.18158078 -54.60000000 0.91764706 0.34509804 0.04705882
v 10.05291427 9.29555496 -54.60000000 0.91764706 0.34509804 0.04705882
v 9.67054193 9.38471168 -54.60000000 0.91764706 0.34509804 0.04705882
v 9.28315715 9.44866917 -54.60000000 0.91764706 0.34509804 0.04705882
v 8.89241878 9.48715354 -54.60000000 0.91764706 0.34509804 0.04705882
v 8.50000000 9.50000000 -54.60000000 0.91764706 0.34509804 0.04705882
v -8.50000000 9.50000000 -54.60000000 0.91764706 0.34509804 0.04705882
v -8.89241878 9.48715354 -54.60000000 0.91764706 0.34509804 0.04705882
v -9.28315715 9.44866917 -54.60000000 0.91764706 0.34509804 0.04705882
v -9.67054193 9.38471168 -54.60000000 0.91764706 0.34509804 0.04705882
v -10.05291427 9.29555496 -54.60000000 0.91764706 0.34509804 0.04705882
v -10.42863679 9.18158078 -54.60000000 0.91764706 0.34509804 0.04705882
v -10.79610059 9.04327720 -54.60000000 0.91764706 0.34509804 0.04705882
v -11.15373214 8.88123645 -54.60000000 0.91764706 0.34509804 0.04705882
v -11.50000000 8.69615242 -54.60000000 0.91764706 0.34509804 0.04705882
v -11.83342140 8.48881767 -54.60000000 0.91764706 0.34509804 0.04705882
v -12.15256857 8.26012004 -54.60000000 0.91764706 0.34509804 0.04705882
v -12.45607489 8.01103884 -54.60000000 0.91764706 0.34509804 0.04705882
v -12.74264069 7.74264069 -54.60000000 0.91764706 0.34509804 0.04705882
v -13.01103884 7.45607489 -54.60000000 0.91764706 0.34509804 0.04705882
v -13.26012004 7.15256857 -54.60000000 0.91764706 0.34509804 0.04705882
v -13.48881767 6.83342140 -54.60000000 0.91764706 0.34509804 0.04705882
v -13.69615242 6.50000000 -54.60000000 0.91764706 0.34509804 0.04705882
v -13.88123645 6.15373214 -54.60000000 0.91764706 0.34509804 0.04705882
v -14.04327720 5.79610059 -54.60000000 0.91764706 0.34509804 0.04705882
v -14.18158078 5.42863679 -54.60000000 0.91764706 0.34509804 0.04705882
v -14.29555496 5.05291427 -54.60000000 0.91764706 0.34509804 0.04705882
v -14.38471168 4.67054193 -54.60000000 0.91764706 0.34509804 0.04705882
v -14.44866917 4.28315715 -54.60000000 0.91764706 0.34509804 0.04705882
v -14.48715354 3.89241878 -54.60000000 0.91764706 0.34509804 0.04705882
v -14.50000000 3.50000000 -54.60000000 0.91764706 0.34509804 0.04705882
v -14.50000000 -3.50000000 -54.60000000 0.91764706 0.34509804 0.04705882
v -14.48715354 -3.89241878 -54.60000000 0.91764706 0.34509804 0.04705882
v -14.44866917 -4.28315715 -54.60000000 0.91764706 0.34509804 0.04705882
v -14.38471168 -4.67054193 -54.60000000 0.91764706 0.34509804 0.04705882
v -14.29555496 -5.05291427 -54.60000000 0.91764706 0.34509804 0.04705882
v -14.18158078 -5.42863679 -54.60000000 0.91764706 0.34509804 0.04705882
v -14.04327720 -5.79610059 -54.60000000 0.91764706 0.34509804 0.04705882
v -13.88123645 -6.15373214 -54.60000000 0.91764706 0.34509804 0.04705882
v -13.69615242 -6.50000000 -54.60000000 0.91764706 0.34509804 0.04705882
v -13.48881767 -6.83342140 -54.60000000 0.91764706 0.34509804 0.04705882
v -13.26012004 -7.15256857 -54.60000000 0.91764706 0.34509804 0.04705882
v -13.01103884 -7.45607489 -54.60000000 0.91764706 0.34509804 0.04705882
v -12.74264069 -7.74264069 -54.60000000 0.91764706 0.34509804 0.04705882
v -12.45607489 -8.01103884 -54.60000000 0.91764706 0.34509804 0.04705882
v -12.15256857 -8.26012004 -54.60000000 0.91764706 0.34509804 0.04705882
v -11.83342140 -8.48881767 -54.60000000 0.91764706 0.34509804 0.04705882
v -11.50000000 -8.69615242 -54.60000000 0.91764706 0.34509804 0.04705882
v -11.15373214 -8.88123645 -54.60000000 0.91764706 0.34509804 0.04705882
v -10.79610059 -9.04327720 -54.60000000 0.91764706 0.34509804 0.04705882
v -10.42863679 -9.18158078 -54.60000000 0.91764706 0.34509804 0.04705882
v -10.05291427 -9.29555496 -54.60000000 0.91764706 0.34509804 0.04705882
v -9.67054193 -9.38471168 -54.60000000 0.91764706 0.34509804 0.04705882
v -9.28315715 -9.44866917 -54.60000000 0.91764706 0.34509804 0.04705882
v -8.89241878 -9.48715354 -54.60000000 0.91764706 0.34509804 0.04705882
v -8.50000000 -9.50000000 -54.60000000 0.91764706 0.34509804 0.04705882
v 8.50000000 -9.50000000 -22.00000000 0.91764706 0.34509804 0.04705882
v 8.89241878 -9.48715354 -22.00000000 0.91764706 0.34509804 0.04705882
v 9.28315715 -9.44866917 -22.00000000 0.91764706 0.34509804 0.04705882
v 9.67054193 -9.38471168 -22.00000000 0.91764706 0.34509804 0.04705882
v 10.05291427 -9.29555496 -22.00000000 0.91764706 0.34509804 0.04705882
v 10.42863679 -9.18158078 -22.00000000 0.91764706 0.34509804 0.04705882
v 10.79610059 -9.04327720 -22.00000000 0.91764706 0.34509804 0.04705882
v 11.15373214 -8.88123645 -22.00000000 0.91764706 0.34509804 0.04705882
v 11.50000000 -8.69615242 -22.00000000 0.91764706 0.34509804 0.04705882
v 11.83342140 -8.48881767 -22.00000000 0.91764706 0.34509804 0.04705882
v 12.15256857 -8.26012004 -22.00000000 0.91764706 0.34509804 0.04705882
v 12.45607489 -8.01103884 -22.00000000 0.91764706 0.34509804 0.04705882
v 12.74264069 -7.74264069 -22.00000000 0.91764706 0.34509804 0.04705882
v 13.01103884 -7.45607489 -22.00000000 0.91764706 0.34509804 0.04705882
v 13.26012004 -7.15256857 -22.00000000 0.91764706 0.34509804 0.04705882
v 13.48881767 -6.83342140 -22.00000000 0.91764706 0.34509804 0.04705882
v 13.69615242 -6.50000000 -22.00000000 0.91764706 0.34509804 0.04705882
v 13.88123645 -6.15373214 -22.00000000 0.91764706 0.34509804 0.04705882
v 14.04327720 -5.79610059 -22.00000000 0.91764706 0.34509804 0.04705882
v 14.18158078 -5.42863679 -22.00000000 0.91764706 0.34509804 0.04705882
v 14.29555496 -5.05291427 -22.00000000 0.91764706 0.34509804 0.04705882
v 14.38471168 -4.67054193 -22.00000000 0.91764706 0.34509804 0.04705882
v 14.44866917 -4.28315715 -22.00000000 0.91764706 0.34509804 0.04705882
v 14.48715354 -3.89241878 -22.00000000 0.91764706 0.34509804 0.04705882
v 14.50000000 -3.50000000 -22.00000000 0.91764706 0.34509804 0.04705882
v 14.50000000 3.50000000 -22.00000000 0.91764706 0.34509804 0.04705882
v 14.48715354 3.89241878 -22.00000000 0.91764706 0.34509804 0.04705882
v 14.44866917 4.28315715 -22.00000000 0.91764706 0.34509804 0.04705882
v 14.38471168 4.67054193 -22.00000000 0.91764706 0.34509804 0.04705882
v 14.29555496 5.05291427 -22.00000000 0.91764706 0.34509804 0.04705882
v 14.18158078 5.42863679 -22.00000000 0.91764706 0.34509804 0.04705882
v 14.04327720 5.79610059 -22.00000000 0.91764706 0.34509804 0.04705882
v 13.88123645 6.15373214 -22.00000000 0.91764706 0.34509804 0.04705882
v 13.69615242 6.50000000 -22.00000000 0.91764706 0.34509804 0.04705882
v 13.48881767 6.83342140 -22.00000000 0.91764706 0.34509804 0.04705882
v 13.26012004 7.15256857 -22.00000000 0.91764706 0.34509804 0.04705882
v 13.01103884 7.45607489 -22.00000000 0.91764706 0.34509804 0.04705882
v 12.74264069 7.74264069 -22.00000000 0.91764706 0.34509804 0.04705882
v 12.45607489 8.01103884 -22.00000000 0.91764706 0.34509804 0.04705882
v 12.15256857 8.26012004 -22.00000000 0.91764706 0.34509804 0.04705882
v 11.83342140 8.48881767 -22.00000000 0.91764706 0.34509804 0.04705882
v 11.50000000 8.69615242 -22.00000000 0.91764706 0.34509804 0.04705882
v 11.15373214 8.88123645 -22.00000000 0.91764706 0.34509804 0.04705882
v 10.79610059 9.04327720 -22.00000000 0.91764706 0.34509804 0.04705882
v 10.42863679 9.18158078 -22.00000000 0.91764706 0.34509804 0.04705882
v 10.05291427 9.29555496 -22.00000000 0.91764706 0.34509804 0.04705882
v 9.67054193 9.38471168 -22.00000000 0.91764706 0.34509804 0.04705882
v 9.28315715 9.44866917 -22.00000000 0.91764706 0.34509804 0.04705882
v 8.89241878 9.48715354 -22.00000000 0.91764706 0.34509804 0.04705882
v 8.50000000 9.50000000 -22.00000000 0.91764706 0.34509804 0.04705882
v -8.50000000 9.50000000 -22.00000000 0.91764706 0.34509804 0.04705882
v -8.89241878 9.48715354 -22.00000000 0.91764706 0.34509804 0.04705882
v -9.28315715 9.44866917 -22.00000000 0.91764706 0.34509804 0.04705882
v -9.67054193 9.38471168 -22.00000000 0.91764706 0.34509804 0.04705882
v -10.05291427 9.29555496 -22.00000000 0.91764706 0.34509804 0.04705882
v -10.42863679 9.18158078 -22.00000000 0.91764706 0.34509804 0.04705882
v -10.79610059 9.04327720 -22.00000000 0.91764706 0.34509804 0.04705882
v -11.15373214 8.88123645 -22.00000000 0.91764706 0.34509804 0.04705882
v -11.50000000 8.69615242 -22.00000000 0.91764706 0.34509804 0.04705882
v -11.83342140 8.48881767 -22.00000000 0.91764706 0.34509804 0.04705882
v -12.15256857 8.26012004 -22.00000000 0.91764706 0.34509804 0.04705882
v -12.45607489 8.01103884 -22.00000000 0.91764706 0.34509804 0.04705882
v -12.74264069 7.74264069 -22.00000000 0.91764706 0.34509804 0.04705882
v -13.01103884 7.45607489 -22.00000000 0.91764706 0.34509804 0.04705882
v -13.26012004 7.15256857 -22.00000000 0.91764706 0.34509804 0.04705882
v -13.48881767 6.83342140 -22.00000000 0.91764706 0.34509804 0.04705882
v -13.69615242 6.50000000 -22.00000000 0.91764706 0.34509804 0.04705882
v -13.88123645 6.15373214 -22.00000000 0.91764706 0.34509804 0.04705882
v -14.04327720 5.79610059 -22.00000000 0.91764706 0.34509804 0.04705882
v -14.18158078 5.42863679 -22.00000000 0.91764706 0.34509804 0.04705882
v -14.29555496 5.05291427 -22.00000000 0.91764706 0.34509804 0.04705882
v -14.38471168 4.67054193 -22.00000000 0.91764706 0.34509804 0.04705882
v -14.44866917 4.28315715 -22.00000000 0.91764706 0.34509804 0.04705882
v -14.48715354 3.89241878 -22.00000000 0.91764706 0.34509804 0.04705882
v -14.50000000 3.50000000 -22.00000000 0.91764706 0.34509804 0.04705882
v -14.50000000 -3.50000000 -22.00000000 0.91764706 0.34509804 0.04705882
v -14.48715354 -3.89241878 -22.00000000 0.91764706 0.34509804 0.04705882
v -14.44866917 -4.28315715 -22.00000000 0.91764706 0.34509804 0.04705882
v -14.38471168 -4.67054193 -22.00000000 0.91764706 0.34509804 0.04705882
v -14.29555496 -5.05291427 -22.00000000 0.91764706 0.34509804 0.04705882
v -14.18158078 -5.42863679 -22.00000000 0.91764706 0.34509804 0.04705882
v -14.04327720 -5.79610059 -22.00000000 0.91764706 0.34509804 0.04705882
v -13.88123645 -6.15373214 -22.00000000 0.91764706 0.34509804 0.04705882
v -13.69615242 -6.50000000 -22.00000000 0.91764706 0.34509804 0.04705882
v -13.48881767 -6.83342140 -22.00000000 0.91764706 0.34509804 0.04705882
v -13.26012004 -7.15256857 -22.00000000 0.91764706 0.34509804 0.04705882
v -13.01103884 -7.45607489 -22.00000000 0.91764706 0.34509804 0.04705882
v -12.74264069 -7.74264069 -22.00000000 0.91764706 0.34509804 0.04705882
v -12.45607489 -8.01103884 -22.00000000 0.91764706 0.34509804 0.04705882
v -12.15256857 -8.26012004 -22.00000000 0.91764706 0.34509804 0.04705882
v -11.83342140 -8.48881767 -22.00000000 0.91764706 0.34509804 0.04705882
v -11.50000000 -8.69615242 -22.00000000 0.91764706 0.34509804 0.04705882
v -11.15373214 -8.88123645 -22.00000000 0.91764706 0.34509804 0.04705882
v -10.79610059 -9.04327720 -22.00000000 0.91764706 0.34509804 0.04705882
v -10.42863679 -9.18158078 -22.00000000 0.91764706 0.34509804 0.04705882
v -10.05291427 -9.29555496 -22.00000000 0.91764706 0.34509804 0.04705882
v -9.67054193 -9.38471168 -22.00000000 0.91764706 0.34509804 0.04705882
v -9.28315715 -9.44866917 -22.00000000 0.91764706 0.34509804 0.04705882
v -8.89241878 -9.48715354 -22.00000000 0.91764706 0.34509804 0.04705882
v -8.50000000 -9.50000000 -22.00000000 0.91764706 0.34509804 0.04705882
v -14.00000000 -10.00000000 -66.59999847 0.11764706 0.16078431 0.23137255
v -14.00000000 -10.00000000 -63.09999847 0.11764706 0.16078431 0.23137255
v -11.00000000 -10.00000000 -63.09999847 0.11764706 0.16078431 0.23137255
v -14.00000000 -10.00000000 -58.09999847 0.11764706 0.16078431 0.23137255
v -11.00000000 -10.00000000 -58.09999847 0.11764706 0.16078431 0.23137255
v -14.00000000 -10.00000000 -54.59999847 0.11764706 0.16078431 0.23137255
v -14.00000000 10.00000000 -66.59999847 0.11764706 0.16078431 0.23137255
v -14.00000000 10.00000000 -63.09999847 0.11764706 0.16078431 0.23137255
v -11.00000000 10.00000000 -63.09999847 0.11764706 0.16078431 0.23137255
v -14.00000000 10.00000000 -58.09999847 0.11764706 0.16078431 0.23137255
v -11.00000000 10.00000000 -58.09999847 0.11764706 0.16078431 0.23137255
v -14.00000000 10.00000000 -54.59999847 0.11764706 0.16078431 0.23137255
v 14.00000000 -10.00000000 -66.59999847 0.11764706 0.16078431 0.23137255
v 11.00000000 -10.00000000 -63.09999847 0.11764706 0.16078431 0.23137255
v 14.00000000 -10.00000000 -63.09999847 0.11764706 0.16078431 0.23137255
v 11.00000000 -10.00000000 -58.09999847 0.11764706 0.16078431 0.23137255
v 14.00000000 -10.00000000 -58.09999847 0.11764706 0.16078431 0.23137255
v 14.00000000 -10.00000000 -54.59999847 0.11764706 0.16078431 0.23137255
v 14.00000000 10.00000000 -66.59999847 0.11764706 0.16078431 0.23137255
v 11.00000000 10.00000000 -63.09999847 0.11764706 0.16078431 0.23137255
v 14.00000000 10.00000000 -63.09999847 0.11764706 0.16078431 0.23137255
v 11.00000000 10.00000000 -58.09999847 0.11764706 0.16078431 0.23137255
v 14.00000000 10.00000000 -58.09999847 0.11764706 0.16078431 0.23137255
v 14.00000000 10.00000000 -54.59999847 0.11764706 0.16078431 0.23137255
v 0.00000000 0.00000000 -125.00000000 0.91764706 0.70196078 0.03137255
v 7.50000000 0.00000000 -125.00000000 0.91764706 0.70196078 0.03137255
v 7.50000000 0.00000000 -66.60000000 0.91764706 0.70196078 0.03137255
v 0.00000000 0.00000000 -66.60000000 0.91764706 0.70196078 0.03137255
v 7.35588960 1.46317742 -125.00000000 0.91764706 0.70196078 0.03137255
v 7.35588960 1.46317742 -66.60000000 0.91764706 0.70196078 0.03137255
v 6.92909649 2.87012574 -125.00000000 0.91764706 0.70196078 0.03137255
v 6.92909649 2.87012574 -66.60000000 0.91764706 0.70196078 0.03137255
v 6.23602209 4.16677675 -125.00000000 0.91764706 0.70196078 0.03137255
v 6.23602209 4.16677675 -66.60000000 0.91764706 0.70196078 0.03137255
v 5.30330086 5.30330086 -125.00000000 0.91764706 0.70196078 0.03137255
v 5.30330086 5.30330086 -66.60000000 0.91764706 0.70196078 0.03137255
v 4.16677675 6.23602209 -125.00000000 0.91764706 0.70196078 0.03137255
v 4.16677675 6.23602209 -66.60000000 0.91764706 0.70196078 0.03137255
v 2.87012574 6.92909649 -125.00000000 0.91764706 0.70196078 0.03137255
v 2.87012574 6.92909649 -66.60000000 0.91764706 0.70196078 0.03137255
v 1.46317742 7.35588960 -125.00000000 0.91764706 0.70196078 0.03137255
v 1.46317742 7.35588960 -66.60000000 0.91764706 0.70196078 0.03137255
v 0.00000000 7.50000000 -125.00000000 0.91764706 0.70196078 0.03137255
v 0.00000000 7.50000000 -66.60000000 0.91764706 0.70196078 0.03137255
v -1.46317742 7.35588960 -125.00000000 0.91764706 0.70196078 0.03137255
v -1.46317742 7.35588960 -66.60000000 0.91764706 0.70196078 0.03137255
v -2.87012574 6.92909649 -125.00000000 0.91764706 0.70196078 0.03137255
v -2.87012574 6.92909649 -66.60000000 0.91764706 0.70196078 0.03137255
v -4.16677675 6.23602209 -125.00000000 0.91764706 0.70196078 0.03137255
v -4.16677675 6.23602209 -66.60000000 0.91764706 0.70196078 0.03137255
v -5.30330086 5.30330086 -125.00000000 0.91764706 0.70196078 0.03137255
v -5.30330086 5.30330086 -66.60000000 0.91764706 0.70196078 0.03137255
v -6.23602209 4.16677675 -125.00000000 0.91764706 0.70196078 0.03137255
v -6.23602209 4.16677675 -66.60000000 0.91764706 0.70196078 0.03137255
v -6.92909649 2.87012574 -125.00000000 0.91764706 0.70196078 0.03137255
v -6.92909649 2.87012574 -66.60000000 0.91764706 0.70196078 0.03137255
v -7.35588960 1.46317742 -125.00000000 0.91764706 0.70196078 0.03137255
v -7.35588960 1.46317742 -66.60000000 0.91764706 0.70196078 0.03137255
v -7.50000000 0.00000000 -125.00000000 0.91764706 0.70196078 0.03137255
v -7.50000000 0.00000000 -66.60000000 0.91764706 0.70196078 0.03137255
v -7.35588960 -1.46317742 -125.00000000 0.91764706 0.70196078 0.03137255
v -7.35588960 -1.46317742 -66.60000000 0.91764706 0.70196078 0.03137255
v -6.92909649 -2.87012574 -125.00000000 0.91764706 0.70196078 0.03137255
v -6.92909649 -2.87012574 -66.60000000 0.91764706 0.70196078 0.03137255
v -6.23602209 -4.16677675 -125.00000000 0.91764706 0.70196078 0.03137255
v -6.23602209 -4.16677675 -66.60000000 0.91764706 0.70196078 0.03137255
v -5.30330086 -5.30330086 -125.00000000 0.91764706 0.70196078 0.03137255
v -5.30330086 -5.30330086 -66.60000000 0.91764706 0.70196078 0.03137255
v -4.16677675 -6.23602209 -125.00000000 0.91764706 0.70196078 0.03137255
v -4.16677675 -6.23602209 -66.60000000 0.91764706 0.70196078 0.03137255
v -2.87012574 -6.92909649 -125.00000000 0.91764706 0.70196078 0.03137255
v -2.87012574 -6.92909649 -66.60000000 0.91764706 0.70196078 0.03137255
v -1.46317742 -7.35588960 -125.00000000 0.91764706 0.70196078 0.03137255
v -1.46317742 -7.35588960 -66.60000000 0.91764706 0.70196078 0.03137255
v -0.00000000 -7.50000000 -125.00000000 0.91764706 0.70196078 0.03137255
v -0.00000000 -7.50000000 -66.60000000 0.91764706 0.70196078 0.03137255
v 1.46317742 -7.35588960 -125.00000000 0.91764706 0.70196078 0.03137255
v 1.46317742 -7.35588960 -66.60000000 0.91764706 0.70196078 0.03137255
v 2.87012574 -6.92909649 -125.00000000 0.91764706 0.70196078 0.03137255
v 2.87012574 -6.92909649 -66.60000000 0.91764706 0.70196078 0.03137255
v 4.16677675 -6.23602209 -125.00000000 0.91764706 0.70196078 0.03137255
v 4.16677675 -6.23602209 -66.60000000 0.91764706 0.70196078 0.03137255
v 5.30330086 -5.30330086 -125.00000000 0.91764706 0.70196078 0.03137255
v 5.30330086 -5.30330086 -66.60000000 0.91764706 0.70196078 0.03137255
v 6.23602209 -4.16677675 -125.00000000 0.91764706 0.70196078 0.03137255
v 6.23602209 -4.16677675 -66.60000000 0.91764706 0.70196078 0.03137255
v 6.92909649 -2.87012574 -125.00000000 0.91764706 0.70196078 0.03137255
v 6.92909649 -2.87012574 -66.60000000 0.91764706 0.70196078 0.03137255
v 7.35588960 -1.46317742 -125.00000000 0.91764706 0.70196078 0.03137255
v 7.35588960 -1.46317742 -66.60000000 0.91764706 0.70196078 0.03137255
f 40 39 358
f 40 358 357
f 41 40 357
f 39 38 37
f 358 39 37
f 359 358 37
f 359 37 36
f 2 1 169
f 3 2 169
f 360 359 36
f 360 36 35
f 41 357 356
f 42 41 356
f 361 360 35
f 361 35 34
f 42 356 355
f 43 42 355
f 362 361 34
f 362 34 33
f 363 362 33
f 363 33 32
f 364 363 32
f 364 32 31
f 365 364 31
f 365 31 30
f 366 365 30
f 366 30 29
f 367 366 29
f 367 29 28
f 368 367 28
f 368 28 27
f 369 368 27
f 369 27 26
f 370 369 26
f 370 26 25
f 371 370 25
f 371 25 24
f 372 371 24
f 372 24 23
f 373 372 23
f 373 23 22
f 374 373 22
f 374 22 21
f 375 374 21
f 375 21 20
f 376 375 20
f 376 20 19
f 377 376 19
f 377 19 18
f 378 377 18
f 378 18 17
f 379 378 17
f 379 17 16
f 380 379 16
f 380 16 15
f 381 380 15
f 381 15 14
f 382 381 14
f 382 14 13
f 383 382 13
f 383 13 12
f 384 383 12
f 384 12 11
f 385 384 11
f 385 11 10
f 386 385 10
f 386 10 9
f 387 386 9
f 387 9 8
f 388 387 8
f 388 8 7
f 389 388 7
f 389 7 6
f 390 389 6
f 390 6 5
f 390 5 4
f 170 390 4
f 170 4 3
f 43 355 354
f 44 43 354
f 44 354 353
f 45 44 353
f 45 353 352
f 46 45 352
f 46 352 351
f 47 46 351
f 47 351 350
f 48 47 350
f 48 350 349
f 49 48 349
f 49 349 348
f 50 49 348
f 50 348 347
f 51 50 347
f 51 347 346
f 52 51 346
f 52 346 345
f 53 52 345
f 53 345 344
f 54 53 344
f 54 344 343
f 55 54 343
f 55 343 342
f 56 55 342
f 56 342 341
f 57 56 341
f 57 341 340
f 58 57 340
f 58 340 339
f 59 58 339
f 59 339 338
f 60 59 338
f 60 338 337
f 61 60 337
f 61 337 336
f 62 61 336
f 62 336 335
f 63 62 335
f 63 335 334
f 64 63 334
f 64 334 333
f 65 64 333
f 65 333 332
f 66 65 332
f 66 332 331
f 67 66 331
f 67 331 330
f 68 67 330
f 68 330 329
f 69 68 329
f 70 69 329
f 70 329 328
f 70 328 327
f 70 327 326
f 70 326 325
f 70 325 324
f 70 324 323
f 70 323 322
f 70 322 321
f 70 321 320
f 70 320 319
f 70 319 318
f 70 318 317
f 70 317 316
f 70 316 315
f 70 315 314
f 70 314 313
f 70 313 312
f 70 312 311
f 70 311 310
f 70 310 309
f 70 309 308
f 70 308 307
f 70 307 306
f 70 306 305
f 70 305 304
f 70 304 303
f 70 303 302
f 70 302 301
f 70 301 300
f 70 300 299
f 70 299 298
f 71 70 298
f 72 71 298
f 72 298 297
f 73 72 297
f 73 297 296
f 74 73 296
f 74 296 295
f 75 74 295
f 75 295 294
f 76 75 294
f 76 294 293
f 77 76 293
f 77 293 292
f 78 77 292
f 78 292 291
f 79 78 291
f 79 291 290
f 80 79 290
f 80 290 289
f 81 80 289
f 81 289 288
f 82 81 288
f 82 288 287
f 83 82 287
f 83 287 286
f 84 83 286
f 84 286 285
f 85 84 285
f 85 285 284
f 86 85 284
f 86 284 283
f 87 86 283
f 87 283 282
f 88 87 282
f 88 282 281
f 89 88 281
f 89 281 280
f 90 89 280
f 90 280 279
f 91 90 279
f 91 279 278
f 92 91 278
f 92 278 277
f 93 92 277
f 93 277 276
f 94 93 276
f 94 276 275
f 95 94 275
f 95 275 274
f 96 95 274
f 96 274 273
f 97 96 273
f 97 273 272
f 98 97 272
f 98 272 271
f 99 98 271
f 99 271 270
f 100 99 270
f 100 270 269
f 101 100 269
f 101 269 268
f 102 101 268
f 102 268 267
f 103 102 267
f 103 267 266
f 104 103 266
f 104 266 265
f 105 104 265
f 105 265 264
f 105 264 263
f 105 263 262
f 105 262 261
f 105 261 260
f 105 260 259
f 105 259 258
f 105 258 257
f 105 257 256
f 105 256 255
f 105 255 254
f 105 254 253
f 105 253 252
f 105 252 251
f 105 251 250
f 105 250 249
f 105 249 248
f 105 248 247
f 105 247 246
f 105 246 245
f 105 245 244
f 105 244 243
f 105 243 242
f 105 242 241
f 105 241 240
f 105 240 239
f 105 239 238
f 105 238 237
f 105 237 236
f 105 236 235
f 105 235 234
f 105 234 233
f 106 105 233
f 106 233 232
f 107 106 232
f 107 232 231
f 108 107 231
f 108 231 230
f 109 108 230
f 109 230 229
f 110 109 229
f 110 229 228
f 111 110 228
f 111 228 227
f 112 111 227
f 112 227 226
f 113 112 226
f 113 226 225
f 114 113 225
f 114 225 224
f 115 114 224
f 115 224 223
f 116 115 223
f 116 223 222
f 117 116 222
f 117 222 221
f 118 117 221
f 118 221 220
f 119 118 220
f 119 220 219
f 120 119 219
f 120 219 218
f 121 120 218
f 121 218 217
f 122 121 217
f 122 217 216
f 123 122 216
f 123 216 215
f 124 123 215
f 124 215 214
f 125 124 214
f 125 214 213
f 126 125 213
f 126 213 212
f 127 126 212
f 127 212 211
f 128 127 211
f 128 211 210
f 129 128 210
f 129 210 209
f 130 129 209
f 130 209 208
f 131 130 208
f 131 208 207
f 132 131 207
f 132 207 206
f 133 132 206
f 133 206 205
f 134 133 205
f 135 134 205
f 135 205 204
f 136 135 204
f 136 204 203
f 136 203 202
f 137 136 202
f 137 202 201
f 138 137 201
f 138 201 200
f 139 138 200
f 139 200 199
f 140 139 199
f 140 199 198
f 141 140 198
f 141 198 197
f 142 141 197
f 142 197 196
f 143 142 196
f 143 196 195
f 144 143 195
f 144 195 194
f 145 144 194
f 145 194 193
f 146 145 193
f 146 193 192
f 147 146 192
f 147 192 191
f 148 147 191
f 148 191 190
f 149 148 190
f 149 190 189
f 150 149 189
f 150 189 188
f 151 150 188
f 151 188 187
f 152 151 187
f 152 187 186
f 153 152 186
f 153 186 185
f 154 153 185
f 154 185 184
f 155 154 184
f 155 184 183
f 156 155 183
f 156 183 182
f 157 156 182
f 157 182 181
f 158 157 181
f 158 181 180
f 159 158 180
f 159 180 179
f 160 159 179
f 160 179 178
f 161 160 178
f 161 178 177
f 162 161 177
f 162 177 176
f 163 162 176
f 163 176 175
f 164 163 175
f 164 175 174
f 165 164 174
f 165 174 173
f 166 165 173
f 166 173 172
f 167 166 172
f 168 167 172
f 168 172 171
f 169 168 171
f 171 170 3
f 171 3 169
f 748 429 430
f 747 748 430
f 747 430 431
f 427 428 429
f 427 429 748
f 427 748 749
f 426 427 749
f 559 391 392
f 559 392 393
f 426 749 750
f 425 426 750
f 746 747 431
f 746 431 432
f 425 750 751
f 424 425 751
f 745 746 432
f 745 432 433
f 424 751 752
f 423 424 752
f 423 752 753
f 422 423 753
f 422 753 754
f 421 422 754
f 421 754 755
f 420 421 755
f 420 755 756
f 419 420 756
f 419 756 757
f 418 419 757
f 418 757 758
f 417 418 758
f 417 758 759
f 416 417 759
f 416 759 760
f 415 416 760
f 415 760 761
f 414 415 761
f 414 761 762
f 413 414 762
f 413 762 763
f 412 413 763
f 412 763 764
f 411 412 764
f 411 764 765
f 410 411 765
f 410 765 766
f 409 410 766
f 409 766 767
f 408 409 767
f 408 767 768
f 407 408 768
f 407 768 769
f 406 407 769
f 406 769 770
f 405 406 770
f 405 770 771
f 404 405 771
f 404 771 772
f 403 404 772
f 403 772 773
f 402 403 773
f 402 773 774
f 401 402 774
f 401 774 775
f 400 401 775
f 400 775 776
f 399 400 776
f 399 776 777
f 398 399 777
f 398 777 778
f 397 398 778
f 397 778 779
f 396 397 779
f 396 779 780
f 395 396 780
f 394 395 780
f 394 780 560
f 393 394 560
f 744 745 433
f 744 433 434
f 743 744 434
f 743 434 435
f 742 743 435
f 742 435 436
f 741 742 436
f 741 436 437
f 740 741 437
f 740 437 438
f 739 740 438
f 739 438 439
f 738 739 439
f 738 439 440
f 737 738 440
f 737 440 441
f 736 737 441
f 736 441 442
f 735 736 442
f 735 442 443
f 734 735 443
f 734 443 444
f 733 734 444
f 733 444 445
f 732 733 445
f 732 445 446
f 731 732 446
f 731 446 447
f 730 731 447
f 730 447 448
f 729 730 448
f 729 448 449
f 728 729 449
f 728 449 450
f 727 728 450
f 727 450 451
f 726 727 451
f 726 451 452
f 725 726 452
f 725 452 453
f 724 725 453
f 724 453 454
f 723 724 454
f 723 454 455
f 722 723 455
f 722 455 456
f 721 722 456
f 721 456 457
f 720 721 457
f 720 457 458
f 719 720 458
f 719 458 459
f 719 459 460
f 718 719 460
f 717 718 460
f 716 717 460
f 715 716 460
f 714 715 460
f 713 714 460
f 712 713 460
f 711 712 460
f 710 711 460
f 709 710 460
f 708 709 460
f 707 708 460
f 706 707 460
f 705 706 460
f 704 705 460
f 703 704 460
f 702 703 460
f 701 702 460
f 700 701 460
f 699 700 460
f 698 699 460
f 697 698 460
f 696 697 460
f 695 696 460
f 694 695 460
f 693 694 460
f 692 693 460
f 691 692 460
f 690 691 460
f 689 690 460
f 688 689 460
f 688 460 461
f 688 461 462
f 687 688 462
f 687 462 463
f 686 687 463
f 686 463 464
f 685 686 464
f 685 464 465
f 684 685 465
f 684 465 466
f 683 684 466
f 683 466 467
f 682 683 467
f 682 467 468
f 681 682 468
f 681 468 469
f 680 681 469
f 680 469 470
f 679 680 470
f 679 470 471
f 678 679 471
f 678 471 472
f 677 678 472
f 677 472 473
f 676 677 473
f 676 473 474
f 675 676 474
f 675 474 475
f 674 675 475
f 674 475 476
f 673 674 476
f 673 476 477
f 672 673 477
f 672 477 478
f 671 672 478
f 671 478 479
f 670 671 479
f 670 479 480
f 669 670 480
f 669 480 481
f 668 669 481
f 668 481 482
f 667 668 482
f 667 482 483
f 666 667 483
f 666 483 484
f 665 666 484
f 665 484 485
f 664 665 485
f 664 485 486
f 663 664 486
f 663 486 487
f 662 663 487
f 662 487 488
f 661 662 488
f 661 488 489
f 660 661 489
f 660 489 490
f 659 660 490
f 659 490 491
f 658 659 491
f 658 491 492
f 657 658 492
f 657 492 493
f 656 657 493
f 656 493 494
f 655 656 494
f 655 494 495
f 654 655 495
f 653 654 495
f 652 653 495
f 651 652 495
f 650 651 495
f 649 650 495
f 648 649 495
f 647 648 495
f 646 647 495
f 645 646 495
f 644 645 495
f 643 644 495
f 642 643 495
f 641 642 495
f 640 641 495
f 639 640 495
f 638 639 495
f 637 638 495
f 636 637 495
f 635 636 495
f 634 635 495
f 633 634 495
f 632 633 495
f 631 632 495
f 630 631 495
f 629 630 495
f 628 629 495
f 627 628 495
f 626 627 495
f 625 626 495
f 624 625 495
f 623 624 495
f 623 495 496
f 622 623 496
f 622 496 497
f 621 622 497
f 621 497 498
f 620 621 498
f 620 498 499
f 619 620 499
f 619 499 500
f 618 619 500
f 618 500 501
f 617 618 501
f 617 501 502
f 616 617 502
f 616 502 503
f 615 616 503
f 615 503 504
f 614 615 504
f 614 504 505
f 613 614 505
f 613 505 506
f 612 613 506
f 612 506 507
f 611 612 507
f 611 507 508
f 610 611 508
f 610 508 509
f 609 610 509
f 609 509 510
f 608 609 510
f 608 510 511
f 607 608 511
f 607 511 512
f 606 607 512
f 606 512 513
f 605 606 513
f 605 513 514
f 604 605 514
f 604 514 515
f 603 604 515
f 603 515 516
f 602 603 516
f 602 516 517
f 601 602 517
f 601 517 518
f 600 601 518
f 600 518 519
f 599 600 519
f 599 519 520
f 598 599 520
f 598 520 521
f 597 598 521
f 597 521 522
f 596 597 522
f 596 522 523
f 595 596 523
f 595 523 524
f 595 524 525
f 594 595 525
f 594 525 526
f 593 594 526
f 592 593 526
f 592 526 527
f 591 592 527
f 591 527 528
f 590 591 528
f 590 528 529
f 589 590 529
f 589 529 530
f 588 589 530
f 588 530 531
f 587 588 531
f 587 531 532
f 586 587 532
f 586 532 533
f 585 586 533
f 585 533 534
f 584 585 534
f 584 534 535
f 583 584 535
f 583 535 536
f 582 583 536
f 582 536 537
f 581 582 537
f 581 537 538
f 580 581 538
f 580 538 539
f 579 580 539
f 579 539 540
f 578 579 540
f 578 540 541
f 577 578 541
f 577 541 542
f 576 577 542
f 576 542 543
f 575 576 543
f 575 543 544
f 574 575 544
f 574 544 545
f 573 574 545
f 573 545 546
f 572 573 546
f 572 546 547
f 571 572 547
f 571 547 548
f 570 571 548
f 570 548 549
f 569 570 549
f 569 549 550
f 568 569 550
f 568 550 551
f 567 568 551
f 567 551 552
f 566 567 552
f 566 552 553
f 565 566 553
f 565 553 554
f 564 565 554
f 564 554 555
f 563 564 555
f 563 555 556
f 562 563 556
f 562 556 557
f 562 557 558
f 561 562 558
f 561 558 559
f 393 560 561
f 559 393 561
f 392 391 2
f 2 391 1
f 393 392 3
f 3 392 2
f 394 393 4
f 4 393 3
f 395 394 5
f 5 394 4
f 396 395 6
f 6 395 5
f 397 396 7
f 7 396 6
f 398 397 8
f 8 397 7
f 399 398 9
f 9 398 8
f 400 399 10
f 10 399 9
f 401 400 11
f 11 400 10
f 402 401 12
f 12 401 11
f 403 402 13
f 13 402 12
f 404 403 14
f 14 403 13
f 405 404 15
f 15 404 14
f 406 405 16
f 16 405 15
f 407 406 17
f 17 406 16
f 408 407 18
f 18 407 17
f 409 408 19
f 19 408 18
f 410 409 20
f 20 409 19
f 411 410 21
f 21 410 20
f 412 411 22
f 22 411 21
f 413 412 23
f 23 412 22
f 414 413 24
f 24 413 23
f 415 414 25
f 25 414 24
f 416 415 26
f 26 415 25
f 417 416 27
f 27 416 26
f 418 417 28
f 28 417 27
f 419 418 29
f 29 418 28
f 420 419 30
f 30 419 29
f 421 420 31
f 31 420 30
f 422 421 32
f 32 421 31
f 423 422 33
f 33 422 32
f 424 423 34
f 34 423 33
f 425 424 35
f 35 424 34
f 426 425 36
f 36 425 35
f 427 426 37
f 37 426 36
f 428 427 38
f 38 427 37
f 429 428 39
f 39 428 38
f 430 429 40
f 40 429 39
f 431 430 41
f 41 430 40
f 432 431 42
f 42 431 41
f 433 432 43
f 43 432 42
f 434 433 44
f 44 433 43
f 435 434 45
f 45 434 44
f 436 435 46
f 46 435 45
f 437 436 47
f 47 436 46
f 438 437 48
f 48 437 47
f 439 438 49
f 49 438 48
f 440 439 50
f 50 439 49
f 441 440 51
f 51 440 50
f 442 441 52
f 52 441 51
f 443 442 53
f 53 442 52
f 444 443 54
f 54 443 53
f 445 444 55
f 55 444 54
f 446 445 56
f 56 445 55
f 447 446 57
f 57 446 56
f 448 447 58
f 58 447 57
f 449 448 59
f 59 448 58
f 450 449 60
f 60 449 59
f 451 450 61
f 61 450 60
f 452 451 62
f 62 451 61
f 453 452 63
f 63 452 62
f 454 453 64
f 64 453 63
f 455 454 65
f 65 454 64
f 456 455 66
f 66 455 65
f 457 456 67
f 67 456 66
f 458 457 68
f 68 457 67
f 459 458 69
f 69 458 68
f 460 459 70
f 70 459 69
f 461 460 71
f 71 460 70
f 462 461 72
f 72 461 71
f 463 462 73
f 73 462 72
f 464 463 74
f 74 463 73
f 465 464 75
f 75 464 74
f 466 465 76
f 76 465 75
f 467 466 77
f 77 466 76
f 468 467 78
f 78 467 77
f 469 468 79
f 79 468 78
f 470 469 80
f 80 469 79
f 471 470 81
f 81 470 80
f 472 471 82
f 82 471 81
f 473 472 83
f 83 472 82
f 474 473 84
f 84 473 83
f 475 474 85
f 85 474 84
f 476 475 86
f 86 475 85
f 477 476 87
f 87 476 86
f 478 477 88
f 88 477 87
f 479 478 89
f 89 478 88
f 480 479 90
f 90 479 89
f 481 480 91
f 91 480 90
f 482 481 92
f 92 481 91
f 483 482 93
f 93 482 92
f 484 483 94
f 94 483 93
f 485 484 95
f 95 484 94
f 486 485 96
f 96 485 95
f 487 486 97
f 97 486 96
f 488 487 98
f 98 487 97
f 489 488 99
f 99 488 98
f 490 489 100
f 100 489 99
f 491 490 101
f 101 490 100
f 492 491 102
f 102 491 101
f 493 492 103
f 103 492 102
f 494 493 104
f 104 493 103
f 495 494 105
f 105 494 104
f 496 495 106
f 106 495 105
f 497 496 107
f 107 496 106
f 498 497 108
f 108 497 107
f 499 498 109
f 109 498 108
f 500 499 110
f 110 499 109
f 501 500 111
f 111 500 110
f 502 501 112
f 112 501 111
f 503 502 113
f 113 502 112
f 504 503 114
f 114 503 113
f 505 504 115
f 115 504 114
f 506 505 116
f 116 505 115
f 507 506 117
f 117 506 116
f 508 507 118
f 118 507 117
f 509 508 119
f 119 508 118
f 510 509 120
f 120 509 119
f 511 510 121
f 121 510 120
f 512 511 122
f 122 511 121
f 513 512 123
f 123 512 122
f 514 513 124
f 124 513 123
f 515 514 125
f 125 514 124
f 516 515 126
f 126 515 125
f 517 516 127
f 127 516 126
f 518 517 128
f 128 517 127
f 519 518 129
f 129 518 128
f 520 519 130
f 130 519 129
f 521 520 131
f 131 520 130
f 522 521 132
f 132 521 131
f 523 522 133
f 133 522 132
f 524 523 134
f 134 523 133
f 525 524 135
f 135 524 134
f 526 525 136
f 136 525 135
f 527 526 137
f 137 526 136
f 528 527 138
f 138 527 137
f 529 528 139
f 139 528 138
f 530 529 140
f 140 529 139
f 531 530 141
f 141 530 140
f 532 531 142
f 142 531 141
f 533 532 143
f 143 532 142
f 534 533 144
f 144 533 143
f 535 534 145
f 145 534 144
f 536 535 146
f 146 535 145
f 537 536 147
f 147 536 146
f 538 537 148
f 148 537 147
f 539 538 149
f 149 538 148
f 540 539 150
f 150 539 149
f 541 540 151
f 151 540 150
f 542 541 152
f 152 541 151
f 543 542 153
f 153 542 152
f 544 543 154
f 154 543 153
f 545 544 155
f 155 544 154
f 546 545 156
f 156 545 155
f 547 546 157
f 157 546 156
f 548 547 158
f 158 547 157
f 549 548 159
f 159 548 158
f 550 549 160
f 160 549 159
f 551 550 161
f 161 550 160
f 552 551 162
f 162 551 161
f 553 552 163
f 163 552 162
f 554 553 164
f 164 553 163
f 555 554 165
f 165 554 164
f 556 555 166
f 166 555 165
f 557 556 167
f 167 556 166
f 558 557 168
f 168 557 167
f 391 559 1
f 1 559 169
f 559 558 169
f 169 558 168
f 561 560 171
f 171 560 170
f 562 561 172
f 172 561 171
f 563 562 173
f 173 562 172
f 564 563 174
f 174 563 173
f 565 564 175
f 175 564 174
f 566 565 176
f 176 565 175
f 567 566 177
f 177 566 176
f 568 567 178
f 178 567 177
f 569 568 179
f 179 568 178
f 570 569 180
f 180 569 179
f 571 570 181
f 181 570 180
f 572 571 182
f 182 571 181
f 573 572 183
f 183 572 182
f 574 573 184
f 184 573 183
f 575 574 185
f 185 574 184
f 576 575 186
f 186 575 185
f 577 576 187
f 187 576 186
f 578 577 188
f 188 577 187
f 579 578 189
f 189 578 188
f 580 579 190
f 190 579 189
f 581 580 191
f 191 580 190
f 582 581 192
f 192 581 191
f 583 582 193
f 193 582 192
f 584 583 194
f 194 583 193
f 585 584 195
f 195 584 194
f 586 585 196
f 196 585 195
f 587 586 197
f 197 586 196
f 588 587 198
f 198 587 197
f 589 588 199
f 199 588 198
f 590 589 200
f 200 589 199
f 591 590 201
f 201 590 200
f 592 591 202
f 202 591 201
f 593 592 203
f 203 592 202
f 594 593 204
f 204 593 203
f 595 594 205
f 205 594 204
f 596 595 206
f 206 595 205
f 597 596 207
f 207 596 206
f 598 597 208
f 208 597 207
f 599 598 209
f 209 598 208
f 600 599 210
f 210 599 209
f 601 600 211
f 211 600 210
f 602 601 212
f 212 601 211
f 603 602 213
f 213 602 212
f 604 603 214
f 214 603 213
f 605 604 215
f 215 604 214
f 606 605 216
f 216 605 215
f 607 606 217
f 217 606 216
f 608 607 218
f 218 607 217
f 609 608 219
f 219 608 218
f 610 609 220
f 220 609 219
f 611 610 221
f 221 610 220
f 612 611 222
f 222 611 221
f 613 612 223
f 223 612 222
f 614 613 224
f 224 613 223
f 615 614 225
f 225 614 224
f 616 615 226
f 226 615 225
f 617 616 227
f 227 616 226
f 618 617 228
f 228 617 227
f 619 618 229
f 229 618 228
f 620 619 230
f 230 619 229
f 621 620 231
f 231 620 230
f 622 621 232
f 232 621 231
f 623 622 233
f 233 622 232
f 624 623 234
f 234 623 233
f 625 624 235
f 235 624 234
f 626 625 236
f 236 625 235
f 627 626 237
f 237 626 236
f 628 627 238
f 238 627 237
f 629 628 239
f 239 628 238
f 630 629 240
f 240 629 239
f 631 630 241
f 241 630 240
f 632 631 242
f 242 631 241
f 633 632 243
f 243 632 242
f 634 633 244
f 244 633 243
f 635 634 245
f 245 634 244
f 636 635 246
f 246 635 245
f 637 636 247
f 247 636 246
f 638 637 248
f 248 637 247
f 639 638 249
f 249 638 248
f 640 639 250
f 250 639 249
f 641 640 251
f 251 640 250
f 642 641 252
f 252 641 251
f 643 642 253
f 253 642 252
f 644 643 254
f 254 643 253
f 645 644 255
f 255 644 254
f 646 645 256
f 256 645 255
f 647 646 257
f 257 646 256
f 648 647 258
f 258 647 257
f 649 648 259
f 259 648 258
f 650 649 260
f 260 649 259
f 651 650 261
f 261 650 260
f 652 651 262
f 262 651 261
f 653 652 263
f 263 652 262
f 654 653 264
f 264 653 263
f 655 654 265
f 265 654 264
f 656 655 266
f 266 655 265
f 657 656 267
f 267 656 266
f 658 657 268
f 268 657 267
f 659 658 269
f 269 658 268
f 660 659 270
f 270 659 269
f 661 660 271
f 271 660 270
f 662 661 272
f 272 661 271
f 663 662 273
f 273 662 272
f 664 663 274
f 274 663 273
f 665 664 275
f 275 664 274
f 666 665 276
f 276 665 275
f 667 666 277
f 277 666 276
f 668 667 278
f 278 667 277
f 669 668 279
f 279 668 278
f 670 669 280
f 280 669 279
f 671 670 281
f 281 670 280
f 672 671 282
f 282 671 281
f 673 672 283
f 283 672 282
f 674 673 284
f 284 673 283
f 675 674 285
f 285 674 284
f 676 675 286
f 286 675 285
f 677 676 287
f 287 676 286
f 678 677 288
f 288 677 287
f 679 678 289
f 289 678 288
f 680 679 290
f 290 679 289
f 681 680 291
f 291 680 290
f 682 681 292
f 292 681 291
f 683 682 293
f 293 682 292
f 684 683 294
f 294 683 293
f 685 684 295
f 295 684 294
f 686 685 296
f 296 685 295
f 687 686 297
f 297 686 296
f 688 687 298
f 298 687 297
f 689 688 299
f 299 688 298
f 690 689 300
f 300 689 299
f 691 690 301
f 301 690 300
f 692 691 302
f 302 691 301
f 693 692 303
f 303 692 302
f 694 693 304
f 304 693 303
f 695 694 305
f 305 694 304
f 696 695 306
f 306 695 305
f 697 696 307
f 307 696 306
f 698 697 308
f 308 697 307
f 699 698 309
f 309 698 308
f 700 699 310
f 310 699 309
f 701 700 311
f 311 700 310
f 702 701 312
f 312 701 311
f 703 702 313
f 313 702 312
f 704 703 314
f 314 703 313
f 705 704 315
f 315 704 314
f 706 705 316
f 316 705 315
f 707 706 317
f 317 706 316
f 708 707 318
f 318 707 317
f 709 708 319
f 319 708 318
f 710 709 320
f 320 709 319
f 711 710 321
f 321 710 320
f 712 711 322
f 322 711 321
f 713 712 323
f 323 712 322
f 714 713 324
f 324 713 323
f 715 714 325
f 325 714 324
f 716 715 326
f 326 715 325
f 717 716 327
f 327 716 326
f 718 717 328
f 328 717 327
f 719 718 329
f 329 718 328
f 720 719 330
f 330 719 329
f 721 720 331
f 331 720 330
f 722 721 332
f 332 721 331
f 723 722 333
f 333 722 332
f 724 723 334
f 334 723 333
f 725 724 335
f 335 724 334
f 726 725 336
f 336 725 335
f 727 726 337
f 337 726 336
f 728 727 338
f 338 727 337
f 729 728 339
f 339 728 338
f 730 729 340
f 340 729 339
f 731 730 341
f 341 730 340
f 732 731 342
f 342 731 341
f 733 732 343
f 343 732 342
f 734 733 344
f 344 733 343
f 735 734 345
f 345 734 344
f 736 735 346
f 346 735 345
f 737 736 347
f 347 736 346
f 738 737 348
f 348 737 347
f 739 738 349
f 349 738 348
f 740 739 350
f 350 739 349
f 741 740 351
f 351 740 350
f 742 741 352
f 352 741 351
f 743 742 353
f 353 742 352
f 744 743 354
f 354 743 353
f 745 744 355
f 355 744 354
f 746 745 356
f 356 745 355
f 747 746 357
f 357 746 356
f 748 747 358
f 358 747 357
f 749 748 359
f 359 748 358
f 750 749 360
f 360 749 359
f 751 750 361
f 361 750 360
f 752 751 362
f 362 751 361
f 753 752 363
f 363 752 362
f 754 753 364
f 364 753 363
f 755 754 365
f 365 754 364
f 756 755 366
f 366 755 365
f 757 756 367
f 367 756 366
f 758 757 368
f 368 757 367
f 759 758 369
f 369 758 368
f 760 759 370
f 370 759 369
f 761 760 371
f 371 760 370
f 762 761 372
f 372 761 371
f 763 762 373
f 373 762 372
f 764 763 374
f 374 763 373
f 765 764 375
f 375 764 374
f 766 765 376
f 376 765 375
f 767 766 377
f 377 766 376
f 768 767 378
f 378 767 377
f 769 768 379
f 379 768 378
f 770 769 380
f 380 769 379
f 771 770 381
f 381 770 380
f 772 771 382
f 382 771 381
f 773 772 383
f 383 772 382
f 774 773 384
f 384 773 383
f 775 774 385
f 385 774 384
f 776 775 386
f 386 775 385
f 777 776 387
f 387 776 386
f 778 777 388
f 388 777 387
f 779 778 389
f 389 778 388
f 560 780 170
f 170 780 390
f 780 779 390
f 390 779 389
f 848 782 781
f 848 847 782
f 847 783 782
f 847 846 783
f 846 784 783
f 846 845 784
f 845 785 784
f 845 844 785
f 844 786 785
f 844 843 786
f 843 787 786
f 843 842 787
f 842 788 787
f 842 841 788
f 841 789 788
f 841 840 789
f 840 790 789
f 840 839 790
f 839 791 790
f 839 838 791
f 838 792 791
f 838 837 792
f 837 793 792
f 837 836 793
f 836 794 793
f 836 835 794
f 835 795 794
f 835 834 795
f 834 796 795
f 834 833 796
f 833 797 796
f 833 832 797
f 832 798 797
f 832 831 798
f 831 799 798
f 831 830 799
f 830 800 799
f 830 829 800
f 829 801 800
f 829 828 801
f 828 802 801
f 828 827 802
f 827 803 802
f 827 826 803
f 826 804 803
f 826 825 804
f 825 805 804
f 825 824 805
f 824 806 805
f 824 823 806
f 823 807 806
f 823 822 807
f 822 808 807
f 822 821 808
f 821 809 808
f 821 820 809
f 820 810 809
f 820 819 810
f 819 811 810
f 819 818 811
f 818 812 811
f 818 817 812
f 817 813 812
f 817 816 813
f 816 814 813
f 816 815 814
f 849 850 916
f 850 915 916
f 850 851 915
f 851 914 915
f 851 852 914
f 852 913 914
f 852 853 913
f 853 912 913
f 853 854 912
f 854 911 912
f 854 855 911
f 855 910 911
f 855 856 910
f 856 909 910
f 856 857 909
f 857 908 909
f 857 858 908
f 858 907 908
f 858 859 907
f 859 906 907
f 859 860 906
f 860 905 906
f 860 861 905
f 861 904 905
f 861 862 904
f 862 903 904
f 862 863 903
f 863 902 903
f 863 864 902
f 864 901 902
f 864 865 901
f 865 900 901
f 865 866 900
f 866 899 900
f 866 867 899
f 867 898 899
f 867 868 898
f 868 897 898
f 868 869 897
f 869 896 897
f 869 870 896
f 870 895 896
f 870 871 895
f 871 894 895
f 871 872 894
f 872 893 894
f 872 873 893
f 873 892 893
f 873 874 892
f 874 891 892
f 874 875 891
f 875 890 891
f 875 876 890
f 876 889 890
f 876 877 889
f 877 888 889
f 877 878 888
f 878 887 888
f 878 879 887
f 879 886 887
f 879 880 886
f 880 885 886
f 880 881 885
f 881 884 885
f 881 882 884
f 882 883 884
f 850 849 782
f 782 849 781
f 851 850 783
f 783 850 782
f 852 851 784
f 784 851 783
f 853 852 785
f 785 852 784
f 854 853 786
f 786 853 785
f 855 854 787
f 787 854 786
f 856 855 788
f 788 855 787
f 857 856 789
f 789 856 788
f 858 857 790
f 790 857 789
f 859 858 791
f 791 858 790
f 860 859 792
f 792 859 791
f 861 860 793
f 793 860 792
f 862 861 794
f 794 861 793
f 863 862 795
f 795 862 794
f 864 863 796
f 796 863 795
f 865 864 797
f 797 864 796
f 866 865 798
f 798 865 797
f 867 866 799
f 799 866 798
f 868 867 800
f 800 867 799
f 869 868 801
f 801 868 800
f 870 869 802
f 802 869 801
f 871 870 803
f 803 870 802
f 872 871 804
f 804 871 803
f 873 872 805
f 805 872 804
f 874 873 806
f 806 873 805
f 875 874 807
f 807 874 806
f 876 875 808
f 808 875 807
f 877 876 809
f 809 876 808
f 878 877 810
f 810 877 809
f 879 878 811
f 811 878 810
f 880 879 812
f 812 879 811
f 881 880 813
f 813 880 812
f 882 881 814
f 814 881 813
f 883 882 815
f 815 882 814
f 884 883 816
f 816 883 815
f 885 884 817
f 817 884 816
f 886 885 818
f 818 885 817
f 887 886 819
f 819 886 818
f 888 887 820
f 820 887 819
f 889 888 821
f 821 888 820
f 890 889 822
f 822 889 821
f 891 890 823
f 823 890 822
f 892 891 824
f 824 891 823
f 893 892 825
f 825 892 824
f 894 893 826
f 826 893 825
f 895 894 827
f 827 894 826
f 896 895 828
f 828 895 827
f 897 896 829
f 829 896 828
f 898 897 830
f 830 897 829
f 899 898 831
f 831 898 830
f 900 899 832
f 832 899 831
f 901 900 833
f 833 900 832
f 902 901 834
f 834 901 833
f 903 902 835
f 835 902 834
f 904 903 836
f 836 903 835
f 905 904 837
f 837 904 836
f 906 905 838
f 838 905 837
f 907 906 839
f 839 906 838
f 908 907 840
f 840 907 839
f 909 908 841
f 841 908 840
f 910 909 842
f 842 909 841
f 911 910 843
f 843 910 842
f 912 911 844
f 844 911 843
f 913 912 845
f 845 912 844
f 914 913 846
f 846 913 845
f 915 914 847
f 847 914 846
f 849 916 781
f 781 916 848
f 916 915 848
f 848 915 847
f 918 920 917
f 921 918 917
f 917 920 919
f 919 921 917
f 918 924 920
f 922 918 921
f 922 924 918
f 920 924 919
f 923 921 919
f 919 924 923
f 923 922 921
f 924 922 923
f 930 929 928
f 931 930 928
f 927 926 925
f 927 925 932
f 932 931 928
f 932 928 927
f 936 937 938
f 936 938 939
f 933 934 935
f 940 933 935
f 936 939 940
f 935 936 940
f 934 933 926
f 926 933 925
f 935 934 927
f 927 934 926
f 936 935 928
f 928 935 927
f 937 936 929
f 929 936 928
f 938 937 930
f 930 937 929
f 939 938 931
f 931 938 930
f 933 940 925
f 925 940 932
f 940 939 932
f 932 939 931
f 941 949 943
f 941 945 949
f 941 943 947
f 941 947 945
f 945 948 946
f 945 946 954
f 945 947 948
f 943 956 947
f 947 955 948
f 949 954 951
f 943 949 951
f 943 951 956
f 945 954 949
f 954 946 953
f 954 953 956
f 947 956 955
f 951 954 956
f 956 953 955
f 942 944 950
f 942 946 944
f 942 953 946
f 944 946 948
f 944 948 952
f 944 952 950
f 942 950 953
f 950 955 953
f 952 948 955
f 950 952 955
f 958 960 957
f 961 958 957
f 957 960 959
f 959 961 957
f 958 964 960
f 962 958 961
f 962 964 958
f 960 964 959
f 963 961 959
f 959 964 963
f 963 962 961
f 964 962 963
f 966 968 965
f 969 966 965
f 965 968 967
f 967 969 965
f 966 972 968
f 970 966 969
f 970 972 966
f 968 972 967
f 971 969 967
f 967 972 971
f 971 970 969
f 972 970 971
f 974 976 973
f 977 974 973
f 973 976 975
f 975 977 973
f 974 980 976
f 978 974 977
f 978 980 974
f 976 980 975
f 979 977 975
f 975 980 979
f 979 978 977
f 980 978 979
f 982 984 981
f 985 982 981
f 981 984 983
f 983 985 981
f 982 988 984
f 986 982 985
f 986 988 982
f 984 988 983
f 987 985 983
f 983 988 987
f 987 986 985
f 988 986 987
f 990 992 989
f 993 990 989
f 989 992 991
f 991 993 989
f 990 996 992
f 994 990 993
f 994 996 990
f 992 996 991
f 995 993 991
f 991 996 995
f 995 994 993
f 996 994 995
f 1375 1374 1032
f 1375 1032 1031
f 1376 1375 1031
f 1376 1031 1030
f 1032 1374 1373
f 1033 1032 1373
f 1034 1033 1373
f 1034 1373 1372
f 1035 1034 1372
f 1035 1372 1371
f 1036 1035 1371
f 1036 1371 1370
f 1376 1030 1029
f 1377 1376 1029
f 1377 1029 1028
f 1378 1377 1028
f 1378 1028 1027
f 1379 1378 1027
f 1379 1027 1026
f 1380 1379 1026
f 1380 1026 1025
f 1381 1380 1025
f 1037 1036 1370
f 1037 1370 1369
f 1038 1037 1369
f 1038 1369 1368
f 1039 1038 1368
f 1039 1368 1367
f 1040 1039 1367
f 1040 1367 1366
f 1041 1040 1366
f 1041 1366 1365
f 1042 1041 1365
f 1042 1365 1364
f 1043 1042 1364
f 1043 1364 1363
f 1044 1043 1363
f 1044 1363 1362
f 1045 1044 1362
f 1045 1362 1361
f 1046 1045 1361
f 1046 1361 1360
f 1047 1046 1360
f 1047 1360 1359
f 1048 1047 1359
f 1048 1359 1358
f 1049 1048 1358
f 1049 1358 1357
f 1050 1049 1357
f 1050 1357 1356
f 1051 1050 1356
f 1051 1356 1355
f 1052 1051 1355
f 1052 1355 1354
f 1053 1052 1354
f 1053 1354 1353
f 1054 1053 1353
f 1054 1353 1352
f 1055 1054 1352
f 1055 1352 1351
f 1056 1055 1351
f 1056 1351 1350
f 1057 1056 1350
f 1057 1350 1349
f 1058 1057 1349
f 1058 1349 1348
f 1059 1058 1348
f 1059 1348 1347
f 1060 1059 1347
f 1060 1347 1346
f 1061 1060 1346
f 1061 1346 1345
f 1062 1061 1345
f 1062 1345 1344
f 1062 1344 1343
f 1063 1062 1343
f 1063 1343 1342
f 1064 1063 1342
f 1064 1342 1341
f 1065 1064 1341
f 1065 1341 1340
f 1066 1065 1340
f 1066 1340 1339
f 1067 1066 1339
f 1067 1339 1338
f 1068 1067 1338
f 1068 1338 1337
f 1069 1068 1337
f 1069 1337 1336
f 1070 1069 1336
f 1070 1336 1335
f 1071 1070 1335
f 1071 1335 1334
f 1072 1071 1334
f 1072 1334 1333
f 1073 1072 1333
f 1073 1333 1332
f 1074 1073 1332
f 1074 1332 1331
f 1075 1074 1331
f 1075 1331 1330
f 1076 1075 1330
f 1076 1330 1329
f 1077 1076 1329
f 1077 1329 1328
f 1078 1077 1328
f 1078 1328 1327
f 1079 1078 1327
f 1079 1327 1326
f 1080 1079 1326
f 1080 1326 1325
f 1081 1080 1325
f 1081 1325 1324
f 1082 1081 1324
f 1082 1324 1323
f 1083 1082 1323
f 1083 1323 1322
f 1084 1083 1322
f 1084 1322 1321
f 1085 1084 1321
f 1085 1321 1320
f 1086 1085 1320
f 1086 1320 1319
f 1087 1086 1319
f 1087 1319 1318
f 1088 1087 1318
f 1088 1318 1317
f 1089 1088 1317
f 1089 1317 1316
f 1090 1089 1316
f 1090 1316 1315
f 1091 1090 1315
f 1091 1315 1314
f 1092 1091 1314
f 1381 1025 1024
f 1382 1381 1024
f 1382 1024 1023
f 1383 1382 1023
f 1383 1023 1022
f 1384 1383 1022
f 1384 1022 1021
f 1385 1384 1021
f 1385 1021 1020
f 1386 1385 1020
f 1386 1020 1019
f 1387 1386 1019
f 1387 1019 1018
f 1388 1387 1018
f 1388 1018 1017
f 1389 1388 1017
f 1389 1017 1016
f 1390 1389 1016
f 1390 1016 1015
f 1391 1390 1015
f 1391 1015 1014
f 1392 1391 1014
f 1392 1014 1013
f 1393 1392 1013
f 1393 1013 1012
f 1394 1393 1012
f 1394 1012 1011
f 1395 1394 1011
f 1395 1011 1010
f 1396 1395 1010
f 1396 1010 1009
f 1397 1396 1009
f 1397 1009 1008
f 1398 1397 1008
f 1398 1008 1007
f 1399 1398 1007
f 1399 1007 1006
f 1400 1399 1006
f 1400 1006 1005
f 1401 1400 1005
f 1401 1005 1004
f 1402 1401 1004
f 1402 1004 1003
f 1403 1402 1003
f 1403 1003 1002
f 1404 1403 1002
f 1404 1002 1001
f 1405 1404 1001
f 1405 1001 1000
f 1406 1405 1000
f 1406 1000 999
f 1218 1406 999
f 1218 999 998
f 1219 1218 998
f 1220 1219 998
f 1220 998 997
f 1220 997 1217
f 1221 1220 1217
f 1221 1217 1216
f 1222 1221 1216
f 1222 1216 1215
f 1223 1222 1215
f 1223 1215 1214
f 1224 1223 1214
f 1224 1214 1213
f 1225 1224 1213
f 1225 1213 1212
f 1226 1225 1212
f 1226 1212 1211
f 1227 1226 1211
f 1227 1211 1210
f 1228 1227 1210
f 1228 1210 1209
f 1229 1228 1209
f 1229 1209 1208
f 1230 1229 1208
f 1230 1208 1207
f 1231 1230 1207
f 1231 1207 1206
f 1232 1231 1206
f 1232 1206 1205
f 1233 1232 1205
f 1233 1205 1204
f 1234 1233 1204
f 1234 1204 1203
f 1235 1234 1203
f 1235 1203 1202
f 1236 1235 1202
f 1236 1202 1201
f 1237 1236 1201
f 1237 1201 1200
f 1238 1237 1200
f 1238 1200 1199
f 1239 1238 1199
f 1239 1199 1198
f 1240 1239 1198
f 1240 1198 1197
f 1241 1240 1197
f 1241 1197 1196
f 1242 1241 1196
f 1242 1196 1195
f 1243 1242 1195
f 1243 1195 1194
f 1244 1243 1194
f 1244 1194 1193
f 1245 1244 1193
f 1245 1193 1192
f 1246 1245 1192
f 1246 1192 1191
f 1247 1246 1191
f 1247 1191 1190
f 1248 1247 1190
f 1248 1190 1189
f 1249 1248 1189
f 1249 1189 1188
f 1250 1249 1188
f 1250 1188 1187
f 1251 1250 1187
f 1252 1251 1187
f 1252 1187 1186
f 1253 1252 1186
f 1253 1186 1185
f 1253 1185 1184
f 1254 1253 1184
f 1254 1184 1183
f 1255 1254 1183
f 1255 1183 1182
f 1256 1255 1182
f 1256 1182 1181
f 1257 1256 1181
f 1257 1181 1180
f 1258 1257 1180
f 1258 1180 1179
f 1259 1258 1179
f 1259 1179 1178
f 1260 1259 1178
f 1260 1178 1177
f 1261 1260 1177
f 1261 1177 1176
f 1262 1261 1176
f 1262 1176 1175
f 1263 1262 1175
f 1263 1175 1174
f 1264 1263 1174
f 1264 1174 1173
f 1265 1264 1173
f 1265 1173 1172
f 1266 1265 1172
f 1266 1172 1171
f 1267 1266 1171
f 1267 1171 1170
f 1268 1267 1170
f 1268 1170 1169
f 1269 1268 1169
f 1269 1169 1168
f 1270 1269 1168
f 1270 1168 1167
f 1271 1270 1167
f 1271 1167 1166
f 1272 1271 1166
f 1272 1166 1165
f 1273 1272 1165
f 1273 1165 1164
f 1274 1273 1164
f 1274 1164 1163
f 1275 1274 1163
f 1275 1163 1162
f 1276 1275 1162
f 1276 1162 1161
f 1277 1276 1161
f 1277 1161 1160
f 1278 1277 1160
f 1278 1160 1159
f 1279 1278 1159
f 1279 1159 1158
f 1280 1279 1158
f 1280 1158 1157
f 1281 1280 1157
f 1281 1157 1156
f 1282 1281 1156
f 1283 1282 1156
f 1283 1156 1155
f 1284 1283 1155
f 1284 1155 1154
f 1285 1284 1154
f 1285 1154 1153
f 1286 1285 1153
f 1286 1153 1152
f 1287 1286 1152
f 1287 1152 1151
f 1288 1287 1151
f 1288 1151 1150
f 1289 1288 1150
f 1289 1150 1149
f 1290 1289 1149
f 1290 1149 1148
f 1291 1290 1148
f 1291 1148 1147
f 1292 1291 1147
f 1292 1147 1146
f 1293 1292 1146
f 1293 1146 1145
f 1294 1293 1145
f 1294 1145 1144
f 1295 1294 1144
f 1295 1144 1143
f 1296 1295 1143
f 1296 1143 1142
f 1297 1296 1142
f 1297 1142 1141
f 1298 1297 1141
f 1298 1141 1140
f 1299 1298 1140
f 1299 1140 1139
f 1300 1299 1139
f 1300 1139 1138
f 1301 1300 1138
f 1301 1138 1137
f 1302 1301 1137
f 1302 1137 1136
f 1303 1302 1136
f 1303 1136 1135
f 1304 1303 1135
f 1304 1135 1134
f 1305 1304 1134
f 1305 1134 1133
f 1306 1305 1133
f 1306 1133 1132
f 1307 1306 1132
f 1307 1132 1131
f 1308 1307 1131
f 1308 1131 1130
f 1309 1308 1130
f 1309 1130 1129
f 1310 1309 1129
f 1310 1129 1128
f 1311 1310 1128
f 1311 1128 1127
f 1312 1311 1127
f 1312 1127 1126
f 1313 1312 1126
f 1313 1126 1125
f 1093 1092 1314
f 1094 1093 1314
f 1095 1094 1314
f 1096 1095 1314
f 1097 1096 1314
f 1098 1097 1314
f 1099 1098 1314
f 1100 1099 1314
f 1101 1100 1314
f 1102 1101 1314
f 1103 1102 1314
f 1104 1103 1314
f 1105 1104 1314
f 1106 1105 1314
f 1107 1106 1314
f 1108 1107 1314
f 1109 1108 1314
f 1109 1314 1313
f 1110 1109 1313
f 1111 1110 1313
f 1112 1111 1313
f 1113 1112 1313
f 1114 1113 1313
f 1115 1114 1313
f 1116 1115 1313
f 1117 1116 1313
f 1118 1117 1313
f 1119 1118 1313
f 1120 1119 1313
f 1121 1120 1313
f 1122 1121 1313
f 1123 1122 1313
f 1124 1123 1313
f 1124 1313 1125
f 1442 1784 1785
f 1441 1442 1785
f 1441 1785 1786
f 1440 1441 1786
f 1783 1784 1442
f 1783 1442 1443
f 1783 1443 1444
f 1782 1783 1444
f 1782 1444 1445
f 1781 1782 1445
f 1781 1445 1446
f 1780 1781 1446
f 1439 1440 1786
f 1439 1786 1787
f 1438 1439 1787
f 1438 1787 1788
f 1437 1438 1788
f 1437 1788 1789
f 1436 1437 1789
f 1436 1789 1790
f 1435 1436 1790
f 1435 1790 1791
f 1780 1446 1447
f 1779 1780 1447
f 1779 1447 1448
f 1778 1779 1448
f 1778 1448 1449
f 1777 1778 1449
f 1777 1449 1450
f 1776 1777 1450
f 1776 1450 1451
f 1775 1776 1451
f 1775 1451 1452
f 1774 1775 1452
f 1774 1452 1453
f 1773 1774 1453
f 1773 1453 1454
f 1772 1773 1454
f 1772 1454 1455
f 1771 1772 1455
f 1771 1455 1456
f 1770 1771 1456
f 1770 1456 1457
f 1769 1770 1457
f 1769 1457 1458
f 1768 1769 1458
f 1768 1458 1459
f 1767 1768 1459
f 1767 1459 1460
f 1766 1767 1460
f 1766 1460 1461
f 1765 1766 1461
f 1765 1461 1462
f 1764 1765 1462
f 1764 1462 1463
f 1763 1764 1463
f 1763 1463 1464
f 1762 1763 1464
f 1762 1464 1465
f 1761 1762 1465
f 1761 1465 1466
f 1760 1761 1466
f 1760 1466 1467
f 1759 1760 1467
f 1759 1467 1468
f 1758 1759 1468
f 1758 1468 1469
f 1757 1758 1469
f 1757 1469 1470
f 1756 1757 1470
f 1756 1470 1471
f 1755 1756 1471
f 1755 1471 1472
f 1754 1755 1472
f 1753 1754 1472
f 1753 1472 1473
f 1752 1753 1473
f 1752 1473 1474
f 1751 1752 1474
f 1751 1474 1475
f 1750 1751 1475
f 1750 1475 1476
f 1749 1750 1476
f 1749 1476 1477
f 1748 1749 1477
f 1748 1477 1478
f 1747 1748 1478
f 1747 1478 1479
f 1746 1747 1479
f 1746 1479 1480
f 1745 1746 1480
f 1745 1480 1481
f 1744 1745 1481
f 1744 1481 1482
f 1743 1744 1482
f 1743 1482 1483
f 1742 1743 1483
f 1742 1483 1484
f 1741 1742 1484
f 1741 1484 1485
f 1740 1741 1485
f 1740 1485 1486
f 1739 1740 1486
f 1739 1486 1487
f 1738 1739 1487
f 1738 1487 1488
f 1737 1738 1488
f 1737 1488 1489
f 1736 1737 1489
f 1736 1489 1490
f 1735 1736 1490
f 1735 1490 1491
f 1734 1735 1491
f 1734 1491 1492
f 1733 1734 1492
f 1733 1492 1493
f 1732 1733 1493
f 1732 1493 1494
f 1731 1732 1494
f 1731 1494 1495
f 1730 1731 1495
f 1730 1495 1496
f 1729 1730 1496
f 1729 1496 1497
f 1728 1729 1497
f 1728 1497 1498
f 1727 1728 1498
f 1727 1498 1499
f 1726 1727 1499
f 1726 1499 1500
f 1725 1726 1500
f 1725 1500 1501
f 1724 1725 1501
f 1724 1501 1502
f 1434 1435 1791
f 1434 1791 1792
f 1433 1434 1792
f 1433 1792 1793
f 1432 1433 1793
f 1432 1793 1794
f 1431 1432 1794
f 1431 1794 1795
f 1430 1431 1795
f 1430 1795 1796
f 1429 1430 1796
f 1429 1796 1797
f 1428 1429 1797
f 1428 1797 1798
f 1427 1428 1798
f 1427 1798 1799
f 1426 1427 1799
f 1426 1799 1800
f 1425 1426 1800
f 1425 1800 1801
f 1424 1425 1801
f 1424 1801 1802
f 1423 1424 1802
f 1423 1802 1803
f 1422 1423 1803
f 1422 1803 1804
f 1421 1422 1804
f 1421 1804 1805
f 1420 1421 1805
f 1420 1805 1806
f 1419 1420 1806
f 1419 1806 1807
f 1418 1419 1807
f 1418 1807 1808
f 1417 1418 1808
f 1417 1808 1809
f 1416 1417 1809
f 1416 1809 1810
f 1415 1416 1810
f 1415 1810 1811
f 1414 1415 1811
f 1414 1811 1812
f 1413 1414 1812
f 1413 1812 1813
f 1412 1413 1813
f 1412 1813 1814
f 1411 1412 1814
f 1411 1814 1815
f 1410 1411 1815
f 1410 1815 1816
f 1409 1410 1816
f 1409 1816 1628
f 1408 1409 1628
f 1408 1628 1629
f 1408 1629 1630
f 1407 1408 1630
f 1627 1407 1630
f 1627 1630 1631
f 1626 1627 1631
f 1626 1631 1632
f 1625 1626 1632
f 1625 1632 1633
f 1624 1625 1633
f 1624 1633 1634
f 1623 1624 1634
f 1623 1634 1635
f 1622 1623 1635
f 1622 1635 1636
f 1621 1622 1636
f 1621 1636 1637
f 1620 1621 1637
f 1620 1637 1638
f 1619 1620 1638
f 1619 1638 1639
f 1618 1619 1639
f 1618 1639 1640
f 1617 1618 1640
f 1617 1640 1641
f 1616 1617 1641
f 1616 1641 1642
f 1615 1616 1642
f 1615 1642 1643
f 1614 1615 1643
f 1614 1643 1644
f 1613 1614 1644
f 1613 1644 1645
f 1612 1613 1645
f 1612 1645 1646
f 1611 1612 1646
f 1611 1646 1647
f 1610 1611 1647
f 1610 1647 1648
f 1609 1610 1648
f 1609 1648 1649
f 1608 1609 1649
f 1608 1649 1650
f 1607 1608 1650
f 1607 1650 1651
f 1606 1607 1651
f 1606 1651 1652
f 1605 1606 1652
f 1605 1652 1653
f 1604 1605 1653
f 1604 1653 1654
f 1603 1604 1654
f 1603 1654 1655
f 1602 1603 1655
f 1602 1655 1656
f 1601 1602 1656
f 1601 1656 1657
f 1600 1601 1657
f 1600 1657 1658
f 1599 1600 1658
f 1599 1658 1659
f 1598 1599 1659
f 1598 1659 1660
f 1597 1598 1660
f 1597 1660 1661
f 1597 1661 1662
f 1596 1597 1662
f 1596 1662 1663
f 1595 1596 1663
f 1594 1595 1663
f 1594 1663 1664
f 1593 1594 1664
f 1593 1664 1665
f 1592 1593 1665
f 1592 1665 1666
f 1591 1592 1666
f 1591 1666 1667
f 1590 1591 1667
f 1590 1667 1668
f 1589 1590 1668
f 1589 1668 1669
f 1588 1589 1669
f 1588 1669 1670
f 1587 1588 1670
f 1587 1670 1671
f 1586 1587 1671
f 1586 1671 1672
f 1585 1586 1672
f 1585 1672 1673
f 1584 1585 1673
f 1584 1673 1674
f 1583 1584 1674
f 1583 1674 1675
f 1582 1583 1675
f 1582 1675 1676
f 1581 1582 1676
f 1581 1676 1677
f 1580 1581 1677
f 1580 1677 1678
f 1579 1580 1678
f 1579 1678 1679
f 1578 1579 1679
f 1578 1679 1680
f 1577 1578 1680
f 1577 1680 1681
f 1576 1577 1681
f 1576 1681 1682
f 1575 1576 1682
f 1575 1682 1683
f 1574 1575 1683
f 1574 1683 1684
f 1573 1574 1684
f 1573 1684 1685
f 1572 1573 1685
f 1572 1685 1686
f 1571 1572 1686
f 1571 1686 1687
f 1570 1571 1687
f 1570 1687 1688
f 1569 1570 1688
f 1569 1688 1689
f 1568 1569 1689
f 1568 1689 1690
f 1567 1568 1690
f 1567 1690 1691
f 1566 1567 1691
f 1566 1691 1692
f 1566 1692 1693
f 1565 1566 1693
f 1565 1693 1694
f 1564 1565 1694
f 1564 1694 1695
f 1563 1564 1695
f 1563 1695 1696
f 1562 1563 1696
f 1562 1696 1697
f 1561 1562 1697
f 1561 1697 1698
f 1560 1561 1698
f 1560 1698 1699
f 1559 1560 1699
f 1559 1699 1700
f 1558 1559 1700
f 1558 1700 1701
f 1557 1558 1701
f 1557 1701 1702
f 1556 1557 1702
f 1556 1702 1703
f 1555 1556 1703
f 1555 1703 1704
f 1554 1555 1704
f 1554 1704 1705
f 1553 1554 1705
f 1553 1705 1706
f 1552 1553 1706
f 1552 1706 1707
f 1551 1552 1707
f 1551 1707 1708
f 1550 1551 1708
f 1550 1708 1709
f 1549 1550 1709
f 1549 1709 1710
f 1548 1549 1710
f 1548 1710 1711
f 1547 1548 1711
f 1547 1711 1712
f 1546 1547 1712
f 1546 1712 1713
f 1545 1546 1713
f 1545 1713 1714
f 1544 1545 1714
f 1544 1714 1715
f 1543 1544 1715
f 1543 1715 1716
f 1542 1543 1716
f 1542 1716 1717
f 1541 1542 1717
f 1541 1717 1718
f 1540 1541 1718
f 1540 1718 1719
f 1539 1540 1719
f 1539 1719 1720
f 1538 1539 1720
f 1538 1720 1721
f 1537 1538 1721
f 1537 1721 1722
f 1536 1537 1722
f 1536 1722 1723
f 1535 1536 1723
f 1724 1502 1503
f 1724 1503 1504
f 1724 1504 1505
f 1724 1505 1506
f 1724 1506 1507
f 1724 1507 1508
f 1724 1508 1509
f 1724 1509 1510
f 1724 1510 1511
f 1724 1511 1512
f 1724 1512 1513
f 1724 1513 1514
f 1724 1514 1515
f 1724 1515 1516
f 1724 1516 1517
f 1724 1517 1518
f 1724 1518 1519
f 1723 1724 1519
f 1723 1519 1520
f 1723 1520 1521
f 1723 1521 1522
f 1723 1522 1523
f 1723 1523 1524
f 1723 1524 1525
f 1723 1525 1526
f 1723 1526 1527
f 1723 1527 1528
f 1723 1528 1529
f 1723 1529 1530
f 1723 1530 1531
f 1723 1531 1532
f 1723 1532 1533
f 1723 1533 1534
f 1535 1723 1534
f 1408 1407 998
f 998 1407 997
f 1409 1408 999
f 999 1408 998
f 1410 1409 1000
f 1000 1409 999
f 1411 1410 1001
f 1001 1410 1000
f 1412 1411 1002
f 1002 1411 1001
f 1413 1412 1003
f 1003 1412 1002
f 1414 1413 1004
f 1004 1413 1003
f 1415 1414 1005
f 1005 1414 1004
f 1416 1415 1006
f 1006 1415 1005
f 1417 1416 1007
f 1007 1416 1006
f 1418 1417 1008
f 1008 1417 1007
f 1419 1418 1009
f 1009 1418 1008
f 1420 1419 1010
f 1010 1419 1009
f 1421 1420 1011
f 1011 1420 1010
f 1422 1421 1012
f 1012 1421 1011
f 1423 1422 1013
f 1013 1422 1012
f 1424 1423 1014
f 1014 1423 1013
f 1425 1424 1015
f 1015 1424 1014
f 1426 1425 1016
f 1016 1425 1015
f 1427 1426 1017
f 1017 1426 1016
f 1428 1427 1018
f 1018 1427 1017
f 1429 1428 1019
f 1019 1428 1018
f 1430 1429 1020
f 1020 1429 1019
f 1431 1430 1021
f 1021 1430 1020
f 1432 1431 1022
f 1022 1431 1021
f 1433 1432 1023
f 1023 1432 1022
f 1434 1433 1024
f 1024 1433 1023
f 1435 1434 1025
f 1025 1434 1024
f 1436 1435 1026
f 1026 1435 1025
f 1437 1436 1027
f 1027 1436 1026
f 1438 1437 1028
f 1028 1437 1027
f 1439 1438 1029
f 1029 1438 1028
f 1440 1439 1030
f 1030 1439 1029
f 1441 1440 1031
f 1031 1440 1030
f 1442 1441 1032
f 1032 1441 1031
f 1443 1442 1033
f 1033 1442 1032
f 1444 1443 1034
f 1034 1443 1033
f 1445 1444 1035
f 1035 1444 1034
f 1446 1445 1036
f 1036 1445 1035
f 1447 1446 1037
f 1037 1446 1036
f 1448 1447 1038
f 1038 1447 1037
f 1449 1448 1039
f 1039 1448 1038
f 1450 1449 1040
f 1040 1449 1039
f 1451 1450 1041
f 1041 1450 1040
f 1452 1451 1042
f 1042 1451 1041
f 1453 1452 1043
f 1043 1452 1042
f 1454 1453 1044
f 1044 1453 1043
f 1455 1454 1045
f 1045 1454 1044
f 1456 1455 1046
f 1046 1455 1045
f 1457 1456 1047
f 1047 1456 1046
f 1458 1457 1048
f 1048 1457 1047
f 1459 1458 1049
f 1049 1458 1048
f 1460 1459 1050
f 1050 1459 1049
f 1461 1460 1051
f 1051 1460 1050
f 1462 1461 1052
f 1052 1461 1051
f 1463 1462 1053
f 1053 1462 1052
f 1464 1463 1054
f 1054 1463 1053
f 1465 1464 1055
f 1055 1464 1054
f 1466 1465 1056
f 1056 1465 1055
f 1467 1466 1057
f 1057 1466 1056
f 1468 1467 1058
f 1058 1467 1057
f 1469 1468 1059
f 1059 1468 1058
f 1470 1469 1060
f 1060 1469 1059
f 1471 1470 1061
f 1061 1470 1060
f 1472 1471 1062
f 1062 1471 1061
f 1473 1472 1063
f 1063 1472 1062
f 1474 1473 1064
f 1064 1473 1063
f 1475 1474 1065
f 1065 1474 1064
f 1476 1475 1066
f 1066 1475 1065
f 1477 1476 1067
f 1067 1476 1066
f 1478 1477 1068
f 1068 1477 1067
f 1479 1478 1069
f 1069 1478 1068
f 1480 1479 1070
f 1070 1479 1069
f 1481 1480 1071
f 1071 1480 1070
f 1482 1481 1072
f 1072 1481 1071
f 1483 1482 1073
f 1073 1482 1072
f 1484 1483 1074
f 1074 1483 1073
f 1485 1484 1075
f 1075 1484 1074
f 1486 1485 1076
f 1076 1485 1075
f 1487 1486 1077
f 1077 1486 1076
f 1488 1487 1078
f 1078 1487 1077
f 1489 1488 1079
f 1079 1488 1078
f 1490 1489 1080
f 1080 1489 1079
f 1491 1490 1081
f 1081 1490 1080
f 1492 1491 1082
f 1082 1491 1081
f 1493 1492 1083
f 1083 1492 1082
f 1494 1493 1084
f 1084 1493 1083
f 1495 1494 1085
f 1085 1494 1084
f 1496 1495 1086
f 1086 1495 1085
f 1497 1496 1087
f 1087 1496 1086
f 1498 1497 1088
f 1088 1497 1087
f 1499 1498 1089
f 1089 1498 1088
f 1500 1499 1090
f 1090 1499 1089
f 1501 1500 1091
f 1091 1500 1090
f 1502 1501 1092
f 1092 1501 1091
f 1503 1502 1093
f 1093 1502 1092
f 1504 1503 1094
f 1094 1503 1093
f 1505 1504 1095
f 1095 1504 1094
f 1506 1505 1096
f 1096 1505 1095
f 1507 1506 1097
f 1097 1506 1096
f 1508 1507 1098
f 1098 1507 1097
f 1509 1508 1099
f 1099 1508 1098
f 1510 1509 1100
f 1100 1509 1099
f 1511 1510 1101
f 1101 1510 1100
f 1512 1511 1102
f 1102 1511 1101
f 1513 1512 1103
f 1103 1512 1102
f 1514 1513 1104
f 1104 1513 1103
f 1515 1514 1105
f 1105 1514 1104
f 1516 1515 1106
f 1106 1515 1105
f 1517 1516 1107
f 1107 1516 1106
f 1518 1517 1108
f 1108 1517 1107
f 1519 1518 1109
f 1109 1518 1108
f 1520 1519 1110
f 1110 1519 1109
f 1521 1520 1111
f 1111 1520 1110
f 1522 1521 1112
f 1112 1521 1111
f 1523 1522 1113
f 1113 1522 1112
f 1524 1523 1114
f 1114 1523 1113
f 1525 1524 1115
f 1115 1524 1114
f 1526 1525 1116
f 1116 1525 1115
f 1527 1526 1117
f 1117 1526 1116
f 1528 1527 1118
f 1118 1527 1117
f 1529 1528 1119
f 1119 1528 1118
f 1530 1529 1120
f 1120 1529 1119
f 1531 1530 1121
f 1121 1530 1120
f 1532 1531 1122
f 1122 1531 1121
f 1533 1532 1123
f 1123 1532 1122
f 1534 1533 1124
f 1124 1533 1123
f 1535 1534 1125
f 1125 1534 1124
f 1536 1535 1126
f 1126 1535 1125
f 1537 1536 1127
f 1127 1536 1126
f 1538 1537 1128
f 1128 1537 1127
f 1539 1538 1129
f 1129 1538 1128
f 1540 1539 1130
f 1130 1539 1129
f 1541 1540 1131
f 1131 1540 1130
f 1542 1541 1132
f 1132 1541 1131
f 1543 1542 1133
f 1133 1542 1132
f 1544 1543 1134
f 1134 1543 1133
f 1545 1544 1135
f 1135 1544 1134
f 1546 1545 1136
f 1136 1545 1135
f 1547 1546 1137
f 1137 1546 1136
f 1548 1547 1138
f 1138 1547 1137
f 1549 1548 1139
f 1139 1548 1138
f 1550 1549 1140
f 1140 1549 1139
f 1551 1550 1141
f 1141 1550 1140
f 1552 1551 1142
f 1142 1551 1141
f 1553 1552 1143
f 1143 1552 1142
f 1554 1553 1144
f 1144 1553 1143
f 1555 1554 1145
f 1145 1554 1144
f 1556 1555 1146
f 1146 1555 1145
f 1557 1556 1147
f 1147 1556 1146
f 1558 1557 1148
f 1148 1557 1147
f 1559 1558 1149
f 1149 1558 1148
f 1560 1559 1150
f 1150 1559 1149
f 1561 1560 1151
f 1151 1560 1150
f 1562 1561 1152
f 1152 1561 1151
f 1563 1562 1153
f 1153 1562 1152
f 1564 1563 1154
f 1154 1563 1153
f 1565 1564 1155
f 1155 1564 1154
f 1566 1565 1156
f 1156 1565 1155
f 1567 1566 1157
f 1157 1566 1156
f 1568 1567 1158
f 1158 1567 1157
f 1569 1568 1159
f 1159 1568 1158
f 1570 1569 1160
f 1160 1569 1159
f 1571 1570 1161
f 1161 1570 1160
f 1572 1571 1162
f 1162 1571 1161
f 1573 1572 1163
f 1163 1572 1162
f 1574 1573 1164
f 1164 1573 1163
f 1575 1574 1165
f 1165 1574 1164
f 1576 1575 1166
f 1166 1575 1165
f 1577 1576 1167
f 1167 1576 1166
f 1578 1577 1168
f 1168 1577 1167
f 1579 1578 1169
f 1169 1578 1168
f 1580 1579 1170
f 1170 1579 1169
f 1581 1580 1171
f 1171 1580 1170
f 1582 1581 1172
f 1172 1581 1171
f 1583 1582 1173
f 1173 1582 1172
f 1584 1583 1174
f 1174 1583 1173
f 1585 1584 1175
f 1175 1584 1174
f 1586 1585 1176
f 1176 1585 1175
f 1587 1586 1177
f 1177 1586 1176
f 1588 1587 1178
f 1178 1587 1177
f 1589 1588 1179
f 1179 1588 1178
f 1590 1589 1180
f 1180 1589 1179
f 1591 1590 1181
f 1181 1590 1180
f 1592 1591 1182
f 1182 1591 1181
f 1593 1592 1183
f 1183 1592 1182
f 1594 1593 1184
f 1184 1593 1183
f 1595 1594 1185
f 1185 1594 1184
f 1596 1595 1186
f 1186 1595 1185
f 1597 1596 1187
f 1187 1596 1186
f 1598 1597 1188
f 1188 1597 1187
f 1599 1598 1189
f 1189 1598 1188
f 1600 1599 1190
f 1190 1599 1189
f 1601 1600 1191
f 1191 1600 1190
f 1602 1601 1192
f 1192 1601 1191
f 1603 1602 1193
f 1193 1602 1192
f 1604 1603 1194
f 1194 1603 1193
f 1605 1604 1195
f 1195 1604 1194
f 1606 1605 1196
f 1196 1605 1195
f 1607 1606 1197
f 1197 1606 1196
f 1608 1607 1198
f 1198 1607 1197
f 1609 1608 1199
f 1199 1608 1198
f 1610 1609 1200
f 1200 1609 1199
f 1611 1610 1201
f 1201 1610 1200
f 1612 1611 1202
f 1202 1611 1201
f 1613 1612 1203
f 1203 1612 1202
f 1614 1613 1204
f 1204 1613 1203
f 1615 1614 1205
f 1205 1614 1204
f 1616 1615 1206
f 1206 1615 1205
f 1617 1616 1207
f 1207 1616 1206
f 1618 1617 1208
f 1208 1617 1207
f 1619 1618 1209
f 1209 1618 1208
f 1620 1619 1210
f 1210 1619 1209
f 1621 1620 1211
f 1211 1620 1210
f 1622 1621 1212
f 1212 1621 1211
f 1623 1622 1213
f 1213 1622 1212
f 1624 1623 1214
f 1214 1623 1213
f 1625 1624 1215
f 1215 1624 1214
f 1626 1625 1216
f 1216 1625 1215
f 1407 1627 997
f 997 1627 1217
f 1627 1626 1217
f 1217 1626 1216
f 1629 1628 1219
f 1219 1628 1218
f 1630 1629 1220
f 1220 1629 1219
f 1631 1630 1221
f 1221 1630 1220
f 1632 1631 1222
f 1222 1631 1221
f 1633 1632 1223
f 1223 1632 1222
f 1634 1633 1224
f 1224 1633 1223
f 1635 1634 1225
f 1225 1634 1224
f 1636 1635 1226
f 1226 1635 1225
f 1637 1636 1227
f 1227 1636 1226
f 1638 1637 1228
f 1228 1637 1227
f 1639 1638 1229
f 1229 1638 1228
f 1640 1639 1230
f 1230 1639 1229
f 1641 1640 1231
f 1231 1640 1230
f 1642 1641 1232
f 1232 1641 1231
f 1643 1642 1233
f 1233 1642 1232
f 1644 1643 1234
f 1234 1643 1233
f 1645 1644 1235
f 1235 1644 1234
f 1646 1645 1236
f 1236 1645 1235
f 1647 1646 1237
f 1237 1646 1236
f 1648 1647 1238
f 1238 1647 1237
f 1649 1648 1239
f 1239 1648 1238
f 1650 1649 1240
f 1240 1649 1239
f 1651 1650 1241
f 1241 1650 1240
f 1652 1651 1242
f 1242 1651 1241
f 1653 1652 1243
f 1243 1652 1242
f 1654 1653 1244
f 1244 1653 1243
f 1655 1654 1245
f 1245 1654 1244
f 1656 1655 1246
f 1246 1655 1245
f 1657 1656 1247
f 1247 1656 1246
f 1658 1657 1248
f 1248 1657 1247
f 1659 1658 1249
f 1249 1658 1248
f 1660 1659 1250
f 1250 1659 1249
f 1661 1660 1251
f 1251 1660 1250
f 1662 1661 1252
f 1252 1661 1251
f 1663 1662 1253
f 1253 1662 1252
f 1664 1663 1254
f 1254 1663 1253
f 1665 1664 1255
f 1255 1664 1254
f 1666 1665 1256
f 1256 1665 1255
f 1667 1666 1257
f 1257 1666 1256
f 1668 1667 1258
f 1258 1667 1257
f 1669 1668 1259
f 1259 1668 1258
f 1670 1669 1260
f 1260 1669 1259
f 1671 1670 1261
f 1261 1670 1260
f 1672 1671 1262
f 1262 1671 1261
f 1673 1672 1263
f 1263 1672 1262
f 1674 1673 1264
f 1264 1673 1263
f 1675 1674 1265
f 1265 1674 1264
f 1676 1675 1266
f 1266 1675 1265
f 1677 1676 1267
f 1267 1676 1266
f 1678 1677 1268
f 1268 1677 1267
f 1679 1678 1269
f 1269 1678 1268
f 1680 1679 1270
f 1270 1679 1269
f 1681 1680 1271
f 1271 1680 1270
f 1682 1681 1272
f 1272 1681 1271
f 1683 1682 1273
f 1273 1682 1272
f 1684 1683 1274
f 1274 1683 1273
f 1685 1684 1275
f 1275 1684 1274
f 1686 1685 1276
f 1276 1685 1275
f 1687 1686 1277
f 1277 1686 1276
f 1688 1687 1278
f 1278 1687 1277
f 1689 1688 1279
f 1279 1688 1278
f 1690 1689 1280
f 1280 1689 1279
f 1691 1690 1281
f 1281 1690 1280
f 1692 1691 1282
f 1282 1691 1281
f 1693 1692 1283
f 1283 1692 1282
f 1694 1693 1284
f 1284 1693 1283
f 1695 1694 1285
f 1285 1694 1284
f 1696 1695 1286
f 1286 1695 1285
f 1697 1696 1287
f 1287 1696 1286
f 1698 1697 1288
f 1288 1697 1287
f 1699 1698 1289
f 1289 1698 1288
f 1700 1699 1290
f 1290 1699 1289
f 1701 1700 1291
f 1291 1700 1290
f 1702 1701 1292
f 1292 1701 1291
f 1703 1702 1293
f 1293 1702 1292
f 1704 1703 1294
f 1294 1703 1293
f 1705 1704 1295
f 1295 1704 1294
f 1706 1705 1296
f 1296 1705 1295
f 1707 1706 1297
f 1297 1706 1296
f 1708 1707 1298
f 1298 1707 1297
f 1709 1708 1299
f 1299 1708 1298
f 1710 1709 1300
f 1300 1709 1299
f 1711 1710 1301
f 1301 1710 1300
f 1712 1711 1302
f 1302 1711 1301
f 1713 1712 1303
f 1303 1712 1302
f 1714 1713 1304
f 1304 1713 1303
f 1715 1714 1305
f 1305 1714 1304
f 1716 1715 1306
f 1306 1715 1305
f 1717 1716 1307
f 1307 1716 1306
f 1718 1717 1308
f 1308 1717 1307
f 1719 1718 1309
f 1309 1718 1308
f 1720 1719 1310
f 1310 1719 1309
f 1721 1720 1311
f 1311 1720 1310
f 1722 1721 1312
f 1312 1721 1311
f 1723 1722 1313
f 1313 1722 1312
f 1724 1723 1314
f 1314 1723 1313
f 1725 1724 1315
f 1315 1724 1314
f 1726 1725 1316
f 1316 1725 1315
f 1727 1726 1317
f 1317 1726 1316
f 1728 1727 1318
f 1318 1727 1317
f 1729 1728 1319
f 1319 1728 1318
f 1730 1729 1320
f 1320 1729 1319
f 1731 1730 1321
f 1321 1730 1320
f 1732 1731 1322
f 1322 1731 1321
f 1733 1732 1323
f 1323 1732 1322
f 1734 1733 1324
f 1324 1733 1323
f 1735 1734 1325
f 1325 1734 1324
f 1736 1735 1326
f 1326 1735 1325
f 1737 1736 1327
f 1327 1736 1326
f 1738 1737 1328
f 1328 1737 1327
f 1739 1738 1329
f 1329 1738 1328
f 1740 1739 1330
f 1330 1739 1329
f 1741 1740 1331
f 1331 1740 1330
f 1742 1741 1332
f 1332 1741 1331
f 1743 1742 1333
f 1333 1742 1332
f 1744 1743 1334
f 1334 1743 1333
f 1745 1744 1335
f 1335 1744 1334
f 1746 1745 1336
f 1336 1745 1335
f 1747 1746 1337
f 1337 1746 1336
f 1748 1747 1338
f 1338 1747 1337
f 1749 1748 1339
f 1339 1748 1338
f 1750 1749 1340
f 1340 1749 1339
f 1751 1750 1341
f 1341 1750 1340
f 1752 1751 1342
f 1342 1751 1341
f 1753 1752 1343
f 1343 1752 1342
f 1754 1753 1344
f 1344 1753 1343
f 1755 1754 1345
f 1345 1754 1344
f 1756 1755 1346
f 1346 1755 1345
f 1757 1756 1347
f 1347 1756 1346
f 1758 1757 1348
f 1348 1757 1347
f 1759 1758 1349
f 1349 1758 1348
f 1760 1759 1350
f 1350 1759 1349
f 1761 1760 1351
f 1351 1760 1350
f 1762 1761 1352
f 1352 1761 1351
f 1763 1762 1353
f 1353 1762 1352
f 1764 1763 1354
f 1354 1763 1353
f 1765 1764 1355
f 1355 1764 1354
f 1766 1765 1356
f 1356 1765 1355
f 1767 1766 1357
f 1357 1766 1356
f 1768 1767 1358
f 1358 1767 1357
f 1769 1768 1359
f 1359 1768 1358
f 1770 1769 1360
f 1360 1769 1359
f 1771 1770 1361
f 1361 1770 1360
f 1772 1771 1362
f 1362 1771 1361
f 1773 1772 1363
f 1363 1772 1362
f 1774 1773 1364
f 1364 1773 1363
f 1775 1774 1365
f 1365 1774 1364
f 1776 1775 1366
f 1366 1775 1365
f 1777 1776 1367
f 1367 1776 1366
f 1778 1777 1368
f 1368 1777 1367
f 1779 1778 1369
f 1369 1778 1368
f 1780 1779 1370
f 1370 1779 1369
f 1781 1780 1371
f 1371 1780 1370
f 1782 1781 1372
f 1372 1781 1371
f 1783 1782 1373
f 1373 1782 1372
f 1784 1783 1374
f 1374 1783 1373
f 1785 1784 1375
f 1375 1784 1374
f 1786 1785 1376
f 1376 1785 1375
f 1787 1786 1377
f 1377 1786 1376
f 1788 1787 1378
f 1378 1787 1377
f 1789 1788 1379
f 1379 1788 1378
f 1790 1789 1380
f 1380 1789 1379
f 1791 1790 1381
f 1381 1790 1380
f 1792 1791 1382
f 1382 1791 1381
f 1793 1792 1383
f 1383 1792 1382
f 1794 1793 1384
f 1384 1793 1383
f 1795 1794 1385
f 1385 1794 1384
f 1796 1795 1386
f 1386 1795 1385
f 1797 1796 1387
f 1387 1796 1386
f 1798 1797 1388
f 1388 1797 1387
f 1799 1798 1389
f 1389 1798 1388
f 1800 1799 1390
f 1390 1799 1389
f 1801 1800 1391
f 1391 1800 1390
f 1802 1801 1392
f 1392 1801 1391
f 1803 1802 1393
f 1393 1802 1392
f 1804 1803 1394
f 1394 1803 1393
f 1805 1804 1395
f 1395 1804 1394
f 1806 1805 1396
f 1396 1805 1395
f 1807 1806 1397
f 1397 1806 1396
f 1808 1807 1398
f 1398 1807 1397
f 1809 1808 1399
f 1399 1808 1398
f 1810 1809 1400
f 1400 1809 1399
f 1811 1810 1401
f 1401 1810 1400
f 1812 1811 1402
f 1402 1811 1401
f 1813 1812 1403
f 1403 1812 1402
f 1814 1813 1404
f 1404 1813 1403
f 1815 1814 1405
f 1405 1814 1404
f 1628 1816 1218
f 1218 1816 1406
f 1816 1815 1406
f 1406 1815 1405
f 1884 1818 1817
f 1884 1883 1818
f 1883 1819 1818
f 1883 1882 1819
f 1882 1820 1819
f 1882 1881 1820
f 1881 1821 1820
f 1881 1880 1821
f 1880 1822 1821
f 1880 1879 1822
f 1879 1823 1822
f 1879 1878 1823
f 1878 1824 1823
f 1878 1877 1824
f 1877 1825 1824
f 1877 1876 1825
f 1876 1826 1825
f 1876 1875 1826
f 1875 1827 1826
f 1875 1874 1827
f 1874 1828 1827
f 1874 1873 1828
f 1873 1829 1828
f 1873 1872 1829
f 1872 1830 1829
f 1872 1871 1830
f 1871 1831 1830
f 1871 1870 1831
f 1870 1832 1831
f 1870 1869 1832
f 1869 1833 1832
f 1869 1868 1833
f 1868 1834 1833
f 1868 1867 1834
f 1867 1835 1834
f 1867 1866 1835
f 1866 1836 1835
f 1866 1865 1836
f 1865 1837 1836
f 1865 1864 1837
f 1864 1838 1837
f 1864 1863 1838
f 1863 1839 1838
f 1863 1862 1839
f 1862 1840 1839
f 1862 1861 1840
f 1861 1841 1840
f 1861 1860 1841
f 1860 1842 1841
f 1860 1859 1842
f 1859 1843 1842
f 1859 1858 1843
f 1858 1844 1843
f 1858 1857 1844
f 1857 1845 1844
f 1857 1856 1845
f 1856 1846 1845
f 1856 1855 1846
f 1855 1847 1846
f 1855 1854 1847
f 1854 1848 1847
f 1854 1853 1848
f 1853 1849 1848
f 1853 1852 1849
f 1852 1850 1849
f 1852 1851 1850
f 1885 1886 1952
f 1886 1951 1952
f 1886 1887 1951
f 1887 1950 1951
f 1887 1888 1950
f 1888 1949 1950
f 1888 1889 1949
f 1889 1948 1949
f 1889 1890 1948
f 1890 1947 1948
f 1890 1891 1947
f 1891 1946 1947
f 1891 1892 1946
f 1892 1945 1946
f 1892 1893 1945
f 1893 1944 1945
f 1893 1894 1944
f 1894 1943 1944
f 1894 1895 1943
f 1895 1942 1943
f 1895 1896 1942
f 1896 1941 1942
f 1896 1897 1941
f 1897 1940 1941
f 1897 1898 1940
f 1898 1939 1940
f 1898 1899 1939
f 1899 1938 1939
f 1899 1900 1938
f 1900 1937 1938
f 1900 1901 1937
f 1901 1936 1937
f 1901 1902 1936
f 1902 1935 1936
f 1902 1903 1935
f 1903 1934 1935
f 1903 1904 1934
f 1904 1933 1934
f 1904 1905 1933
f 1905 1932 1933
f 1905 1906 1932
f 1906 1931 1932
f 1906 1907 1931
f 1907 1930 1931
f 1907 1908 1930
f 1908 1929 1930
f 1908 1909 1929
f 1909 1928 1929
f 1909 1910 1928
f 1910 1927 1928
f 1910 1911 1927
f 1911 1926 1927
f 1911 1912 1926
f 1912 1925 1926
f 1912 1913 1925
f 1913 1924 1925
f 1913 1914 1924
f 1914 1923 1924
f 1914 1915 1923
f 1915 1922 1923
f 1915 1916 1922
f 1916 1921 1922
f 1916 1917 1921
f 1917 1920 1921
f 1917 1918 1920
f 1918 1919 1920
f 1886 1885 1818
f 1818 1885 1817
f 1887 1886 1819
f 1819 1886 1818
f 1888 1887 1820
f 1820 1887 1819
f 1889 1888 1821
f 1821 1888 1820
f 1890 1889 1822
f 1822 1889 1821
f 1891 1890 1823
f 1823 1890 1822
f 1892 1891 1824
f 1824 1891 1823
f 1893 1892 1825
f 1825 1892 1824
f 1894 1893 1826
f 1826 1893 1825
f 1895 1894 1827
f 1827 1894 1826
f 1896 1895 1828
f 1828 1895 1827
f 1897 1896 1829
f 1829 1896 1828
f 1898 1897 1830
f 1830 1897 1829
f 1899 1898 1831
f 1831 1898 1830
f 1900 1899 1832
f 1832 1899 1831
f 1901 1900 1833
f 1833 1900 1832
f 1902 1901 1834
f 1834 1901 1833
f 1903 1902 1835
f 1835 1902 1834
f 1904 1903 1836
f 1836 1903 1835
f 1905 1904 1837
f 1837 1904 1836
f 1906 1905 1838
f 1838 1905 1837
f 1907 1906 1839
f 1839 1906 1838
f 1908 1907 1840
f 1840 1907 1839
f 1909 1908 1841
f 1841 1908 1840
f 1910 1909 1842
f 1842 1909 1841
f 1911 1910 1843
f 1843 1910 1842
f 1912 1911 1844
f 1844 1911 1843
f 1913 1912 1845
f 1845 1912 1844
f 1914 1913 1846
f 1846 1913 1845
f 1915 1914 1847
f 1847 1914 1846
f 1916 1915 1848
f 1848 1915 1847
f 1917 1916 1849
f 1849 1916 1848
f 1918 1917 1850
f 1850 1917 1849
f 1919 1918 1851
f 1851 1918 1850
f 1920 1919 1852
f 1852 1919 1851
f 1921 1920 1853
f 1853 1920 1852
f 1922 1921 1854
f 1854 1921 1853
f 1923 1922 1855
f 1855 1922 1854
f 1924 1923 1856
f 1856 1923 1855
f 1925 1924 1857
f 1857 1924 1856
f 1926 1925 1858
f 1858 1925 1857
f 1927 1926 1859
f 1859 1926 1858
f 1928 1927 1860
f 1860 1927 1859
f 1929 1928 1861
f 1861 1928 1860
f 1930 1929 1862
f 1862 1929 1861
f 1931 1930 1863
f 1863 1930 1862
f 1932 1931 1864
f 1864 1931 1863
f 1933 1932 1865
f 1865 1932 1864
f 1934 1933 1866
f 1866 1933 1865
f 1935 1934 1867
f 1867 1934 1866
f 1936 1935 1868
f 1868 1935 1867
f 1937 1936 1869
f 1869 1936 1868
f 1938 1937 1870
f 1870 1937 1869
f 1939 1938 1871
f 1871 1938 1870
f 1940 1939 1872
f 1872 1939 1871
f 1941 1940 1873
f 1873 1940 1872
f 1942 1941 1874
f 1874 1941 1873
f 1943 1942 1875
f 1875 1942 1874
f 1944 1943 1876
f 1876 1943 1875
f 1945 1944 1877
f 1877 1944 1876
f 1946 1945 1878
f 1878 1945 1877
f 1947 1946 1879
f 1879 1946 1878
f 1948 1947 1880
f 1880 1947 1879
f 1949 1948 1881
f 1881 1948 1880
f 1950 1949 1882
f 1882 1949 1881
f 1951 1950 1883
f 1883 1950 1882
f 1885 1952 1817
f 1817 1952 1884
f 1952 1951 1884
f 1884 1951 1883
f 1954 1956 1953
f 1957 1954 1953
f 1953 1956 1955
f 1955 1957 1953
f 1954 1960 1956
f 1958 1954 1957
f 1958 1960 1954
f 1956 1960 1955
f 1959 1957 1955
f 1955 1960 1959
f 1959 1958 1957
f 1960 1958 1959
f 1962 1964 1961
f 1965 1962 1961
f 1961 1964 1963
f 1963 1965 1961
f 1962 1968 1964
f 1966 1962 1965
f 1966 1968 1962
f 1964 1968 1963
f 1967 1965 1963
f 1963 1968 1967
f 1967 1966 1965
f 1968 1966 1967
f 1970 1972 1969
f 1973 1970 1969
f 1969 1972 1971
f 1971 1973 1969
f 1970 1976 1972
f 1974 1970 1973
f 1974 1976 1970
f 1972 1976 1971
f 1975 1973 1971
f 1971 1976 1975
f 1975 1974 1973
f 1976 1974 1975
f 1978 1980 1977
f 1981 1978 1977
f 1977 1980 1979
f 1979 1981 1977
f 1978 1984 1980
f 1982 1978 1981
f 1982 1984 1978
f 1980 1984 1979
f 1983 1981 1979
f 1979 1984 1983
f 1983 1982 1981
f 1984 1982 1983
f 1986 1988 1985
f 1989 1986 1985
f 1985 1988 1987
f 1987 1989 1985
f 1986 1992 1988
f 1990 1986 1989
f 1990 1992 1986
f 1988 1992 1987
f 1991 1989 1987
f 1987 1992 1991
f 1991 1990 1989
f 1992 1990 1991
f 1994 1996 1993
f 1997 1994 1993
f 1993 1996 1995
f 1995 1997 1993
f 1994 2000 1996
f 1998 1994 1997
f 1998 2000 1994
f 1996 2000 1995
f 1999 1997 1995
f 1995 2000 1999
f 1999 1998 1997
f 2000 1998 1999
f 2100 2002 2001
f 2100 2099 2002
f 2099 2003 2002
f 2099 2098 2003
f 2098 2004 2003
f 2098 2097 2004
f 2097 2005 2004
f 2097 2096 2005
f 2096 2006 2005
f 2096 2095 2006
f 2095 2007 2006
f 2095 2094 2007
f 2094 2008 2007
f 2094 2093 2008
f 2093 2009 2008
f 2093 2092 2009
f 2092 2010 2009
f 2092 2091 2010
f 2091 2011 2010
f 2091 2090 2011
f 2090 2012 2011
f 2090 2089 2012
f 2089 2013 2012
f 2089 2088 2013
f 2088 2014 2013
f 2088 2087 2014
f 2087 2015 2014
f 2087 2086 2015
f 2086 2016 2015
f 2086 2085 2016
f 2085 2017 2016
f 2085 2084 2017
f 2084 2018 2017
f 2084 2083 2018
f 2083 2019 2018
f 2083 2082 2019
f 2082 2020 2019
f 2082 2081 2020
f 2081 2021 2020
f 2081 2080 2021
f 2080 2022 2021
f 2080 2079 2022
f 2079 2023 2022
f 2079 2078 2023
f 2078 2024 2023
f 2078 2077 2024
f 2077 2025 2024
f 2077 2076 2025
f 2076 2026 2025
f 2076 2075 2026
f 2075 2027 2026
f 2075 2074 2027
f 2074 2028 2027
f 2074 2073 2028
f 2073 2029 2028
f 2073 2072 2029
f 2072 2030 2029
f 2072 2071 2030
f 2071 2031 2030
f 2071 2070 2031
f 2070 2032 2031
f 2070 2069 2032
f 2069 2033 2032
f 2069 2068 2033
f 2068 2034 2033
f 2068 2067 2034
f 2067 2035 2034
f 2067 2066 2035
f 2066 2036 2035
f 2066 2065 2036
f 2065 2037 2036
f 2065 2064 2037
f 2064 2038 2037
f 2064 2063 2038
f 2063 2039 2038
f 2063 2062 2039
f 2062 2040 2039
f 2062 2061 2040
f 2061 2041 2040
f 2061 2060 2041
f 2060 2042 2041
f 2060 2059 2042
f 2059 2043 2042
f 2059 2058 2043
f 2058 2044 2043
f 2058 2057 2044
f 2057 2045 2044
f 2057 2056 2045
f 2056 2046 2045
f 2056 2055 2046
f 2055 2047 2046
f 2055 2054 2047
f 2054 2048 2047
f 2054 2053 2048
f 2053 2049 2048
f 2053 2052 2049
f 2052 2050 2049
f 2052 2051 2050
f 2101 2102 2200
f 2102 2199 2200
f 2102 2103 2199
f 2103 2198 2199
f 2103 2104 2198
f 2104 2197 2198
f 2104 2105 2197
f 2105 2196 2197
f 2105 2106 2196
f 2106 2195 2196
f 2106 2107 2195
f 2107 2194 2195
f 2107 2108 2194
f 2108 2193 2194
f 2108 2109 2193
f 2109 2192 2193
f 2109 2110 2192
f 2110 2191 2192
f 2110 2111 2191
f 2111 2190 2191
f 2111 2112 2190
f 2112 2189 2190
f 2112 2113 2189
f 2113 2188 2189
f 2113 2114 2188
f 2114 2187 2188
f 2114 2115 2187
f 2115 2186 2187
f 2115 2116 2186
f 2116 2185 2186
f 2116 2117 2185
f 2117 2184 2185
f 2117 2118 2184
f 2118 2183 2184
f 2118 2119 2183
f 2119 2182 2183
f 2119 2120 2182
f 2120 2181 2182
f 2120 2121 2181
f 2121 2180 2181
f 2121 2122 2180
f 2122 2179 2180
f 2122 2123 2179
f 2123 2178 2179
f 2123 2124 2178
f 2124 2177 2178
f 2124 2125 2177
f 2125 2176 2177
f 2125 2126 2176
f 2126 2175 2176
f 2126 2127 2175
f 2127 2174 2175
f 2127 2128 2174
f 2128 2173 2174
f 2128 2129 2173
f 2129 2172 2173
f 2129 2130 2172
f 2130 2171 2172
f 2130 2131 2171
f 2131 2170 2171
f 2131 2132 2170
f 2132 2169 2170
f 2132 2133 2169
f 2133 2168 2169
f 2133 2134 2168
f 2134 2167 2168
f 2134 2135 2167
f 2135 2166 2167
f 2135 2136 2166
f 2136 2165 2166
f 2136 2137 2165
f 2137 2164 2165
f 2137 2138 2164
f 2138 2163 2164
f 2138 2139 2163
f 2139 2162 2163
f 2139 2140 2162
f 2140 2161 2162
f 2140 2141 2161
f 2141 2160 2161
f 2141 2142 2160
f 2142 2159 2160
f 2142 2143 2159
f 2143 2158 2159
f 2143 2144 2158
f 2144 2157 2158
f 2144 2145 2157
f 2145 2156 2157
f 2145 2146 2156
f 2146 2155 2156
f 2146 2147 2155
f 2147 2154 2155
f 2147 2148 2154
f 2148 2153 2154
f 2148 2149 2153
f 2149 2152 2153
f 2149 2150 2152
f 2150 2151 2152
f 2102 2101 2002
f 2002 2101 2001
f 2103 2102 2003
f 2003 2102 2002
f 2104 2103 2004
f 2004 2103 2003
f 2105 2104 2005
f 2005 2104 2004
f 2106 2105 2006
f 2006 2105 2005
f 2107 2106 2007
f 2007 2106 2006
f 2108 2107 2008
f 2008 2107 2007
f 2109 2108 2009
f 2009 2108 2008
f 2110 2109 2010
f 2010 2109 2009
f 2111 2110 2011
f 2011 2110 2010
f 2112 2111 2012
f 2012 2111 2011
f 2113 2112 2013
f 2013 2112 2012
f 2114 2113 2014
f 2014 2113 2013
f 2115 2114 2015
f 2015 2114 2014
f 2116 2115 2016
f 2016 2115 2015
f 2117 2116 2017
f 2017 2116 2016
f 2118 2117 2018
f 2018 2117 2017
f 2119 2118 2019
f 2019 2118 2018
f 2120 2119 2020
f 2020 2119 2019
f 2121 2120 2021
f 2021 2120 2020
f 2122 2121 2022
f 2022 2121 2021
f 2123 2122 2023
f 2023 2122 2022
f 2124 2123 2024
f 2024 2123 2023
f 2125 2124 2025
f 2025 2124 2024
f 2126 2125 2026
f 2026 2125 2025
f 2127 2126 2027
f 2027 2126 2026
f 2128 2127 2028
f 2028 2127 2027
f 2129 2128 2029
f 2029 2128 2028
f 2130 2129 2030
f 2030 2129 2029
f 2131 2130 2031
f 2031 2130 2030
f 2132 2131 2032
f 2032 2131 2031
f 2133 2132 2033
f 2033 2132 2032
f 2134 2133 2034
f 2034 2133 2033
f 2135 2134 2035
f 2035 2134 2034
f 2136 2135 2036
f 2036 2135 2035
f 2137 2136 2037
f 2037 2136 2036
f 2138 2137 2038
f 2038 2137 2037
f 2139 2138 2039
f 2039 2138 2038
f 2140 2139 2040
f 2040 2139 2039
f 2141 2140 2041
f 2041 2140 2040
f 2142 2141 2042
f 2042 2141 2041
f 2143 2142 2043
f 2043 2142 2042
f 2144 2143 2044
f 2044 2143 2043
f 2145 2144 2045
f 2045 2144 2044
f 2146 2145 2046
f 2046 2145 2045
f 2147 2146 2047
f 2047 2146 2046
f 2148 2147 2048
f 2048 2147 2047
f 2149 2148 2049
f 2049 2148 2048
f 2150 2149 2050
f 2050 2149 2049
f 2151 2150 2051
f 2051 2150 2050
f 2152 2151 2052
f 2052 2151 2051
f 2153 2152 2053
f 2053 2152 2052
f 2154 2153 2054
f 2054 2153 2053
f 2155 2154 2055
f 2055 2154 2054
f 2156 2155 2056
f 2056 2155 2055
f 2157 2156 2057
f 2057 2156 2056
f 2158 2157 2058
f 2058 2157 2057
f 2159 2158 2059
f 2059 2158 2058
f 2160 2159 2060
f 2060 2159 2059
f 2161 2160 2061
f 2061 2160 2060
f 2162 2161 2062
f 2062 2161 2061
f 2163 2162 2063
f 2063 2162 2062
f 2164 2163 2064
f 2064 2163 2063
f 2165 2164 2065
f 2065 2164 2064
f 2166 2165 2066
f 2066 2165 2065
f 2167 2166 2067
f 2067 2166 2066
f 2168 2167 2068
f 2068 2167 2067
f 2169 2168 2069
f 2069 2168 2068
f 2170 2169 2070
f 2070 2169 2069
f 2171 2170 2071
f 2071 2170 2070
f 2172 2171 2072
f 2072 2171 2071
f 2173 2172 2073
f 2073 2172 2072
f 2174 2173 2074
f 2074 2173 2073
f 2175 2174 2075
f 2075 2174 2074
f 2176 2175 2076
f 2076 2175 2075
f 2177 2176 2077
f 2077 2176 2076
f 2178 2177 2078
f 2078 2177 2077
f 2179 2178 2079
f 2079 2178 2078
f 2180 2179 2080
f 2080 2179 2079
f 2181 2180 2081
f 2081 2180 2080
f 2182 2181 2082
f 2082 2181 2081
f 2183 2182 2083
f 2083 2182 2082
f 2184 2183 2084
f 2084 2183 2083
f 2185 2184 2085
f 2085 2184 2084
f 2186 2185 2086
f 2086 2185 2085
f 2187 2186 2087
f 2087 2186 2086
f 2188 2187 2088
f 2088 2187 2087
f 2189 2188 2089
f 2089 2188 2088
f 2190 2189 2090
f 2090 2189 2089
f 2191 2190 2091
f 2091 2190 2090
f 2192 2191 2092
f 2092 2191 2091
f 2193 2192 2093
f 2093 2192 2092
f 2194 2193 2094
f 2094 2193 2093
f 2195 2194 2095
f 2095 2194 2094
f 2196 2195 2096
f 2096 2195 2095
f 2197 2196 2097
f 2097 2196 2096
f 2198 2197 2098
f 2098 2197 2097
f 2199 2198 2099
f 2099 2198 2098
f 2101 2200 2001
f 2001 2200 2100
f 2200 2199 2100
f 2100 2199 2099
f 2201 2202 2208
f 2202 2203 2208
f 2201 2213 2202
f 2202 2213 2203
f 2203 2213 2205
f 2201 2207 2213
f 2204 2205 2206
f 2203 2205 2211
f 2204 2211 2205
f 2204 2206 2212
f 2205 2213 2206
f 2201 2208 2207
f 2203 2209 2208
f 2203 2211 2209
f 2207 2208 2209
f 2207 2209 2224
f 2204 2210 2211
f 2204 2212 2210
f 2206 2224 2212
f 2209 2211 2224
f 2210 2224 2211
f 2210 2212 2224
f 2206 2213 2214
f 2213 2215 2214
f 2213 2219 2215
f 2206 2214 2216
f 2206 2216 2217
f 2206 2217 2218
f 2206 2218 2224
f 2218 2217 2223
f 2207 2219 2213
f 2207 2221 2219
f 2207 2220 2221
f 2207 2222 2220
f 2219 2221 2215
f 2207 2224 2222
f 2218 2223 2224
f 2224 2223 2222
f 2215 2220 2214
f 2214 2220 2216
f 2216 2223 2217
f 2215 2221 2220
f 2216 2220 2222
f 2216 2222 2223
f 2226 2225 2229
f 2226 2229 2227
f 2227 2229 2230
f 2227 2230 2228
f 2229 2225 2231
f 2229 2231 2230
f 2230 2231 2232
f 2230 2232 2228
f 2231 2225 2233
f 2231 2233 2232
f 2232 2233 2234
f 2232 2234 2228
f 2233 2225 2235
f 2233 2235 2234
f 2234 2235 2236
f 2234 2236 2228
f 2235 2225 2237
f 2235 2237 2236
f 2236 2237 2238
f 2236 2238 2228
f 2237 2225 2239
f 2237 2239 2238
f 2238 2239 2240
f 2238 2240 2228
f 2239 2225 2241
f 2239 2241 2240
f 2240 2241 2242
f 2240 2242 2228
f 2241 2225 2243
f 2241 2243 2242
f 2242 2243 2244
f 2242 2244 2228
f 2243 2225 2245
f 2243 2245 2244
f 2244 2245 2246
f 2244 2246 2228
f 2245 2225 2247
f 2245 2247 2246
f 2246 2247 2248
f 2246 2248 2228
f 2247 2225 2249
f 2247 2249 2248
f 2248 2249 2250
f 2248 2250 2228
f 2249 2225 2251
f 2249 2251 2250
f 2250 2251 2252
f 2250 2252 2228
f 2251 2225 2253
f 2251 2253 2252
f 2252 2253 2254
f 2252 2254 2228
f 2253 2225 2255
f 2253 2255 2254
f 2254 2255 2256
f 2254 2256 2228
f 2255 2225 2257
f 2255 2257 2256
f 2256 2257 2258
f 2256 2258 2228
f 2257 2225 2259
f 2257 2259 2258
f 2258 2259 2260
f 2258 2260 2228
f 2259 2225 2261
f 2259 2261 2260
f 2260 2261 2262
f 2260 2262 2228
f 2261 2225 2263
f 2261 2263 2262
f 2262 2263 2264
f 2262 2264 2228
f 2263 2225 2265
f 2263 2265 2264
f 2264 2265 2266
f 2264 2266 2228
f 2265 2225 2267
f 2265 2267 2266
f 2266 2267 2268
f 2266 2268 2228
f 2267 2225 2269
f 2267 2269 2268
f 2268 2269 2270
f 2268 2270 2228
f 2269 2225 2271
f 2269 2271 2270
f 2270 2271 2272
f 2270 2272 2228
f 2271 2225 2273
f 2271 2273 2272
f 2272 2273 2274
f 2272 2274 2228
f 2273 2225 2275
f 2273 2275 2274
f 2274 2275 2276
f 2274 2276 2228
f 2275 2225 2277
f 2275 2277 2276
f 2276 2277 2278
f 2276 2278 2228
f 2277 2225 2279
f 2277 2279 2278
f 2278 2279 2280
f 2278 2280 2228
f 2279 2225 2281
f 2279 2281 2280
f 2280 2281 2282
f 2280 2282 2228
f 2281 2225 2283
f 2281 2283 2282
f 2282 2283 2284
f 2282 2284 2228
f 2283 2225 2285
f 2283 2285 2284
f 2284 2285 2286
f 2284 2286 2228
f 2285 2225 2287
f 2285 2287 2286
f 2286 2287 2288
f 2286 2288 2228
f 2287 2225 2289
f 2287 2289 2288
f 2288 2289 2290
f 2288 2290 2228
f 2289 2225 2226
f 2289 2226 2290
f 2290 2226 2227
f 2290 2227 2228

