# https://github.com/mikedh/trimesh
v 0.00000000 -48.15000153 0.00000000 0.27843137 0.33333333 0.41176471
v 0.00000000 -37.75000000 3.00000000 0.27843137 0.33333333 0.41176471
v 1.00000000 -37.75000000 3.00000000 0.27843137 0.33333333 0.41176471
v 0.00000000 -34.25000000 3.00000000 0.27843137 0.33333333 0.41176471
v 1.00000000 -34.25000000 3.00000000 0.27843137 0.33333333 0.41176471
v 0.00000000 -25.75000000 3.00000000 0.27843137 0.33333333 0.41176471
v 1.00000000 -25.75000000 3.00000000 0.27843137 0.33333333 0.41176471
v 0.00000000 -48.15000153 38.09000015 0.27843137 0.33333333 0.41176471
v 0.00000000 -37.75000000 35.09000015 0.27843137 0.33333333 0.41176471
v 1.00000000 -37.75000000 35.09000015 0.27843137 0.33333333 0.41176471
v 0.00000000 -34.25000000 35.09000015 0.27843137 0.33333333 0.41176471
v 1.00000000 -34.25000000 35.09000015 0.27843137 0.33333333 0.41176471
v 0.00000000 -25.75000000 35.09000015 0.27843137 0.33333333 0.41176471
v 1.00000000 -25.75000000 35.09000015 0.27843137 0.33333333 0.41176471
v 0.00000000 -22.25000000 3.00000000 0.27843137 0.33333333 0.41176471
v 1.00000000 -22.25000000 3.00000000 0.27843137 0.33333333 0.41176471
v 0.00000000 -13.75000000 3.00000000 0.27843137 0.33333333 0.41176471
v 1.00000000 -13.75000000 3.00000000 0.27843137 0.33333333 0.41176471
v 0.00000000 -10.25000000 3.00000000 0.27843137 0.33333333 0.41176471
v 1.00000000 -10.25000000 3.00000000 0.27843137 0.33333333 0.41176471
v 0.00000000 0.00000000 0.00000000 0.27843137 0.33333333 0.41176471
v 15.00000000 -2.00000000 0.00000000 0.27843137 0.33333333 0.41176471
v 15.00000000 0.00000000 0.00000000 0.27843137 0.33333333 0.41176471
v 15.00000000 -2.00000000 10.00000000 0.27843137 0.33333333 0.41176471
v 15.00000000 0.00000000 10.00000000 0.27843137 0.33333333 0.41176471
v 37.00000000 -2.00000000 0.00000000 0.27843137 0.33333333 0.41176471
v 37.00000000 0.00000000 0.00000000 0.27843137 0.33333333 0.41176471
v 37.00000000 -2.00000000 10.00000000 0.27843137 0.33333333 0.41176471
v 37.00000000 0.00000000 10.00000000 0.27843137 0.33333333 0.41176471
v 0.00000000 -22.25000000 35.09000015 0.27843137 0.33333333 0.41176471
v 1.00000000 -22.25000000 35.09000015 0.27843137 0.33333333 0.41176471
v 0.00000000 -13.75000000 35.09000015 0.27843137 0.33333333 0.41176471
v 1.00000000 -13.75000000 35.09000015 0.27843137 0.33333333 0.41176471
v 0.00000000 -10.25000000 35.09000015 0.27843137 0.33333333 0.41176471
v 1.00000000 -10.25000000 35.09000015 0.27843137 0.33333333 0.41176471
v 0.00000000 0.00000000 38.09000015 0.27843137 0.33333333 0.41176471
v 111.75000000 -48.15000153 0.00000000 0.27843137 0.33333333 0.41176471
v 111.75000000 -48.15000153 38.09000015 0.27843137 0.33333333 0.41176471
v 111.75000000 0.00000000 0.00000000 0.27843137 0.33333333 0.41176471
v 111.75000000 0.00000000 38.09000015 0.27843137 0.33333333 0.41176471
v -2.00000000 -60.60000000 38.09000000 0.18431373 0.24705882 0.33725490
v -2.00000000 -60.60000000 42.67000000 0.18431373 0.24705882 0.33725490
v -2.00000000 1.50000000 38.09000000 0.18431373 0.24705882 0.33725490
v -2.00000000 1.50000000 42.67000000 0.18431373 0.24705882 0.33725490
v 113.75000000 -60.60000000 38.09000000 0.18431373 0.24705882 0.33725490
v 113.75000000 -60.60000000 42.67000000 0.18431373 0.24705882 0.33725490
v 113.75000000 1.50000000 38.09000000 0.18431373 0.24705882 0.33725490
v 113.75000000 1.50000000 42.67000000 0.18431373 0.24705882 0.33725490
v 21.00000000 0.00000000 31.59000000 0.39215686 0.45490196 0.54509804
v 21.00000000 0.00000000 40.59000000 0.39215686 0.45490196 0.54509804
v 21.00000000 2.50000000 31.59000000 0.39215686 0.45490196 0.54509804
v 21.00000000 2.50000000 40.59000000 0.39215686 0.45490196 0.54509804
v 31.00000000 0.00000000 31.59000000 0.39215686 0.45490196 0.54509804
v 31.00000000 0.00000000 40.59000000 0.39215686 0.45490196 0.54509804
v 31.00000000 2.50000000 31.59000000 0.39215686 0.45490196 0.54509804
v 31.00000000 2.50000000 40.59000000 0.39215686 0.45490196 0.54509804
v 80.00000000 0.00000000 31.59000000 0.39215686 0.45490196 0.54509804
v 80.00000000 0.00000000 40.59000000 0.39215686 0.45490196 0.54509804
v 80.00000000 2.50000000 31.59000000 0.39215686 0.45490196 0.54509804
v 80.00000000 2.50000000 40.59000000 0.39215686 0.45490196 0.54509804
v 90.00000000 0.00000000 31.59000000 0.39215686 0.45490196 0.54509804
v 90.00000000 0.00000000 40.59000000 0.39215686 0.45490196 0.54509804
v 90.00000000 2.50000000 31.59000000 0.39215686 0.45490196 0.54509804
v 90.00000000 2.50000000 40.59000000 0.39215686 0.45490196 0.54509804
v 19.47500000 -28.85000000 -22.37000000 0.11764706 0.16078431 0.23137255
v 32.52500000 -28.85000000 -22.37000000 0.11764706 0.16078431 0.23137255
v 33.17903129 -28.82858923 -22.37000000 0.11764706 0.16078431 0.23137255
v 33.83026192 -28.76444861 -22.37000000 0.11764706 0.16078431 0.23137255
v 34.47590322 -28.65785280 -22.37000000 0.11764706 0.16078431 0.23137255
v 35.11319045 -28.50925826 -22.37000000 0.11764706 0.16078431 0.23137255
v 35.73939465 -28.31930129 -22.37000000 0.11764706 0.16078431 0.23137255
v 36.35183432 -28.08879533 -22.37000000 0.11764706 0.16078431 0.23137255
v 36.94788690 -27.81872742 -22.37000000 0.11764706 0.16078431 0.23137255
v 37.52500000 -27.51025404 -22.37000000 0.11764706 0.16078431 0.23137255
v 38.08070233 -27.16469612 -22.37000000 0.11764706 0.16078431 0.23137255
v 38.61261429 -26.78353340 -22.37000000 0.11764706 0.16078431 0.23137255
v 39.11845815 -26.36839807 -22.37000000 0.11764706 0.16078431 0.23137255
v 39.59606781 -25.92106781 -22.37000000 0.11764706 0.16078431 0.23137255
v 40.04339807 -25.44345815 -22.37000000 0.11764706 0.16078431 0.23137255
v 40.45853340 -24.93761429 -22.37000000 0.11764706 0.16078431 0.23137255
v 40.83969612 -24.40570233 -22.37000000 0.11764706 0.16078431 0.23137255
v 41.18525404 -23.85000000 -22.37000000 0.11764706 0.16078431 0.23137255
v 41.49372742 -23.27288690 -22.37000000 0.11764706 0.16078431 0.23137255
v 41.76379533 -22.67683432 -22.37000000 0.11764706 0.16078431 0.23137255
v 41.99430129 -22.06439465 -22.37000000 0.11764706 0.16078431 0.23137255
v 42.18425826 -21.43819045 -22.37000000 0.11764706 0.16078431 0.23137255
v 42.33285280 -20.80090322 -22.37000000 0.11764706 0.16078431 0.23137255
v 42.43944861 -20.15526192 -22.37000000 0.11764706 0.16078431 0.23137255
v 42.50358923 -19.50403129 -22.37000000 0.11764706 0.16078431 0.23137255
v 42.52500000 -18.85000000 -22.37000000 0.11764706 0.16078431 0.23137255
v 42.52500000 -16.15000000 -22.37000000 0.11764706 0.16078431 0.23137255
v 42.50358923 -15.49596871 -22.37000000 0.11764706 0.16078431 0.23137255
v 42.43944861 -14.84473808 -22.37000000 0.11764706 0.16078431 0.23137255
v 42.33285280 -14.19909678 -22.37000000 0.11764706 0.16078431 0.23137255
v 42.18425826 -13.56180955 -22.37000000 0.11764706 0.16078431 0.23137255
v 41.99430129 -12.93560535 -22.37000000 0.11764706 0.16078431 0.23137255
v 41.76379533 -12.32316568 -22.37000000 0.11764706 0.16078431 0.23137255
v 41.49372742 -11.72711310 -22.37000000 0.11764706 0.16078431 0.23137255
v 41.18525404 -11.15000000 -22.37000000 0.11764706 0.16078431 0.23137255
v 40.83969612 -10.59429767 -22.37000000 0.11764706 0.16078431 0.23137255
v 40.45853340 -10.06238571 -22.37000000 0.11764706 0.16078431 0.23137255
v 40.04339807 -9.55654185 -22.37000000 0.11764706 0.16078431 0.23137255
v 39.59606781 -9.07893219 -22.37000000 0.11764706 0.16078431 0.23137255
v 39.11845815 -8.63160193 -22.37000000 0.11764706 0.16078431 0.23137255
v 38.61261429 -8.21646660 -22.37000000 0.11764706 0.16078431 0.23137255
v 38.08070233 -7.83530388 -22.37000000 0.11764706 0.16078431 0.23137255
v 37.52500000 -7.48974596 -22.37000000 0.11764706 0.16078431 0.23137255
v 36.94788690 -7.18127258 -22.37000000 0.11764706 0.16078431 0.23137255
v 36.35183432 -6.91120467 -22.37000000 0.11764706 0.16078431 0.23137255
v 35.73939465 -6.68069871 -22.37000000 0.11764706 0.16078431 0.23137255
v 35.11319045 -6.49074174 -22.37000000 0.11764706 0.16078431 0.23137255
v 34.47590322 -6.34214720 -22.37000000 0.11764706 0.16078431 0.23137255
v 33.83026192 -6.23555139 -22.37000000 0.11764706 0.16078431 0.23137255
v 33.17903129 -6.17141077 -22.37000000 0.11764706 0.16078431 0.23137255
v 32.52500000 -6.15000000 -22.37000000 0.11764706 0.16078431 0.23137255
v 19.47500000 -6.15000000 -22.37000000 0.11764706 0.16078431 0.23137255
v 18.82096871 -6.17141077 -22.37000000 0.11764706 0.16078431 0.23137255
v 18.16973808 -6.23555139 -22.37000000 0.11764706 0.16078431 0.23137255
v 17.52409678 -6.34214720 -22.37000000 0.11764706 0.16078431 0.23137255
v 16.88680955 -6.49074174 -22.37000000 0.11764706 0.16078431 0.23137255
v 16.26060535 -6.68069871 -22.37000000 0.11764706 0.16078431 0.23137255
v 15.64816568 -6.91120467 -22.37000000 0.11764706 0.16078431 0.23137255
v 15.05211310 -7.18127258 -22.37000000 0.11764706 0.16078431 0.23137255
v 14.47500000 -7.48974596 -22.37000000 0.11764706 0.16078431 0.23137255
v 13.91929767 -7.83530388 -22.37000000 0.11764706 0.16078431 0.23137255
v 13.38738571 -8.21646660 -22.37000000 0.11764706 0.16078431 0.23137255
v 12.88154185 -8.63160193 -22.37000000 0.11764706 0.16078431 0.23137255
v 12.40393219 -9.07893219 -22.37000000 0.11764706 0.16078431 0.23137255
v 11.95660193 -9.55654185 -22.37000000 0.11764706 0.16078431 0.23137255
v 11.54146660 -10.06238571 -22.37000000 0.11764706 0.16078431 0.23137255
v 11.16030388 -10.59429767 -22.37000000 0.11764706 0.16078431 0.23137255
v 10.81474596 -11.15000000 -22.37000000 0.11764706 0.16078431 0.23137255
v 10.50627258 -11.72711310 -22.37000000 0.11764706 0.16078431 0.23137255
v 10.23620467 -12.32316568 -22.37000000 0.11764706 0.16078431 0.23137255
v 10.00569871 -12.93560535 -22.37000000 0.11764706 0.16078431 0.23137255
v 9.81574174 -13.56180955 -22.37000000 0.11764706 0.16078431 0.23137255
v 9.66714720 -14.19909678 -22.37000000 0.11764706 0.16078431 0.23137255
v 9.56055139 -14.84473808 -22.37000000 0.11764706 0.16078431 0.23137255
v 9.49641077 -15.49596871 -22.37000000 0.11764706 0.16078431 0.23137255
v 9.47500000 -16.15000000 -22.37000000 0.11764706 0.16078431 0.23137255
v 9.47500000 -18.85000000 -22.37000000 0.11764706 0.16078431 0.23137255
v 9.49641077 -19.50403129 -22.37000000 0.11764706 0.16078431 0.23137255
v 9.56055139 -20.15526192 -22.37000000 0.11764706 0.16078431 0.23137255
v 9.66714720 -20.80090322 -22.37000000 0.11764706 0.16078431 0.23137255
v 9.81574174 -21.43819045 -22.37000000 0.11764706 0.16078431 0.23137255
v 10.00569871 -22.06439465 -22.37000000 0.11764706 0.16078431 0.23137255
v 10.23620467 -22.67683432 -22.37000000 0.11764706 0.16078431 0.23137255
v 10.50627258 -23.27288690 -22.37000000 0.11764706 0.16078431 0.23137255
v 10.81474596 -23.85000000 -22.37000000 0.11764706 0.16078431 0.23137255
v 11.16030388 -24.40570233 -22.37000000 0.11764706 0.16078431 0.23137255
v 11.54146660 -24.93761429 -22.37000000 0.11764706 0.16078431 0.23137255
v 11.95660193 -25.44345815 -22.37000000 0.11764706 0.16078431 0.23137255
v 12.40393219 -25.92106781 -22.37000000 0.11764706 0.16078431 0.23137255
v 12.88154185 -26.36839807 -22.37000000 0.11764706 0.16078431 0.23137255
v 13.38738571 -26.78353340 -22.37000000 0.11764706 0.16078431 0.23137255
v 13.91929767 -27.16469612 -22.37000000 0.11764706 0.16078431 0.23137255
v 14.47500000 -27.51025404 -22.37000000 0.11764706 0.16078431 0.23137255
v 15.05211310 -27.81872742 -22.37000000 0.11764706 0.16078431 0.23137255
v 15.64816568 -28.08879533 -22.37000000 0.11764706 0.16078431 0.23137255
v 16.26060535 -28.31930129 -22.37000000 0.11764706 0.16078431 0.23137255
v 16.88680955 -28.50925826 -22.37000000 0.11764706 0.16078431 0.23137255
v 17.52409678 -28.65785280 -22.37000000 0.11764706 0.16078431 0.23137255
v 18.16973808 -28.76444861 -22.37000000 0.11764706 0.16078431 0.23137255
v 18.82096871 -28.82858923 -22.37000000 0.11764706 0.16078431 0.23137255
v 33.06130566 -27.03244317 -22.37000000 0.11764706 0.16078431 0.23137255
v 32.52500000 -27.05000000 -22.37000000 0.11764706 0.16078431 0.23137255
v 19.47500000 -27.05000000 -22.37000000 0.11764706 0.16078431 0.23137255
v 18.93869434 -27.03244317 -22.37000000 0.11764706 0.16078431 0.23137255
v 18.40468522 -26.97984786 -22.37000000 0.11764706 0.16078431 0.23137255
v 17.87525936 -26.89243930 -22.37000000 0.11764706 0.16078431 0.23137255
v 17.35268383 -26.77059178 -22.37000000 0.11764706 0.16078431 0.23137255
v 16.83919638 -26.61482706 -22.37000000 0.11764706 0.16078431 0.23137255
v 16.33699585 -26.42581217 -22.37000000 0.11764706 0.16078431 0.23137255
v 15.84823274 -26.20435648 -22.37000000 0.11764706 0.16078431 0.23137255
v 15.37500000 -25.95140831 -22.37000000 0.11764706 0.16078431 0.23137255
v 14.91932409 -25.66805082 -22.37000000 0.11764706 0.16078431 0.23137255
v 14.48315628 -25.35549739 -22.37000000 0.11764706 0.16078431 0.23137255
v 14.06836432 -25.01508642 -22.37000000 0.11764706 0.16078431 0.23137255
v 13.67672439 -24.64827561 -22.37000000 0.11764706 0.16078431 0.23137255
v 13.30991358 -24.25663568 -22.37000000 0.11764706 0.16078431 0.23137255
v 12.96950261 -23.84184372 -22.37000000 0.11764706 0.16078431 0.23137255
v 12.65694918 -23.40567591 -22.37000000 0.11764706 0.16078431 0.23137255
v 12.37359169 -22.95000000 -22.37000000 0.11764706 0.16078431 0.23137255
v 12.12064352 -22.47676726 -22.37000000 0.11764706 0.16078431 0.23137255
v 11.89918783 -21.98800415 -22.37000000 0.11764706 0.16078431 0.23137255
v 11.71017294 -21.48580362 -22.37000000 0.11764706 0.16078431 0.23137255
v 11.55440822 -20.97231617 -22.37000000 0.11764706 0.16078431 0.23137255
v 11.43256070 -20.44974064 -22.37000000 0.11764706 0.16078431 0.23137255
v 11.34515214 -19.92031478 -22.37000000 0.11764706 0.16078431 0.23137255
v 11.29255683 -19.38630566 -22.37000000 0.11764706 0.16078431 0.23137255
v 11.27500000 -18.85000000 -22.37000000 0.11764706 0.16078431 0.23137255
v 11.27500000 -16.15000000 -22.37000000 0.11764706 0.16078431 0.23137255
v 11.29255683 -15.61369434 -22.37000000 0.11764706 0.16078431 0.23137255
v 11.34515214 -15.07968522 -22.37000000 0.11764706 0.16078431 0.23137255
v 11.43256070 -14.55025936 -22.37000000 0.11764706 0.16078431 0.23137255
v 11.55440822 -14.02768383 -22.37000000 0.11764706 0.16078431 0.23137255
v 11.71017294 -13.51419638 -22.37000000 0.11764706 0.16078431 0.23137255
v 11.89918783 -13.01199585 -22.37000000 0.11764706 0.16078431 0.23137255
v 12.12064352 -12.52323274 -22.37000000 0.11764706 0.16078431 0.23137255
v 12.37359169 -12.05000000 -22.37000000 0.11764706 0.16078431 0.23137255
v 12.65694918 -11.59432409 -22.37000000 0.11764706 0.16078431 0.23137255
v 12.96950261 -11.15815628 -22.37000000 0.11764706 0.16078431 0.23137255
v 13.30991358 -10.74336432 -22.37000000 0.11764706 0.16078431 0.23137255
v 13.67672439 -10.35172439 -22.37000000 0.11764706 0.16078431 0.23137255
v 14.06836432 -9.98491358 -22.37000000 0.11764706 0.16078431 0.23137255
v 14.48315628 -9.64450261 -22.37000000 0.11764706 0.16078431 0.23137255
v 14.91932409 -9.33194918 -22.37000000 0.11764706 0.16078431 0.23137255
v 15.37500000 -9.04859169 -22.37000000 0.11764706 0.16078431 0.23137255
v 15.84823274 -8.79564352 -22.37000000 0.11764706 0.16078431 0.23137255
v 16.33699585 -8.57418783 -22.37000000 0.11764706 0.16078431 0.23137255
v 16.83919638 -8.38517294 -22.37000000 0.11764706 0.16078431 0.23137255
v 17.35268383 -8.22940822 -22.37000000 0.11764706 0.16078431 0.23137255
v 17.87525936 -8.10756070 -22.37000000 0.11764706 0.16078431 0.23137255
v 18.40468522 -8.02015214 -22.37000000 0.11764706 0.16078431 0.23137255
v 18.93869434 -7.96755683 -22.37000000 0.11764706 0.16078431 0.23137255
v 19.47500000 -7.95000000 -22.37000000 0.11764706 0.16078431 0.23137255
v 32.52500000 -7.95000000 -22.37000000 0.11764706 0.16078431 0.23137255
v 33.06130566 -7.96755683 -22.37000000 0.11764706 0.16078431 0.23137255
v 33.59531478 -8.02015214 -22.37000000 0.11764706 0.16078431 0.23137255
v 34.12474064 -8.10756070 -22.37000000 0.11764706 0.16078431 0.23137255
v 34.64731617 -8.22940822 -22.37000000 0.11764706 0.16078431 0.23137255
v 35.16080362 -8.38517294 -22.37000000 0.11764706 0.16078431 0.23137255
v 35.66300415 -8.57418783 -22.37000000 0.11764706 0.16078431 0.23137255
v 36.15176726 -8.79564352 -22.37000000 0.11764706 0.16078431 0.23137255
v 36.62500000 -9.04859169 -22.37000000 0.11764706 0.16078431 0.23137255
v 37.08067591 -9.33194918 -22.37000000 0.11764706 0.16078431 0.23137255
v 37.51684372 -9.64450261 -22.37000000 0.11764706 0.16078431 0.23137255
v 37.93163568 -9.98491358 -22.37000000 0.11764706 0.16078431 0.23137255
v 38.32327561 -10.35172439 -22.37000000 0.11764706 0.16078431 0.23137255
v 38.69008642 -10.74336432 -22.37000000 0.11764706 0.16078431 0.23137255
v 39.03049739 -11.15815628 -22.37000000 0.11764706 0.16078431 0.23137255
v 39.34305082 -11.59432409 -22.37000000 0.11764706 0.16078431 0.23137255
v 39.62640831 -12.05000000 -22.37000000 0.11764706 0.16078431 0.23137255
v 39.87935648 -12.52323274 -22.37000000 0.11764706 0.16078431 0.23137255
v 40.10081217 -13.01199585 -22.37000000 0.11764706 0.16078431 0.23137255
v 40.28982706 -13.51419638 -22.37000000 0.11764706 0.16078431 0.23137255
v 40.44559178 -14.02768383 -22.37000000 0.11764706 0.16078431 0.23137255
v 40.56743930 -14.55025936 -22.37000000 0.11764706 0.16078431 0.23137255
v 40.65484786 -15.07968522 -22.37000000 0.11764706 0.16078431 0.23137255
v 40.70744317 -15.61369434 -22.37000000 0.11764706 0.16078431 0.23137255
v 40.72500000 -16.15000000 -22.37000000 0.11764706 0.16078431 0.23137255
v 40.72500000 -18.85000000 -22.37000000 0.11764706 0.16078431 0.23137255
v 40.70744317 -19.38630566 -22.37000000 0.11764706 0.16078431 0.23137255
v 40.65484786 -19.92031478 -22.37000000 0.11764706 0.16078431 0.23137255
v 40.56743930 -20.44974064 -22.37000000 0.11764706 0.16078431 0.23137255
v 40.44559178 -20.97231617 -22.37000000 0.11764706 0.16078431 0.23137255
v 40.28982706 -21.48580362 -22.37000000 0.11764706 0.16078431 0.23137255
v 40.10081217 -21.98800415 -22.37000000 0.11764706 0.16078431 0.23137255
v 39.87935648 -22.47676726 -22.37000000 0.11764706 0.16078431 0.23137255
v 39.62640831 -22.95000000 -22.37000000 0.11764706 0.16078431 0.23137255
v 39.34305082 -23.40567591 -22.37000000 0.11764706 0.16078431 0.23137255
v 39.03049739 -23.84184372 -22.37000000 0.11764706 0.16078431 0.23137255
v 38.69008642 -24.25663568 -22.37000000 0.11764706 0.16078431 0.23137255
v 38.32327561 -24.64827561 -22.37000000 0.11764706 0.16078431 0.23137255
v 37.93163568 -25.01508642 -22.37000000 0.11764706 0.16078431 0.23137255
v 37.51684372 -25.35549739 -22.37000000 0.11764706 0.16078431 0.23137255
v 37.08067591 -25.66805082 -22.37000000 0.11764706 0.16078431 0.23137255
v 36.62500000 -25.95140831 -22.37000000 0.11764706 0.16078431 0.23137255
v 36.15176726 -26.20435648 -22.37000000 0.11764706 0.16078431 0.23137255
v 35.66300415 -26.42581217 -22.37000000 0.11764706 0.16078431 0.23137255
v 35.16080362 -26.61482706 -22.37000000 0.11764706 0.16078431 0.23137255
v 34.64731617 -26.77059178 -22.37000000 0.11764706 0.16078431 0.23137255
v 34.12474064 -26.89243930 -22.37000000 0.11764706 0.16078431 0.23137255
v 33.59531478 -26.97984786 -22.37000000 0.11764706 0.16078431 0.23137255
v 19.47500000 -28.85000000 0.00000000 0.11764706 0.16078431 0.23137255
v 32.52500000 -28.85000000 0.00000000 0.11764706 0.16078431 0.23137255
v 33.17903129 -28.82858923 0.00000000 0.11764706 0.16078431 0.23137255
v 33.83026192 -28.76444861 0.00000000 0.11764706 0.16078431 0.23137255
v 34.47590322 -28.65785280 0.00000000 0.11764706 0.16078431 0.23137255
v 35.11319045 -28.50925826 0.00000000 0.11764706 0.16078431 0.23137255
v 35.73939465 -28.31930129 0.00000000 0.11764706 0.16078431 0.23137255
v 36.35183432 -28.08879533 0.00000000 0.11764706 0.16078431 0.23137255
v 36.94788690 -27.81872742 0.00000000 0.11764706 0.16078431 0.23137255
v 37.52500000 -27.51025404 0.00000000 0.11764706 0.16078431 0.23137255
v 38.08070233 -27.16469612 0.00000000 0.11764706 0.16078431 0.23137255
v 38.61261429 -26.78353340 0.00000000 0.11764706 0.16078431 0.23137255
v 39.11845815 -26.36839807 0.00000000 0.11764706 0.16078431 0.23137255
v 39.59606781 -25.92106781 0.00000000 0.11764706 0.16078431 0.23137255
v 40.04339807 -25.44345815 0.00000000 0.11764706 0.16078431 0.23137255
v 40.45853340 -24.93761429 0.00000000 0.11764706 0.16078431 0.23137255
v 40.83969612 -24.40570233 0.00000000 0.11764706 0.16078431 0.23137255
v 41.18525404 -23.85000000 0.00000000 0.11764706 0.16078431 0.23137255
v 41.49372742 -23.27288690 0.00000000 0.11764706 0.16078431 0.23137255
v 41.76379533 -22.67683432 0.00000000 0.11764706 0.16078431 0.23137255
v 41.99430129 -22.06439465 0.00000000 0.11764706 0.16078431 0.23137255
v 42.18425826 -21.43819045 0.00000000 0.11764706 0.16078431 0.23137255
v 42.33285280 -20.80090322 0.00000000 0.11764706 0.16078431 0.23137255
v 42.43944861 -20.15526192 0.00000000 0.11764706 0.16078431 0.23137255
v 42.50358923 -19.50403129 0.00000000 0.11764706 0.16078431 0.23137255
v 42.52500000 -18.85000000 0.00000000 0.11764706 0.16078431 0.23137255
v 42.52500000 -16.15000000 0.00000000 0.11764706 0.16078431 0.23137255
v 42.50358923 -15.49596871 0.00000000 0.11764706 0.16078431 0.23137255
v 42.43944861 -14.84473808 0.00000000 0.11764706 0.16078431 0.23137255
v 42.33285280 -14.19909678 0.00000000 0.11764706 0.16078431 0.23137255
v 42.18425826 -13.56180955 0.00000000 0.11764706 0.16078431 0.23137255
v 41.99430129 -12.93560535 0.00000000 0.11764706 0.16078431 0.23137255
v 41.76379533 -12.32316568 0.00000000 0.11764706 0.16078431 0.23137255
v 41.49372742 -11.72711310 0.00000000 0.11764706 0.16078431 0.23137255
v 41.18525404 -11.15000000 0.00000000 0.11764706 0.16078431 0.23137255
v 40.83969612 -10.59429767 0.00000000 0.11764706 0.16078431 0.23137255
v 40.45853340 -10.06238571 0.00000000 0.11764706 0.16078431 0.23137255
v 40.04339807 -9.55654185 0.00000000 0.11764706 0.16078431 0.23137255
v 39.59606781 -9.07893219 0.00000000 0.11764706 0.16078431 0.23137255
v 39.11845815 -8.63160193 0.00000000 0.11764706 0.16078431 0.23137255
v 38.61261429 -8.21646660 0.00000000 0.11764706 0.16078431 0.23137255
v 38.08070233 -7.83530388 0.00000000 0.11764706 0.16078431 0.23137255
v 37.52500000 -7.48974596 0.00000000 0.11764706 0.16078431 0.23137255
v 36.94788690 -7.18127258 0.00000000 0.11764706 0.16078431 0.23137255
v 36.35183432 -6.91120467 0.00000000 0.11764706 0.16078431 0.23137255
v 35.73939465 -6.68069871 0.00000000 0.11764706 0.16078431 0.23137255
v 35.11319045 -6.49074174 0.00000000 0.11764706 0.16078431 0.23137255
v 34.47590322 -6.34214720 0.00000000 0.11764706 0.16078431 0.23137255
v 33.83026192 -6.23555139 0.00000000 0.11764706 0.16078431 0.23137255
v 33.17903129 -6.17141077 0.00000000 0.11764706 0.16078431 0.23137255
v 32.52500000 -6.15000000 0.00000000 0.11764706 0.16078431 0.23137255
v 19.47500000 -6.15000000 0.00000000 0.11764706 0.16078431 0.23137255
v 18.82096871 -6.17141077 0.00000000 0.11764706 0.16078431 0.23137255
v 18.16973808 -6.23555139 0.00000000 0.11764706 0.16078431 0.23137255
v 17.52409678 -6.34214720 0.00000000 0.11764706 0.16078431 0.23137255
v 16.88680955 -6.49074174 0.00000000 0.11764706 0.16078431 0.23137255
v 16.26060535 -6.68069871 0.00000000 0.11764706 0.16078431 0.23137255
v 15.64816568 -6.91120467 0.00000000 0.11764706 0.16078431 0.23137255
v 15.05211310 -7.18127258 0.00000000 0.11764706 0.16078431 0.23137255
v 14.47500000 -7.48974596 0.00000000 0.11764706 0.16078431 0.23137255
v 13.91929767 -7.83530388 0.00000000 0.11764706 0.16078431 0.23137255
v 13.38738571 -8.21646660 0.00000000 0.11764706 0.16078431 0.23137255
v 12.88154185 -8.63160193 0.00000000 0.11764706 0.16078431 0.23137255
v 12.40393219 -9.07893219 0.00000000 0.11764706 0.16078431 0.23137255
v 11.95660193 -9.55654185 0.00000000 0.11764706 0.16078431 0.23137255
v 11.54146660 -10.06238571 0.00000000 0.11764706 0.16078431 0.23137255
v 11.16030388 -10.59429767 0.00000000 0.11764706 0.16078431 0.23137255
v 10.81474596 -11.15000000 0.00000000 0.11764706 0.16078431 0.23137255
v 10.50627258 -11.72711310 0.00000000 0.11764706 0.16078431 0.23137255
v 10.23620467 -12.32316568 0.00000000 0.11764706 0.16078431 0.23137255
v 10.00569871 -12.93560535 0.00000000 0.11764706 0.16078431 0.23137255
v 9.81574174 -13.56180955 0.00000000 0.11764706 0.16078431 0.23137255
v 9.66714720 -14.19909678 0.00000000 0.11764706 0.16078431 0.23137255
v 9.56055139 -14.84473808 0.00000000 0.11764706 0.16078431 0.23137255
v 9.49641077 -15.49596871 0.00000000 0.11764706 0.16078431 0.23137255
v 9.47500000 -16.15000000 0.00000000 0.11764706 0.16078431 0.23137255
v 9.47500000 -18.85000000 0.00000000 0.11764706 0.16078431 0.23137255
v 9.49641077 -19.50403129 0.00000000 0.11764706 0.16078431 0.23137255
v 9.56055139 -20.15526192 0.00000000 0.11764706 0.16078431 0.23137255
v 9.66714720 -20.80090322 0.00000000 0.11764706 0.16078431 0.23137255
v 9.81574174 -21.43819045 0.00000000 0.11764706 0.16078431 0.23137255
v 10.00569871 -22.06439465 0.00000000 0.11764706 0.16078431 0.23137255
v 10.23620467 -22.67683432 0.00000000 0.11764706 0.16078431 0.23137255
v 10.50627258 -23.27288690 0.00000000 0.11764706 0.16078431 0.23137255
v 10.81474596 -23.85000000 0.00000000 0.11764706 0.16078431 0.23137255
v 11.16030388 -24.40570233 0.00000000 0.11764706 0.16078431 0.23137255
v 11.54146660 -24.93761429 0.00000000 0.11764706 0.16078431 0.23137255
v 11.95660193 -25.44345815 0.00000000 0.11764706 0.16078431 0.23137255
v 12.40393219 -25.92106781 0.00000000 0.11764706 0.16078431 0.23137255
v 12.88154185 -26.36839807 0.00000000 0.11764706 0.16078431 0.23137255
v 13.38738571 -26.78353340 0.00000000 0.11764706 0.16078431 0.23137255
v 13.91929767 -27.16469612 0.00000000 0.11764706 0.16078431 0.23137255
v 14.47500000 -27.51025404 0.00000000 0.11764706 0.16078431 0.23137255
v 15.05211310 -27.81872742 0.00000000 0.11764706 0.16078431 0.23137255
v 15.64816568 -28.08879533 0.00000000 0.11764706 0.16078431 0.23137255
v 16.26060535 -28.31930129 0.00000000 0.11764706 0.16078431 0.23137255
v 16.88680955 -28.50925826 0.00000000 0.11764706 0.16078431 0.23137255
v 17.52409678 -28.65785280 0.00000000 0.11764706 0.16078431 0.23137255
v 18.16973808 -28.76444861 0.00000000 0.11764706 0.16078431 0.23137255
v 18.82096871 -28.82858923 0.00000000 0.11764706 0.16078431 0.23137255
v 33.06130566 -27.03244317 0.00000000 0.11764706 0.16078431 0.23137255
v 32.52500000 -27.05000000 0.00000000 0.11764706 0.16078431 0.23137255
v 19.47500000 -27.05000000 0.00000000 0.11764706 0.16078431 0.23137255
v 18.93869434 -27.03244317 0.00000000 0.11764706 0.16078431 0.23137255
v 18.40468522 -26.97984786 0.00000000 0.11764706 0.16078431 0.23137255
v 17.87525936 -26.89243930 0.00000000 0.11764706 0.16078431 0.23137255
v 17.35268383 -26.77059178 0.00000000 0.11764706 0.16078431 0.23137255
v 16.83919638 -26.61482706 0.00000000 0.11764706 0.16078431 0.23137255
v 16.33699585 -26.42581217 0.00000000 0.11764706 0.16078431 0.23137255
v 15.84823274 -26.20435648 0.00000000 0.11764706 0.16078431 0.23137255
v 15.37500000 -25.95140831 0.00000000 0.11764706 0.16078431 0.23137255
v 14.91932409 -25.66805082 0.00000000 0.11764706 0.16078431 0.23137255
v 14.48315628 -25.35549739 0.00000000 0.11764706 0.16078431 0.23137255
v 14.06836432 -25.01508642 0.00000000 0.11764706 0.16078431 0.23137255
v 13.67672439 -24.64827561 0.00000000 0.11764706 0.16078431 0.23137255
v 13.30991358 -24.25663568 0.00000000 0.11764706 0.16078431 0.23137255
v 12.96950261 -23.84184372 0.00000000 0.11764706 0.16078431 0.23137255
v 12.65694918 -23.40567591 0.00000000 0.11764706 0.16078431 0.23137255
v 12.37359169 -22.95000000 0.00000000 0.11764706 0.16078431 0.23137255
v 12.12064352 -22.47676726 0.00000000 0.11764706 0.16078431 0.23137255
v 11.89918783 -21.98800415 0.00000000 0.11764706 0.16078431 0.23137255
v 11.71017294 -21.48580362 0.00000000 0.11764706 0.16078431 0.23137255
v 11.55440822 -20.97231617 0.00000000 0.11764706 0.16078431 0.23137255
v 11.43256070 -20.44974064 0.00000000 0.11764706 0.16078431 0.23137255
v 11.34515214 -19.92031478 0.00000000 0.11764706 0.16078431 0.23137255
v 11.29255683 -19.38630566 0.00000000 0.11764706 0.16078431 0.23137255
v 11.27500000 -18.85000000 0.00000000 0.11764706 0.16078431 0.23137255
v 11.27500000 -16.15000000 0.00000000 0.11764706 0.16078431 0.23137255
v 11.29255683 -15.61369434 0.00000000 0.11764706 0.16078431 0.23137255
v 11.34515214 -15.07968522 0.00000000 0.11764706 0.16078431 0.23137255
v 11.43256070 -14.55025936 0.00000000 0.11764706 0.16078431 0.23137255
v 11.55440822 -14.02768383 0.00000000 0.11764706 0.16078431 0.23137255
v 11.71017294 -13.51419638 0.00000000 0.11764706 0.16078431 0.23137255
v 11.89918783 -13.01199585 0.00000000 0.11764706 0.16078431 0.23137255
v 12.12064352 -12.52323274 0.00000000 0.11764706 0.16078431 0.23137255
v 12.37359169 -12.05000000 0.00000000 0.11764706 0.16078431 0.23137255
v 12.65694918 -11.59432409 0.00000000 0.11764706 0.16078431 0.23137255
v 12.96950261 -11.15815628 0.00000000 0.11764706 0.16078431 0.23137255
v 13.30991358 -10.74336432 0.00000000 0.11764706 0.16078431 0.23137255
v 13.67672439 -10.35172439 0.00000000 0.11764706 0.16078431 0.23137255
v 14.06836432 -9.98491358 0.00000000 0.11764706 0.16078431 0.23137255
v 14.48315628 -9.64450261 0.00000000 0.11764706 0.16078431 0.23137255
v 14.91932409 -9.33194918 0.00000000 0.11764706 0.16078431 0.23137255
v 15.37500000 -9.04859169 0.00000000 0.11764706 0.16078431 0.23137255
v 15.84823274 -8.79564352 0.00000000 0.11764706 0.16078431 0.23137255
v 16.33699585 -8.57418783 0.00000000 0.11764706 0.16078431 0.23137255
v 16.83919638 -8.38517294 0.00000000 0.11764706 0.16078431 0.23137255
v 17.35268383 -8.22940822 0.00000000 0.11764706 0.16078431 0.23137255
v 17.87525936 -8.10756070 0.00000000 0.11764706 0.16078431 0.23137255
v 18.40468522 -8.02015214 0.00000000 0.11764706 0.16078431 0.23137255
v 18.93869434 -7.96755683 0.00000000 0.11764706 0.16078431 0.23137255
v 19.47500000 -7.95000000 0.00000000 0.11764706 0.16078431 0.23137255
v 32.52500000 -7.95000000 0.00000000 0.11764706 0.16078431 0.23137255
v 33.06130566 -7.96755683 0.00000000 0.11764706 0.16078431 0.23137255
v 33.59531478 -8.02015214 0.00000000 0.11764706 0.16078431 0.23137255
v 34.12474064 -8.10756070 0.00000000 0.11764706 0.16078431 0.23137255
v 34.64731617 -8.22940822 0.00000000 0.11764706 0.16078431 0.23137255
v 35.16080362 -8.38517294 0.00000000 0.11764706 0.16078431 0.23137255
v 35.66300415 -8.57418783 0.00000000 0.11764706 0.16078431 0.23137255
v 36.15176726 -8.79564352 0.00000000 0.11764706 0.16078431 0.23137255
v 36.62500000 -9.04859169 0.00000000 0.11764706 0.16078431 0.23137255
v 37.08067591 -9.33194918 0.00000000 0.11764706 0.16078431 0.23137255
v 37.51684372 -9.64450261 0.00000000 0.11764706 0.16078431 0.23137255
v 37.93163568 -9.98491358 0.00000000 0.11764706 0.16078431 0.23137255
v 38.32327561 -10.35172439 0.00000000 0.11764706 0.16078431 0.23137255
v 38.69008642 -10.74336432 0.00000000 0.11764706 0.16078431 0.23137255
v 39.03049739 -11.15815628 0.00000000 0.11764706 0.16078431 0.23137255
v 39.34305082 -11.59432409 0.00000000 0.11764706 0.16078431 0.23137255
v 39.62640831 -12.05000000 0.00000000 0.11764706 0.16078431 0.23137255
v 39.87935648 -12.52323274 0.00000000 0.11764706 0.16078431 0.23137255
v 40.10081217 -13.01199585 0.00000000 0.11764706 0.16078431 0.23137255
v 40.28982706 -13.51419638 0.00000000 0.11764706 0.16078431 0.23137255
v 40.44559178 -14.02768383 0.00000000 0.11764706 0.16078431 0.23137255
v 40.56743930 -14.55025936 0.00000000 0.11764706 0.16078431 0.23137255
v 40.65484786 -15.07968522 0.00000000 0.11764706 0.16078431 0.23137255
v 40.70744317 -15.61369434 0.00000000 0.11764706 0.16078431 0.23137255
v 40.72500000 -16.15000000 0.00000000 0.11764706 0.16078431 0.23137255
v 40.72500000 -18.85000000 0.00000000 0.11764706 0.16078431 0.23137255
v 40.70744317 -19.38630566 0.00000000 0.11764706 0.16078431 0.23137255
v 40.65484786 -19.92031478 0.00000000 0.11764706 0.16078431 0.23137255
v 40.56743930 -20.44974064 0.00000000 0.11764706 0.16078431 0.23137255
v 40.44559178 -20.97231617 0.00000000 0.11764706 0.16078431 0.23137255
v 40.28982706 -21.48580362 0.00000000 0.11764706 0.16078431 0.23137255
v 40.10081217 -21.98800415 0.00000000 0.11764706 0.16078431 0.23137255
v 39.87935648 -22.47676726 0.00000000 0.11764706 0.16078431 0.23137255
v 39.62640831 -22.95000000 0.00000000 0.11764706 0.16078431 0.23137255
v 39.34305082 -23.40567591 0.00000000 0.11764706 0.16078431 0.23137255
v 39.03049739 -23.84184372 0.00000000 0.11764706 0.16078431 0.23137255
v 38.69008642 -24.25663568 0.00000000 0.11764706 0.16078431 0.23137255
v 38.32327561 -24.64827561 0.00000000 0.11764706 0.16078431 0.23137255
v 37.93163568 -25.01508642 0.00000000 0.11764706 0.16078431 0.23137255
v 37.51684372 -25.35549739 0.00000000 0.11764706 0.16078431 0.23137255
v 37.08067591 -25.66805082 0.00000000 0.11764706 0.16078431 0.23137255
v 36.62500000 -25.95140831 0.00000000 0.11764706 0.16078431 0.23137255
v 36.15176726 -26.20435648 0.00000000 0.11764706 0.16078431 0.23137255
v 35.66300415 -26.42581217 0.00000000 0.11764706 0.16078431 0.23137255
v 35.16080362 -26.61482706 0.00000000 0.11764706 0.16078431 0.23137255
v 34.64731617 -26.77059178 0.00000000 0.11764706 0.16078431 0.23137255
v 34.12474064 -26.89243930 0.00000000 0.11764706 0.16078431 0.23137255
v 33.59531478 -26.97984786 0.00000000 0.11764706 0.16078431 0.23137255
v 40.10000000 -17.50000000 -21.00000000 0.20000000 0.25490196 0.33333333
v 40.10000000 -17.50000000 -1.00000000 0.20000000 0.25490196 0.33333333
v 40.10000000 -13.50000000 -21.00000000 0.20000000 0.25490196 0.33333333
v 40.10000000 -13.50000000 -1.00000000 0.20000000 0.25490196 0.33333333
v 42.90000000 -17.50000000 -21.00000000 0.20000000 0.25490196 0.33333333
v 42.90000000 -17.50000000 -1.00000000 0.20000000 0.25490196 0.33333333
v 42.90000000 -13.50000000 -21.00000000 0.20000000 0.25490196 0.33333333
v 42.90000000 -13.50000000 -1.00000000 0.20000000 0.25490196 0.33333333
v 17.25000000 -29.10000000 -19.00000000 0.20000000 0.25490196 0.33333333
v 17.25000000 -29.10000000 -3.00000000 0.20000000 0.25490196 0.33333333
v 17.25000000 -26.60000000 -19.00000000 0.20000000 0.25490196 0.33333333
v 17.25000000 -26.60000000 -3.00000000 0.20000000 0.25490196 0.33333333
v 21.75000000 -29.10000000 -19.00000000 0.20000000 0.25490196 0.33333333
v 21.75000000 -29.10000000 -3.00000000 0.20000000 0.25490196 0.33333333
v 21.75000000 -26.60000000 -19.00000000 0.20000000 0.25490196 0.33333333
v 21.75000000 -26.60000000 -3.00000000 0.20000000 0.25490196 0.33333333
v 25.00000000 -6.15000000 -15.39000000 0.93725490 0.26666667 0.26666667
v 25.00000000 -6.15000000 -11.89000000 0.93725490 0.26666667 0.26666667
v 25.00000000 -3.45000000 -15.39000000 0.93725490 0.26666667 0.26666667
v 25.00000000 -3.45000000 -11.89000000 0.93725490 0.26666667 0.26666667
v 27.00000000 -6.15000000 -15.39000000 0.93725490 0.26666667 0.26666667
v 27.00000000 -6.15000000 -11.89000000 0.93725490 0.26666667 0.26666667
v 27.00000000 -3.45000000 -15.39000000 0.93725490 0.26666667 0.26666667
v 27.00000000 -3.45000000 -11.89000000 0.93725490 0.26666667 0.26666667
v 19.10000000 -6.15000000 -20.00000000 0.11764706 0.16078431 0.23137255
v 19.10000000 -6.15000000 -6.00000000 0.11764706 0.16078431 0.23137255
v 19.10000000 -3.95000000 -20.00000000 0.11764706 0.16078431 0.23137255
v 19.10000000 -3.95000000 -6.00000000 0.11764706 0.16078431 0.23137255
v 20.90000000 -6.15000000 -20.00000000 0.11764706 0.16078431 0.23137255
v 20.90000000 -6.15000000 -6.00000000 0.11764706 0.16078431 0.23137255
v 20.90000000 -3.95000000 -20.00000000 0.11764706 0.16078431 0.23137255
v 20.90000000 -3.95000000 -6.00000000 0.11764706 0.16078431 0.23137255
v 31.10000000 -6.15000000 -20.00000000 0.11764706 0.16078431 0.23137255
v 31.10000000 -6.15000000 -6.00000000 0.11764706 0.16078431 0.23137255
v 31.10000000 -3.95000000 -20.00000000 0.11764706 0.16078431 0.23137255
v 31.10000000 -3.95000000 -6.00000000 0.11764706 0.16078431 0.23137255
v 32.90000000 -6.15000000 -20.00000000 0.11764706 0.16078431 0.23137255
v 32.90000000 -6.15000000 -6.00000000 0.11764706 0.16078431 0.23137255
v 32.90000000 -3.95000000 -20.00000000 0.11764706 0.16078431 0.23137255
v 32.90000000 -3.95000000 -6.00000000 0.11764706 0.16078431 0.23137255
v 16.85000000 -17.90000000 -17.00000000 0.91764706 0.70196078 0.03137255
v 16.85000000 -17.90000000 -2.00000000 0.91764706 0.70196078 0.03137255
v 16.85000000 -17.10000000 -17.00000000 0.91764706 0.70196078 0.03137255
v 16.85000000 -17.10000000 -2.00000000 0.91764706 0.70196078 0.03137255
v 23.15000000 -17.90000000 -17.00000000 0.91764706 0.70196078 0.03137255
v 23.15000000 -17.90000000 -2.00000000 0.91764706 0.70196078 0.03137255
v 23.15000000 -17.10000000 -17.00000000 0.91764706 0.70196078 0.03137255
v 23.15000000 -17.10000000 -2.00000000 0.91764706 0.70196078 0.03137255
v 28.85000000 -17.90000000 -17.00000000 0.91764706 0.70196078 0.03137255
v 28.85000000 -17.90000000 -2.00000000 0.91764706 0.70196078 0.03137255
v 28.85000000 -17.10000000 -17.00000000 0.91764706 0.70196078 0.03137255
v 28.85000000 -17.10000000 -2.00000000 0.91764706 0.70196078 0.03137255
v 35.15000000 -17.90000000 -17.00000000 0.91764706 0.70196078 0.03137255
v 35.15000000 -17.90000000 -2.00000000 0.91764706 0.70196078 0.03137255
v 35.15000000 -17.10000000 -17.00000000 0.91764706 0.70196078 0.03137255
v 35.15000000 -17.10000000 -2.00000000 0.91764706 0.70196078 0.03137255
v 46.52500153 -50.07500076 -13.00000000 0.79607843 0.83529412 0.88235294
v 46.52500153 -37.19495392 3.83713150 0.79607843 0.83529412 0.88235294
v 46.52500153 -37.34834671 4.40959597 0.79607843 0.83529412 0.88235294
v 46.52500153 -37.40000153 5.00000000 0.79607843 0.83529412 0.88235294
v 46.52500153 -37.34834671 5.59040403 0.79607843 0.83529412 0.88235294
v 46.52500153 -37.19495392 6.16286850 0.79607843 0.83529412 0.88235294
v 46.52500153 -36.18547821 2.39544892 0.79607843 0.83529412 0.88235294
v 46.52500153 -35.70000076 2.05551362 0.79607843 0.83529412 0.88235294
v 46.52500153 -36.94448471 3.29999995 0.79607843 0.83529412 0.88235294
v 46.52500153 -36.60454941 2.81452203 0.79607843 0.83529412 0.88235294
v 46.52500153 -35.16286850 1.80504513 0.79607843 0.83529412 0.88235294
v 46.52500153 -34.59040451 1.65165365 0.79607843 0.83529412 0.88235294
v 46.52500153 -34.00000000 1.60000002 0.79607843 0.83529412 0.88235294
v 46.52500153 -36.94448471 6.69999981 0.79607843 0.83529412 0.88235294
v 46.52500153 -36.60454941 7.18547773 0.79607843 0.83529412 0.88235294
v 46.52500153 -36.18547821 7.60455132 0.79607843 0.83529412 0.88235294
v 46.52500153 -35.70000076 7.94448614 0.79607843 0.83529412 0.88235294
v 46.52500153 -33.40959549 1.65165365 0.79607843 0.83529412 0.88235294
v 46.52500153 -32.83713150 1.80504513 0.79607843 0.83529412 0.88235294
v 46.52500153 -32.29999924 2.05551362 0.79607843 0.83529412 0.88235294
v 46.52500153 -31.81452179 2.39544892 0.79607843 0.83529412 0.88235294
v 46.52500153 -31.39544868 2.81452203 0.79607843 0.83529412 0.88235294
v 46.52500153 -31.05551338 3.29999995 0.79607843 0.83529412 0.88235294
v 46.52500153 -30.80504417 3.83713150 0.79607843 0.83529412 0.88235294
v 46.52500153 -30.65165329 4.40959597 0.79607843 0.83529412 0.88235294
v 46.52500153 -32.29999924 7.94448614 0.79607843 0.83529412 0.88235294
v 46.52500153 -30.60000038 5.00000000 0.79607843 0.83529412 0.88235294
v 46.52500153 -30.65165329 5.59040403 0.79607843 0.83529412 0.88235294
v 46.52500153 -30.80504417 6.16286850 0.79607843 0.83529412 0.88235294
v 46.52500153 -31.81452179 7.60455132 0.79607843 0.83529412 0.88235294
v 46.52500153 -31.39544868 7.18547773 0.79607843 0.83529412 0.88235294
v 46.52500153 -31.05551338 6.69999981 0.79607843 0.83529412 0.88235294
v 46.52500153 -35.16286850 8.19495487 0.79607843 0.83529412 0.88235294
v 46.52500153 -34.59040451 8.34834671 0.79607843 0.83529412 0.88235294
v 46.52500153 -34.00000000 8.39999962 0.79607843 0.83529412 0.88235294
v 46.52500153 -33.40959549 8.34834671 0.79607843 0.83529412 0.88235294
v 46.52500153 -32.83713150 8.19495487 0.79607843 0.83529412 0.88235294
v 46.52500153 -50.07500076 43.00000000 0.79607843 0.83529412 0.88235294
v 46.52500153 1.92499995 -13.00000000 0.79607843 0.83529412 0.88235294
v 46.52500153 -16.94448662 18.29999924 0.79607843 0.83529412 0.88235294
v 46.52500153 -16.18547821 17.39544868 0.79607843 0.83529412 0.88235294
v 46.52500153 -16.60455132 17.81452179 0.79607843 0.83529412 0.88235294
v 46.52500153 -14.59040356 16.65165329 0.79607843 0.83529412 0.88235294
v 46.52500153 -15.69999981 17.05551338 0.79607843 0.83529412 0.88235294
v 46.52500153 -15.16286850 16.80504417 0.79607843 0.83529412 0.88235294
v 46.52500153 -17.19495583 18.83713150 0.79607843 0.83529412 0.88235294
v 46.52500153 -17.34834671 19.40959549 0.79607843 0.83529412 0.88235294
v 46.52500153 -17.39999962 20.00000000 0.79607843 0.83529412 0.88235294
v 46.52500153 -17.34834671 20.59040451 0.79607843 0.83529412 0.88235294
v 46.52500153 -17.19495583 21.16286850 0.79607843 0.83529412 0.88235294
v 46.52500153 -16.94448662 21.70000076 0.79607843 0.83529412 0.88235294
v 46.52500153 -14.00000000 16.60000038 0.79607843 0.83529412 0.88235294
v 46.52500153 -13.40959644 16.65165329 0.79607843 0.83529412 0.88235294
v 46.52500153 -12.83713150 16.80504417 0.79607843 0.83529412 0.88235294
v 46.52500153 -12.30000019 17.05551338 0.79607843 0.83529412 0.88235294
v 46.52500153 -11.81452179 17.39544868 0.79607843 0.83529412 0.88235294
v 46.52500153 -11.39544868 17.81452179 0.79607843 0.83529412 0.88235294
v 46.52500153 -16.60455132 22.18547821 0.79607843 0.83529412 0.88235294
v 46.52500153 -16.18547821 22.60455132 0.79607843 0.83529412 0.88235294
v 46.52500153 -15.69999981 22.94448662 0.79607843 0.83529412 0.88235294
v 46.52500153 -15.16286850 23.19495583 0.79607843 0.83529412 0.88235294
v 46.52500153 -14.59040356 23.34834671 0.79607843 0.83529412 0.88235294
v 46.52500153 -14.00000000 23.39999962 0.79607843 0.83529412 0.88235294
v 46.52500153 -13.40959644 23.34834671 0.79607843 0.83529412 0.88235294
v 46.52500153 -12.83713150 23.19495583 0.79607843 0.83529412 0.88235294
v 46.52500153 -12.30000019 22.94448662 0.79607843 0.83529412 0.88235294
v 46.52500153 -11.81452179 22.60455132 0.79607843 0.83529412 0.88235294
v 46.52500153 -11.39544868 22.18547821 0.79607843 0.83529412 0.88235294
v 46.52500153 -11.05551338 18.29999924 0.79607843 0.83529412 0.88235294
v 46.52500153 -10.80504513 18.83713150 0.79607843 0.83529412 0.88235294
v 46.52500153 -10.65165329 19.40959549 0.79607843 0.83529412 0.88235294
v 46.52500153 -10.60000038 20.00000000 0.79607843 0.83529412 0.88235294
v 46.52500153 -10.65165329 20.59040451 0.79607843 0.83529412 0.88235294
v 46.52500153 -10.80504513 21.16286850 0.79607843 0.83529412 0.88235294
v 46.52500153 -11.05551338 21.70000076 0.79607843 0.83529412 0.88235294
v 46.52500153 1.92499995 43.00000000 0.79607843 0.83529412 0.88235294
v 49.02500153 -50.07500076 -13.00000000 0.79607843 0.83529412 0.88235294
v 49.02500153 -37.19495392 3.83713150 0.79607843 0.83529412 0.88235294
v 49.02500153 -37.34834671 4.40959597 0.79607843 0.83529412 0.88235294
v 49.02500153 -37.40000153 5.00000000 0.79607843 0.83529412 0.88235294
v 49.02500153 -37.34834671 5.59040403 0.79607843 0.83529412 0.88235294
v 49.02500153 -37.19495392 6.16286850 0.79607843 0.83529412 0.88235294
v 49.02500153 -36.18547821 2.39544892 0.79607843 0.83529412 0.88235294
v 49.02500153 -35.70000076 2.05551362 0.79607843 0.83529412 0.88235294
v 49.02500153 -36.94448471 3.29999995 0.79607843 0.83529412 0.88235294
v 49.02500153 -36.60454941 2.81452203 0.79607843 0.83529412 0.88235294
v 49.02500153 -35.16286850 1.80504513 0.79607843 0.83529412 0.88235294
v 49.02500153 -34.59040451 1.65165365 0.79607843 0.83529412 0.88235294
v 49.02500153 -34.00000000 1.60000002 0.79607843 0.83529412 0.88235294
v 49.02500153 -36.94448471 6.69999981 0.79607843 0.83529412 0.88235294
v 49.02500153 -36.60454941 7.18547773 0.79607843 0.83529412 0.88235294
v 49.02500153 -36.18547821 7.60455132 0.79607843 0.83529412 0.88235294
v 49.02500153 -35.70000076 7.94448614 0.79607843 0.83529412 0.88235294
v 49.02500153 -33.40959549 1.65165365 0.79607843 0.83529412 0.88235294
v 49.02500153 -32.83713150 1.80504513 0.79607843 0.83529412 0.88235294
v 49.02500153 -32.29999924 2.05551362 0.79607843 0.83529412 0.88235294
v 49.02500153 -31.81452179 2.39544892 0.79607843 0.83529412 0.88235294
v 49.02500153 -31.39544868 2.81452203 0.79607843 0.83529412 0.88235294
v 49.02500153 -31.05551338 3.29999995 0.79607843 0.83529412 0.88235294
v 49.02500153 -30.80504417 3.83713150 0.79607843 0.83529412 0.88235294
v 49.02500153 -30.65165329 4.40959597 0.79607843 0.83529412 0.88235294
v 49.02500153 -32.29999924 7.94448614 0.79607843 0.83529412 0.88235294
v 49.02500153 -30.60000038 5.00000000 0.79607843 0.83529412 0.88235294
v 49.02500153 -30.65165329 5.59040403 0.79607843 0.83529412 0.88235294
v 49.02500153 -30.80504417 6.16286850 0.79607843 0.83529412 0.88235294
v 49.02500153 -31.81452179 7.60455132 0.79607843 0.83529412 0.88235294
v 49.02500153 -31.39544868 7.18547773 0.79607843 0.83529412 0.88235294
v 49.02500153 -31.05551338 6.69999981 0.79607843 0.83529412 0.88235294
v 49.02500153 -35.16286850 8.19495487 0.79607843 0.83529412 0.88235294
v 49.02500153 -34.59040451 8.34834671 0.79607843 0.83529412 0.88235294
v 49.02500153 -34.00000000 8.39999962 0.79607843 0.83529412 0.88235294
v 49.02500153 -33.40959549 8.34834671 0.79607843 0.83529412 0.88235294
v 49.02500153 -32.83713150 8.19495487 0.79607843 0.83529412 0.88235294
v 49.02500153 -50.07500076 43.00000000 0.79607843 0.83529412 0.88235294
v 49.02500153 1.92499995 -13.00000000 0.79607843 0.83529412 0.88235294
v 49.02500153 -16.94448662 18.29999924 0.79607843 0.83529412 0.88235294
v 49.02500153 -16.18547821 17.39544868 0.79607843 0.83529412 0.88235294
v 49.02500153 -16.60455132 17.81452179 0.79607843 0.83529412 0.88235294
v 49.02500153 -14.59040356 16.65165329 0.79607843 0.83529412 0.88235294
v 49.02500153 -15.69999981 17.05551338 0.79607843 0.83529412 0.88235294
v 49.02500153 -15.16286850 16.80504417 0.79607843 0.83529412 0.88235294
v 49.02500153 -17.19495583 18.83713150 0.79607843 0.83529412 0.88235294
v 49.02500153 -17.34834671 19.40959549 0.79607843 0.83529412 0.88235294
v 49.02500153 -17.39999962 20.00000000 0.79607843 0.83529412 0.88235294
v 49.02500153 -17.34834671 20.59040451 0.79607843 0.83529412 0.88235294
v 49.02500153 -17.19495583 21.16286850 0.79607843 0.83529412 0.88235294
v 49.02500153 -16.94448662 21.70000076 0.79607843 0.83529412 0.88235294
v 49.02500153 -14.00000000 16.60000038 0.79607843 0.83529412 0.88235294
v 49.02500153 -13.40959644 16.65165329 0.79607843 0.83529412 0.88235294
v 49.02500153 -12.83713150 16.80504417 0.79607843 0.83529412 0.88235294
v 49.02500153 -12.30000019 17.05551338 0.79607843 0.83529412 0.88235294
v 49.02500153 -11.81452179 17.39544868 0.79607843 0.83529412 0.88235294
v 49.02500153 -11.39544868 17.81452179 0.79607843 0.83529412 0.88235294
v 49.02500153 -16.60455132 22.18547821 0.79607843 0.83529412 0.88235294
v 49.02500153 -16.18547821 22.60455132 0.79607843 0.83529412 0.88235294
v 49.02500153 -15.69999981 22.94448662 0.79607843 0.83529412 0.88235294
v 49.02500153 -15.16286850 23.19495583 0.79607843 0.83529412 0.88235294
v 49.02500153 -14.59040356 23.34834671 0.79607843 0.83529412 0.88235294
v 49.02500153 -14.00000000 23.39999962 0.79607843 0.83529412 0.88235294
v 49.02500153 -13.40959644 23.34834671 0.79607843 0.83529412 0.88235294
v 49.02500153 -12.83713150 23.19495583 0.79607843 0.83529412 0.88235294
v 49.02500153 -12.30000019 22.94448662 0.79607843 0.83529412 0.88235294
v 49.02500153 -11.81452179 22.60455132 0.79607843 0.83529412 0.88235294
v 49.02500153 -11.39544868 22.18547821 0.79607843 0.83529412 0.88235294
v 49.02500153 -11.05551338 18.29999924 0.79607843 0.83529412 0.88235294
v 49.02500153 -10.80504513 18.83713150 0.79607843 0.83529412 0.88235294
v 49.02500153 -10.65165329 19.40959549 0.79607843 0.83529412 0.88235294
v 49.02500153 -10.60000038 20.00000000 0.79607843 0.83529412 0.88235294
v 49.02500153 -10.65165329 20.59040451 0.79607843 0.83529412 0.88235294
v 49.02500153 -10.80504513 21.16286850 0.79607843 0.83529412 0.88235294
v 49.02500153 -11.05551338 21.70000076 0.79607843 0.83529412 0.88235294
v 49.02500153 1.92499995 43.00000000 0.79607843 0.83529412 0.88235294
v 49.02500000 -43.07500000 26.50000000 0.88627451 0.90980392 0.94117647
v 49.02500000 -43.07500000 29.50000000 0.88627451 0.90980392 0.94117647
v 49.02500000 -5.07500000 26.50000000 0.88627451 0.90980392 0.94117647
v 49.02500000 -5.07500000 29.50000000 0.88627451 0.90980392 0.94117647
v 50.22500000 -43.07500000 26.50000000 0.88627451 0.90980392 0.94117647
v 50.22500000 -43.07500000 29.50000000 0.88627451 0.90980392 0.94117647
v 50.22500000 -5.07500000 26.50000000 0.88627451 0.90980392 0.94117647
v 50.22500000 -5.07500000 29.50000000 0.88627451 0.90980392 0.94117647
v 49.02500000 -43.07500000 10.50000000 0.88627451 0.90980392 0.94117647
v 49.02500000 -43.07500000 13.50000000 0.88627451 0.90980392 0.94117647
v 49.02500000 -5.07500000 10.50000000 0.88627451 0.90980392 0.94117647
v 49.02500000 -5.07500000 13.50000000 0.88627451 0.90980392 0.94117647
v 50.22500000 -43.07500000 10.50000000 0.88627451 0.90980392 0.94117647
v 50.22500000 -43.07500000 13.50000000 0.88627451 0.90980392 0.94117647
v 50.22500000 -5.07500000 10.50000000 0.88627451 0.90980392 0.94117647
v 50.22500000 -5.07500000 13.50000000 0.88627451 0.90980392 0.94117647
v 43.52500000 -9.00000000 35.50000000 0.11764706 0.16078431 0.23137255
v 43.52500000 -9.00000000 40.50000000 0.11764706 0.16078431 0.23137255
v 43.52500000 -3.00000000 35.50000000 0.11764706 0.16078431 0.23137255
v 43.52500000 -3.00000000 40.50000000 0.11764706 0.16078431 0.23137255
v 46.52500000 -9.00000000 35.50000000 0.11764706 0.16078431 0.23137255
v 46.52500000 -9.00000000 40.50000000 0.11764706 0.16078431 0.23137255
v 46.52500000 -3.00000000 35.50000000 0.11764706 0.16078431 0.23137255
v 46.52500000 -3.00000000 40.50000000 0.11764706 0.16078431 0.23137255
v 43.52500000 -45.00000000 35.50000000 0.11764706 0.16078431 0.23137255
v 43.52500000 -45.00000000 40.50000000 0.11764706 0.16078431 0.23137255
v 43.52500000 -39.00000000 35.50000000 0.11764706 0.16078431 0.23137255
v 43.52500000 -39.00000000 40.50000000 0.11764706 0.16078431 0.23137255
v 46.52500000 -45.00000000 35.50000000 0.11764706 0.16078431 0.23137255
v 46.52500000 -45.00000000 40.50000000 0.11764706 0.16078431 0.23137255
v 46.52500000 -39.00000000 35.50000000 0.11764706 0.16078431 0.23137255
v 46.52500000 -39.00000000 40.50000000 0.11764706 0.16078431 0.23137255
v 52.00000000 -48.75000000 18.00000000 0.98039216 0.80000000 0.08235294
v 52.00000000 -48.75000000 32.00000000 0.98039216 0.80000000 0.08235294
v 52.00000000 -48.15000000 18.00000000 0.98039216 0.80000000 0.08235294
v 52.00000000 -48.15000000 32.00000000 0.98039216 0.80000000 0.08235294
v 84.00000000 -48.75000000 18.00000000 0.98039216 0.80000000 0.08235294
v 84.00000000 -48.75000000 32.00000000 0.98039216 0.80000000 0.08235294
v 84.00000000 -48.15000000 18.00000000 0.98039216 0.80000000 0.08235294
v 84.00000000 -48.15000000 32.00000000 0.98039216 0.80000000 0.08235294
v 53.10000000 -51.65000000 2.00000000 0.20000000 0.25490196 0.33333333
v 53.10000000 -51.65000000 16.00000000 0.20000000 0.25490196 0.33333333
v 53.10000000 -48.15000000 2.00000000 0.20000000 0.25490196 0.33333333
v 53.10000000 -48.15000000 16.00000000 0.20000000 0.25490196 0.33333333
v 54.90000000 -51.65000000 2.00000000 0.20000000 0.25490196 0.33333333
v 54.90000000 -51.65000000 16.00000000 0.20000000 0.25490196 0.33333333
v 54.90000000 -48.15000000 2.00000000 0.20000000 0.25490196 0.33333333
v 54.90000000 -48.15000000 16.00000000 0.20000000 0.25490196 0.33333333
v 64.10000000 -51.65000000 2.00000000 0.20000000 0.25490196 0.33333333
v 64.10000000 -51.65000000 16.00000000 0.20000000 0.25490196 0.33333333
v 64.10000000 -48.15000000 2.00000000 0.20000000 0.25490196 0.33333333
v 64.10000000 -48.15000000 16.00000000 0.20000000 0.25490196 0.33333333
v 65.90000000 -51.65000000 2.00000000 0.20000000 0.25490196 0.33333333
v 65.90000000 -51.65000000 16.00000000 0.20000000 0.25490196 0.33333333
v 65.90000000 -48.15000000 2.00000000 0.20000000 0.25490196 0.33333333
v 65.90000000 -48.15000000 16.00000000 0.20000000 0.25490196 0.33333333
v 75.10000000 -51.65000000 2.00000000 0.20000000 0.25490196 0.33333333
v 75.10000000 -51.65000000 16.00000000 0.20000000 0.25490196 0.33333333
v 75.10000000 -48.15000000 2.00000000 0.20000000 0.25490196 0.33333333
v 75.10000000 -48.15000000 16.00000000 0.20000000 0.25490196 0.33333333
v 76.90000000 -51.65000000 2.00000000 0.20000000 0.25490196 0.33333333
v 76.90000000 -51.65000000 16.00000000 0.20000000 0.25490196 0.33333333
v 76.90000000 -48.15000000 2.00000000 0.20000000 0.25490196 0.33333333
v 76.90000000 -48.15000000 16.00000000 0.20000000 0.25490196 0.33333333
v 51.00000000 -51.65000000 3.10000000 0.20000000 0.25490196 0.33333333
v 51.00000000 -51.65000000 4.90000000 0.20000000 0.25490196 0.33333333
v 51.00000000 -48.15000000 3.10000000 0.20000000 0.25490196 0.33333333
v 51.00000000 -48.15000000 4.90000000 0.20000000 0.25490196 0.33333333
v 79.00000000 -51.65000000 3.10000000 0.20000000 0.25490196 0.33333333
v 79.00000000 -51.65000000 4.90000000 0.20000000 0.25490196 0.33333333
v 79.00000000 -48.15000000 3.10000000 0.20000000 0.25490196 0.33333333
v 79.00000000 -48.15000000 4.90000000 0.20000000 0.25490196 0.33333333
v 51.00000000 -51.65000000 10.10000000 0.20000000 0.25490196 0.33333333
v 51.00000000 -51.65000000 11.90000000 0.20000000 0.25490196 0.33333333
v 51.00000000 -48.15000000 10.10000000 0.20000000 0.25490196 0.33333333
v 51.00000000 -48.15000000 11.90000000 0.20000000 0.25490196 0.33333333
v 79.00000000 -51.65000000 10.10000000 0.20000000 0.25490196 0.33333333
v 79.00000000 -51.65000000 11.90000000 0.20000000 0.25490196 0.33333333
v 79.00000000 -48.15000000 10.10000000 0.20000000 0.25490196 0.33333333
v 79.00000000 -48.15000000 11.90000000 0.20000000 0.25490196 0.33333333
v 51.00000000 -51.65000000 15.10000000 0.20000000 0.25490196 0.33333333
v 51.00000000 -51.65000000 16.90000000 0.20000000 0.25490196 0.33333333
v 51.00000000 -48.15000000 15.10000000 0.20000000 0.25490196 0.33333333
v 51.00000000 -48.15000000 16.90000000 0.20000000 0.25490196 0.33333333
v 79.00000000 -51.65000000 15.10000000 0.20000000 0.25490196 0.33333333
v 79.00000000 -51.65000000 16.90000000 0.20000000 0.25490196 0.33333333
v 79.00000000 -48.15000000 15.10000000 0.20000000 0.25490196 0.33333333
v 79.00000000 -48.15000000 16.90000000 0.20000000 0.25490196 0.33333333
v 84.00000000 -50.15000000 16.00000000 0.05882353 0.09019608 0.16470588
v 84.00000000 -50.15000000 28.00000000 0.05882353 0.09019608 0.16470588
v 84.00000000 -43.15000000 16.00000000 0.05882353 0.09019608 0.16470588
v 84.00000000 -43.15000000 28.00000000 0.05882353 0.09019608 0.16470588
v 100.00000000 -50.15000000 16.00000000 0.05882353 0.09019608 0.16470588
v 100.00000000 -50.15000000 28.00000000 0.05882353 0.09019608 0.16470588
v 100.00000000 -43.15000000 16.00000000 0.05882353 0.09019608 0.16470588
v 100.00000000 -43.15000000 28.00000000 0.05882353 0.09019608 0.16470588
v 111.75000000 -48.15000000 0.00000000 0.11764706 0.16078431 0.23137255
v 111.75000000 -48.15000000 34.00000000 0.11764706 0.16078431 0.23137255
v 111.75000000 0.00000000 0.00000000 0.11764706 0.16078431 0.23137255
v 111.75000000 0.00000000 34.00000000 0.11764706 0.16078431 0.23137255
v 123.75000000 -48.15000000 0.00000000 0.11764706 0.16078431 0.23137255
v 123.75000000 -48.15000000 34.00000000 0.11764706 0.16078431 0.23137255
v 123.75000000 0.00000000 0.00000000 0.11764706 0.16078431 0.23137255
v 123.75000000 0.00000000 34.00000000 0.11764706 0.16078431 0.23137255
v 17.60000000 -33.10000000 -26.70000000 0.91764706 0.34509804 0.04705882
v 21.40000000 -33.10000000 -26.70000000 0.91764706 0.34509804 0.04705882
v 21.40000000 -29.90000000 -26.70000000 0.91764706 0.34509804 0.04705882
v 35.05000000 -29.90000000 -26.70000000 0.91764706 0.34509804 0.04705882
v 35.49160907 -29.88915911 -26.70000000 0.91764706 0.34509804 0.04705882
v 35.93215426 -29.85666254 -26.70000000 0.91764706 0.34509804 0.04705882
v 36.37057427 -29.80258859 -26.70000000 0.91764706 0.34509804 0.04705882
v 36.80581290 -29.72706752 -26.70000000 0.91764706 0.34509804 0.04705882
v 37.23682162 -29.63028128 -26.70000000 0.91764706 0.34509804 0.04705882
v 37.66256210 -29.51246302 -26.70000000 0.91764706 0.34509804 0.04705882
v 38.08200868 -29.37389659 -26.70000000 0.91764706 0.34509804 0.04705882
v 38.49415089 -29.21491579 -26.70000000 0.91764706 0.34509804 0.04705882
v 38.89799584 -29.03590364 -26.70000000 0.91764706 0.34509804 0.04705882
v 39.29257063 -28.83729138 -26.70000000 0.91764706 0.34509804 0.04705882
v 39.67692470 -28.61955749 -26.70000000 0.91764706 0.34509804 0.04705882
v 40.05013210 -28.38322651 -26.70000000 0.91764706 0.34509804 0.04705882
v 40.41129374 -28.12886778 -26.70000000 0.91764706 0.34509804 0.04705882
v 40.75953956 -27.85709408 -26.70000000 0.91764706 0.34509804 0.04705882
v 41.09403059 -27.56856013 -26.70000000 0.91764706 0.34509804 0.04705882
v 41.41396103 -27.26396103 -26.70000000 0.91764706 0.34509804 0.04705882
v 41.71856013 -26.94403059 -26.70000000 0.91764706 0.34509804 0.04705882
v 42.00709408 -26.60953956 -26.70000000 0.91764706 0.34509804 0.04705882
v 42.27886778 -26.26129374 -26.70000000 0.91764706 0.34509804 0.04705882
v 42.53322651 -25.90013210 -26.70000000 0.91764706 0.34509804 0.04705882
v 42.76955749 -25.52692470 -26.70000000 0.91764706 0.34509804 0.04705882
v 42.98729138 -25.14257063 -26.70000000 0.91764706 0.34509804 0.04705882
v 43.18590364 -24.74799584 -26.70000000 0.91764706 0.34509804 0.04705882
v 43.36491579 -24.34415089 -26.70000000 0.91764706 0.34509804 0.04705882
v 43.52389659 -23.93200868 -26.70000000 0.91764706 0.34509804 0.04705882
v 43.66246302 -23.51256210 -26.70000000 0.91764706 0.34509804 0.04705882
v 43.78028128 -23.08682162 -26.70000000 0.91764706 0.34509804 0.04705882
v 43.87706752 -22.65581290 -26.70000000 0.91764706 0.34509804 0.04705882
v 43.95258859 -22.22057427 -26.70000000 0.91764706 0.34509804 0.04705882
v 44.00666254 -21.78215426 -26.70000000 0.91764706 0.34509804 0.04705882
v 44.03915911 -21.34160907 -26.70000000 0.91764706 0.34509804 0.04705882
v 44.05000000 -20.90000000 -26.70000000 0.91764706 0.34509804 0.04705882
v 44.05000000 -17.30000000 -26.70000000 0.91764706 0.34509804 0.04705882
v 48.85000000 -17.30000000 -26.70000000 0.91764706 0.34509804 0.04705882
v 48.85000000 -13.70000000 -26.70000000 0.91764706 0.34509804 0.04705882
v 44.04018055 -13.70000000 -26.70000000 0.91764706 0.34509804 0.04705882
v 44.03915911 -13.65839093 -26.70000000 0.91764706 0.34509804 0.04705882
v 44.00666254 -13.21784574 -26.70000000 0.91764706 0.34509804 0.04705882
v 43.95258859 -12.77942573 -26.70000000 0.91764706 0.34509804 0.04705882
v 43.87706752 -12.34418710 -26.70000000 0.91764706 0.34509804 0.04705882
v 43.78028128 -11.91317838 -26.70000000 0.91764706 0.34509804 0.04705882
v 43.66246302 -11.48743790 -26.70000000 0.91764706 0.34509804 0.04705882
v 43.52389659 -11.06799132 -26.70000000 0.91764706 0.34509804 0.04705882
v 43.36491579 -10.65584911 -26.70000000 0.91764706 0.34509804 0.04705882
v 43.18590364 -10.25200416 -26.70000000 0.91764706 0.34509804 0.04705882
v 42.98729138 -9.85742937 -26.70000000 0.91764706 0.34509804 0.04705882
v 42.76955749 -9.47307530 -26.70000000 0.91764706 0.34509804 0.04705882
v 42.53322651 -9.09986790 -26.70000000 0.91764706 0.34509804 0.04705882
v 42.27886778 -8.73870626 -26.70000000 0.91764706 0.34509804 0.04705882
v 42.00709408 -8.39046044 -26.70000000 0.91764706 0.34509804 0.04705882
v 41.71856013 -8.05596941 -26.70000000 0.91764706 0.34509804 0.04705882
v 41.41396103 -7.73603897 -26.70000000 0.91764706 0.34509804 0.04705882
v 41.09403059 -7.43143987 -26.70000000 0.91764706 0.34509804 0.04705882
v 40.75953956 -7.14290592 -26.70000000 0.91764706 0.34509804 0.04705882
v 40.41129374 -6.87113222 -26.70000000 0.91764706 0.34509804 0.04705882
v 40.05013210 -6.61677349 -26.70000000 0.91764706 0.34509804 0.04705882
v 39.67692470 -6.38044251 -26.70000000 0.91764706 0.34509804 0.04705882
v 39.29257063 -6.16270862 -26.70000000 0.91764706 0.34509804 0.04705882
v 38.89799584 -5.96409636 -26.70000000 0.91764706 0.34509804 0.04705882
v 38.49415089 -5.78508421 -26.70000000 0.91764706 0.34509804 0.04705882
v 38.08200868 -5.62610341 -26.70000000 0.91764706 0.34509804 0.04705882
v 37.66256210 -5.48753698 -26.70000000 0.91764706 0.34509804 0.04705882
v 37.23682162 -5.36971872 -26.70000000 0.91764706 0.34509804 0.04705882
v 36.80581290 -5.27293248 -26.70000000 0.91764706 0.34509804 0.04705882
v 36.37057427 -5.19741141 -26.70000000 0.91764706 0.34509804 0.04705882
v 36.25000000 -5.18253999 -26.70000000 0.91764706 0.34509804 0.04705882
v 36.25000000 -1.90000000 -26.70000000 0.91764706 0.34509804 0.04705882
v 36.24036945 -1.70396572 -26.70000000 0.91764706 0.34509804 0.04705882
v 36.21157056 -1.50981936 -26.70000000 0.91764706 0.34509804 0.04705882
v 36.16388067 -1.31943065 -26.70000000 0.91764706 0.34509804 0.04705882
v 36.09775907 -1.13463314 -26.70000000 0.91764706 0.34509804 0.04705882
v 36.01384253 -0.95720653 -26.70000000 0.91764706 0.34509804 0.04705882
v 35.91293922 -0.78885953 -26.70000000 0.91764706 0.34509804 0.04705882
v 35.79602091 -0.63121343 -26.70000000 0.91764706 0.34509804 0.04705882
v 35.66421356 -0.48578644 -26.70000000 0.91764706 0.34509804 0.04705882
v 35.51878657 -0.35397909 -26.70000000 0.91764706 0.34509804 0.04705882
v 35.36114047 -0.23706078 -26.70000000 0.91764706 0.34509804 0.04705882
v 35.19279347 -0.13615747 -26.70000000 0.91764706 0.34509804 0.04705882
v 35.01536686 -0.05224093 -26.70000000 0.91764706 0.34509804 0.04705882
v 34.83056935 0.01388067 -26.70000000 0.91764706 0.34509804 0.04705882
v 34.64018064 0.06157056 -26.70000000 0.91764706 0.34509804 0.04705882
v 34.44603428 0.09036945 -26.70000000 0.91764706 0.34509804 0.04705882
v 34.25000000 0.10000000 -26.70000000 0.91764706 0.34509804 0.04705882
v 17.75000000 0.10000000 -26.70000000 0.91764706 0.34509804 0.04705882
v 17.55396572 0.09036945 -26.70000000 0.91764706 0.34509804 0.04705882
v 17.35981936 0.06157056 -26.70000000 0.91764706 0.34509804 0.04705882
v 17.16943065 0.01388067 -26.70000000 0.91764706 0.34509804 0.04705882
v 16.98463314 -0.05224093 -26.70000000 0.91764706 0.34509804 0.04705882
v 16.80720653 -0.13615747 -26.70000000 0.91764706 0.34509804 0.04705882
v 16.63885953 -0.23706078 -26.70000000 0.91764706 0.34509804 0.04705882
v 16.48121343 -0.35397909 -26.70000000 0.91764706 0.34509804 0.04705882
v 16.33578644 -0.48578644 -26.70000000 0.91764706 0.34509804 0.04705882
v 16.20397909 -0.63121343 -26.70000000 0.91764706 0.34509804 0.04705882
v 16.08706078 -0.78885953 -26.70000000 0.91764706 0.34509804 0.04705882
v 15.98615747 -0.95720653 -26.70000000 0.91764706 0.34509804 0.04705882
v 15.90224093 -1.13463314 -26.70000000 0.91764706 0.34509804 0.04705882
v 15.83611933 -1.31943065 -26.70000000 0.91764706 0.34509804 0.04705882
v 15.78842944 -1.50981936 -26.70000000 0.91764706 0.34509804 0.04705882
v 15.75963055 -1.70396572 -26.70000000 0.91764706 0.34509804 0.04705882
v 15.75000000 -1.90000000 -26.70000000 0.91764706 0.34509804 0.04705882
v 15.75000000 -5.18253999 -26.70000000 0.91764706 0.34509804 0.04705882
v 15.62942573 -5.19741141 -26.70000000 0.91764706 0.34509804 0.04705882
v 15.19418710 -5.27293248 -26.70000000 0.91764706 0.34509804 0.04705882
v 14.76317838 -5.36971872 -26.70000000 0.91764706 0.34509804 0.04705882
v 14.33743790 -5.48753698 -26.70000000 0.91764706 0.34509804 0.04705882
v 13.91799132 -5.62610341 -26.70000000 0.91764706 0.34509804 0.04705882
v 13.50584911 -5.78508421 -26.70000000 0.91764706 0.34509804 0.04705882
v 13.10200416 -5.96409636 -26.70000000 0.91764706 0.34509804 0.04705882
v 12.70742937 -6.16270862 -26.70000000 0.91764706 0.34509804 0.04705882
v 12.32307530 -6.38044251 -26.70000000 0.91764706 0.34509804 0.04705882
v 11.94986790 -6.61677349 -26.70000000 0.91764706 0.34509804 0.04705882
v 11.58870626 -6.87113222 -26.70000000 0.91764706 0.34509804 0.04705882
v 11.24046044 -7.14290592 -26.70000000 0.91764706 0.34509804 0.04705882
v 10.90596941 -7.43143987 -26.70000000 0.91764706 0.34509804 0.04705882
v 10.58603897 -7.73603897 -26.70000000 0.91764706 0.34509804 0.04705882
v 10.28143987 -8.05596941 -26.70000000 0.91764706 0.34509804 0.04705882
v 9.99290592 -8.39046044 -26.70000000 0.91764706 0.34509804 0.04705882
v 9.72113222 -8.73870626 -26.70000000 0.91764706 0.34509804 0.04705882
v 9.46677349 -9.09986790 -26.70000000 0.91764706 0.34509804 0.04705882
v 9.23044251 -9.47307530 -26.70000000 0.91764706 0.34509804 0.04705882
v 9.01270862 -9.85742937 -26.70000000 0.91764706 0.34509804 0.04705882
v 8.81409636 -10.25200416 -26.70000000 0.91764706 0.34509804 0.04705882
v 8.63508421 -10.65584911 -26.70000000 0.91764706 0.34509804 0.04705882
v 8.47610341 -11.06799132 -26.70000000 0.91764706 0.34509804 0.04705882
v 8.33753698 -11.48743790 -26.70000000 0.91764706 0.34509804 0.04705882
v 8.21971872 -11.91317838 -26.70000000 0.91764706 0.34509804 0.04705882
v 8.12293248 -12.34418710 -26.70000000 0.91764706 0.34509804 0.04705882
v 8.04741141 -12.77942573 -26.70000000 0.91764706 0.34509804 0.04705882
v 7.99333746 -13.21784574 -26.70000000 0.91764706 0.34509804 0.04705882
v 7.96084089 -13.65839093 -26.70000000 0.91764706 0.34509804 0.04705882
v 7.95000000 -14.10000000 -26.70000000 0.91764706 0.34509804 0.04705882
v 7.95000000 -20.90000000 -26.70000000 0.91764706 0.34509804 0.04705882
v 7.96084089 -21.34160907 -26.70000000 0.91764706 0.34509804 0.04705882
v 7.99333746 -21.78215426 -26.70000000 0.91764706 0.34509804 0.04705882
v 8.04741141 -22.22057427 -26.70000000 0.91764706 0.34509804 0.04705882
v 8.12293248 -22.65581290 -26.70000000 0.91764706 0.34509804 0.04705882
v 8.21971872 -23.08682162 -26.70000000 0.91764706 0.34509804 0.04705882
v 8.33753698 -23.51256210 -26.70000000 0.91764706 0.34509804 0.04705882
v 8.47610341 -23.93200868 -26.70000000 0.91764706 0.34509804 0.04705882
v 8.63508421 -24.34415089 -26.70000000 0.91764706 0.34509804 0.04705882
v 8.81409636 -24.74799584 -26.70000000 0.91764706 0.34509804 0.04705882
v 9.01270862 -25.14257063 -26.70000000 0.91764706 0.34509804 0.04705882
v 9.23044251 -25.52692470 -26.70000000 0.91764706 0.34509804 0.04705882
v 9.46677349 -25.90013210 -26.70000000 0.91764706 0.34509804 0.04705882
v 9.72113222 -26.26129374 -26.70000000 0.91764706 0.34509804 0.04705882
v 9.99290592 -26.60953956 -26.70000000 0.91764706 0.34509804 0.04705882
v 10.28143987 -26.94403059 -26.70000000 0.91764706 0.34509804 0.04705882
v 10.58603897 -27.26396103 -26.70000000 0.91764706 0.34509804 0.04705882
v 10.90596941 -27.56856013 -26.70000000 0.91764706 0.34509804 0.04705882
v 11.24046044 -27.85709408 -26.70000000 0.91764706 0.34509804 0.04705882
v 11.58870626 -28.12886778 -26.70000000 0.91764706 0.34509804 0.04705882
v 11.94986790 -28.38322651 -26.70000000 0.91764706 0.34509804 0.04705882
v 12.32307530 -28.61955749 -26.70000000 0.91764706 0.34509804 0.04705882
v 12.70742937 -28.83729138 -26.70000000 0.91764706 0.34509804 0.04705882
v 13.10200416 -29.03590364 -26.70000000 0.91764706 0.34509804 0.04705882
v 13.50584911 -29.21491579 -26.70000000 0.91764706 0.34509804 0.04705882
v 13.91799132 -29.37389659 -26.70000000 0.91764706 0.34509804 0.04705882
v 14.33743790 -29.51246302 -26.70000000 0.91764706 0.34509804 0.04705882
v 14.76317838 -29.63028128 -26.70000000 0.91764706 0.34509804 0.04705882
v 15.19418710 -29.72706752 -26.70000000 0.91764706 0.34509804 0.04705882
v 15.62942573 -29.80258859 -26.70000000 0.91764706 0.34509804 0.04705882
v 16.06784574 -29.85666254 -26.70000000 0.91764706 0.34509804 0.04705882
v 16.50839093 -29.88915911 -26.70000000 0.91764706 0.34509804 0.04705882
v 16.95000000 -29.90000000 -26.70000000 0.91764706 0.34509804 0.04705882
v 17.60000000 -29.90000000 -26.70000000 0.91764706 0.34509804 0.04705882
v 35.03527305 -28.70000000 -26.70000000 0.91764706 0.34509804 0.04705882
v 16.96472695 -28.70000000 -26.70000000 0.91764706 0.34509804 0.04705882
v 16.56728988 -28.69024347 -26.70000000 0.91764706 0.34509804 0.04705882
v 16.18550174 -28.66208108 -26.70000000 0.91764706 0.34509804 0.04705882
v 15.80555535 -28.61521916 -26.70000000 0.91764706 0.34509804 0.04705882
v 15.42836602 -28.54977061 -26.70000000 0.91764706 0.34509804 0.04705882
v 15.05484244 -28.46589308 -26.70000000 0.91764706 0.34509804 0.04705882
v 14.68588446 -28.36378866 -26.70000000 0.91764706 0.34509804 0.04705882
v 14.32238094 -28.24370332 -26.70000000 0.91764706 0.34509804 0.04705882
v 13.96520758 -28.10592635 -26.70000000 0.91764706 0.34509804 0.04705882
v 13.61522484 -27.95078967 -26.70000000 0.91764706 0.34509804 0.04705882
v 13.27327588 -27.77866702 -26.70000000 0.91764706 0.34509804 0.04705882
v 12.94018446 -27.58997307 -26.70000000 0.91764706 0.34509804 0.04705882
v 12.61675304 -27.38516238 -26.70000000 0.91764706 0.34509804 0.04705882
v 12.30376079 -27.16472836 -26.70000000 0.91764706 0.34509804 0.04705882
v 12.00196173 -26.92920207 -26.70000000 0.91764706 0.34509804 0.04705882
v 11.71208294 -26.67915090 -26.70000000 0.91764706 0.34509804 0.04705882
v 11.43482274 -26.41517726 -26.70000000 0.91764706 0.34509804 0.04705882
v 11.17084910 -26.13791706 -26.70000000 0.91764706 0.34509804 0.04705882
v 10.92079793 -25.84803827 -26.70000000 0.91764706 0.34509804 0.04705882
v 10.68527164 -25.54623921 -26.70000000 0.91764706 0.34509804 0.04705882
v 10.46483762 -25.23324696 -26.70000000 0.91764706 0.34509804 0.04705882
v 10.26002693 -24.90981554 -26.70000000 0.91764706 0.34509804 0.04705882
v 10.07133298 -24.57672412 -26.70000000 0.91764706 0.34509804 0.04705882
v 9.89921033 -24.23477516 -26.70000000 0.91764706 0.34509804 0.04705882
v 9.74407365 -23.88479242 -26.70000000 0.91764706 0.34509804 0.04705882
v 9.60629668 -23.52761906 -26.70000000 0.91764706 0.34509804 0.04705882
v 9.48621134 -23.16411554 -26.70000000 0.91764706 0.34509804 0.04705882
v 9.38410692 -22.79515756 -26.70000000 0.91764706 0.34509804 0.04705882
v 9.30022939 -22.42163398 -26.70000000 0.91764706 0.34509804 0.04705882
v 9.23478084 -22.04444465 -26.70000000 0.91764706 0.34509804 0.04705882
v 9.18791892 -21.66449826 -26.70000000 0.91764706 0.34509804 0.04705882
v 9.15975653 -21.28271012 -26.70000000 0.91764706 0.34509804 0.04705882
v 9.15000000 -20.88527305 -26.70000000 0.91764706 0.34509804 0.04705882
v 9.15000000 -14.11472695 -26.70000000 0.91764706 0.34509804 0.04705882
v 9.15975653 -13.71728988 -26.70000000 0.91764706 0.34509804 0.04705882
v 9.18791892 -13.33550174 -26.70000000 0.91764706 0.34509804 0.04705882
v 9.23478084 -12.95555535 -26.70000000 0.91764706 0.34509804 0.04705882
v 9.30022939 -12.57836602 -26.70000000 0.91764706 0.34509804 0.04705882
v 9.38410692 -12.20484244 -26.70000000 0.91764706 0.34509804 0.04705882
v 9.48621134 -11.83588446 -26.70000000 0.91764706 0.34509804 0.04705882
v 9.60629668 -11.47238094 -26.70000000 0.91764706 0.34509804 0.04705882
v 9.74407365 -11.11520758 -26.70000000 0.91764706 0.34509804 0.04705882
v 9.89921033 -10.76522484 -26.70000000 0.91764706 0.34509804 0.04705882
v 10.07133298 -10.42327588 -26.70000000 0.91764706 0.34509804 0.04705882
v 10.26002693 -10.09018446 -26.70000000 0.91764706 0.34509804 0.04705882
v 10.46483762 -9.76675304 -26.70000000 0.91764706 0.34509804 0.04705882
v 10.68527164 -9.45376079 -26.70000000 0.91764706 0.34509804 0.04705882
v 10.92079793 -9.15196173 -26.70000000 0.91764706 0.34509804 0.04705882
v 11.17084910 -8.86208294 -26.70000000 0.91764706 0.34509804 0.04705882
v 11.43482274 -8.58482274 -26.70000000 0.91764706 0.34509804 0.04705882
v 11.71208294 -8.32084910 -26.70000000 0.91764706 0.34509804 0.04705882
v 12.00196173 -8.07079793 -26.70000000 0.91764706 0.34509804 0.04705882
v 12.30376079 -7.83527164 -26.70000000 0.91764706 0.34509804 0.04705882
v 12.61675304 -7.61483762 -26.70000000 0.91764706 0.34509804 0.04705882
v 12.94018446 -7.41002693 -26.70000000 0.91764706 0.34509804 0.04705882
v 13.27327588 -7.22133298 -26.70000000 0.91764706 0.34509804 0.04705882
v 13.61522484 -7.04921033 -26.70000000 0.91764706 0.34509804 0.04705882
v 13.96520758 -6.89407365 -26.70000000 0.91764706 0.34509804 0.04705882
v 14.32238094 -6.75629668 -26.70000000 0.91764706 0.34509804 0.04705882
v 14.68588446 -6.63621134 -26.70000000 0.91764706 0.34509804 0.04705882
v 15.05484244 -6.53410692 -26.70000000 0.91764706 0.34509804 0.04705882
v 15.42836602 -6.45022939 -26.70000000 0.91764706 0.34509804 0.04705882
v 15.80555535 -6.38478084 -26.70000000 0.91764706 0.34509804 0.04705882
v 15.89689281 -6.37351543 -26.70000000 0.91764706 0.34509804 0.04705882
v 15.95418690 -6.36504061 -26.70000000 0.91764706 0.34509804 0.04705882
v 16.01100535 -6.35381119 -26.70000000 0.91764706 0.34509804 0.04705882
v 16.06721579 -6.33985332 -26.70000000 0.91764706 0.34509804 0.04705882
v 16.12268729 -6.32319953 -26.70000000 0.91764706 0.34509804 0.04705882
v 16.17729063 -6.30388861 -26.70000000 0.91764706 0.34509804 0.04705882
v 16.23089860 -6.28196554 -26.70000000 0.91764706 0.34509804 0.04705882
v 16.28338634 -6.25748139 -26.70000000 0.91764706 0.34509804 0.04705882
v 16.33463156 -6.23049320 -26.70000000 0.91764706 0.34509804 0.04705882
v 16.38451491 -6.20106384 -26.70000000 0.91764706 0.34509804 0.04705882
v 16.43292018 -6.16926186 -26.70000000 0.91764706 0.34509804 0.04705882
v 16.47973460 -6.13516133 -26.70000000 0.91764706 0.34509804 0.04705882
v 16.52484913 -6.09884171 -26.70000000 0.91764706 0.34509804 0.04705882
v 16.56815867 -6.06038759 -26.70000000 0.91764706 0.34509804 0.04705882
v 16.60956233 -6.01988854 -26.70000000 0.91764706 0.34509804 0.04705882
v 16.64896367 -5.97743893 -26.70000000 0.91764706 0.34509804 0.04705882
v 16.68627091 -5.93313761 -26.70000000 0.91764706 0.34509804 0.04705882
v 16.72139713 -5.88708781 -26.70000000 0.91764706 0.34509804 0.04705882
v 16.75426050 -5.83939678 -26.70000000 0.91764706 0.34509804 0.04705882
v 16.78478449 -5.79017562 -26.70000000 0.91764706 0.34509804 0.04705882
v 16.81289797 -5.73953900 -26.70000000 0.91764706 0.34509804 0.04705882
v 16.83853547 -5.68760486 -26.70000000 0.91764706 0.34509804 0.04705882
v 16.86163726 -5.63449419 -26.70000000 0.91764706 0.34509804 0.04705882
v 16.88214952 -5.58033071 -26.70000000 0.91764706 0.34509804 0.04705882
v 16.90002448 -5.52524059 -26.70000000 0.91764706 0.34509804 0.04705882
v 16.91522049 -5.46935215 -26.70000000 0.91764706 0.34509804 0.04705882
v 16.92770215 -5.41279560 -26.70000000 0.91764706 0.34509804 0.04705882
v 16.93744039 -5.35570267 -26.70000000 0.91764706 0.34509804 0.04705882
v 16.94441253 -5.29820636 -26.70000000 0.91764706 0.34509804 0.04705882
v 16.94860232 -5.24044062 -26.70000000 0.91764706 0.34509804 0.04705882
v 16.95000000 -5.18253999 -26.70000000 0.91764706 0.34509804 0.04705882
v 16.95000000 -1.92945835 -26.70000000 0.91764706 0.34509804 0.04705882
v 16.95529245 -1.82172814 -26.70000000 0.91764706 0.34509804 0.04705882
v 16.96679116 -1.74421008 -26.70000000 0.91764706 0.34509804 0.04705882
v 16.98583261 -1.66819236 -26.70000000 0.91764706 0.34509804 0.04705882
v 17.01223341 -1.59440707 -26.70000000 0.91764706 0.34509804 0.04705882
v 17.04573930 -1.52356481 -26.70000000 0.91764706 0.34509804 0.04705882
v 17.08602761 -1.45634783 -26.70000000 0.91764706 0.34509804 0.04705882
v 17.13271033 -1.39340346 -26.70000000 0.91764706 0.34509804 0.04705882
v 17.18533790 -1.33533790 -26.70000000 0.91764706 0.34509804 0.04705882
v 17.24340346 -1.28271033 -26.70000000 0.91764706 0.34509804 0.04705882
v 17.30634783 -1.23602761 -26.70000000 0.91764706 0.34509804 0.04705882
v 17.37356481 -1.19573930 -26.70000000 0.91764706 0.34509804 0.04705882
v 17.44440707 -1.16223341 -26.70000000 0.91764706 0.34509804 0.04705882
v 17.51819236 -1.13583261 -26.70000000 0.91764706 0.34509804 0.04705882
v 17.59421008 -1.11679116 -26.70000000 0.91764706 0.34509804 0.04705882
v 17.67172814 -1.10529245 -26.70000000 0.91764706 0.34509804 0.04705882
v 17.77945835 -1.10000000 -26.70000000 0.91764706 0.34509804 0.04705882
v 34.22054165 -1.10000000 -26.70000000 0.91764706 0.34509804 0.04705882
v 34.32827186 -1.10529245 -26.70000000 0.91764706 0.34509804 0.04705882
v 34.40578992 -1.11679116 -26.70000000 0.91764706 0.34509804 0.04705882
v 34.48180764 -1.13583261 -26.70000000 0.91764706 0.34509804 0.04705882
v 34.55559293 -1.16223341 -26.70000000 0.91764706 0.34509804 0.04705882
v 34.62643519 -1.19573930 -26.70000000 0.91764706 0.34509804 0.04705882
v 34.69365217 -1.23602761 -26.70000000 0.91764706 0.34509804 0.04705882
v 34.75659654 -1.28271033 -26.70000000 0.91764706 0.34509804 0.04705882
v 34.81466210 -1.33533790 -26.70000000 0.91764706 0.34509804 0.04705882
v 34.86728967 -1.39340346 -26.70000000 0.91764706 0.34509804 0.04705882
v 34.91397239 -1.45634783 -26.70000000 0.91764706 0.34509804 0.04705882
v 34.95426070 -1.52356481 -26.70000000 0.91764706 0.34509804 0.04705882
v 34.98776659 -1.59440707 -26.70000000 0.91764706 0.34509804 0.04705882
v 35.01416739 -1.66819236 -26.70000000 0.91764706 0.34509804 0.04705882
v 35.03320884 -1.74421008 -26.70000000 0.91764706 0.34509804 0.04705882
v 35.04470755 -1.82172814 -26.70000000 0.91764706 0.34509804 0.04705882
v 35.05000000 -1.92945835 -26.70000000 0.91764706 0.34509804 0.04705882
v 35.05000000 -5.18253999 -26.70000000 0.91764706 0.34509804 0.04705882
v 35.05149571 -5.24243556 -26.70000000 0.91764706 0.34509804 0.04705882
v 35.05597913 -5.30218181 -26.70000000 0.91764706 0.34509804 0.04705882
v 35.06343907 -5.36162982 -26.70000000 0.91764706 0.34509804 0.04705882
v 35.07385694 -5.42063138 -26.70000000 0.91764706 0.34509804 0.04705882
v 35.08720677 -5.47903941 -26.70000000 0.91764706 0.34509804 0.04705882
v 35.10345528 -5.53670831 -26.70000000 0.91764706 0.34509804 0.04705882
v 35.12256196 -5.59349432 -26.70000000 0.91764706 0.34509804 0.04705882
v 35.14447918 -5.64925587 -26.70000000 0.91764706 0.34509804 0.04705882
v 35.16915231 -5.70385397 -26.70000000 0.91764706 0.34509804 0.04705882
v 35.19651984 -5.75715251 -26.70000000 0.91764706 0.34509804 0.04705882
v 35.22651354 -5.80901862 -26.70000000 0.91764706 0.34509804 0.04705882
v 35.25905866 -5.85932301 -26.70000000 0.91764706 0.34509804 0.04705882
v 35.29407405 -5.90794028 -26.70000000 0.91764706 0.34509804 0.04705882
v 35.33147243 -5.95474922 -26.70000000 0.91764706 0.34509804 0.04705882
v 35.37116056 -5.99963316 -26.70000000 0.91764706 0.34509804 0.04705882
v 35.41303952 -6.04248020 -26.70000000 0.91764706 0.34509804 0.04705882
v 35.45700490 -6.08318353 -26.70000000 0.91764706 0.34509804 0.04705882
v 35.50294711 -6.12164168 -26.70000000 0.91764706 0.34509804 0.04705882
v 35.55075162 -6.15775879 -26.70000000 0.91764706 0.34509804 0.04705882
v 35.60029925 -6.19144481 -26.70000000 0.91764706 0.34509804 0.04705882
v 35.65146649 -6.22261578 -26.70000000 0.91764706 0.34509804 0.04705882
v 35.70412579 -6.25119398 -26.70000000 0.91764706 0.34509804 0.04705882
v 35.75814588 -6.27710818 -26.70000000 0.91764706 0.34509804 0.04705882
v 35.81339209 -6.30029378 -26.70000000 0.91764706 0.34509804 0.04705882
v 35.86972671 -6.32069298 -26.70000000 0.91764706 0.34509804 0.04705882
v 35.92700929 -6.33825492 -26.70000000 0.91764706 0.34509804 0.04705882
v 35.98509704 -6.35293583 -26.70000000 0.91764706 0.34509804 0.04705882
v 36.04384516 -6.36469911 -26.70000000 0.91764706 0.34509804 0.04705882
v 36.10310719 -6.37351543 -26.70000000 0.91764706 0.34509804 0.04705882
v 36.19444465 -6.38478084 -26.70000000 0.91764706 0.34509804 0.04705882
v 36.57163398 -6.45022939 -26.70000000 0.91764706 0.34509804 0.04705882
v 36.94515756 -6.53410692 -26.70000000 0.91764706 0.34509804 0.04705882
v 37.31411554 -6.63621134 -26.70000000 0.91764706 0.34509804 0.04705882
v 37.67761906 -6.75629668 -26.70000000 0.91764706 0.34509804 0.04705882
v 38.03479242 -6.89407365 -26.70000000 0.91764706 0.34509804 0.04705882
v 38.38477516 -7.04921033 -26.70000000 0.91764706 0.34509804 0.04705882
v 38.72672412 -7.22133298 -26.70000000 0.91764706 0.34509804 0.04705882
v 39.05981554 -7.41002693 -26.70000000 0.91764706 0.34509804 0.04705882
v 39.38324696 -7.61483762 -26.70000000 0.91764706 0.34509804 0.04705882
v 39.69623921 -7.83527164 -26.70000000 0.91764706 0.34509804 0.04705882
v 39.99803827 -8.07079793 -26.70000000 0.91764706 0.34509804 0.04705882
v 40.28791706 -8.32084910 -26.70000000 0.91764706 0.34509804 0.04705882
v 40.56517726 -8.58482274 -26.70000000 0.91764706 0.34509804 0.04705882
v 40.82915090 -8.86208294 -26.70000000 0.91764706 0.34509804 0.04705882
v 41.07920207 -9.15196173 -26.70000000 0.91764706 0.34509804 0.04705882
v 41.31472836 -9.45376079 -26.70000000 0.91764706 0.34509804 0.04705882
v 41.53516238 -9.76675304 -26.70000000 0.91764706 0.34509804 0.04705882
v 41.73997307 -10.09018446 -26.70000000 0.91764706 0.34509804 0.04705882
v 41.92866702 -10.42327588 -26.70000000 0.91764706 0.34509804 0.04705882
v 42.10078967 -10.76522484 -26.70000000 0.91764706 0.34509804 0.04705882
v 42.25592635 -11.11520758 -26.70000000 0.91764706 0.34509804 0.04705882
v 42.39370332 -11.47238094 -26.70000000 0.91764706 0.34509804 0.04705882
v 42.51378866 -11.83588446 -26.70000000 0.91764706 0.34509804 0.04705882
v 42.61589308 -12.20484244 -26.70000000 0.91764706 0.34509804 0.04705882
v 42.69977061 -12.57836602 -26.70000000 0.91764706 0.34509804 0.04705882
v 42.76521916 -12.95555535 -26.70000000 0.91764706 0.34509804 0.04705882
v 42.81208108 -13.33550174 -26.70000000 0.91764706 0.34509804 0.04705882
v 42.84024347 -13.71728988 -26.70000000 0.91764706 0.34509804 0.04705882
v 42.85000000 -14.11472695 -26.70000000 0.91764706 0.34509804 0.04705882
v 42.85000000 -20.88527305 -26.70000000 0.91764706 0.34509804 0.04705882
v 42.84024347 -21.28271012 -26.70000000 0.91764706 0.34509804 0.04705882
v 42.81208108 -21.66449826 -26.70000000 0.91764706 0.34509804 0.04705882
v 42.76521916 -22.04444465 -26.70000000 0.91764706 0.34509804 0.04705882
v 42.69977061 -22.42163398 -26.70000000 0.91764706 0.34509804 0.04705882
v 42.61589308 -22.79515756 -26.70000000 0.91764706 0.34509804 0.04705882
v 42.51378866 -23.16411554 -26.70000000 0.91764706 0.34509804 0.04705882
v 42.39370332 -23.52761906 -26.70000000 0.91764706 0.34509804 0.04705882
v 42.25592635 -23.88479242 -26.70000000 0.91764706 0.34509804 0.04705882
v 42.10078967 -24.23477516 -26.70000000 0.91764706 0.34509804 0.04705882
v 41.92866702 -24.57672412 -26.70000000 0.91764706 0.34509804 0.04705882
v 41.73997307 -24.90981554 -26.70000000 0.91764706 0.34509804 0.04705882
v 41.53516238 -25.23324696 -26.70000000 0.91764706 0.34509804 0.04705882
v 41.31472836 -25.54623921 -26.70000000 0.91764706 0.34509804 0.04705882
v 41.07920207 -25.84803827 -26.70000000 0.91764706 0.34509804 0.04705882
v 40.82915090 -26.13791706 -26.70000000 0.91764706 0.34509804 0.04705882
v 40.56517726 -26.41517726 -26.70000000 0.91764706 0.34509804 0.04705882
v 40.28791706 -26.67915090 -26.70000000 0.91764706 0.34509804 0.04705882
v 39.99803827 -26.92920207 -26.70000000 0.91764706 0.34509804 0.04705882
v 39.69623921 -27.16472836 -26.70000000 0.91764706 0.34509804 0.04705882
v 39.38324696 -27.38516238 -26.70000000 0.91764706 0.34509804 0.04705882
v 39.05981554 -27.58997307 -26.70000000 0.91764706 0.34509804 0.04705882
v 38.72672412 -27.77866702 -26.70000000 0.91764706 0.34509804 0.04705882
v 38.38477516 -27.95078967 -26.70000000 0.91764706 0.34509804 0.04705882
v 38.03479242 -28.10592635 -26.70000000 0.91764706 0.34509804 0.04705882
v 37.67761906 -28.24370332 -26.70000000 0.91764706 0.34509804 0.04705882
v 37.31411554 -28.36378866 -26.70000000 0.91764706 0.34509804 0.04705882
v 36.94515756 -28.46589308 -26.70000000 0.91764706 0.34509804 0.04705882
v 36.57163398 -28.54977061 -26.70000000 0.91764706 0.34509804 0.04705882
v 36.19444465 -28.61521916 -26.70000000 0.91764706 0.34509804 0.04705882
v 35.81449826 -28.66208108 -26.70000000 0.91764706 0.34509804 0.04705882
v 35.43271012 -28.69024347 -26.70000000 0.91764706 0.34509804 0.04705882
v 17.60000000 -33.10000000 -4.70000000 0.91764706 0.34509804 0.04705882
v 21.40000000 -33.10000000 -4.70000000 0.91764706 0.34509804 0.04705882
v 21.40000000 -29.90000000 -4.70000000 0.91764706 0.34509804 0.04705882
v 35.05000000 -29.90000000 -4.70000000 0.91764706 0.34509804 0.04705882
v 35.49160907 -29.88915911 -4.70000000 0.91764706 0.34509804 0.04705882
v 35.93215426 -29.85666254 -4.70000000 0.91764706 0.34509804 0.04705882
v 36.37057427 -29.80258859 -4.70000000 0.91764706 0.34509804 0.04705882
v 36.80581290 -29.72706752 -4.70000000 0.91764706 0.34509804 0.04705882
v 37.23682162 -29.63028128 -4.70000000 0.91764706 0.34509804 0.04705882
v 37.66256210 -29.51246302 -4.70000000 0.91764706 0.34509804 0.04705882
v 38.08200868 -29.37389659 -4.70000000 0.91764706 0.34509804 0.04705882
v 38.49415089 -29.21491579 -4.70000000 0.91764706 0.34509804 0.04705882
v 38.89799584 -29.03590364 -4.70000000 0.91764706 0.34509804 0.04705882
v 39.29257063 -28.83729138 -4.70000000 0.91764706 0.34509804 0.04705882
v 39.67692470 -28.61955749 -4.70000000 0.91764706 0.34509804 0.04705882
v 40.05013210 -28.38322651 -4.70000000 0.91764706 0.34509804 0.04705882
v 40.41129374 -28.12886778 -4.70000000 0.91764706 0.34509804 0.04705882
v 40.75953956 -27.85709408 -4.70000000 0.91764706 0.34509804 0.04705882
v 41.09403059 -27.56856013 -4.70000000 0.91764706 0.34509804 0.04705882
v 41.41396103 -27.26396103 -4.70000000 0.91764706 0.34509804 0.04705882
v 41.71856013 -26.94403059 -4.70000000 0.91764706 0.34509804 0.04705882
v 42.00709408 -26.60953956 -4.70000000 0.91764706 0.34509804 0.04705882
v 42.27886778 -26.26129374 -4.70000000 0.91764706 0.34509804 0.04705882
v 42.53322651 -25.90013210 -4.70000000 0.91764706 0.34509804 0.04705882
v 42.76955749 -25.52692470 -4.70000000 0.91764706 0.34509804 0.04705882
v 42.98729138 -25.14257063 -4.70000000 0.91764706 0.34509804 0.04705882
v 43.18590364 -24.74799584 -4.70000000 0.91764706 0.34509804 0.04705882
v 43.36491579 -24.34415089 -4.70000000 0.91764706 0.34509804 0.04705882
v 43.52389659 -23.93200868 -4.70000000 0.91764706 0.34509804 0.04705882
v 43.66246302 -23.51256210 -4.70000000 0.91764706 0.34509804 0.04705882
v 43.78028128 -23.08682162 -4.70000000 0.91764706 0.34509804 0.04705882
v 43.87706752 -22.65581290 -4.70000000 0.91764706 0.34509804 0.04705882
v 43.95258859 -22.22057427 -4.70000000 0.91764706 0.34509804 0.04705882
v 44.00666254 -21.78215426 -4.70000000 0.91764706 0.34509804 0.04705882
v 44.03915911 -21.34160907 -4.70000000 0.91764706 0.34509804 0.04705882
v 44.05000000 -20.90000000 -4.70000000 0.91764706 0.34509804 0.04705882
v 44.05000000 -17.30000000 -4.70000000 0.91764706 0.34509804 0.04705882
v 48.85000000 -17.30000000 -4.70000000 0.91764706 0.34509804 0.04705882
v 48.85000000 -13.70000000 -4.70000000 0.91764706 0.34509804 0.04705882
v 44.04018055 -13.70000000 -4.70000000 0.91764706 0.34509804 0.04705882
v 44.03915911 -13.65839093 -4.70000000 0.91764706 0.34509804 0.04705882
v 44.00666254 -13.21784574 -4.70000000 0.91764706 0.34509804 0.04705882
v 43.95258859 -12.77942573 -4.70000000 0.91764706 0.34509804 0.04705882
v 43.87706752 -12.34418710 -4.70000000 0.91764706 0.34509804 0.04705882
v 43.78028128 -11.91317838 -4.70000000 0.91764706 0.34509804 0.04705882
v 43.66246302 -11.48743790 -4.70000000 0.91764706 0.34509804 0.04705882
v 43.52389659 -11.06799132 -4.70000000 0.91764706 0.34509804 0.04705882
v 43.36491579 -10.65584911 -4.70000000 0.91764706 0.34509804 0.04705882
v 43.18590364 -10.25200416 -4.70000000 0.91764706 0.34509804 0.04705882
v 42.98729138 -9.85742937 -4.70000000 0.91764706 0.34509804 0.04705882
v 42.76955749 -9.47307530 -4.70000000 0.91764706 0.34509804 0.04705882
v 42.53322651 -9.09986790 -4.70000000 0.91764706 0.34509804 0.04705882
v 42.27886778 -8.73870626 -4.70000000 0.91764706 0.34509804 0.04705882
v 42.00709408 -8.39046044 -4.70000000 0.91764706 0.34509804 0.04705882
v 41.71856013 -8.05596941 -4.70000000 0.91764706 0.34509804 0.04705882
v 41.41396103 -7.73603897 -4.70000000 0.91764706 0.34509804 0.04705882
v 41.09403059 -7.43143987 -4.70000000 0.91764706 0.34509804 0.04705882
v 40.75953956 -7.14290592 -4.70000000 0.91764706 0.34509804 0.04705882
v 40.41129374 -6.87113222 -4.70000000 0.91764706 0.34509804 0.04705882
v 40.05013210 -6.61677349 -4.70000000 0.91764706 0.34509804 0.04705882
v 39.67692470 -6.38044251 -4.70000000 0.91764706 0.34509804 0.04705882
v 39.29257063 -6.16270862 -4.70000000 0.91764706 0.34509804 0.04705882
v 38.89799584 -5.96409636 -4.70000000 0.91764706 0.34509804 0.04705882
v 38.49415089 -5.78508421 -4.70000000 0.91764706 0.34509804 0.04705882
v 38.08200868 -5.62610341 -4.70000000 0.91764706 0.34509804 0.04705882
v 37.66256210 -5.48753698 -4.70000000 0.91764706 0.34509804 0.04705882
v 37.23682162 -5.36971872 -4.70000000 0.91764706 0.34509804 0.04705882
v 36.80581290 -5.27293248 -4.70000000 0.91764706 0.34509804 0.04705882
v 36.37057427 -5.19741141 -4.70000000 0.91764706 0.34509804 0.04705882
v 36.25000000 -5.18253999 -4.70000000 0.91764706 0.34509804 0.04705882
v 36.25000000 -1.90000000 -4.70000000 0.91764706 0.34509804 0.04705882
v 36.24036945 -1.70396572 -4.70000000 0.91764706 0.34509804 0.04705882
v 36.21157056 -1.50981936 -4.70000000 0.91764706 0.34509804 0.04705882
v 36.16388067 -1.31943065 -4.70000000 0.91764706 0.34509804 0.04705882
v 36.09775907 -1.13463314 -4.70000000 0.91764706 0.34509804 0.04705882
v 36.01384253 -0.95720653 -4.70000000 0.91764706 0.34509804 0.04705882
v 35.91293922 -0.78885953 -4.70000000 0.91764706 0.34509804 0.04705882
v 35.79602091 -0.63121343 -4.70000000 0.91764706 0.34509804 0.04705882
v 35.66421356 -0.48578644 -4.70000000 0.91764706 0.34509804 0.04705882
v 35.51878657 -0.35397909 -4.70000000 0.91764706 0.34509804 0.04705882
v 35.36114047 -0.23706078 -4.70000000 0.91764706 0.34509804 0.04705882
v 35.19279347 -0.13615747 -4.70000000 0.91764706 0.34509804 0.04705882
v 35.01536686 -0.05224093 -4.70000000 0.91764706 0.34509804 0.04705882
v 34.83056935 0.01388067 -4.70000000 0.91764706 0.34509804 0.04705882
v 34.64018064 0.06157056 -4.70000000 0.91764706 0.34509804 0.04705882
v 34.44603428 0.09036945 -4.70000000 0.91764706 0.34509804 0.04705882
v 34.25000000 0.10000000 -4.70000000 0.91764706 0.34509804 0.04705882
v 17.75000000 0.10000000 -4.70000000 0.91764706 0.34509804 0.04705882
v 17.55396572 0.09036945 -4.70000000 0.91764706 0.34509804 0.04705882
v 17.35981936 0.06157056 -4.70000000 0.91764706 0.34509804 0.04705882
v 17.16943065 0.01388067 -4.70000000 0.91764706 0.34509804 0.04705882
v 16.98463314 -0.05224093 -4.70000000 0.91764706 0.34509804 0.04705882
v 16.80720653 -0.13615747 -4.70000000 0.91764706 0.34509804 0.04705882
v 16.63885953 -0.23706078 -4.70000000 0.91764706 0.34509804 0.04705882
v 16.48121343 -0.35397909 -4.70000000 0.91764706 0.34509804 0.04705882
v 16.33578644 -0.48578644 -4.70000000 0.91764706 0.34509804 0.04705882
v 16.20397909 -0.63121343 -4.70000000 0.91764706 0.34509804 0.04705882
v 16.08706078 -0.78885953 -4.70000000 0.91764706 0.34509804 0.04705882
v 15.98615747 -0.95720653 -4.70000000 0.91764706 0.34509804 0.04705882
v 15.90224093 -1.13463314 -4.70000000 0.91764706 0.34509804 0.04705882
v 15.83611933 -1.31943065 -4.70000000 0.91764706 0.34509804 0.04705882
v 15.78842944 -1.50981936 -4.70000000 0.91764706 0.34509804 0.04705882
v 15.75963055 -1.70396572 -4.70000000 0.91764706 0.34509804 0.04705882
v 15.75000000 -1.90000000 -4.70000000 0.91764706 0.34509804 0.04705882
v 15.75000000 -5.18253999 -4.70000000 0.91764706 0.34509804 0.04705882
v 15.62942573 -5.19741141 -4.70000000 0.91764706 0.34509804 0.04705882
v 15.19418710 -5.27293248 -4.70000000 0.91764706 0.34509804 0.04705882
v 14.76317838 -5.36971872 -4.70000000 0.91764706 0.34509804 0.04705882
v 14.33743790 -5.48753698 -4.70000000 0.91764706 0.34509804 0.04705882
v 13.91799132 -5.62610341 -4.70000000 0.91764706 0.34509804 0.04705882
v 13.50584911 -5.78508421 -4.70000000 0.91764706 0.34509804 0.04705882
v 13.10200416 -5.96409636 -4.70000000 0.91764706 0.34509804 0.04705882
v 12.70742937 -6.16270862 -4.70000000 0.91764706 0.34509804 0.04705882
v 12.32307530 -6.38044251 -4.70000000 0.91764706 0.34509804 0.04705882
v 11.94986790 -6.61677349 -4.70000000 0.91764706 0.34509804 0.04705882
v 11.58870626 -6.87113222 -4.70000000 0.91764706 0.34509804 0.04705882
v 11.24046044 -7.14290592 -4.70000000 0.91764706 0.34509804 0.04705882
v 10.90596941 -7.43143987 -4.70000000 0.91764706 0.34509804 0.04705882
v 10.58603897 -7.73603897 -4.70000000 0.91764706 0.34509804 0.04705882
v 10.28143987 -8.05596941 -4.70000000 0.91764706 0.34509804 0.04705882
v 9.99290592 -8.39046044 -4.70000000 0.91764706 0.34509804 0.04705882
v 9.72113222 -8.73870626 -4.70000000 0.91764706 0.34509804 0.04705882
v 9.46677349 -9.09986790 -4.70000000 0.91764706 0.34509804 0.04705882
v 9.23044251 -9.47307530 -4.70000000 0.91764706 0.34509804 0.04705882
v 9.01270862 -9.85742937 -4.70000000 0.91764706 0.34509804 0.04705882
v 8.81409636 -10.25200416 -4.70000000 0.91764706 0.34509804 0.04705882
v 8.63508421 -10.65584911 -4.70000000 0.91764706 0.34509804 0.04705882
v 8.47610341 -11.06799132 -4.70000000 0.91764706 0.34509804 0.04705882
v 8.33753698 -11.48743790 -4.70000000 0.91764706 0.34509804 0.04705882
v 8.21971872 -11.91317838 -4.70000000 0.91764706 0.34509804 0.04705882
v 8.12293248 -12.34418710 -4.70000000 0.91764706 0.34509804 0.04705882
v 8.04741141 -12.77942573 -4.70000000 0.91764706 0.34509804 0.04705882
v 7.99333746 -13.21784574 -4.70000000 0.91764706 0.34509804 0.04705882
v 7.96084089 -13.65839093 -4.70000000 0.91764706 0.34509804 0.04705882
v 7.95000000 -14.10000000 -4.70000000 0.91764706 0.34509804 0.04705882
v 7.95000000 -20.90000000 -4.70000000 0.91764706 0.34509804 0.04705882
v 7.96084089 -21.34160907 -4.70000000 0.91764706 0.34509804 0.04705882
v 7.99333746 -21.78215426 -4.70000000 0.91764706 0.34509804 0.04705882
v 8.04741141 -22.22057427 -4.70000000 0.91764706 0.34509804 0.04705882
v 8.12293248 -22.65581290 -4.70000000 0.91764706 0.34509804 0.04705882
v 8.21971872 -23.08682162 -4.70000000 0.91764706 0.34509804 0.04705882
v 8.33753698 -23.51256210 -4.70000000 0.91764706 0.34509804 0.04705882
v 8.47610341 -23.93200868 -4.70000000 0.91764706 0.34509804 0.04705882
v 8.63508421 -24.34415089 -4.70000000 0.91764706 0.34509804 0.04705882
v 8.81409636 -24.74799584 -4.70000000 0.91764706 0.34509804 0.04705882
v 9.01270862 -25.14257063 -4.70000000 0.91764706 0.34509804 0.04705882
v 9.23044251 -25.52692470 -4.70000000 0.91764706 0.34509804 0.04705882
v 9.46677349 -25.90013210 -4.70000000 0.91764706 0.34509804 0.04705882
v 9.72113222 -26.26129374 -4.70000000 0.91764706 0.34509804 0.04705882
v 9.99290592 -26.60953956 -4.70000000 0.91764706 0.34509804 0.04705882
v 10.28143987 -26.94403059 -4.70000000 0.91764706 0.34509804 0.04705882
v 10.58603897 -27.26396103 -4.70000000 0.91764706 0.34509804 0.04705882
v 10.90596941 -27.56856013 -4.70000000 0.91764706 0.34509804 0.04705882
v 11.24046044 -27.85709408 -4.70000000 0.91764706 0.34509804 0.04705882
v 11.58870626 -28.12886778 -4.70000000 0.91764706 0.34509804 0.04705882
v 11.94986790 -28.38322651 -4.70000000 0.91764706 0.34509804 0.04705882
v 12.32307530 -28.61955749 -4.70000000 0.91764706 0.34509804 0.04705882
v 12.70742937 -28.83729138 -4.70000000 0.91764706 0.34509804 0.04705882
v 13.10200416 -29.03590364 -4.70000000 0.91764706 0.34509804 0.04705882
v 13.50584911 -29.21491579 -4.70000000 0.91764706 0.34509804 0.04705882
v 13.91799132 -29.37389659 -4.70000000 0.91764706 0.34509804 0.04705882
v 14.33743790 -29.51246302 -4.70000000 0.91764706 0.34509804 0.04705882
v 14.76317838 -29.63028128 -4.70000000 0.91764706 0.34509804 0.04705882
v 15.19418710 -29.72706752 -4.70000000 0.91764706 0.34509804 0.04705882
v 15.62942573 -29.80258859 -4.70000000 0.91764706 0.34509804 0.04705882
v 16.06784574 -29.85666254 -4.70000000 0.91764706 0.34509804 0.04705882
v 16.50839093 -29.88915911 -4.70000000 0.91764706 0.34509804 0.04705882
v 16.95000000 -29.90000000 -4.70000000 0.91764706 0.34509804 0.04705882
v 17.60000000 -29.90000000 -4.70000000 0.91764706 0.34509804 0.04705882
v 35.03527305 -28.70000000 -4.70000000 0.91764706 0.34509804 0.04705882
v 16.96472695 -28.70000000 -4.70000000 0.91764706 0.34509804 0.04705882
v 16.56728988 -28.69024347 -4.70000000 0.91764706 0.34509804 0.04705882
v 16.18550174 -28.66208108 -4.70000000 0.91764706 0.34509804 0.04705882
v 15.80555535 -28.61521916 -4.70000000 0.91764706 0.34509804 0.04705882
v 15.42836602 -28.54977061 -4.70000000 0.91764706 0.34509804 0.04705882
v 15.05484244 -28.46589308 -4.70000000 0.91764706 0.34509804 0.04705882
v 14.68588446 -28.36378866 -4.70000000 0.91764706 0.34509804 0.04705882
v 14.32238094 -28.24370332 -4.70000000 0.91764706 0.34509804 0.04705882
v 13.96520758 -28.10592635 -4.70000000 0.91764706 0.34509804 0.04705882
v 13.61522484 -27.95078967 -4.70000000 0.91764706 0.34509804 0.04705882
v 13.27327588 -27.77866702 -4.70000000 0.91764706 0.34509804 0.04705882
v 12.94018446 -27.58997307 -4.70000000 0.91764706 0.34509804 0.04705882
v 12.61675304 -27.38516238 -4.70000000 0.91764706 0.34509804 0.04705882
v 12.30376079 -27.16472836 -4.70000000 0.91764706 0.34509804 0.04705882
v 12.00196173 -26.92920207 -4.70000000 0.91764706 0.34509804 0.04705882
v 11.71208294 -26.67915090 -4.70000000 0.91764706 0.34509804 0.04705882
v 11.43482274 -26.41517726 -4.70000000 0.91764706 0.34509804 0.04705882
v 11.17084910 -26.13791706 -4.70000000 0.91764706 0.34509804 0.04705882
v 10.92079793 -25.84803827 -4.70000000 0.91764706 0.34509804 0.04705882
v 10.68527164 -25.54623921 -4.70000000 0.91764706 0.34509804 0.04705882
v 10.46483762 -25.23324696 -4.70000000 0.91764706 0.34509804 0.04705882
v 10.26002693 -24.90981554 -4.70000000 0.91764706 0.34509804 0.04705882
v 10.07133298 -24.57672412 -4.70000000 0.91764706 0.34509804 0.04705882
v 9.89921033 -24.23477516 -4.70000000 0.91764706 0.34509804 0.04705882
v 9.74407365 -23.88479242 -4.70000000 0.91764706 0.34509804 0.04705882
v 9.60629668 -23.52761906 -4.70000000 0.91764706 0.34509804 0.04705882
v 9.48621134 -23.16411554 -4.70000000 0.91764706 0.34509804 0.04705882
v 9.38410692 -22.79515756 -4.70000000 0.91764706 0.34509804 0.04705882
v 9.30022939 -22.42163398 -4.70000000 0.91764706 0.34509804 0.04705882
v 9.23478084 -22.04444465 -4.70000000 0.91764706 0.34509804 0.04705882
v 9.18791892 -21.66449826 -4.70000000 0.91764706 0.34509804 0.04705882
v 9.15975653 -21.28271012 -4.70000000 0.91764706 0.34509804 0.04705882
v 9.15000000 -20.88527305 -4.70000000 0.91764706 0.34509804 0.04705882
v 9.15000000 -14.11472695 -4.70000000 0.91764706 0.34509804 0.04705882
v 9.15975653 -13.71728988 -4.70000000 0.91764706 0.34509804 0.04705882
v 9.18791892 -13.33550174 -4.70000000 0.91764706 0.34509804 0.04705882
v 9.23478084 -12.95555535 -4.70000000 0.91764706 0.34509804 0.04705882
v 9.30022939 -12.57836602 -4.70000000 0.91764706 0.34509804 0.04705882
v 9.38410692 -12.20484244 -4.70000000 0.91764706 0.34509804 0.04705882
v 9.48621134 -11.83588446 -4.70000000 0.91764706 0.34509804 0.04705882
v 9.60629668 -11.47238094 -4.70000000 0.91764706 0.34509804 0.04705882
v 9.74407365 -11.11520758 -4.70000000 0.91764706 0.34509804 0.04705882
v 9.89921033 -10.76522484 -4.70000000 0.91764706 0.34509804 0.04705882
v 10.07133298 -10.42327588 -4.70000000 0.91764706 0.34509804 0.04705882
v 10.26002693 -10.09018446 -4.70000000 0.91764706 0.34509804 0.04705882
v 10.46483762 -9.76675304 -4.70000000 0.91764706 0.34509804 0.04705882
v 10.68527164 -9.45376079 -4.70000000 0.91764706 0.34509804 0.04705882
v 10.92079793 -9.15196173 -4.70000000 0.91764706 0.34509804 0.04705882
v 11.17084910 -8.86208294 -4.70000000 0.91764706 0.34509804 0.04705882
v 11.43482274 -8.58482274 -4.70000000 0.91764706 0.34509804 0.04705882
v 11.71208294 -8.32084910 -4.70000000 0.91764706 0.34509804 0.04705882
v 12.00196173 -8.07079793 -4.70000000 0.91764706 0.34509804 0.04705882
v 12.30376079 -7.83527164 -4.70000000 0.91764706 0.34509804 0.04705882
v 12.61675304 -7.61483762 -4.70000000 0.91764706 0.34509804 0.04705882
v 12.94018446 -7.41002693 -4.70000000 0.91764706 0.34509804 0.04705882
v 13.27327588 -7.22133298 -4.70000000 0.91764706 0.34509804 0.04705882
v 13.61522484 -7.04921033 -4.70000000 0.91764706 0.34509804 0.04705882
v 13.96520758 -6.89407365 -4.70000000 0.91764706 0.34509804 0.04705882
v 14.32238094 -6.75629668 -4.70000000 0.91764706 0.34509804 0.04705882
v 14.68588446 -6.63621134 -4.70000000 0.91764706 0.34509804 0.04705882
v 15.05484244 -6.53410692 -4.70000000 0.91764706 0.34509804 0.04705882
v 15.42836602 -6.45022939 -4.70000000 0.91764706 0.34509804 0.04705882
v 15.80555535 -6.38478084 -4.70000000 0.91764706 0.34509804 0.04705882
v 15.89689281 -6.37351543 -4.70000000 0.91764706 0.34509804 0.04705882
v 15.95418690 -6.36504061 -4.70000000 0.91764706 0.34509804 0.04705882
v 16.01100535 -6.35381119 -4.70000000 0.91764706 0.34509804 0.04705882
v 16.06721579 -6.33985332 -4.70000000 0.91764706 0.34509804 0.04705882
v 16.12268729 -6.32319953 -4.70000000 0.91764706 0.34509804 0.04705882
v 16.17729063 -6.30388861 -4.70000000 0.91764706 0.34509804 0.04705882
v 16.23089860 -6.28196554 -4.70000000 0.91764706 0.34509804 0.04705882
v 16.28338634 -6.25748139 -4.70000000 0.91764706 0.34509804 0.04705882
v 16.33463156 -6.23049320 -4.70000000 0.91764706 0.34509804 0.04705882
v 16.38451491 -6.20106384 -4.70000000 0.91764706 0.34509804 0.04705882
v 16.43292018 -6.16926186 -4.70000000 0.91764706 0.34509804 0.04705882
v 16.47973460 -6.13516133 -4.70000000 0.91764706 0.34509804 0.04705882
v 16.52484913 -6.09884171 -4.70000000 0.91764706 0.34509804 0.04705882
v 16.56815867 -6.06038759 -4.70000000 0.91764706 0.34509804 0.04705882
v 16.60956233 -6.01988854 -4.70000000 0.91764706 0.34509804 0.04705882
v 16.64896367 -5.97743893 -4.70000000 0.91764706 0.34509804 0.04705882
v 16.68627091 -5.93313761 -4.70000000 0.91764706 0.34509804 0.04705882
v 16.72139713 -5.88708781 -4.70000000 0.91764706 0.34509804 0.04705882
v 16.75426050 -5.83939678 -4.70000000 0.91764706 0.34509804 0.04705882
v 16.78478449 -5.79017562 -4.70000000 0.91764706 0.34509804 0.04705882
v 16.81289797 -5.73953900 -4.70000000 0.91764706 0.34509804 0.04705882
v 16.83853547 -5.68760486 -4.70000000 0.91764706 0.34509804 0.04705882
v 16.86163726 -5.63449419 -4.70000000 0.91764706 0.34509804 0.04705882
v 16.88214952 -5.58033071 -4.70000000 0.91764706 0.34509804 0.04705882
v 16.90002448 -5.52524059 -4.70000000 0.91764706 0.34509804 0.04705882
v 16.91522049 -5.46935215 -4.70000000 0.91764706 0.34509804 0.04705882
v 16.92770215 -5.41279560 -4.70000000 0.91764706 0.34509804 0.04705882
v 16.93744039 -5.35570267 -4.70000000 0.91764706 0.34509804 0.04705882
v 16.94441253 -5.29820636 -4.70000000 0.91764706 0.34509804 0.04705882
v 16.94860232 -5.24044062 -4.70000000 0.91764706 0.34509804 0.04705882
v 16.95000000 -5.18253999 -4.70000000 0.91764706 0.34509804 0.04705882
v 16.95000000 -1.92945835 -4.70000000 0.91764706 0.34509804 0.04705882
v 16.95529245 -1.82172814 -4.70000000 0.91764706 0.34509804 0.04705882
v 16.96679116 -1.74421008 -4.70000000 0.91764706 0.34509804 0.04705882
v 16.98583261 -1.66819236 -4.70000000 0.91764706 0.34509804 0.04705882
v 17.01223341 -1.59440707 -4.70000000 0.91764706 0.34509804 0.04705882
v 17.04573930 -1.52356481 -4.70000000 0.91764706 0.34509804 0.04705882
v 17.08602761 -1.45634783 -4.70000000 0.91764706 0.34509804 0.04705882
v 17.13271033 -1.39340346 -4.70000000 0.91764706 0.34509804 0.04705882
v 17.18533790 -1.33533790 -4.70000000 0.91764706 0.34509804 0.04705882
v 17.24340346 -1.28271033 -4.70000000 0.91764706 0.34509804 0.04705882
v 17.30634783 -1.23602761 -4.70000000 0.91764706 0.34509804 0.04705882
v 17.37356481 -1.19573930 -4.70000000 0.91764706 0.34509804 0.04705882
v 17.44440707 -1.16223341 -4.70000000 0.91764706 0.34509804 0.04705882
v 17.51819236 -1.13583261 -4.70000000 0.91764706 0.34509804 0.04705882
v 17.59421008 -1.11679116 -4.70000000 0.91764706 0.34509804 0.04705882
v 17.67172814 -1.10529245 -4.70000000 0.91764706 0.34509804 0.04705882
v 17.77945835 -1.10000000 -4.70000000 0.91764706 0.34509804 0.04705882
v 34.22054165 -1.10000000 -4.70000000 0.91764706 0.34509804 0.04705882
v 34.32827186 -1.10529245 -4.70000000 0.91764706 0.34509804 0.04705882
v 34.40578992 -1.11679116 -4.70000000 0.91764706 0.34509804 0.04705882
v 34.48180764 -1.13583261 -4.70000000 0.91764706 0.34509804 0.04705882
v 34.55559293 -1.16223341 -4.70000000 0.91764706 0.34509804 0.04705882
v 34.62643519 -1.19573930 -4.70000000 0.91764706 0.34509804 0.04705882
v 34.69365217 -1.23602761 -4.70000000 0.91764706 0.34509804 0.04705882
v 34.75659654 -1.28271033 -4.70000000 0.91764706 0.34509804 0.04705882
v 34.81466210 -1.33533790 -4.70000000 0.91764706 0.34509804 0.04705882
v 34.86728967 -1.39340346 -4.70000000 0.91764706 0.34509804 0.04705882
v 34.91397239 -1.45634783 -4.70000000 0.91764706 0.34509804 0.04705882
v 34.95426070 -1.52356481 -4.70000000 0.91764706 0.34509804 0.04705882
v 34.98776659 -1.59440707 -4.70000000 0.91764706 0.34509804 0.04705882
v 35.01416739 -1.66819236 -4.70000000 0.91764706 0.34509804 0.04705882
v 35.03320884 -1.74421008 -4.70000000 0.91764706 0.34509804 0.04705882
v 35.04470755 -1.82172814 -4.70000000 0.91764706 0.34509804 0.04705882
v 35.05000000 -1.92945835 -4.70000000 0.91764706 0.34509804 0.04705882
v 35.05000000 -5.18253999 -4.70000000 0.91764706 0.34509804 0.04705882
v 35.05149571 -5.24243556 -4.70000000 0.91764706 0.34509804 0.04705882
v 35.05597913 -5.30218181 -4.70000000 0.91764706 0.34509804 0.04705882
v 35.06343907 -5.36162982 -4.70000000 0.91764706 0.34509804 0.04705882
v 35.07385694 -5.42063138 -4.70000000 0.91764706 0.34509804 0.04705882
v 35.08720677 -5.47903941 -4.70000000 0.91764706 0.34509804 0.04705882
v 35.10345528 -5.53670831 -4.70000000 0.91764706 0.34509804 0.04705882
v 35.12256196 -5.59349432 -4.70000000 0.91764706 0.34509804 0.04705882
v 35.14447918 -5.64925587 -4.70000000 0.91764706 0.34509804 0.04705882
v 35.16915231 -5.70385397 -4.70000000 0.91764706 0.34509804 0.04705882
v 35.19651984 -5.75715251 -4.70000000 0.91764706 0.34509804 0.04705882
v 35.22651354 -5.80901862 -4.70000000 0.91764706 0.34509804 0.04705882
v 35.25905866 -5.85932301 -4.70000000 0.91764706 0.34509804 0.04705882
v 35.29407405 -5.90794028 -4.70000000 0.91764706 0.34509804 0.04705882
v 35.33147243 -5.95474922 -4.70000000 0.91764706 0.34509804 0.04705882
v 35.37116056 -5.99963316 -4.70000000 0.91764706 0.34509804 0.04705882
v 35.41303952 -6.04248020 -4.70000000 0.91764706 0.34509804 0.04705882
v 35.45700490 -6.08318353 -4.70000000 0.91764706 0.34509804 0.04705882
v 35.50294711 -6.12164168 -4.70000000 0.91764706 0.34509804 0.04705882
v 35.55075162 -6.15775879 -4.70000000 0.91764706 0.34509804 0.04705882
v 35.60029925 -6.19144481 -4.70000000 0.91764706 0.34509804 0.04705882
v 35.65146649 -6.22261578 -4.70000000 0.91764706 0.34509804 0.04705882
v 35.70412579 -6.25119398 -4.70000000 0.91764706 0.34509804 0.04705882
v 35.75814588 -6.27710818 -4.70000000 0.91764706 0.34509804 0.04705882
v 35.81339209 -6.30029378 -4.70000000 0.91764706 0.34509804 0.04705882
v 35.86972671 -6.32069298 -4.70000000 0.91764706 0.34509804 0.04705882
v 35.92700929 -6.33825492 -4.70000000 0.91764706 0.34509804 0.04705882
v 35.98509704 -6.35293583 -4.70000000 0.91764706 0.34509804 0.04705882
v 36.04384516 -6.36469911 -4.70000000 0.91764706 0.34509804 0.04705882
v 36.10310719 -6.37351543 -4.70000000 0.91764706 0.34509804 0.04705882
v 36.19444465 -6.38478084 -4.70000000 0.91764706 0.34509804 0.04705882
v 36.57163398 -6.45022939 -4.70000000 0.91764706 0.34509804 0.04705882
v 36.94515756 -6.53410692 -4.70000000 0.91764706 0.34509804 0.04705882
v 37.31411554 -6.63621134 -4.70000000 0.91764706 0.34509804 0.04705882
v 37.67761906 -6.75629668 -4.70000000 0.91764706 0.34509804 0.04705882
v 38.03479242 -6.89407365 -4.70000000 0.91764706 0.34509804 0.04705882
v 38.38477516 -7.04921033 -4.70000000 0.91764706 0.34509804 0.04705882
v 38.72672412 -7.22133298 -4.70000000 0.91764706 0.34509804 0.04705882
v 39.05981554 -7.41002693 -4.70000000 0.91764706 0.34509804 0.04705882
v 39.38324696 -7.61483762 -4.70000000 0.91764706 0.34509804 0.04705882
v 39.69623921 -7.83527164 -4.70000000 0.91764706 0.34509804 0.04705882
v 39.99803827 -8.07079793 -4.70000000 0.91764706 0.34509804 0.04705882
v 40.28791706 -8.32084910 -4.70000000 0.91764706 0.34509804 0.04705882
v 40.56517726 -8.58482274 -4.70000000 0.91764706 0.34509804 0.04705882
v 40.82915090 -8.86208294 -4.70000000 0.91764706 0.34509804 0.04705882
v 41.07920207 -9.15196173 -4.70000000 0.91764706 0.34509804 0.04705882
v 41.31472836 -9.45376079 -4.70000000 0.91764706 0.34509804 0.04705882
v 41.53516238 -9.76675304 -4.70000000 0.91764706 0.34509804 0.04705882
v 41.73997307 -10.09018446 -4.70000000 0.91764706 0.34509804 0.04705882
v 41.92866702 -10.42327588 -4.70000000 0.91764706 0.34509804 0.04705882
v 42.10078967 -10.76522484 -4.70000000 0.91764706 0.34509804 0.04705882
v 42.25592635 -11.11520758 -4.70000000 0.91764706 0.34509804 0.04705882
v 42.39370332 -11.47238094 -4.70000000 0.91764706 0.34509804 0.04705882
v 42.51378866 -11.83588446 -4.70000000 0.91764706 0.34509804 0.04705882
v 42.61589308 -12.20484244 -4.70000000 0.91764706 0.34509804 0.04705882
v 42.69977061 -12.57836602 -4.70000000 0.91764706 0.34509804 0.04705882
v 42.76521916 -12.95555535 -4.70000000 0.91764706 0.34509804 0.04705882
v 42.81208108 -13.33550174 -4.70000000 0.91764706 0.34509804 0.04705882
v 42.84024347 -13.71728988 -4.70000000 0.91764706 0.34509804 0.04705882
v 42.85000000 -14.11472695 -4.70000000 0.91764706 0.34509804 0.04705882
v 42.85000000 -20.88527305 -4.70000000 0.91764706 0.34509804 0.04705882
v 42.84024347 -21.28271012 -4.70000000 0.91764706 0.34509804 0.04705882
v 42.81208108 -21.66449826 -4.70000000 0.91764706 0.34509804 0.04705882
v 42.76521916 -22.04444465 -4.70000000 0.91764706 0.34509804 0.04705882
v 42.69977061 -22.42163398 -4.70000000 0.91764706 0.34509804 0.04705882
v 42.61589308 -22.79515756 -4.70000000 0.91764706 0.34509804 0.04705882
v 42.51378866 -23.16411554 -4.70000000 0.91764706 0.34509804 0.04705882
v 42.39370332 -23.52761906 -4.70000000 0.91764706 0.34509804 0.04705882
v 42.25592635 -23.88479242 -4.70000000 0.91764706 0.34509804 0.04705882
v 42.10078967 -24.23477516 -4.70000000 0.91764706 0.34509804 0.04705882
v 41.92866702 -24.57672412 -4.70000000 0.91764706 0.34509804 0.04705882
v 41.73997307 -24.90981554 -4.70000000 0.91764706 0.34509804 0.04705882
v 41.53516238 -25.23324696 -4.70000000 0.91764706 0.34509804 0.04705882
v 41.31472836 -25.54623921 -4.70000000 0.91764706 0.34509804 0.04705882
v 41.07920207 -25.84803827 -4.70000000 0.91764706 0.34509804 0.04705882
v 40.82915090 -26.13791706 -4.70000000 0.91764706 0.34509804 0.04705882
v 40.56517726 -26.41517726 -4.70000000 0.91764706 0.34509804 0.04705882
v 40.28791706 -26.67915090 -4.70000000 0.91764706 0.34509804 0.04705882
v 39.99803827 -26.92920207 -4.70000000 0.91764706 0.34509804 0.04705882
v 39.69623921 -27.16472836 -4.70000000 0.91764706 0.34509804 0.04705882
v 39.38324696 -27.38516238 -4.70000000 0.91764706 0.34509804 0.04705882
v 39.05981554 -27.58997307 -4.70000000 0.91764706 0.34509804 0.04705882
v 38.72672412 -27.77866702 -4.70000000 0.91764706 0.34509804 0.04705882
v 38.38477516 -27.95078967 -4.70000000 0.91764706 0.34509804 0.04705882
v 38.03479242 -28.10592635 -4.70000000 0.91764706 0.34509804 0.04705882
v 37.67761906 -28.24370332 -4.70000000 0.91764706 0.34509804 0.04705882
v 37.31411554 -28.36378866 -4.70000000 0.91764706 0.34509804 0.04705882
v 36.94515756 -28.46589308 -4.70000000 0.91764706 0.34509804 0.04705882
v 36.57163398 -28.54977061 -4.70000000 0.91764706 0.34509804 0.04705882
v 36.19444465 -28.61521916 -4.70000000 0.91764706 0.34509804 0.04705882
v 35.81449826 -28.66208108 -4.70000000 0.91764706 0.34509804 0.04705882
v 35.43271012 -28.69024347 -4.70000000 0.91764706 0.34509804 0.04705882
v 34.25000000 -16.10000000 -41.45000000 0.91764706 0.34509804 0.04705882
v 34.44603428 -16.09036945 -41.45000000 0.91764706 0.34509804 0.04705882
v 34.64018064 -16.06157056 -41.45000000 0.91764706 0.34509804 0.04705882
v 34.83056935 -16.01388067 -41.45000000 0.91764706 0.34509804 0.04705882
v 35.01536686 -15.94775907 -41.45000000 0.91764706 0.34509804 0.04705882
v 35.19279347 -15.86384253 -41.45000000 0.91764706 0.34509804 0.04705882
v 35.36114047 -15.76293922 -41.45000000 0.91764706 0.34509804 0.04705882
v 35.51878657 -15.64602091 -41.45000000 0.91764706 0.34509804 0.04705882
v 35.66421356 -15.51421356 -41.45000000 0.91764706 0.34509804 0.04705882
v 35.79602091 -15.36878657 -41.45000000 0.91764706 0.34509804 0.04705882
v 35.91293922 -15.21114047 -41.45000000 0.91764706 0.34509804 0.04705882
v 36.01384253 -15.04279347 -41.45000000 0.91764706 0.34509804 0.04705882
v 36.09775907 -14.86536686 -41.45000000 0.91764706 0.34509804 0.04705882
v 36.16388067 -14.68056935 -41.45000000 0.91764706 0.34509804 0.04705882
v 36.21157056 -14.49018064 -41.45000000 0.91764706 0.34509804 0.04705882
v 36.24036945 -14.29603428 -41.45000000 0.91764706 0.34509804 0.04705882
v 36.25000000 -14.10000000 -41.45000000 0.91764706 0.34509804 0.04705882
v 36.25000000 -1.90000000 -41.45000000 0.91764706 0.34509804 0.04705882
v 36.24036945 -1.70396572 -41.45000000 0.91764706 0.34509804 0.04705882
v 36.21157056 -1.50981936 -41.45000000 0.91764706 0.34509804 0.04705882
v 36.16388067 -1.31943065 -41.45000000 0.91764706 0.34509804 0.04705882
v 36.09775907 -1.13463314 -41.45000000 0.91764706 0.34509804 0.04705882
v 36.01384253 -0.95720653 -41.45000000 0.91764706 0.34509804 0.04705882
v 35.91293922 -0.78885953 -41.45000000 0.91764706 0.34509804 0.04705882
v 35.79602091 -0.63121343 -41.45000000 0.91764706 0.34509804 0.04705882
v 35.66421356 -0.48578644 -41.45000000 0.91764706 0.34509804 0.04705882
v 35.51878657 -0.35397909 -41.45000000 0.91764706 0.34509804 0.04705882
v 35.36114047 -0.23706078 -41.45000000 0.91764706 0.34509804 0.04705882
v 35.19279347 -0.13615747 -41.45000000 0.91764706 0.34509804 0.04705882
v 35.01536686 -0.05224093 -41.45000000 0.91764706 0.34509804 0.04705882
v 34.83056935 0.01388067 -41.45000000 0.91764706 0.34509804 0.04705882
v 34.64018064 0.06157056 -41.45000000 0.91764706 0.34509804 0.04705882
v 34.44603428 0.09036945 -41.45000000 0.91764706 0.34509804 0.04705882
v 34.25000000 0.10000000 -41.45000000 0.91764706 0.34509804 0.04705882
v 17.75000000 0.10000000 -41.45000000 0.91764706 0.34509804 0.04705882
v 17.55396572 0.09036945 -41.45000000 0.91764706 0.34509804 0.04705882
v 17.35981936 0.06157056 -41.45000000 0.91764706 0.34509804 0.04705882
v 17.16943065 0.01388067 -41.45000000 0.91764706 0.34509804 0.04705882
v 16.98463314 -0.05224093 -41.45000000 0.91764706 0.34509804 0.04705882
v 16.80720653 -0.13615747 -41.45000000 0.91764706 0.34509804 0.04705882
v 16.63885953 -0.23706078 -41.45000000 0.91764706 0.34509804 0.04705882
v 16.48121343 -0.35397909 -41.45000000 0.91764706 0.34509804 0.04705882
v 16.33578644 -0.48578644 -41.45000000 0.91764706 0.34509804 0.04705882
v 16.20397909 -0.63121343 -41.45000000 0.91764706 0.34509804 0.04705882
v 16.08706078 -0.78885953 -41.45000000 0.91764706 0.34509804 0.04705882
v 15.98615747 -0.95720653 -41.45000000 0.91764706 0.34509804 0.04705882
v 15.90224093 -1.13463314 -41.45000000 0.91764706 0.34509804 0.04705882
v 15.83611933 -1.31943065 -41.45000000 0.91764706 0.34509804 0.04705882
v 15.78842944 -1.50981936 -41.45000000 0.91764706 0.34509804 0.04705882
v 15.75963055 -1.70396572 -41.45000000 0.91764706 0.34509804 0.04705882
v 15.75000000 -1.90000000 -41.45000000 0.91764706 0.34509804 0.04705882
v 15.75000000 -14.10000000 -41.45000000 0.91764706 0.34509804 0.04705882
v 15.75963055 -14.29603428 -41.45000000 0.91764706 0.34509804 0.04705882
v 15.78842944 -14.49018064 -41.45000000 0.91764706 0.34509804 0.04705882
v 15.83611933 -14.68056935 -41.45000000 0.91764706 0.34509804 0.04705882
v 15.90224093 -14.86536686 -41.45000000 0.91764706 0.34509804 0.04705882
v 15.98615747 -15.04279347 -41.45000000 0.91764706 0.34509804 0.04705882
v 16.08706078 -15.21114047 -41.45000000 0.91764706 0.34509804 0.04705882
v 16.20397909 -15.36878657 -41.45000000 0.91764706 0.34509804 0.04705882
v 16.33578644 -15.51421356 -41.45000000 0.91764706 0.34509804 0.04705882
v 16.48121343 -15.64602091 -41.45000000 0.91764706 0.34509804 0.04705882
v 16.63885953 -15.76293922 -41.45000000 0.91764706 0.34509804 0.04705882
v 16.80720653 -15.86384253 -41.45000000 0.91764706 0.34509804 0.04705882
v 16.98463314 -15.94775907 -41.45000000 0.91764706 0.34509804 0.04705882
v 17.16943065 -16.01388067 -41.45000000 0.91764706 0.34509804 0.04705882
v 17.35981936 -16.06157056 -41.45000000 0.91764706 0.34509804 0.04705882
v 17.55396572 -16.09036945 -41.45000000 0.91764706 0.34509804 0.04705882
v 17.75000000 -16.10000000 -41.45000000 0.91764706 0.34509804 0.04705882
v 34.25000000 -16.10000000 -26.70000000 0.91764706 0.34509804 0.04705882
v 34.44603428 -16.09036945 -26.70000000 0.91764706 0.34509804 0.04705882
v 34.64018064 -16.06157056 -26.70000000 0.91764706 0.34509804 0.04705882
v 34.83056935 -16.01388067 -26.70000000 0.91764706 0.34509804 0.04705882
v 35.01536686 -15.94775907 -26.70000000 0.91764706 0.34509804 0.04705882
v 35.19279347 -15.86384253 -26.70000000 0.91764706 0.34509804 0.04705882
v 35.36114047 -15.76293922 -26.70000000 0.91764706 0.34509804 0.04705882
v 35.51878657 -15.64602091 -26.70000000 0.91764706 0.34509804 0.04705882
v 35.66421356 -15.51421356 -26.70000000 0.91764706 0.34509804 0.04705882
v 35.79602091 -15.36878657 -26.70000000 0.91764706 0.34509804 0.04705882
v 35.91293922 -15.21114047 -26.70000000 0.91764706 0.34509804 0.04705882
v 36.01384253 -15.04279347 -26.70000000 0.91764706 0.34509804 0.04705882
v 36.09775907 -14.86536686 -26.70000000 0.91764706 0.34509804 0.04705882
v 36.16388067 -14.68056935 -26.70000000 0.91764706 0.34509804 0.04705882
v 36.21157056 -14.49018064 -26.70000000 0.91764706 0.34509804 0.04705882
v 36.24036945 -14.29603428 -26.70000000 0.91764706 0.34509804 0.04705882
v 36.25000000 -14.10000000 -26.70000000 0.91764706 0.34509804 0.04705882
v 36.25000000 -1.90000000 -26.70000000 0.91764706 0.34509804 0.04705882
v 36.24036945 -1.70396572 -26.70000000 0.91764706 0.34509804 0.04705882
v 36.21157056 -1.50981936 -26.70000000 0.91764706 0.34509804 0.04705882
v 36.16388067 -1.31943065 -26.70000000 0.91764706 0.34509804 0.04705882
v 36.09775907 -1.13463314 -26.70000000 0.91764706 0.34509804 0.04705882
v 36.01384253 -0.95720653 -26.70000000 0.91764706 0.34509804 0.04705882
v 35.91293922 -0.78885953 -26.70000000 0.91764706 0.34509804 0.04705882
v 35.79602091 -0.63121343 -26.70000000 0.91764706 0.34509804 0.04705882
v 35.66421356 -0.48578644 -26.70000000 0.91764706 0.34509804 0.04705882
v 35.51878657 -0.35397909 -26.70000000 0.91764706 0.34509804 0.04705882
v 35.36114047 -0.23706078 -26.70000000 0.91764706 0.34509804 0.04705882
v 35.19279347 -0.13615747 -26.70000000 0.91764706 0.34509804 0.04705882
v 35.01536686 -0.05224093 -26.70000000 0.91764706 0.34509804 0.04705882
v 34.83056935 0.01388067 -26.70000000 0.91764706 0.34509804 0.04705882
v 34.64018064 0.06157056 -26.70000000 0.91764706 0.34509804 0.04705882
v 34.44603428 0.09036945 -26.70000000 0.91764706 0.34509804 0.04705882
v 34.25000000 0.10000000 -26.70000000 0.91764706 0.34509804 0.04705882
v 17.75000000 0.10000000 -26.70000000 0.91764706 0.34509804 0.04705882
v 17.55396572 0.09036945 -26.70000000 0.91764706 0.34509804 0.04705882
v 17.35981936 0.06157056 -26.70000000 0.91764706 0.34509804 0.04705882
v 17.16943065 0.01388067 -26.70000000 0.91764706 0.34509804 0.04705882
v 16.98463314 -0.05224093 -26.70000000 0.91764706 0.34509804 0.04705882
v 16.80720653 -0.13615747 -26.70000000 0.91764706 0.34509804 0.04705882
v 16.63885953 -0.23706078 -26.70000000 0.91764706 0.34509804 0.04705882
v 16.48121343 -0.35397909 -26.70000000 0.91764706 0.34509804 0.04705882
v 16.33578644 -0.48578644 -26.70000000 0.91764706 0.34509804 0.04705882
v 16.20397909 -0.63121343 -26.70000000 0.91764706 0.34509804 0.04705882
v 16.08706078 -0.78885953 -26.70000000 0.91764706 0.34509804 0.04705882
v 15.98615747 -0.95720653 -26.70000000 0.91764706 0.34509804 0.04705882
v 15.90224093 -1.13463314 -26.70000000 0.91764706 0.34509804 0.04705882
v 15.83611933 -1.31943065 -26.70000000 0.91764706 0.34509804 0.04705882
v 15.78842944 -1.50981936 -26.70000000 0.91764706 0.34509804 0.04705882
v 15.75963055 -1.70396572 -26.70000000 0.91764706 0.34509804 0.04705882
v 15.75000000 -1.90000000 -26.70000000 0.91764706 0.34509804 0.04705882
v 15.75000000 -14.10000000 -26.70000000 0.91764706 0.34509804 0.04705882
v 15.75963055 -14.29603428 -26.70000000 0.91764706 0.34509804 0.04705882
v 15.78842944 -14.49018064 -26.70000000 0.91764706 0.34509804 0.04705882
v 15.83611933 -14.68056935 -26.70000000 0.91764706 0.34509804 0.04705882
v 15.90224093 -14.86536686 -26.70000000 0.91764706 0.34509804 0.04705882
v 15.98615747 -15.04279347 -26.70000000 0.91764706 0.34509804 0.04705882
v 16.08706078 -15.21114047 -26.70000000 0.91764706 0.34509804 0.04705882
v 16.20397909 -15.36878657 -26.70000000 0.91764706 0.34509804 0.04705882
v 16.33578644 -15.51421356 -26.70000000 0.91764706 0.34509804 0.04705882
v 16.48121343 -15.64602091 -26.70000000 0.91764706 0.34509804 0.04705882
v 16.63885953 -15.76293922 -26.70000000 0.91764706 0.34509804 0.04705882
v 16.80720653 -15.86384253 -26.70000000 0.91764706 0.34509804 0.04705882
v 16.98463314 -15.94775907 -26.70000000 0.91764706 0.34509804 0.04705882
v 17.16943065 -16.01388067 -26.70000000 0.91764706 0.34509804 0.04705882
v 17.35981936 -16.06157056 -26.70000000 0.91764706 0.34509804 0.04705882
v 17.55396572 -16.09036945 -26.70000000 0.91764706 0.34509804 0.04705882
v 17.75000000 -16.10000000 -26.70000000 0.91764706 0.34509804 0.04705882
v 23.75000000 -4.90000000 -18.20000000 0.94509804 0.96078431 0.97647059
v 23.75000000 -4.90000000 -13.20000000 0.94509804 0.96078431 0.97647059
v 23.75000000 -1.70000000 -18.20000000 0.94509804 0.96078431 0.97647059
v 23.75000000 -1.70000000 -13.20000000 0.94509804 0.96078431 0.97647059
v 28.25000000 -4.90000000 -18.20000000 0.94509804 0.96078431 0.97647059
v 28.25000000 -4.90000000 -13.20000000 0.94509804 0.96078431 0.97647059
v 28.25000000 -1.70000000 -18.20000000 0.94509804 0.96078431 0.97647059
v 28.25000000 -1.70000000 -13.20000000 0.94509804 0.96078431 0.97647059
v 15.40000000 -6.00000000 -14.20000000 0.17647059 0.17647059 0.17647059
v 16.80000000 -6.00000000 -14.20000000 0.17647059 0.17647059 0.17647059
v 16.80000000 -0.70000000 -14.20000000 0.17647059 0.17647059 0.17647059
v 35.20000000 -0.70000000 -14.20000000 0.17647059 0.17647059 0.17647059
v 35.20000000 -6.00000000 -14.20000000 0.17647059 0.17647059 0.17647059
v 36.60000000 -6.00000000 -14.20000000 0.17647059 0.17647059 0.17647059
v 36.60000000 0.50000000 -14.20000000 0.17647059 0.17647059 0.17647059
v 15.40000000 0.50000000 -14.20000000 0.17647059 0.17647059 0.17647059
v 15.40000000 -6.00000000 -4.70000000 0.17647059 0.17647059 0.17647059
v 16.80000000 -6.00000000 -4.70000000 0.17647059 0.17647059 0.17647059
v 16.80000000 -0.70000000 -4.70000000 0.17647059 0.17647059 0.17647059
v 35.20000000 -0.70000000 -4.70000000 0.17647059 0.17647059 0.17647059
v 35.20000000 -6.00000000 -4.70000000 0.17647059 0.17647059 0.17647059
v 36.60000000 -6.00000000 -4.70000000 0.17647059 0.17647059 0.17647059
v 36.60000000 0.50000000 -4.70000000 0.17647059 0.17647059 0.17647059
v 15.40000000 0.50000000 -4.70000000 0.17647059 0.17647059 0.17647059
v 17.10000038 -3.50000000 -40.70000000 0.91764706 0.70196078 0.03137255
v 18.90000010 -2.00000000 -38.70000000 0.91764706 0.70196078 0.03137255
v 17.10000038 -3.50000000 -16.70000000 0.91764706 0.70196078 0.03137255
v 18.90000010 -2.00000000 -18.70000000 0.91764706 0.70196078 0.03137255
v 17.10000038 1.50000000 -40.70000000 0.91764706 0.70196078 0.03137255
v 18.90000010 1.50000000 -38.70000000 0.91764706 0.70196078 0.03137255
v 17.10000038 1.50000000 -16.70000000 0.91764706 0.70196078 0.03137255
v 18.90000010 1.50000000 -18.70000000 0.91764706 0.70196078 0.03137255
v 34.89999962 -3.50000000 -40.70000000 0.91764706 0.70196078 0.03137255
v 33.09999990 -2.00000000 -38.70000000 0.91764706 0.70196078 0.03137255
v 34.89999962 -3.50000000 -16.70000000 0.91764706 0.70196078 0.03137255
v 33.09999990 -2.00000000 -18.70000000 0.91764706 0.70196078 0.03137255
v 33.09999990 1.50000000 -38.70000000 0.91764706 0.70196078 0.03137255
v 34.89999962 1.50000000 -40.70000000 0.91764706 0.70196078 0.03137255
v 33.09999990 1.50000000 -18.70000000 0.91764706 0.70196078 0.03137255
v 34.89999962 1.50000000 -16.70000000 0.91764706 0.70196078 0.03137255
v 22.35000000 -1.22500000 -40.20000000 0.97647059 0.45098039 0.08627451
v 22.35000000 -1.22500000 -17.20000000 0.97647059 0.45098039 0.08627451
v 22.35000000 3.22500000 -40.20000000 0.97647059 0.45098039 0.08627451
v 22.35000000 3.22500000 -17.20000000 0.97647059 0.45098039 0.08627451
v 29.65000000 -1.22500000 -40.20000000 0.97647059 0.45098039 0.08627451
v 29.65000000 -1.22500000 -17.20000000 0.97647059 0.45098039 0.08627451
v 29.65000000 3.22500000 -40.20000000 0.97647059 0.45098039 0.08627451
v 29.65000000 3.22500000 -17.20000000 0.97647059 0.45098039 0.08627451
v 22.75000000 3.00000000 -21.30000000 1.00000000 0.92941176 0.83529412
v 22.75000000 3.00000000 -20.10000000 1.00000000 0.92941176 0.83529412
v 22.75000000 3.90000000 -21.30000000 1.00000000 0.92941176 0.83529412
v 22.75000000 3.90000000 -20.10000000 1.00000000 0.92941176 0.83529412
v 29.25000000 3.00000000 -21.30000000 1.00000000 0.92941176 0.83529412
v 29.25000000 3.00000000 -20.10000000 1.00000000 0.92941176 0.83529412
v 29.25000000 3.90000000 -21.30000000 1.00000000 0.92941176 0.83529412
v 29.25000000 3.90000000 -20.10000000 1.00000000 0.92941176 0.83529412
v 22.75000000 3.00000000 -24.80000000 1.00000000 0.92941176 0.83529412
v 22.75000000 3.00000000 -23.60000000 1.00000000 0.92941176 0.83529412
v 22.75000000 3.90000000 -24.80000000 1.00000000 0.92941176 0.83529412
v 22.75000000 3.90000000 -23.60000000 1.00000000 0.92941176 0.83529412
v 29.25000000 3.00000000 -24.80000000 1.00000000 0.92941176 0.83529412
v 29.25000000 3.00000000 -23.60000000 1.00000000 0.92941176 0.83529412
v 29.25000000 3.90000000 -24.80000000 1.00000000 0.92941176 0.83529412
v 29.25000000 3.90000000 -23.60000000 1.00000000 0.92941176 0.83529412
v 22.75000000 3.00000000 -28.30000000 1.00000000 0.92941176 0.83529412
v 22.75000000 3.00000000 -27.10000000 1.00000000 0.92941176 0.83529412
v 22.75000000 3.90000000 -28.30000000 1.00000000 0.92941176 0.83529412
v 22.75000000 3.90000000 -27.10000000 1.00000000 0.92941176 0.83529412
v 29.25000000 3.00000000 -28.30000000 1.00000000 0.92941176 0.83529412
v 29.25000000 3.00000000 -27.10000000 1.00000000 0.92941176 0.83529412
v 29.25000000 3.90000000 -28.30000000 1.00000000 0.92941176 0.83529412
v 29.25000000 3.90000000 -27.10000000 1.00000000 0.92941176 0.83529412
v 22.75000000 3.00000000 -31.80000000 1.00000000 0.92941176 0.83529412
v 22.75000000 3.00000000 -30.60000000 1.00000000 0.92941176 0.83529412
v 22.75000000 3.90000000 -31.80000000 1.00000000 0.92941176 0.83529412
v 22.75000000 3.90000000 -30.60000000 1.00000000 0.92941176 0.83529412
v 29.25000000 3.00000000 -31.80000000 1.00000000 0.92941176 0.83529412
v 29.25000000 3.00000000 -30.60000000 1.00000000 0.92941176 0.83529412
v 29.25000000 3.90000000 -31.80000000 1.00000000 0.92941176 0.83529412
v 29.25000000 3.90000000 -30.60000000 1.00000000 0.92941176 0.83529412
v 16.57219813 -28.59033383 -25.70000000 0.86274510 0.14901961 0.14901961
v 16.96595420 -28.60000000 -25.70000000 0.86274510 0.14901961 0.14901961
v 35.03404580 -28.60000000 -25.70000000 0.86274510 0.14901961 0.14901961
v 35.42780187 -28.59033383 -25.70000000 0.86274510 0.14901961 0.14901961
v 35.80469359 -28.56253263 -25.70000000 0.86274510 0.14901961 0.14901961
v 36.17976719 -28.51627171 -25.70000000 0.86274510 0.14901961 0.14901961
v 36.55211907 -28.45166253 -25.70000000 0.86274510 0.14901961 0.14901961
v 36.92085222 -28.36886073 -25.70000000 0.86274510 0.14901961 0.14901961
v 37.28507832 -28.26806580 -25.70000000 0.86274510 0.14901961 0.14901961
v 37.64391993 -28.14952054 -25.70000000 0.86274510 0.14901961 0.14901961
v 37.99651255 -28.01351056 -25.70000000 0.86274510 0.14901961 0.14901961
v 38.34200677 -27.86036351 -25.70000000 0.86274510 0.14901961 0.14901961
v 38.67957025 -27.69044833 -25.70000000 0.86274510 0.14901961 0.14901961
v 39.00838978 -27.50417436 -25.70000000 0.86274510 0.14901961 0.14901961
v 39.32767320 -27.30199037 -25.70000000 0.86274510 0.14901961 0.14901961
v 39.63665134 -27.08438341 -25.70000000 0.86274510 0.14901961 0.14901961
v 39.93457983 -26.85187774 -25.70000000 0.86274510 0.14901961 0.14901961
v 40.22074093 -26.60503347 -25.70000000 0.86274510 0.14901961 0.14901961
v 40.49444527 -26.34444527 -25.70000000 0.86274510 0.14901961 0.14901961
v 40.75503347 -26.07074093 -25.70000000 0.86274510 0.14901961 0.14901961
v 41.00187774 -25.78457983 -25.70000000 0.86274510 0.14901961 0.14901961
v 41.23438341 -25.48665134 -25.70000000 0.86274510 0.14901961 0.14901961
v 41.45199037 -25.17767320 -25.70000000 0.86274510 0.14901961 0.14901961
v 41.65417436 -24.85838978 -25.70000000 0.86274510 0.14901961 0.14901961
v 41.84044833 -24.52957025 -25.70000000 0.86274510 0.14901961 0.14901961
v 42.01036351 -24.19200677 -25.70000000 0.86274510 0.14901961 0.14901961
v 42.16351056 -23.84651255 -25.70000000 0.86274510 0.14901961 0.14901961
v 42.29952054 -23.49391993 -25.70000000 0.86274510 0.14901961 0.14901961
v 42.41806580 -23.13507832 -25.70000000 0.86274510 0.14901961 0.14901961
v 42.51886073 -22.77085222 -25.70000000 0.86274510 0.14901961 0.14901961
v 42.60166253 -22.40211907 -25.70000000 0.86274510 0.14901961 0.14901961
v 42.66627171 -22.02976719 -25.70000000 0.86274510 0.14901961 0.14901961
v 42.71253263 -21.65469359 -25.70000000 0.86274510 0.14901961 0.14901961
v 42.74033383 -21.27780187 -25.70000000 0.86274510 0.14901961 0.14901961
v 42.75000000 -20.88404580 -25.70000000 0.86274510 0.14901961 0.14901961
v 42.75000000 -14.11595420 -25.70000000 0.86274510 0.14901961 0.14901961
v 42.74033383 -13.72219813 -25.70000000 0.86274510 0.14901961 0.14901961
v 42.71253263 -13.34530641 -25.70000000 0.86274510 0.14901961 0.14901961
v 42.66627171 -12.97023281 -25.70000000 0.86274510 0.14901961 0.14901961
v 42.60166253 -12.59788093 -25.70000000 0.86274510 0.14901961 0.14901961
v 42.51886073 -12.22914778 -25.70000000 0.86274510 0.14901961 0.14901961
v 42.41806580 -11.86492168 -25.70000000 0.86274510 0.14901961 0.14901961
v 42.29952054 -11.50608007 -25.70000000 0.86274510 0.14901961 0.14901961
v 42.16351056 -11.15348745 -25.70000000 0.86274510 0.14901961 0.14901961
v 42.01036351 -10.80799323 -25.70000000 0.86274510 0.14901961 0.14901961
v 41.84044833 -10.47042975 -25.70000000 0.86274510 0.14901961 0.14901961
v 41.65417436 -10.14161022 -25.70000000 0.86274510 0.14901961 0.14901961
v 41.45199037 -9.82232680 -25.70000000 0.86274510 0.14901961 0.14901961
v 41.23438341 -9.51334866 -25.70000000 0.86274510 0.14901961 0.14901961
v 41.00187774 -9.21542017 -25.70000000 0.86274510 0.14901961 0.14901961
v 40.75503347 -8.92925907 -25.70000000 0.86274510 0.14901961 0.14901961
v 40.49444527 -8.65555473 -25.70000000 0.86274510 0.14901961 0.14901961
v 40.22074093 -8.39496653 -25.70000000 0.86274510 0.14901961 0.14901961
v 39.93457983 -8.14812226 -25.70000000 0.86274510 0.14901961 0.14901961
v 39.63665134 -7.91561659 -25.70000000 0.86274510 0.14901961 0.14901961
v 39.32767320 -7.69800963 -25.70000000 0.86274510 0.14901961 0.14901961
v 39.00838978 -7.49582564 -25.70000000 0.86274510 0.14901961 0.14901961
v 38.67957025 -7.30955167 -25.70000000 0.86274510 0.14901961 0.14901961
v 38.34200677 -7.13963649 -25.70000000 0.86274510 0.14901961 0.14901961
v 37.99651255 -6.98648944 -25.70000000 0.86274510 0.14901961 0.14901961
v 37.64391993 -6.85047946 -25.70000000 0.86274510 0.14901961 0.14901961
v 37.28507832 -6.73193420 -25.70000000 0.86274510 0.14901961 0.14901961
v 36.92085222 -6.63113927 -25.70000000 0.86274510 0.14901961 0.14901961
v 36.55211907 -6.54833747 -25.70000000 0.86274510 0.14901961 0.14901961
v 36.17976719 -6.48372829 -25.70000000 0.86274510 0.14901961 0.14901961
v 36.09086612 -6.47276339 -25.70000000 0.86274510 0.14901961 0.14901961
v 36.02666559 -6.46321237 -25.70000000 0.86274510 0.14901961 0.14901961
v 35.96302179 -6.45046882 -25.70000000 0.86274510 0.14901961 0.14901961
v 35.90009340 -6.43456450 -25.70000000 0.86274510 0.14901961 0.14901961
v 35.83803727 -6.41553906 -25.70000000 0.86274510 0.14901961 0.14901961
v 35.77700810 -6.39343993 -25.70000000 0.86274510 0.14901961 0.14901961
v 35.71715804 -6.36832220 -25.70000000 0.86274510 0.14901961 0.14901961
v 35.65863628 -6.34024848 -25.70000000 0.86274510 0.14901961 0.14901961
v 35.60158870 -6.30928876 -25.70000000 0.86274510 0.14901961 0.14901961
v 35.54615752 -6.27552021 -25.70000000 0.86274510 0.14901961 0.14901961
v 35.49248092 -6.23902702 -25.70000000 0.86274510 0.14901961 0.14901961
v 35.44069270 -6.19990016 -25.70000000 0.86274510 0.14901961 0.14901961
v 35.39092198 -6.15823716 -25.70000000 0.86274510 0.14901961 0.14901961
v 35.34329281 -6.11414188 -25.70000000 0.86274510 0.14901961 0.14901961
v 35.29792394 -6.06772426 -25.70000000 0.86274510 0.14901961 0.14901961
v 35.25492846 -6.01909999 -25.70000000 0.86274510 0.14901961 0.14901961
v 35.21441355 -5.96839030 -25.70000000 0.86274510 0.14901961 0.14901961
v 35.17648021 -5.91572160 -25.70000000 0.86274510 0.14901961 0.14901961
v 35.14122301 -5.86122518 -25.70000000 0.86274510 0.14901961 0.14901961
v 35.10872982 -5.80503689 -25.70000000 0.86274510 0.14901961 0.14901961
v 35.07908167 -5.74729681 -25.70000000 0.86274510 0.14901961 0.14901961
v 35.05235244 -5.68814886 -25.70000000 0.86274510 0.14901961 0.14901961
v 35.02860878 -5.62774051 -25.70000000 0.86274510 0.14901961 0.14901961
v 35.00790988 -5.56622233 -25.70000000 0.86274510 0.14901961 0.14901961
v 34.99030733 -5.50374769 -25.70000000 0.86274510 0.14901961 0.14901961
v 34.97584502 -5.44047232 -25.70000000 0.86274510 0.14901961 0.14901961
v 34.96455900 -5.37655397 -25.70000000 0.86274510 0.14901961 0.14901961
v 34.95647739 -5.31215196 -25.70000000 0.86274510 0.14901961 0.14901961
v 34.95162036 -5.24742686 -25.70000000 0.86274510 0.14901961 0.14901961
v 34.95000000 -5.18253999 -25.70000000 0.86274510 0.14901961 0.14901961
v 34.95000000 -1.93191321 -25.70000000 0.86274510 0.14901961 0.14901961
v 34.94506906 -1.83154167 -25.70000000 0.86274510 0.14901961 0.14901961
v 34.93501203 -1.76374264 -25.70000000 0.86274510 0.14901961 0.14901961
v 34.91835795 -1.69725583 -25.70000000 0.86274510 0.14901961 0.14901961
v 34.89526722 -1.63272157 -25.70000000 0.86274510 0.14901961 0.14901961
v 34.86596221 -1.57076134 -25.70000000 0.86274510 0.14901961 0.14901961
v 34.83072515 -1.51197186 -25.70000000 0.86274510 0.14901961 0.14901961
v 34.78989540 -1.45691930 -25.70000000 0.86274510 0.14901961 0.14901961
v 34.74386615 -1.40613385 -25.70000000 0.86274510 0.14901961 0.14901961
v 34.69308070 -1.36010460 -25.70000000 0.86274510 0.14901961 0.14901961
v 34.63802814 -1.31927485 -25.70000000 0.86274510 0.14901961 0.14901961
v 34.57923866 -1.28403779 -25.70000000 0.86274510 0.14901961 0.14901961
v 34.51727843 -1.25473278 -25.70000000 0.86274510 0.14901961 0.14901961
v 34.45274417 -1.23164205 -25.70000000 0.86274510 0.14901961 0.14901961
v 34.38625736 -1.21498797 -25.70000000 0.86274510 0.14901961 0.14901961
v 34.31845833 -1.20493094 -25.70000000 0.86274510 0.14901961 0.14901961
v 34.21808679 -1.20000000 -25.70000000 0.86274510 0.14901961 0.14901961
v 17.78191321 -1.20000000 -25.70000000 0.86274510 0.14901961 0.14901961
v 17.68154167 -1.20493094 -25.70000000 0.86274510 0.14901961 0.14901961
v 17.61374264 -1.21498797 -25.70000000 0.86274510 0.14901961 0.14901961
v 17.54725583 -1.23164205 -25.70000000 0.86274510 0.14901961 0.14901961
v 17.48272157 -1.25473278 -25.70000000 0.86274510 0.14901961 0.14901961
v 17.42076134 -1.28403779 -25.70000000 0.86274510 0.14901961 0.14901961
v 17.36197186 -1.31927485 -25.70000000 0.86274510 0.14901961 0.14901961
v 17.30691930 -1.36010460 -25.70000000 0.86274510 0.14901961 0.14901961
v 17.25613385 -1.40613385 -25.70000000 0.86274510 0.14901961 0.14901961
v 17.21010460 -1.45691930 -25.70000000 0.86274510 0.14901961 0.14901961
v 17.16927485 -1.51197186 -25.70000000 0.86274510 0.14901961 0.14901961
v 17.13403779 -1.57076134 -25.70000000 0.86274510 0.14901961 0.14901961
v 17.10473278 -1.63272157 -25.70000000 0.86274510 0.14901961 0.14901961
v 17.08164205 -1.69725583 -25.70000000 0.86274510 0.14901961 0.14901961
v 17.06498797 -1.76374264 -25.70000000 0.86274510 0.14901961 0.14901961
v 17.05493094 -1.83154167 -25.70000000 0.86274510 0.14901961 0.14901961
v 17.05000000 -1.93191321 -25.70000000 0.86274510 0.14901961 0.14901961
v 17.05000000 -5.18253999 -25.70000000 0.86274510 0.14901961 0.14901961
v 17.04848584 -5.24526567 -25.70000000 0.86274510 0.14901961 0.14901961
v 17.04394691 -5.30784523 -25.70000000 0.86274510 0.14901961 0.14901961
v 17.03639376 -5.37013289 -25.70000000 0.86274510 0.14901961 0.14901961
v 17.02584400 -5.43198356 -25.70000000 0.86274510 0.14901961 0.14901961
v 17.01232219 -5.49325317 -25.70000000 0.86274510 0.14901961 0.14901961
v 16.99585985 -5.55379897 -25.70000000 0.86274510 0.14901961 0.14901961
v 16.97649532 -5.61347994 -25.70000000 0.86274510 0.14901961 0.14901961
v 16.95427370 -5.67215704 -25.70000000 0.86274510 0.14901961 0.14901961
v 16.92924676 -5.72969360 -25.70000000 0.86274510 0.14901961 0.14901961
v 16.90147281 -5.78595558 -25.70000000 0.86274510 0.14901961 0.14901961
v 16.87101653 -5.84081193 -25.70000000 0.86274510 0.14901961 0.14901961
v 16.83794888 -5.89413485 -25.70000000 0.86274510 0.14901961 0.14901961
v 16.80234689 -5.94580013 -25.70000000 0.86274510 0.14901961 0.14901961
v 16.76429348 -5.99568742 -25.70000000 0.86274510 0.14901961 0.14901961
v 16.72387731 -6.04368050 -25.70000000 0.86274510 0.14901961 0.14901961
v 16.68119253 -6.08966759 -25.70000000 0.86274510 0.14901961 0.14901961
v 16.63633856 -6.13354155 -25.70000000 0.86274510 0.14901961 0.14901961
v 16.58941989 -6.17520018 -25.70000000 0.86274510 0.14901961 0.14901961
v 16.54054581 -6.21454644 -25.70000000 0.86274510 0.14901961 0.14901961
v 16.48983019 -6.25148868 -25.70000000 0.86274510 0.14901961 0.14901961
v 16.43739115 -6.28594083 -25.70000000 0.86274510 0.14901961 0.14901961
v 16.38335086 -6.31782264 -25.70000000 0.86274510 0.14901961 0.14901961
v 16.32783520 -6.34705984 -25.70000000 0.86274510 0.14901961 0.14901961
v 16.27097348 -6.37358434 -25.70000000 0.86274510 0.14901961 0.14901961
v 16.21289818 -6.39733433 -25.70000000 0.86274510 0.14901961 0.14901961
v 16.15374457 -6.41825449 -25.70000000 0.86274510 0.14901961 0.14901961
v 16.09365044 -6.43629610 -25.70000000 0.86274510 0.14901961 0.14901961
v 16.03275580 -6.45141712 -25.70000000 0.86274510 0.14901961 0.14901961
v 15.97120248 -6.46358233 -25.70000000 0.86274510 0.14901961 0.14901961
v 15.90913388 -6.47276339 -25.70000000 0.86274510 0.14901961 0.14901961
v 15.82023281 -6.48372829 -25.70000000 0.86274510 0.14901961 0.14901961
v 15.44788093 -6.54833747 -25.70000000 0.86274510 0.14901961 0.14901961
v 15.07914778 -6.63113927 -25.70000000 0.86274510 0.14901961 0.14901961
v 14.71492168 -6.73193420 -25.70000000 0.86274510 0.14901961 0.14901961
v 14.35608007 -6.85047946 -25.70000000 0.86274510 0.14901961 0.14901961
v 14.00348745 -6.98648944 -25.70000000 0.86274510 0.14901961 0.14901961
v 13.65799323 -7.13963649 -25.70000000 0.86274510 0.14901961 0.14901961
v 13.32042975 -7.30955167 -25.70000000 0.86274510 0.14901961 0.14901961
v 12.99161022 -7.49582564 -25.70000000 0.86274510 0.14901961 0.14901961
v 12.67232680 -7.69800963 -25.70000000 0.86274510 0.14901961 0.14901961
v 12.36334866 -7.91561659 -25.70000000 0.86274510 0.14901961 0.14901961
v 12.06542017 -8.14812226 -25.70000000 0.86274510 0.14901961 0.14901961
v 11.77925907 -8.39496653 -25.70000000 0.86274510 0.14901961 0.14901961
v 11.50555473 -8.65555473 -25.70000000 0.86274510 0.14901961 0.14901961
v 11.24496653 -8.92925907 -25.70000000 0.86274510 0.14901961 0.14901961
v 10.99812226 -9.21542017 -25.70000000 0.86274510 0.14901961 0.14901961
v 10.76561659 -9.51334866 -25.70000000 0.86274510 0.14901961 0.14901961
v 10.54800963 -9.82232680 -25.70000000 0.86274510 0.14901961 0.14901961
v 10.34582564 -10.14161022 -25.70000000 0.86274510 0.14901961 0.14901961
v 10.15955167 -10.47042975 -25.70000000 0.86274510 0.14901961 0.14901961
v 9.98963649 -10.80799323 -25.70000000 0.86274510 0.14901961 0.14901961
v 9.83648944 -11.15348745 -25.70000000 0.86274510 0.14901961 0.14901961
v 9.70047946 -11.50608007 -25.70000000 0.86274510 0.14901961 0.14901961
v 9.58193420 -11.86492168 -25.70000000 0.86274510 0.14901961 0.14901961
v 9.48113927 -12.22914778 -25.70000000 0.86274510 0.14901961 0.14901961
v 9.39833747 -12.59788093 -25.70000000 0.86274510 0.14901961 0.14901961
v 9.33372829 -12.97023281 -25.70000000 0.86274510 0.14901961 0.14901961
v 9.28746737 -13.34530641 -25.70000000 0.86274510 0.14901961 0.14901961
v 9.25966617 -13.72219813 -25.70000000 0.86274510 0.14901961 0.14901961
v 9.25000000 -14.11595420 -25.70000000 0.86274510 0.14901961 0.14901961
v 9.25000000 -20.88404580 -25.70000000 0.86274510 0.14901961 0.14901961
v 9.25966617 -21.27780187 -25.70000000 0.86274510 0.14901961 0.14901961
v 9.28746737 -21.65469359 -25.70000000 0.86274510 0.14901961 0.14901961
v 9.33372829 -22.02976719 -25.70000000 0.86274510 0.14901961 0.14901961
v 9.39833747 -22.40211907 -25.70000000 0.86274510 0.14901961 0.14901961
v 9.48113927 -22.77085222 -25.70000000 0.86274510 0.14901961 0.14901961
v 9.58193420 -23.13507832 -25.70000000 0.86274510 0.14901961 0.14901961
v 9.70047946 -23.49391993 -25.70000000 0.86274510 0.14901961 0.14901961
v 9.83648944 -23.84651255 -25.70000000 0.86274510 0.14901961 0.14901961
v 9.98963649 -24.19200677 -25.70000000 0.86274510 0.14901961 0.14901961
v 10.15955167 -24.52957025 -25.70000000 0.86274510 0.14901961 0.14901961
v 10.34582564 -24.85838978 -25.70000000 0.86274510 0.14901961 0.14901961
v 10.54800963 -25.17767320 -25.70000000 0.86274510 0.14901961 0.14901961
v 10.76561659 -25.48665134 -25.70000000 0.86274510 0.14901961 0.14901961
v 10.99812226 -25.78457983 -25.70000000 0.86274510 0.14901961 0.14901961
v 11.24496653 -26.07074093 -25.70000000 0.86274510 0.14901961 0.14901961
v 11.50555473 -26.34444527 -25.70000000 0.86274510 0.14901961 0.14901961
v 11.77925907 -26.60503347 -25.70000000 0.86274510 0.14901961 0.14901961
v 12.06542017 -26.85187774 -25.70000000 0.86274510 0.14901961 0.14901961
v 12.36334866 -27.08438341 -25.70000000 0.86274510 0.14901961 0.14901961
v 12.67232680 -27.30199037 -25.70000000 0.86274510 0.14901961 0.14901961
v 12.99161022 -27.50417436 -25.70000000 0.86274510 0.14901961 0.14901961
v 13.32042975 -27.69044833 -25.70000000 0.86274510 0.14901961 0.14901961
v 13.65799323 -27.86036351 -25.70000000 0.86274510 0.14901961 0.14901961
v 14.00348745 -28.01351056 -25.70000000 0.86274510 0.14901961 0.14901961
v 14.35608007 -28.14952054 -25.70000000 0.86274510 0.14901961 0.14901961
v 14.71492168 -28.26806580 -25.70000000 0.86274510 0.14901961 0.14901961
v 15.07914778 -28.36886073 -25.70000000 0.86274510 0.14901961 0.14901961
v 15.44788093 -28.45166253 -25.70000000 0.86274510 0.14901961 0.14901961
v 15.82023281 -28.51627171 -25.70000000 0.86274510 0.14901961 0.14901961
v 16.19530641 -28.56253263 -25.70000000 0.86274510 0.14901961 0.14901961
v 35.01072812 -26.70000000 -25.70000000 0.86274510 0.14901961 0.14901961
v 16.98927188 -26.70000000 -25.70000000 0.86274510 0.14901961 0.14901961
v 16.66545479 -26.69205074 -25.70000000 0.86274510 0.14901961 0.14901961
v 16.38159508 -26.67111199 -25.70000000 0.86274510 0.14901961 0.14901961
v 16.09910471 -26.63627012 -25.70000000 0.86274510 0.14901961 0.14901961
v 15.81866421 -26.58760908 -25.70000000 0.86274510 0.14901961 0.14901961
v 15.54094921 -26.52524609 -25.70000000 0.86274510 0.14901961 0.14901961
v 15.26662873 -26.44933139 -25.70000000 0.86274510 0.14901961 0.14901961
v 14.99636364 -26.36004786 -25.70000000 0.86274510 0.14901961 0.14901961
v 14.73080503 -26.25761060 -25.70000000 0.86274510 0.14901961 0.14901961
v 14.47059265 -26.14226639 -25.70000000 0.86274510 0.14901961 0.14901961
v 14.21635339 -26.01429310 -25.70000000 0.86274510 0.14901961 0.14901961
v 13.96869971 -25.87399903 -25.70000000 0.86274510 0.14901961 0.14901961
v 13.72822826 -25.72172216 -25.70000000 0.86274510 0.14901961 0.14901961
v 13.49551833 -25.55782933 -25.70000000 0.86274510 0.14901961 0.14901961
v 13.27113055 -25.38271539 -25.70000000 0.86274510 0.14901961 0.14901961
v 13.05560549 -25.19680220 -25.70000000 0.86274510 0.14901961 0.14901961
v 12.84946237 -25.00053763 -25.70000000 0.86274510 0.14901961 0.14901961
v 12.65319780 -24.79439451 -25.70000000 0.86274510 0.14901961 0.14901961
v 12.46728461 -24.57886945 -25.70000000 0.86274510 0.14901961 0.14901961
v 12.29217067 -24.35448167 -25.70000000 0.86274510 0.14901961 0.14901961
v 12.12827784 -24.12177174 -25.70000000 0.86274510 0.14901961 0.14901961
v 11.97600097 -23.88130029 -25.70000000 0.86274510 0.14901961 0.14901961
v 11.83570690 -23.63364661 -25.70000000 0.86274510 0.14901961 0.14901961
v 11.70773361 -23.37940735 -25.70000000 0.86274510 0.14901961 0.14901961
v 11.59238940 -23.11919497 -25.70000000 0.86274510 0.14901961 0.14901961
v 11.48995214 -22.85363636 -25.70000000 0.86274510 0.14901961 0.14901961
v 11.40066861 -22.58337127 -25.70000000 0.86274510 0.14901961 0.14901961
v 11.32475391 -22.30905079 -25.70000000 0.86274510 0.14901961 0.14901961
v 11.26239092 -22.03133579 -25.70000000 0.86274510 0.14901961 0.14901961
v 11.21372988 -21.75089529 -25.70000000 0.86274510 0.14901961 0.14901961
v 11.17888801 -21.46840492 -25.70000000 0.86274510 0.14901961 0.14901961
v 11.15794926 -21.18454521 -25.70000000 0.86274510 0.14901961 0.14901961
v 11.15000000 -20.86072812 -25.70000000 0.86274510 0.14901961 0.14901961
v 11.15000000 -14.13927188 -25.70000000 0.86274510 0.14901961 0.14901961
v 11.15794926 -13.81545479 -25.70000000 0.86274510 0.14901961 0.14901961
v 11.17888801 -13.53159508 -25.70000000 0.86274510 0.14901961 0.14901961
v 11.21372988 -13.24910471 -25.70000000 0.86274510 0.14901961 0.14901961
v 11.26239092 -12.96866421 -25.70000000 0.86274510 0.14901961 0.14901961
v 11.32475391 -12.69094921 -25.70000000 0.86274510 0.14901961 0.14901961
v 11.40066861 -12.41662873 -25.70000000 0.86274510 0.14901961 0.14901961
v 11.48995214 -12.14636364 -25.70000000 0.86274510 0.14901961 0.14901961
v 11.59238940 -11.88080503 -25.70000000 0.86274510 0.14901961 0.14901961
v 11.70773361 -11.62059265 -25.70000000 0.86274510 0.14901961 0.14901961
v 11.83570690 -11.36635339 -25.70000000 0.86274510 0.14901961 0.14901961
v 11.97600097 -11.11869971 -25.70000000 0.86274510 0.14901961 0.14901961
v 12.12827784 -10.87822826 -25.70000000 0.86274510 0.14901961 0.14901961
v 12.29217067 -10.64551833 -25.70000000 0.86274510 0.14901961 0.14901961
v 12.46728461 -10.42113055 -25.70000000 0.86274510 0.14901961 0.14901961
v 12.65319780 -10.20560549 -25.70000000 0.86274510 0.14901961 0.14901961
v 12.84946237 -9.99946237 -25.70000000 0.86274510 0.14901961 0.14901961
v 13.05560549 -9.80319780 -25.70000000 0.86274510 0.14901961 0.14901961
v 13.27113055 -9.61728461 -25.70000000 0.86274510 0.14901961 0.14901961
v 13.49551833 -9.44217067 -25.70000000 0.86274510 0.14901961 0.14901961
v 13.72822826 -9.27827784 -25.70000000 0.86274510 0.14901961 0.14901961
v 13.96869971 -9.12600097 -25.70000000 0.86274510 0.14901961 0.14901961
v 14.21635339 -8.98570690 -25.70000000 0.86274510 0.14901961 0.14901961
v 14.47059265 -8.85773361 -25.70000000 0.86274510 0.14901961 0.14901961
v 14.73080503 -8.74238940 -25.70000000 0.86274510 0.14901961 0.14901961
v 14.99636364 -8.63995214 -25.70000000 0.86274510 0.14901961 0.14901961
v 15.26662873 -8.55066861 -25.70000000 0.86274510 0.14901961 0.14901961
v 15.54094921 -8.47475391 -25.70000000 0.86274510 0.14901961 0.14901961
v 15.81866421 -8.41239092 -25.70000000 0.86274510 0.14901961 0.14901961
v 16.09910471 -8.36372988 -25.70000000 0.86274510 0.14901961 0.14901961
v 16.14171416 -8.35847450 -25.70000000 0.86274510 0.14901961 0.14901961
v 16.29449841 -8.33587497 -25.70000000 0.86274510 0.14901961 0.14901961
v 16.44601427 -8.30592984 -25.70000000 0.86274510 0.14901961 0.14901961
v 16.59590878 -8.26870887 -25.70000000 0.86274510 0.14901961 0.14901961
v 16.74383278 -8.22429876 -25.70000000 0.86274510 0.14901961 0.14901961
v 16.88944167 -8.17280297 -25.70000000 0.86274510 0.14901961 0.14901961
v 17.03239627 -8.11434146 -25.70000000 0.86274510 0.14901961 0.14901961
v 17.17236356 -8.04905040 -25.70000000 0.86274510 0.14901961 0.14901961
v 17.30901750 -7.97708189 -25.70000000 0.86274510 0.14901961 0.14901961
v 17.44203976 -7.89860359 -25.70000000 0.86274510 0.14901961 0.14901961
v 17.57112047 -7.81379829 -25.70000000 0.86274510 0.14901961 0.14901961
v 17.69595893 -7.72286357 -25.70000000 0.86274510 0.14901961 0.14901961
v 17.81626434 -7.62601123 -25.70000000 0.86274510 0.14901961 0.14901961
v 17.93175644 -7.52346691 -25.70000000 0.86274510 0.14901961 0.14901961
v 18.04216622 -7.41546946 -25.70000000 0.86274510 0.14901961 0.14901961
v 18.14723646 -7.30227048 -25.70000000 0.86274510 0.14901961 0.14901961
v 18.24672242 -7.18413365 -25.70000000 0.86274510 0.14901961 0.14901961
v 18.34039233 -7.06133417 -25.70000000 0.86274510 0.14901961 0.14901961
v 18.42802801 -6.93415809 -25.70000000 0.86274510 0.14901961 0.14901961
v 18.50942530 -6.80290168 -25.70000000 0.86274510 0.14901961 0.14901961
v 18.58439460 -6.66787068 -25.70000000 0.86274510 0.14901961 0.14901961
v 18.65276126 -6.52937965 -25.70000000 0.86274510 0.14901961 0.14901961
v 18.71436603 -6.38775120 -25.70000000 0.86274510 0.14901961 0.14901961
v 18.76906540 -6.24331524 -25.70000000 0.86274510 0.14901961 0.14901961
v 18.81673194 -6.09640825 -25.70000000 0.86274510 0.14901961 0.14901961
v 18.85725463 -5.94737242 -25.70000000 0.86274510 0.14901961 0.14901961
v 18.89053907 -5.79655494 -25.70000000 0.86274510 0.14901961 0.14901961
v 18.91650772 -5.64430713 -25.70000000 0.86274510 0.14901961 0.14901961
v 18.93510008 -5.49098365 -25.70000000 0.86274510 0.14901961 0.14901961
v 18.94627285 -5.33694166 -25.70000000 0.86274510 0.14901961 0.14901961
v 18.95000000 -5.18253999 -25.70000000 0.86274510 0.14901961 0.14901961
v 18.95000000 -3.10000000 -25.70000000 0.86274510 0.14901961 0.14901961
v 33.05000000 -3.10000000 -25.70000000 0.86274510 0.14901961 0.14901961
v 33.05000000 -5.18253999 -25.70000000 0.86274510 0.14901961 0.14901961
v 33.05398857 -5.34226150 -25.70000000 0.86274510 0.14901961 0.14901961
v 33.06594435 -5.50158485 -25.70000000 0.86274510 0.14901961 0.14901961
v 33.08583753 -5.66011286 -25.70000000 0.86274510 0.14901961 0.14901961
v 33.11361851 -5.81745035 -25.70000000 0.86274510 0.14901961 0.14901961
v 33.14921805 -5.97320510 -25.70000000 0.86274510 0.14901961 0.14901961
v 33.19254740 -6.12698883 -25.70000000 0.86274510 0.14901961 0.14901961
v 33.24349855 -6.27841819 -25.70000000 0.86274510 0.14901961 0.14901961
v 33.30194448 -6.42711567 -25.70000000 0.86274510 0.14901961 0.14901961
v 33.36773949 -6.57271061 -25.70000000 0.86274510 0.14901961 0.14901961
v 33.44071957 -6.71484005 -25.70000000 0.86274510 0.14901961 0.14901961
v 33.52070279 -6.85314968 -25.70000000 0.86274510 0.14901961 0.14901961
v 33.60748975 -6.98729471 -25.70000000 0.86274510 0.14901961 0.14901961
v 33.70086413 -7.11694075 -25.70000000 0.86274510 0.14901961 0.14901961
v 33.80059313 -7.24176461 -25.70000000 0.86274510 0.14901961 0.14901961
v 33.90642817 -7.36145510 -25.70000000 0.86274510 0.14901961 0.14901961
v 34.01810539 -7.47571387 -25.70000000 0.86274510 0.14901961 0.14901961
v 34.13534641 -7.58425609 -25.70000000 0.86274510 0.14901961 0.14901961
v 34.25785896 -7.68681116 -25.70000000 0.86274510 0.14901961 0.14901961
v 34.38533764 -7.78312344 -25.70000000 0.86274510 0.14901961 0.14901961
v 34.51746466 -7.87295284 -25.70000000 0.86274510 0.14901961 0.14901961
v 34.65391064 -7.95607542 -25.70000000 0.86274510 0.14901961 0.14901961
v 34.79433545 -8.03228397 -25.70000000 0.86274510 0.14901961 0.14901961
v 34.93838902 -8.10138850 -25.70000000 0.86274510 0.14901961 0.14901961
v 35.08571225 -8.16321677 -25.70000000 0.86274510 0.14901961 0.14901961
v 35.23593789 -8.21761463 -25.70000000 0.86274510 0.14901961 0.14901961
v 35.38869144 -8.26444647 -25.70000000 0.86274510 0.14901961 0.14901961
v 35.54359211 -8.30359557 -25.70000000 0.86274510 0.14901961 0.14901961
v 35.70025375 -8.33496431 -25.70000000 0.86274510 0.14901961 0.14901961
v 35.85828584 -8.35847450 -25.70000000 0.86274510 0.14901961 0.14901961
v 35.90089529 -8.36372988 -25.70000000 0.86274510 0.14901961 0.14901961
v 36.18133579 -8.41239092 -25.70000000 0.86274510 0.14901961 0.14901961
v 36.45905079 -8.47475391 -25.70000000 0.86274510 0.14901961 0.14901961
v 36.73337127 -8.55066861 -25.70000000 0.86274510 0.14901961 0.14901961
v 37.00363636 -8.63995214 -25.70000000 0.86274510 0.14901961 0.14901961
v 37.26919497 -8.74238940 -25.70000000 0.86274510 0.14901961 0.14901961
v 37.52940735 -8.85773361 -25.70000000 0.86274510 0.14901961 0.14901961
v 37.78364661 -8.98570690 -25.70000000 0.86274510 0.14901961 0.14901961
v 38.03130029 -9.12600097 -25.70000000 0.86274510 0.14901961 0.14901961
v 38.27177174 -9.27827784 -25.70000000 0.86274510 0.14901961 0.14901961
v 38.50448167 -9.44217067 -25.70000000 0.86274510 0.14901961 0.14901961
v 38.72886945 -9.61728461 -25.70000000 0.86274510 0.14901961 0.14901961
v 38.94439451 -9.80319780 -25.70000000 0.86274510 0.14901961 0.14901961
v 39.15053763 -9.99946237 -25.70000000 0.86274510 0.14901961 0.14901961
v 39.34680220 -10.20560549 -25.70000000 0.86274510 0.14901961 0.14901961
v 39.53271539 -10.42113055 -25.70000000 0.86274510 0.14901961 0.14901961
v 39.70782933 -10.64551833 -25.70000000 0.86274510 0.14901961 0.14901961
v 39.87172216 -10.87822826 -25.70000000 0.86274510 0.14901961 0.14901961
v 40.02399903 -11.11869971 -25.70000000 0.86274510 0.14901961 0.14901961
v 40.16429310 -11.36635339 -25.70000000 0.86274510 0.14901961 0.14901961
v 40.29226639 -11.62059265 -25.70000000 0.86274510 0.14901961 0.14901961
v 40.40761060 -11.88080503 -25.70000000 0.86274510 0.14901961 0.14901961
v 40.51004786 -12.14636364 -25.70000000 0.86274510 0.14901961 0.14901961
v 40.59933139 -12.41662873 -25.70000000 0.86274510 0.14901961 0.14901961
v 40.67524609 -12.69094921 -25.70000000 0.86274510 0.14901961 0.14901961
v 40.73760908 -12.96866421 -25.70000000 0.86274510 0.14901961 0.14901961
v 40.78627012 -13.24910471 -25.70000000 0.86274510 0.14901961 0.14901961
v 40.82111199 -13.53159508 -25.70000000 0.86274510 0.14901961 0.14901961
v 40.84205074 -13.81545479 -25.70000000 0.86274510 0.14901961 0.14901961
v 40.85000000 -14.13927188 -25.70000000 0.86274510 0.14901961 0.14901961
v 40.85000000 -20.86072812 -25.70000000 0.86274510 0.14901961 0.14901961
v 40.84205074 -21.18454521 -25.70000000 0.86274510 0.14901961 0.14901961
v 40.82111199 -21.46840492 -25.70000000 0.86274510 0.14901961 0.14901961
v 40.78627012 -21.75089529 -25.70000000 0.86274510 0.14901961 0.14901961
v 40.73760908 -22.03133579 -25.70000000 0.86274510 0.14901961 0.14901961
v 40.67524609 -22.30905079 -25.70000000 0.86274510 0.14901961 0.14901961
v 40.59933139 -22.58337127 -25.70000000 0.86274510 0.14901961 0.14901961
v 40.51004786 -22.85363636 -25.70000000 0.86274510 0.14901961 0.14901961
v 40.40761060 -23.11919497 -25.70000000 0.86274510 0.14901961 0.14901961
v 40.29226639 -23.37940735 -25.70000000 0.86274510 0.14901961 0.14901961
v 40.16429310 -23.63364661 -25.70000000 0.86274510 0.14901961 0.14901961
v 40.02399903 -23.88130029 -25.70000000 0.86274510 0.14901961 0.14901961
v 39.87172216 -24.12177174 -25.70000000 0.86274510 0.14901961 0.14901961
v 39.70782933 -24.35448167 -25.70000000 0.86274510 0.14901961 0.14901961
v 39.53271539 -24.57886945 -25.70000000 0.86274510 0.14901961 0.14901961
v 39.34680220 -24.79439451 -25.70000000 0.86274510 0.14901961 0.14901961
v 39.15053763 -25.00053763 -25.70000000 0.86274510 0.14901961 0.14901961
v 38.94439451 -25.19680220 -25.70000000 0.86274510 0.14901961 0.14901961
v 38.72886945 -25.38271539 -25.70000000 0.86274510 0.14901961 0.14901961
v 38.50448167 -25.55782933 -25.70000000 0.86274510 0.14901961 0.14901961
v 38.27177174 -25.72172216 -25.70000000 0.86274510 0.14901961 0.14901961
v 38.03130029 -25.87399903 -25.70000000 0.86274510 0.14901961 0.14901961
v 37.78364661 -26.01429310 -25.70000000 0.86274510 0.14901961 0.14901961
v 37.52940735 -26.14226639 -25.70000000 0.86274510 0.14901961 0.14901961
v 37.26919497 -26.25761060 -25.70000000 0.86274510 0.14901961 0.14901961
v 37.00363636 -26.36004786 -25.70000000 0.86274510 0.14901961 0.14901961
v 36.73337127 -26.44933139 -25.70000000 0.86274510 0.14901961 0.14901961
v 36.45905079 -26.52524609 -25.70000000 0.86274510 0.14901961 0.14901961
v 36.18133579 -26.58760908 -25.70000000 0.86274510 0.14901961 0.14901961
v 35.90089529 -26.63627012 -25.70000000 0.86274510 0.14901961 0.14901961
v 35.61840492 -26.67111199 -25.70000000 0.86274510 0.14901961 0.14901961
v 35.33454521 -26.69205074 -25.70000000 0.86274510 0.14901961 0.14901961
v 16.57219813 -28.59033383 -21.70000000 0.86274510 0.14901961 0.14901961
v 16.96595420 -28.60000000 -21.70000000 0.86274510 0.14901961 0.14901961
v 35.03404580 -28.60000000 -21.70000000 0.86274510 0.14901961 0.14901961
v 35.42780187 -28.59033383 -21.70000000 0.86274510 0.14901961 0.14901961
v 35.80469359 -28.56253263 -21.70000000 0.86274510 0.14901961 0.14901961
v 36.17976719 -28.51627171 -21.70000000 0.86274510 0.14901961 0.14901961
v 36.55211907 -28.45166253 -21.70000000 0.86274510 0.14901961 0.14901961
v 36.92085222 -28.36886073 -21.70000000 0.86274510 0.14901961 0.14901961
v 37.28507832 -28.26806580 -21.70000000 0.86274510 0.14901961 0.14901961
v 37.64391993 -28.14952054 -21.70000000 0.86274510 0.14901961 0.14901961
v 37.99651255 -28.01351056 -21.70000000 0.86274510 0.14901961 0.14901961
v 38.34200677 -27.86036351 -21.70000000 0.86274510 0.14901961 0.14901961
v 38.67957025 -27.69044833 -21.70000000 0.86274510 0.14901961 0.14901961
v 39.00838978 -27.50417436 -21.70000000 0.86274510 0.14901961 0.14901961
v 39.32767320 -27.30199037 -21.70000000 0.86274510 0.14901961 0.14901961
v 39.63665134 -27.08438341 -21.70000000 0.86274510 0.14901961 0.14901961
v 39.93457983 -26.85187774 -21.70000000 0.86274510 0.14901961 0.14901961
v 40.22074093 -26.60503347 -21.70000000 0.86274510 0.14901961 0.14901961
v 40.49444527 -26.34444527 -21.70000000 0.86274510 0.14901961 0.14901961
v 40.75503347 -26.07074093 -21.70000000 0.86274510 0.14901961 0.14901961
v 41.00187774 -25.78457983 -21.70000000 0.86274510 0.14901961 0.14901961
v 41.23438341 -25.48665134 -21.70000000 0.86274510 0.14901961 0.14901961
v 41.45199037 -25.17767320 -21.70000000 0.86274510 0.14901961 0.14901961
v 41.65417436 -24.85838978 -21.70000000 0.86274510 0.14901961 0.14901961
v 41.84044833 -24.52957025 -21.70000000 0.86274510 0.14901961 0.14901961
v 42.01036351 -24.19200677 -21.70000000 0.86274510 0.14901961 0.14901961
v 42.16351056 -23.84651255 -21.70000000 0.86274510 0.14901961 0.14901961
v 42.29952054 -23.49391993 -21.70000000 0.86274510 0.14901961 0.14901961
v 42.41806580 -23.13507832 -21.70000000 0.86274510 0.14901961 0.14901961
v 42.51886073 -22.77085222 -21.70000000 0.86274510 0.14901961 0.14901961
v 42.60166253 -22.40211907 -21.70000000 0.86274510 0.14901961 0.14901961
v 42.66627171 -22.02976719 -21.70000000 0.86274510 0.14901961 0.14901961
v 42.71253263 -21.65469359 -21.70000000 0.86274510 0.14901961 0.14901961
v 42.74033383 -21.27780187 -21.70000000 0.86274510 0.14901961 0.14901961
v 42.75000000 -20.88404580 -21.70000000 0.86274510 0.14901961 0.14901961
v 42.75000000 -14.11595420 -21.70000000 0.86274510 0.14901961 0.14901961
v 42.74033383 -13.72219813 -21.70000000 0.86274510 0.14901961 0.14901961
v 42.71253263 -13.34530641 -21.70000000 0.86274510 0.14901961 0.14901961
v 42.66627171 -12.97023281 -21.70000000 0.86274510 0.14901961 0.14901961
v 42.60166253 -12.59788093 -21.70000000 0.86274510 0.14901961 0.14901961
v 42.51886073 -12.22914778 -21.70000000 0.86274510 0.14901961 0.14901961
v 42.41806580 -11.86492168 -21.70000000 0.86274510 0.14901961 0.14901961
v 42.29952054 -11.50608007 -21.70000000 0.86274510 0.14901961 0.14901961
v 42.16351056 -11.15348745 -21.70000000 0.86274510 0.14901961 0.14901961
v 42.01036351 -10.80799323 -21.70000000 0.86274510 0.14901961 0.14901961
v 41.84044833 -10.47042975 -21.70000000 0.86274510 0.14901961 0.14901961
v 41.65417436 -10.14161022 -21.70000000 0.86274510 0.14901961 0.14901961
v 41.45199037 -9.82232680 -21.70000000 0.86274510 0.14901961 0.14901961
v 41.23438341 -9.51334866 -21.70000000 0.86274510 0.14901961 0.14901961
v 41.00187774 -9.21542017 -21.70000000 0.86274510 0.14901961 0.14901961
v 40.75503347 -8.92925907 -21.70000000 0.86274510 0.14901961 0.14901961
v 40.49444527 -8.65555473 -21.70000000 0.86274510 0.14901961 0.14901961
v 40.22074093 -8.39496653 -21.70000000 0.86274510 0.14901961 0.14901961
v 39.93457983 -8.14812226 -21.70000000 0.86274510 0.14901961 0.14901961
v 39.63665134 -7.91561659 -21.70000000 0.86274510 0.14901961 0.14901961
v 39.32767320 -7.69800963 -21.70000000 0.86274510 0.14901961 0.14901961
v 39.00838978 -7.49582564 -21.70000000 0.86274510 0.14901961 0.14901961
v 38.67957025 -7.30955167 -21.70000000 0.86274510 0.14901961 0.14901961
v 38.34200677 -7.13963649 -21.70000000 0.86274510 0.14901961 0.14901961
v 37.99651255 -6.98648944 -21.70000000 0.86274510 0.14901961 0.14901961
v 37.64391993 -6.85047946 -21.70000000 0.86274510 0.14901961 0.14901961
v 37.28507832 -6.73193420 -21.70000000 0.86274510 0.14901961 0.14901961
v 36.92085222 -6.63113927 -21.70000000 0.86274510 0.14901961 0.14901961
v 36.55211907 -6.54833747 -21.70000000 0.86274510 0.14901961 0.14901961
v 36.17976719 -6.48372829 -21.70000000 0.86274510 0.14901961 0.14901961
v 36.09086612 -6.47276339 -21.70000000 0.86274510 0.14901961 0.14901961
v 36.02666559 -6.46321237 -21.70000000 0.86274510 0.14901961 0.14901961
v 35.96302179 -6.45046882 -21.70000000 0.86274510 0.14901961 0.14901961
v 35.90009340 -6.43456450 -21.70000000 0.86274510 0.14901961 0.14901961
v 35.83803727 -6.41553906 -21.70000000 0.86274510 0.14901961 0.14901961
v 35.77700810 -6.39343993 -21.70000000 0.86274510 0.14901961 0.14901961
v 35.71715804 -6.36832220 -21.70000000 0.86274510 0.14901961 0.14901961
v 35.65863628 -6.34024848 -21.70000000 0.86274510 0.14901961 0.14901961
v 35.60158870 -6.30928876 -21.70000000 0.86274510 0.14901961 0.14901961
v 35.54615752 -6.27552021 -21.70000000 0.86274510 0.14901961 0.14901961
v 35.49248092 -6.23902702 -21.70000000 0.86274510 0.14901961 0.14901961
v 35.44069270 -6.19990016 -21.70000000 0.86274510 0.14901961 0.14901961
v 35.39092198 -6.15823716 -21.70000000 0.86274510 0.14901961 0.14901961
v 35.34329281 -6.11414188 -21.70000000 0.86274510 0.14901961 0.14901961
v 35.29792394 -6.06772426 -21.70000000 0.86274510 0.14901961 0.14901961
v 35.25492846 -6.01909999 -21.70000000 0.86274510 0.14901961 0.14901961
v 35.21441355 -5.96839030 -21.70000000 0.86274510 0.14901961 0.14901961
v 35.17648021 -5.91572160 -21.70000000 0.86274510 0.14901961 0.14901961
v 35.14122301 -5.86122518 -21.70000000 0.86274510 0.14901961 0.14901961
v 35.10872982 -5.80503689 -21.70000000 0.86274510 0.14901961 0.14901961
v 35.07908167 -5.74729681 -21.70000000 0.86274510 0.14901961 0.14901961
v 35.05235244 -5.68814886 -21.70000000 0.86274510 0.14901961 0.14901961
v 35.02860878 -5.62774051 -21.70000000 0.86274510 0.14901961 0.14901961
v 35.00790988 -5.56622233 -21.70000000 0.86274510 0.14901961 0.14901961
v 34.99030733 -5.50374769 -21.70000000 0.86274510 0.14901961 0.14901961
v 34.97584502 -5.44047232 -21.70000000 0.86274510 0.14901961 0.14901961
v 34.96455900 -5.37655397 -21.70000000 0.86274510 0.14901961 0.14901961
v 34.95647739 -5.31215196 -21.70000000 0.86274510 0.14901961 0.14901961
v 34.95162036 -5.24742686 -21.70000000 0.86274510 0.14901961 0.14901961
v 34.95000000 -5.18253999 -21.70000000 0.86274510 0.14901961 0.14901961
v 34.95000000 -1.93191321 -21.70000000 0.86274510 0.14901961 0.14901961
v 34.94506906 -1.83154167 -21.70000000 0.86274510 0.14901961 0.14901961
v 34.93501203 -1.76374264 -21.70000000 0.86274510 0.14901961 0.14901961
v 34.91835795 -1.69725583 -21.70000000 0.86274510 0.14901961 0.14901961
v 34.89526722 -1.63272157 -21.70000000 0.86274510 0.14901961 0.14901961
v 34.86596221 -1.57076134 -21.70000000 0.86274510 0.14901961 0.14901961
v 34.83072515 -1.51197186 -21.70000000 0.86274510 0.14901961 0.14901961
v 34.78989540 -1.45691930 -21.70000000 0.86274510 0.14901961 0.14901961
v 34.74386615 -1.40613385 -21.70000000 0.86274510 0.14901961 0.14901961
v 34.69308070 -1.36010460 -21.70000000 0.86274510 0.14901961 0.14901961
v 34.63802814 -1.31927485 -21.70000000 0.86274510 0.14901961 0.14901961
v 34.57923866 -1.28403779 -21.70000000 0.86274510 0.14901961 0.14901961
v 34.51727843 -1.25473278 -21.70000000 0.86274510 0.14901961 0.14901961
v 34.45274417 -1.23164205 -21.70000000 0.86274510 0.14901961 0.14901961
v 34.38625736 -1.21498797 -21.70000000 0.86274510 0.14901961 0.14901961
v 34.31845833 -1.20493094 -21.70000000 0.86274510 0.14901961 0.14901961
v 34.21808679 -1.20000000 -21.70000000 0.86274510 0.14901961 0.14901961
v 17.78191321 -1.20000000 -21.70000000 0.86274510 0.14901961 0.14901961
v 17.68154167 -1.20493094 -21.70000000 0.86274510 0.14901961 0.14901961
v 17.61374264 -1.21498797 -21.70000000 0.86274510 0.14901961 0.14901961
v 17.54725583 -1.23164205 -21.70000000 0.86274510 0.14901961 0.14901961
v 17.48272157 -1.25473278 -21.70000000 0.86274510 0.14901961 0.14901961
v 17.42076134 -1.28403779 -21.70000000 0.86274510 0.14901961 0.14901961
v 17.36197186 -1.31927485 -21.70000000 0.86274510 0.14901961 0.14901961
v 17.30691930 -1.36010460 -21.70000000 0.86274510 0.14901961 0.14901961
v 17.25613385 -1.40613385 -21.70000000 0.86274510 0.14901961 0.14901961
v 17.21010460 -1.45691930 -21.70000000 0.86274510 0.14901961 0.14901961
v 17.16927485 -1.51197186 -21.70000000 0.86274510 0.14901961 0.14901961
v 17.13403779 -1.57076134 -21.70000000 0.86274510 0.14901961 0.14901961
v 17.10473278 -1.63272157 -21.70000000 0.86274510 0.14901961 0.14901961
v 17.08164205 -1.69725583 -21.70000000 0.86274510 0.14901961 0.14901961
v 17.06498797 -1.76374264 -21.70000000 0.86274510 0.14901961 0.14901961
v 17.05493094 -1.83154167 -21.70000000 0.86274510 0.14901961 0.14901961
v 17.05000000 -1.93191321 -21.70000000 0.86274510 0.14901961 0.14901961
v 17.05000000 -5.18253999 -21.70000000 0.86274510 0.14901961 0.14901961
v 17.04848584 -5.24526567 -21.70000000 0.86274510 0.14901961 0.14901961
v 17.04394691 -5.30784523 -21.70000000 0.86274510 0.14901961 0.14901961
v 17.03639376 -5.37013289 -21.70000000 0.86274510 0.14901961 0.14901961
v 17.02584400 -5.43198356 -21.70000000 0.86274510 0.14901961 0.14901961
v 17.01232219 -5.49325317 -21.70000000 0.86274510 0.14901961 0.14901961
v 16.99585985 -5.55379897 -21.70000000 0.86274510 0.14901961 0.14901961
v 16.97649532 -5.61347994 -21.70000000 0.86274510 0.14901961 0.14901961
v 16.95427370 -5.67215704 -21.70000000 0.86274510 0.14901961 0.14901961
v 16.92924676 -5.72969360 -21.70000000 0.86274510 0.14901961 0.14901961
v 16.90147281 -5.78595558 -21.70000000 0.86274510 0.14901961 0.14901961
v 16.87101653 -5.84081193 -21.70000000 0.86274510 0.14901961 0.14901961
v 16.83794888 -5.89413485 -21.70000000 0.86274510 0.14901961 0.14901961
v 16.80234689 -5.94580013 -21.70000000 0.86274510 0.14901961 0.14901961
v 16.76429348 -5.99568742 -21.70000000 0.86274510 0.14901961 0.14901961
v 16.72387731 -6.04368050 -21.70000000 0.86274510 0.14901961 0.14901961
v 16.68119253 -6.08966759 -21.70000000 0.86274510 0.14901961 0.14901961
v 16.63633856 -6.13354155 -21.70000000 0.86274510 0.14901961 0.14901961
v 16.58941989 -6.17520018 -21.70000000 0.86274510 0.14901961 0.14901961
v 16.54054581 -6.21454644 -21.70000000 0.86274510 0.14901961 0.14901961
v 16.48983019 -6.25148868 -21.70000000 0.86274510 0.14901961 0.14901961
v 16.43739115 -6.28594083 -21.70000000 0.86274510 0.14901961 0.14901961
v 16.38335086 -6.31782264 -21.70000000 0.86274510 0.14901961 0.14901961
v 16.32783520 -6.34705984 -21.70000000 0.86274510 0.14901961 0.14901961
v 16.27097348 -6.37358434 -21.70000000 0.86274510 0.14901961 0.14901961
v 16.21289818 -6.39733433 -21.70000000 0.86274510 0.14901961 0.14901961
v 16.15374457 -6.41825449 -21.70000000 0.86274510 0.14901961 0.14901961
v 16.09365044 -6.43629610 -21.70000000 0.86274510 0.14901961 0.14901961
v 16.03275580 -6.45141712 -21.70000000 0.86274510 0.14901961 0.14901961
v 15.97120248 -6.46358233 -21.70000000 0.86274510 0.14901961 0.14901961
v 15.90913388 -6.47276339 -21.70000000 0.86274510 0.14901961 0.14901961
v 15.82023281 -6.48372829 -21.70000000 0.86274510 0.14901961 0.14901961
v 15.44788093 -6.54833747 -21.70000000 0.86274510 0.14901961 0.14901961
v 15.07914778 -6.63113927 -21.70000000 0.86274510 0.14901961 0.14901961
v 14.71492168 -6.73193420 -21.70000000 0.86274510 0.14901961 0.14901961
v 14.35608007 -6.85047946 -21.70000000 0.86274510 0.14901961 0.14901961
v 14.00348745 -6.98648944 -21.70000000 0.86274510 0.14901961 0.14901961
v 13.65799323 -7.13963649 -21.70000000 0.86274510 0.14901961 0.14901961
v 13.32042975 -7.30955167 -21.70000000 0.86274510 0.14901961 0.14901961
v 12.99161022 -7.49582564 -21.70000000 0.86274510 0.14901961 0.14901961
v 12.67232680 -7.69800963 -21.70000000 0.86274510 0.14901961 0.14901961
v 12.36334866 -7.91561659 -21.70000000 0.86274510 0.14901961 0.14901961
v 12.06542017 -8.14812226 -21.70000000 0.86274510 0.14901961 0.14901961
v 11.77925907 -8.39496653 -21.70000000 0.86274510 0.14901961 0.14901961
v 11.50555473 -8.65555473 -21.70000000 0.86274510 0.14901961 0.14901961
v 11.24496653 -8.92925907 -21.70000000 0.86274510 0.14901961 0.14901961
v 10.99812226 -9.21542017 -21.70000000 0.86274510 0.14901961 0.14901961
v 10.76561659 -9.51334866 -21.70000000 0.86274510 0.14901961 0.14901961
v 10.54800963 -9.82232680 -21.70000000 0.86274510 0.14901961 0.14901961
v 10.34582564 -10.14161022 -21.70000000 0.86274510 0.14901961 0.14901961
v 10.15955167 -10.47042975 -21.70000000 0.86274510 0.14901961 0.14901961
v 9.98963649 -10.80799323 -21.70000000 0.86274510 0.14901961 0.14901961
v 9.83648944 -11.15348745 -21.70000000 0.86274510 0.14901961 0.14901961
v 9.70047946 -11.50608007 -21.70000000 0.86274510 0.14901961 0.14901961
v 9.58193420 -11.86492168 -21.70000000 0.86274510 0.14901961 0.14901961
v 9.48113927 -12.22914778 -21.70000000 0.86274510 0.14901961 0.14901961
v 9.39833747 -12.59788093 -21.70000000 0.86274510 0.14901961 0.14901961
v 9.33372829 -12.97023281 -21.70000000 0.86274510 0.14901961 0.14901961
v 9.28746737 -13.34530641 -21.70000000 0.86274510 0.14901961 0.14901961
v 9.25966617 -13.72219813 -21.70000000 0.86274510 0.14901961 0.14901961
v 9.25000000 -14.11595420 -21.70000000 0.86274510 0.14901961 0.14901961
v 9.25000000 -20.88404580 -21.70000000 0.86274510 0.14901961 0.14901961
v 9.25966617 -21.27780187 -21.70000000 0.86274510 0.14901961 0.14901961
v 9.28746737 -21.65469359 -21.70000000 0.86274510 0.14901961 0.14901961
v 9.33372829 -22.02976719 -21.70000000 0.86274510 0.14901961 0.14901961
v 9.39833747 -22.40211907 -21.70000000 0.86274510 0.14901961 0.14901961
v 9.48113927 -22.77085222 -21.70000000 0.86274510 0.14901961 0.14901961
v 9.58193420 -23.13507832 -21.70000000 0.86274510 0.14901961 0.14901961
v 9.70047946 -23.49391993 -21.70000000 0.86274510 0.14901961 0.14901961
v 9.83648944 -23.84651255 -21.70000000 0.86274510 0.14901961 0.14901961
v 9.98963649 -24.19200677 -21.70000000 0.86274510 0.14901961 0.14901961
v 10.15955167 -24.52957025 -21.70000000 0.86274510 0.14901961 0.14901961
v 10.34582564 -24.85838978 -21.70000000 0.86274510 0.14901961 0.14901961
v 10.54800963 -25.17767320 -21.70000000 0.86274510 0.14901961 0.14901961
v 10.76561659 -25.48665134 -21.70000000 0.86274510 0.14901961 0.14901961
v 10.99812226 -25.78457983 -21.70000000 0.86274510 0.14901961 0.14901961
v 11.24496653 -26.07074093 -21.70000000 0.86274510 0.14901961 0.14901961
v 11.50555473 -26.34444527 -21.70000000 0.86274510 0.14901961 0.14901961
v 11.77925907 -26.60503347 -21.70000000 0.86274510 0.14901961 0.14901961
v 12.06542017 -26.85187774 -21.70000000 0.86274510 0.14901961 0.14901961
v 12.36334866 -27.08438341 -21.70000000 0.86274510 0.14901961 0.14901961
v 12.67232680 -27.30199037 -21.70000000 0.86274510 0.14901961 0.14901961
v 12.99161022 -27.50417436 -21.70000000 0.86274510 0.14901961 0.14901961
v 13.32042975 -27.69044833 -21.70000000 0.86274510 0.14901961 0.14901961
v 13.65799323 -27.86036351 -21.70000000 0.86274510 0.14901961 0.14901961
v 14.00348745 -28.01351056 -21.70000000 0.86274510 0.14901961 0.14901961
v 14.35608007 -28.14952054 -21.70000000 0.86274510 0.14901961 0.14901961
v 14.71492168 -28.26806580 -21.70000000 0.86274510 0.14901961 0.14901961
v 15.07914778 -28.36886073 -21.70000000 0.86274510 0.14901961 0.14901961
v 15.44788093 -28.45166253 -21.70000000 0.86274510 0.14901961 0.14901961
v 15.82023281 -28.51627171 -21.70000000 0.86274510 0.14901961 0.14901961
v 16.19530641 -28.56253263 -21.70000000 0.86274510 0.14901961 0.14901961
v 35.01072812 -26.70000000 -21.70000000 0.86274510 0.14901961 0.14901961
v 16.98927188 -26.70000000 -21.70000000 0.86274510 0.14901961 0.14901961
v 16.66545479 -26.69205074 -21.70000000 0.86274510 0.14901961 0.14901961
v 16.38159508 -26.67111199 -21.70000000 0.86274510 0.14901961 0.14901961
v 16.09910471 -26.63627012 -21.70000000 0.86274510 0.14901961 0.14901961
v 15.81866421 -26.58760908 -21.70000000 0.86274510 0.14901961 0.14901961
v 15.54094921 -26.52524609 -21.70000000 0.86274510 0.14901961 0.14901961
v 15.26662873 -26.44933139 -21.70000000 0.86274510 0.14901961 0.14901961
v 14.99636364 -26.36004786 -21.70000000 0.86274510 0.14901961 0.14901961
v 14.73080503 -26.25761060 -21.70000000 0.86274510 0.14901961 0.14901961
v 14.47059265 -26.14226639 -21.70000000 0.86274510 0.14901961 0.14901961
v 14.21635339 -26.01429310 -21.70000000 0.86274510 0.14901961 0.14901961
v 13.96869971 -25.87399903 -21.70000000 0.86274510 0.14901961 0.14901961
v 13.72822826 -25.72172216 -21.70000000 0.86274510 0.14901961 0.14901961
v 13.49551833 -25.55782933 -21.70000000 0.86274510 0.14901961 0.14901961
v 13.27113055 -25.38271539 -21.70000000 0.86274510 0.14901961 0.14901961
v 13.05560549 -25.19680220 -21.70000000 0.86274510 0.14901961 0.14901961
v 12.84946237 -25.00053763 -21.70000000 0.86274510 0.14901961 0.14901961
v 12.65319780 -24.79439451 -21.70000000 0.86274510 0.14901961 0.14901961
v 12.46728461 -24.57886945 -21.70000000 0.86274510 0.14901961 0.14901961
v 12.29217067 -24.35448167 -21.70000000 0.86274510 0.14901961 0.14901961
v 12.12827784 -24.12177174 -21.70000000 0.86274510 0.14901961 0.14901961
v 11.97600097 -23.88130029 -21.70000000 0.86274510 0.14901961 0.14901961
v 11.83570690 -23.63364661 -21.70000000 0.86274510 0.14901961 0.14901961
v 11.70773361 -23.37940735 -21.70000000 0.86274510 0.14901961 0.14901961
v 11.59238940 -23.11919497 -21.70000000 0.86274510 0.14901961 0.14901961
v 11.48995214 -22.85363636 -21.70000000 0.86274510 0.14901961 0.14901961
v 11.40066861 -22.58337127 -21.70000000 0.86274510 0.14901961 0.14901961
v 11.32475391 -22.30905079 -21.70000000 0.86274510 0.14901961 0.14901961
v 11.26239092 -22.03133579 -21.70000000 0.86274510 0.14901961 0.14901961
v 11.21372988 -21.75089529 -21.70000000 0.86274510 0.14901961 0.14901961
v 11.17888801 -21.46840492 -21.70000000 0.86274510 0.14901961 0.14901961
v 11.15794926 -21.18454521 -21.70000000 0.86274510 0.14901961 0.14901961
v 11.15000000 -20.86072812 -21.70000000 0.86274510 0.14901961 0.14901961
v 11.15000000 -14.13927188 -21.70000000 0.86274510 0.14901961 0.14901961
v 11.15794926 -13.81545479 -21.70000000 0.86274510 0.14901961 0.14901961
v 11.17888801 -13.53159508 -21.70000000 0.86274510 0.14901961 0.14901961
v 11.21372988 -13.24910471 -21.70000000 0.86274510 0.14901961 0.14901961
v 11.26239092 -12.96866421 -21.70000000 0.86274510 0.14901961 0.14901961
v 11.32475391 -12.69094921 -21.70000000 0.86274510 0.14901961 0.14901961
v 11.40066861 -12.41662873 -21.70000000 0.86274510 0.14901961 0.14901961
v 11.48995214 -12.14636364 -21.70000000 0.86274510 0.14901961 0.14901961
v 11.59238940 -11.88080503 -21.70000000 0.86274510 0.14901961 0.14901961
v 11.70773361 -11.62059265 -21.70000000 0.86274510 0.14901961 0.14901961
v 11.83570690 -11.36635339 -21.70000000 0.86274510 0.14901961 0.14901961
v 11.97600097 -11.11869971 -21.70000000 0.86274510 0.14901961 0.14901961
v 12.12827784 -10.87822826 -21.70000000 0.86274510 0.14901961 0.14901961
v 12.29217067 -10.64551833 -21.70000000 0.86274510 0.14901961 0.14901961
v 12.46728461 -10.42113055 -21.70000000 0.86274510 0.14901961 0.14901961
v 12.65319780 -10.20560549 -21.70000000 0.86274510 0.14901961 0.14901961
v 12.84946237 -9.99946237 -21.70000000 0.86274510 0.14901961 0.14901961
v 13.05560549 -9.80319780 -21.70000000 0.86274510 0.14901961 0.14901961
v 13.27113055 -9.61728461 -21.70000000 0.86274510 0.14901961 0.14901961
v 13.49551833 -9.44217067 -21.70000000 0.86274510 0.14901961 0.14901961
v 13.72822826 -9.27827784 -21.70000000 0.86274510 0.14901961 0.14901961
v 13.96869971 -9.12600097 -21.70000000 0.86274510 0.14901961 0.14901961
v 14.21635339 -8.98570690 -21.70000000 0.86274510 0.14901961 0.14901961
v 14.47059265 -8.85773361 -21.70000000 0.86274510 0.14901961 0.14901961
v 14.73080503 -8.74238940 -21.70000000 0.86274510 0.14901961 0.14901961
v 14.99636364 -8.63995214 -21.70000000 0.86274510 0.14901961 0.14901961
v 15.26662873 -8.55066861 -21.70000000 0.86274510 0.14901961 0.14901961
v 15.54094921 -8.47475391 -21.70000000 0.86274510 0.14901961 0.14901961
v 15.81866421 -8.41239092 -21.70000000 0.86274510 0.14901961 0.14901961
v 16.09910471 -8.36372988 -21.70000000 0.86274510 0.14901961 0.14901961
v 16.14171416 -8.35847450 -21.70000000 0.86274510 0.14901961 0.14901961
v 16.29449841 -8.33587497 -21.70000000 0.86274510 0.14901961 0.14901961
v 16.44601427 -8.30592984 -21.70000000 0.86274510 0.14901961 0.14901961
v 16.59590878 -8.26870887 -21.70000000 0.86274510 0.14901961 0.14901961
v 16.74383278 -8.22429876 -21.70000000 0.86274510 0.14901961 0.14901961
v 16.88944167 -8.17280297 -21.70000000 0.86274510 0.14901961 0.14901961
v 17.03239627 -8.11434146 -21.70000000 0.86274510 0.14901961 0.14901961
v 17.17236356 -8.04905040 -21.70000000 0.86274510 0.14901961 0.14901961
v 17.30901750 -7.97708189 -21.70000000 0.86274510 0.14901961 0.14901961
v 17.44203976 -7.89860359 -21.70000000 0.86274510 0.14901961 0.14901961
v 17.57112047 -7.81379829 -21.70000000 0.86274510 0.14901961 0.14901961
v 17.69595893 -7.72286357 -21.70000000 0.86274510 0.14901961 0.14901961
v 17.81626434 -7.62601123 -21.70000000 0.86274510 0.14901961 0.14901961
v 17.93175644 -7.52346691 -21.70000000 0.86274510 0.14901961 0.14901961
v 18.04216622 -7.41546946 -21.70000000 0.86274510 0.14901961 0.14901961
v 18.14723646 -7.30227048 -21.70000000 0.86274510 0.14901961 0.14901961
v 18.24672242 -7.18413365 -21.70000000 0.86274510 0.14901961 0.14901961
v 18.34039233 -7.06133417 -21.70000000 0.86274510 0.14901961 0.14901961
v 18.42802801 -6.93415809 -21.70000000 0.86274510 0.14901961 0.14901961
v 18.50942530 -6.80290168 -21.70000000 0.86274510 0.14901961 0.14901961
v 18.58439460 -6.66787068 -21.70000000 0.86274510 0.14901961 0.14901961
v 18.65276126 -6.52937965 -21.70000000 0.86274510 0.14901961 0.14901961
v 18.71436603 -6.38775120 -21.70000000 0.86274510 0.14901961 0.14901961
v 18.76906540 -6.24331524 -21.70000000 0.86274510 0.14901961 0.14901961
v 18.81673194 -6.09640825 -21.70000000 0.86274510 0.14901961 0.14901961
v 18.85725463 -5.94737242 -21.70000000 0.86274510 0.14901961 0.14901961
v 18.89053907 -5.79655494 -21.70000000 0.86274510 0.14901961 0.14901961
v 18.91650772 -5.64430713 -21.70000000 0.86274510 0.14901961 0.14901961
v 18.93510008 -5.49098365 -21.70000000 0.86274510 0.14901961 0.14901961
v 18.94627285 -5.33694166 -21.70000000 0.86274510 0.14901961 0.14901961
v 18.95000000 -5.18253999 -21.70000000 0.86274510 0.14901961 0.14901961
v 18.95000000 -3.10000000 -21.70000000 0.86274510 0.14901961 0.14901961
v 33.05000000 -3.10000000 -21.70000000 0.86274510 0.14901961 0.14901961
v 33.05000000 -5.18253999 -21.70000000 0.86274510 0.14901961 0.14901961
v 33.05398857 -5.34226150 -21.70000000 0.86274510 0.14901961 0.14901961
v 33.06594435 -5.50158485 -21.70000000 0.86274510 0.14901961 0.14901961
v 33.08583753 -5.66011286 -21.70000000 0.86274510 0.14901961 0.14901961
v 33.11361851 -5.81745035 -21.70000000 0.86274510 0.14901961 0.14901961
v 33.14921805 -5.97320510 -21.70000000 0.86274510 0.14901961 0.14901961
v 33.19254740 -6.12698883 -21.70000000 0.86274510 0.14901961 0.14901961
v 33.24349855 -6.27841819 -21.70000000 0.86274510 0.14901961 0.14901961
v 33.30194448 -6.42711567 -21.70000000 0.86274510 0.14901961 0.14901961
v 33.36773949 -6.57271061 -21.70000000 0.86274510 0.14901961 0.14901961
v 33.44071957 -6.71484005 -21.70000000 0.86274510 0.14901961 0.14901961
v 33.52070279 -6.85314968 -21.70000000 0.86274510 0.14901961 0.14901961
v 33.60748975 -6.98729471 -21.70000000 0.86274510 0.14901961 0.14901961
v 33.70086413 -7.11694075 -21.70000000 0.86274510 0.14901961 0.14901961
v 33.80059313 -7.24176461 -21.70000000 0.86274510 0.14901961 0.14901961
v 33.90642817 -7.36145510 -21.70000000 0.86274510 0.14901961 0.14901961
v 34.01810539 -7.47571387 -21.70000000 0.86274510 0.14901961 0.14901961
v 34.13534641 -7.58425609 -21.70000000 0.86274510 0.14901961 0.14901961
v 34.25785896 -7.68681116 -21.70000000 0.86274510 0.14901961 0.14901961
v 34.38533764 -7.78312344 -21.70000000 0.86274510 0.14901961 0.14901961
v 34.51746466 -7.87295284 -21.70000000 0.86274510 0.14901961 0.14901961
v 34.65391064 -7.95607542 -21.70000000 0.86274510 0.14901961 0.14901961
v 34.79433545 -8.03228397 -21.70000000 0.86274510 0.14901961 0.14901961
v 34.93838902 -8.10138850 -21.70000000 0.86274510 0.14901961 0.14901961
v 35.08571225 -8.16321677 -21.70000000 0.86274510 0.14901961 0.14901961
v 35.23593789 -8.21761463 -21.70000000 0.86274510 0.14901961 0.14901961
v 35.38869144 -8.26444647 -21.70000000 0.86274510 0.14901961 0.14901961
v 35.54359211 -8.30359557 -21.70000000 0.86274510 0.14901961 0.14901961
v 35.70025375 -8.33496431 -21.70000000 0.86274510 0.14901961 0.14901961
v 35.85828584 -8.35847450 -21.70000000 0.86274510 0.14901961 0.14901961
v 35.90089529 -8.36372988 -21.70000000 0.86274510 0.14901961 0.14901961
v 36.18133579 -8.41239092 -21.70000000 0.86274510 0.14901961 0.14901961
v 36.45905079 -8.47475391 -21.70000000 0.86274510 0.14901961 0.14901961
v 36.73337127 -8.55066861 -21.70000000 0.86274510 0.14901961 0.14901961
v 37.00363636 -8.63995214 -21.70000000 0.86274510 0.14901961 0.14901961
v 37.26919497 -8.74238940 -21.70000000 0.86274510 0.14901961 0.14901961
v 37.52940735 -8.85773361 -21.70000000 0.86274510 0.14901961 0.14901961
v 37.78364661 -8.98570690 -21.70000000 0.86274510 0.14901961 0.14901961
v 38.03130029 -9.12600097 -21.70000000 0.86274510 0.14901961 0.14901961
v 38.27177174 -9.27827784 -21.70000000 0.86274510 0.14901961 0.14901961
v 38.50448167 -9.44217067 -21.70000000 0.86274510 0.14901961 0.14901961
v 38.72886945 -9.61728461 -21.70000000 0.86274510 0.14901961 0.14901961
v 38.94439451 -9.80319780 -21.70000000 0.86274510 0.14901961 0.14901961
v 39.15053763 -9.99946237 -21.70000000 0.86274510 0.14901961 0.14901961
v 39.34680220 -10.20560549 -21.70000000 0.86274510 0.14901961 0.14901961
v 39.53271539 -10.42113055 -21.70000000 0.86274510 0.14901961 0.14901961
v 39.70782933 -10.64551833 -21.70000000 0.86274510 0.14901961 0.14901961
v 39.87172216 -10.87822826 -21.70000000 0.86274510 0.14901961 0.14901961
v 40.02399903 -11.11869971 -21.70000000 0.86274510 0.14901961 0.14901961
v 40.16429310 -11.36635339 -21.70000000 0.86274510 0.14901961 0.14901961
v 40.29226639 -11.62059265 -21.70000000 0.86274510 0.14901961 0.14901961
v 40.40761060 -11.88080503 -21.70000000 0.86274510 0.14901961 0.14901961
v 40.51004786 -12.14636364 -21.70000000 0.86274510 0.14901961 0.14901961
v 40.59933139 -12.41662873 -21.70000000 0.86274510 0.14901961 0.14901961
v 40.67524609 -12.69094921 -21.70000000 0.86274510 0.14901961 0.14901961
v 40.73760908 -12.96866421 -21.70000000 0.86274510 0.14901961 0.14901961
v 40.78627012 -13.24910471 -21.70000000 0.86274510 0.14901961 0.14901961
v 40.82111199 -13.53159508 -21.70000000 0.86274510 0.14901961 0.14901961
v 40.84205074 -13.81545479 -21.70000000 0.86274510 0.14901961 0.14901961
v 40.85000000 -14.13927188 -21.70000000 0.86274510 0.14901961 0.14901961
v 40.85000000 -20.86072812 -21.70000000 0.86274510 0.14901961 0.14901961
v 40.84205074 -21.18454521 -21.70000000 0.86274510 0.14901961 0.14901961
v 40.82111199 -21.46840492 -21.70000000 0.86274510 0.14901961 0.14901961
v 40.78627012 -21.75089529 -21.70000000 0.86274510 0.14901961 0.14901961
v 40.73760908 -22.03133579 -21.70000000 0.86274510 0.14901961 0.14901961
v 40.67524609 -22.30905079 -21.70000000 0.86274510 0.14901961 0.14901961
v 40.59933139 -22.58337127 -21.70000000 0.86274510 0.14901961 0.14901961
v 40.51004786 -22.85363636 -21.70000000 0.86274510 0.14901961 0.14901961
v 40.40761060 -23.11919497 -21.70000000 0.86274510 0.14901961 0.14901961
v 40.29226639 -23.37940735 -21.70000000 0.86274510 0.14901961 0.14901961
v 40.16429310 -23.63364661 -21.70000000 0.86274510 0.14901961 0.14901961
v 40.02399903 -23.88130029 -21.70000000 0.86274510 0.14901961 0.14901961
v 39.87172216 -24.12177174 -21.70000000 0.86274510 0.14901961 0.14901961
v 39.70782933 -24.35448167 -21.70000000 0.86274510 0.14901961 0.14901961
v 39.53271539 -24.57886945 -21.70000000 0.86274510 0.14901961 0.14901961
v 39.34680220 -24.79439451 -21.70000000 0.86274510 0.14901961 0.14901961
v 39.15053763 -25.00053763 -21.70000000 0.86274510 0.14901961 0.14901961
v 38.94439451 -25.19680220 -21.70000000 0.86274510 0.14901961 0.14901961
v 38.72886945 -25.38271539 -21.70000000 0.86274510 0.14901961 0.14901961
v 38.50448167 -25.55782933 -21.70000000 0.86274510 0.14901961 0.14901961
v 38.27177174 -25.72172216 -21.70000000 0.86274510 0.14901961 0.14901961
v 38.03130029 -25.87399903 -21.70000000 0.86274510 0.14901961 0.14901961
v 37.78364661 -26.01429310 -21.70000000 0.86274510 0.14901961 0.14901961
v 37.52940735 -26.14226639 -21.70000000 0.86274510 0.14901961 0.14901961
v 37.26919497 -26.25761060 -21.70000000 0.86274510 0.14901961 0.14901961
v 37.00363636 -26.36004786 -21.70000000 0.86274510 0.14901961 0.14901961
v 36.73337127 -26.44933139 -21.70000000 0.86274510 0.14901961 0.14901961
v 36.45905079 -26.52524609 -21.70000000 0.86274510 0.14901961 0.14901961
v 36.18133579 -26.58760908 -21.70000000 0.86274510 0.14901961 0.14901961
v 35.90089529 -26.63627012 -21.70000000 0.86274510 0.14901961 0.14901961
v 35.61840492 -26.67111199 -21.70000000 0.86274510 0.14901961 0.14901961
v 35.33454521 -26.69205074 -21.70000000 0.86274510 0.14901961 0.14901961
v 35.50000000 -25.25000000 -26.70000000 0.58039216 0.63921569 0.72156863
v 35.84305999 -25.23314654 -26.70000000 0.58039216 0.63921569 0.72156863
v 36.18281613 -25.18274848 -26.70000000 0.58039216 0.63921569 0.72156863
v 36.51599637 -25.09929118 -26.70000000 0.58039216 0.63921569 0.72156863
v 36.83939201 -24.98357836 -26.70000000 0.58039216 0.63921569 0.72156863
v 37.14988858 -24.83672443 -26.70000000 0.58039216 0.63921569 0.72156863
v 37.44449582 -24.66014364 -26.70000000 0.58039216 0.63921569 0.72156863
v 37.72037649 -24.45553659 -26.70000000 0.58039216 0.63921569 0.72156863
v 37.97487373 -24.22487373 -26.70000000 0.58039216 0.63921569 0.72156863
v 38.20553659 -23.97037649 -26.70000000 0.58039216 0.63921569 0.72156863
v 38.41014364 -23.69449582 -26.70000000 0.58039216 0.63921569 0.72156863
v 38.58672443 -23.39988858 -26.70000000 0.58039216 0.63921569 0.72156863
v 38.73357836 -23.08939201 -26.70000000 0.58039216 0.63921569 0.72156863
v 38.84929118 -22.76599637 -26.70000000 0.58039216 0.63921569 0.72156863
v 38.93274848 -22.43281613 -26.70000000 0.58039216 0.63921569 0.72156863
v 38.98314654 -22.09305999 -26.70000000 0.58039216 0.63921569 0.72156863
v 39.00000000 -21.75000000 -26.70000000 0.58039216 0.63921569 0.72156863
v 39.00000000 -13.25000000 -26.70000000 0.58039216 0.63921569 0.72156863
v 38.98314654 -12.90694001 -26.70000000 0.58039216 0.63921569 0.72156863
v 38.93274848 -12.56718387 -26.70000000 0.58039216 0.63921569 0.72156863
v 38.84929118 -12.23400363 -26.70000000 0.58039216 0.63921569 0.72156863
v 38.73357836 -11.91060799 -26.70000000 0.58039216 0.63921569 0.72156863
v 38.58672443 -11.60011142 -26.70000000 0.58039216 0.63921569 0.72156863
v 38.41014364 -11.30550418 -26.70000000 0.58039216 0.63921569 0.72156863
v 38.20553659 -11.02962351 -26.70000000 0.58039216 0.63921569 0.72156863
v 37.97487373 -10.77512627 -26.70000000 0.58039216 0.63921569 0.72156863
v 37.72037649 -10.54446341 -26.70000000 0.58039216 0.63921569 0.72156863
v 37.44449582 -10.33985636 -26.70000000 0.58039216 0.63921569 0.72156863
v 37.14988858 -10.16327557 -26.70000000 0.58039216 0.63921569 0.72156863
v 36.83939201 -10.01642164 -26.70000000 0.58039216 0.63921569 0.72156863
v 36.51599637 -9.90070882 -26.70000000 0.58039216 0.63921569 0.72156863
v 36.18281613 -9.81725152 -26.70000000 0.58039216 0.63921569 0.72156863
v 35.84305999 -9.76685346 -26.70000000 0.58039216 0.63921569 0.72156863
v 35.50000000 -9.75000000 -26.70000000 0.58039216 0.63921569 0.72156863
v 16.50000000 -9.75000000 -26.70000000 0.58039216 0.63921569 0.72156863
v 16.15694001 -9.76685346 -26.70000000 0.58039216 0.63921569 0.72156863
v 15.81718387 -9.81725152 -26.70000000 0.58039216 0.63921569 0.72156863
v 15.48400363 -9.90070882 -26.70000000 0.58039216 0.63921569 0.72156863
v 15.16060799 -10.01642164 -26.70000000 0.58039216 0.63921569 0.72156863
v 14.85011142 -10.16327557 -26.70000000 0.58039216 0.63921569 0.72156863
v 14.55550418 -10.33985636 -26.70000000 0.58039216 0.63921569 0.72156863
v 14.27962351 -10.54446341 -26.70000000 0.58039216 0.63921569 0.72156863
v 14.02512627 -10.77512627 -26.70000000 0.58039216 0.63921569 0.72156863
v 13.79446341 -11.02962351 -26.70000000 0.58039216 0.63921569 0.72156863
v 13.58985636 -11.30550418 -26.70000000 0.58039216 0.63921569 0.72156863
v 13.41327557 -11.60011142 -26.70000000 0.58039216 0.63921569 0.72156863
v 13.26642164 -11.91060799 -26.70000000 0.58039216 0.63921569 0.72156863
v 13.15070882 -12.23400363 -26.70000000 0.58039216 0.63921569 0.72156863
v 13.06725152 -12.56718387 -26.70000000 0.58039216 0.63921569 0.72156863
v 13.01685346 -12.90694001 -26.70000000 0.58039216 0.63921569 0.72156863
v 13.00000000 -13.25000000 -26.70000000 0.58039216 0.63921569 0.72156863
v 13.00000000 -21.75000000 -26.70000000 0.58039216 0.63921569 0.72156863
v 13.01685346 -22.09305999 -26.70000000 0.58039216 0.63921569 0.72156863
v 13.06725152 -22.43281613 -26.70000000 0.58039216 0.63921569 0.72156863
v 13.15070882 -22.76599637 -26.70000000 0.58039216 0.63921569 0.72156863
v 13.26642164 -23.08939201 -26.70000000 0.58039216 0.63921569 0.72156863
v 13.41327557 -23.39988858 -26.70000000 0.58039216 0.63921569 0.72156863
v 13.58985636 -23.69449582 -26.70000000 0.58039216 0.63921569 0.72156863
v 13.79446341 -23.97037649 -26.70000000 0.58039216 0.63921569 0.72156863
v 14.02512627 -24.22487373 -26.70000000 0.58039216 0.63921569 0.72156863
v 14.27962351 -24.45553659 -26.70000000 0.58039216 0.63921569 0.72156863
v 14.55550418 -24.66014364 -26.70000000 0.58039216 0.63921569 0.72156863
v 14.85011142 -24.83672443 -26.70000000 0.58039216 0.63921569 0.72156863
v 15.16060799 -24.98357836 -26.70000000 0.58039216 0.63921569 0.72156863
v 15.48400363 -25.09929118 -26.70000000 0.58039216 0.63921569 0.72156863
v 15.81718387 -25.18274848 -26.70000000 0.58039216 0.63921569 0.72156863
v 16.15694001 -25.23314654 -26.70000000 0.58039216 0.63921569 0.72156863
v 16.50000000 -25.25000000 -26.70000000 0.58039216 0.63921569 0.72156863
v 35.50000000 -25.25000000 -8.70000000 0.58039216 0.63921569 0.72156863
v 35.84305999 -25.23314654 -8.70000000 0.58039216 0.63921569 0.72156863
v 36.18281613 -25.18274848 -8.70000000 0.58039216 0.63921569 0.72156863
v 36.51599637 -25.09929118 -8.70000000 0.58039216 0.63921569 0.72156863
v 36.83939201 -24.98357836 -8.70000000 0.58039216 0.63921569 0.72156863
v 37.14988858 -24.83672443 -8.70000000 0.58039216 0.63921569 0.72156863
v 37.44449582 -24.66014364 -8.70000000 0.58039216 0.63921569 0.72156863
v 37.72037649 -24.45553659 -8.70000000 0.58039216 0.63921569 0.72156863
v 37.97487373 -24.22487373 -8.70000000 0.58039216 0.63921569 0.72156863
v 38.20553659 -23.97037649 -8.70000000 0.58039216 0.63921569 0.72156863
v 38.41014364 -23.69449582 -8.70000000 0.58039216 0.63921569 0.72156863
v 38.58672443 -23.39988858 -8.70000000 0.58039216 0.63921569 0.72156863
v 38.73357836 -23.08939201 -8.70000000 0.58039216 0.63921569 0.72156863
v 38.84929118 -22.76599637 -8.70000000 0.58039216 0.63921569 0.72156863
v 38.93274848 -22.43281613 -8.70000000 0.58039216 0.63921569 0.72156863
v 38.98314654 -22.09305999 -8.70000000 0.58039216 0.63921569 0.72156863
v 39.00000000 -21.75000000 -8.70000000 0.58039216 0.63921569 0.72156863
v 39.00000000 -13.25000000 -8.70000000 0.58039216 0.63921569 0.72156863
v 38.98314654 -12.90694001 -8.70000000 0.58039216 0.63921569 0.72156863
v 38.93274848 -12.56718387 -8.70000000 0.58039216 0.63921569 0.72156863
v 38.84929118 -12.23400363 -8.70000000 0.58039216 0.63921569 0.72156863
v 38.73357836 -11.91060799 -8.70000000 0.58039216 0.63921569 0.72156863
v 38.58672443 -11.60011142 -8.70000000 0.58039216 0.63921569 0.72156863
v 38.41014364 -11.30550418 -8.70000000 0.58039216 0.63921569 0.72156863
v 38.20553659 -11.02962351 -8.70000000 0.58039216 0.63921569 0.72156863
v 37.97487373 -10.77512627 -8.70000000 0.58039216 0.63921569 0.72156863
v 37.72037649 -10.54446341 -8.70000000 0.58039216 0.63921569 0.72156863
v 37.44449582 -10.33985636 -8.70000000 0.58039216 0.63921569 0.72156863
v 37.14988858 -10.16327557 -8.70000000 0.58039216 0.63921569 0.72156863
v 36.83939201 -10.01642164 -8.70000000 0.58039216 0.63921569 0.72156863
v 36.51599637 -9.90070882 -8.70000000 0.58039216 0.63921569 0.72156863
v 36.18281613 -9.81725152 -8.70000000 0.58039216 0.63921569 0.72156863
v 35.84305999 -9.76685346 -8.70000000 0.58039216 0.63921569 0.72156863
v 35.50000000 -9.75000000 -8.70000000 0.58039216 0.63921569 0.72156863
v 16.50000000 -9.75000000 -8.70000000 0.58039216 0.63921569 0.72156863
v 16.15694001 -9.76685346 -8.70000000 0.58039216 0.63921569 0.72156863
v 15.81718387 -9.81725152 -8.70000000 0.58039216 0.63921569 0.72156863
v 15.48400363 -9.90070882 -8.70000000 0.58039216 0.63921569 0.72156863
v 15.16060799 -10.01642164 -8.70000000 0.58039216 0.63921569 0.72156863
v 14.85011142 -10.16327557 -8.70000000 0.58039216 0.63921569 0.72156863
v 14.55550418 -10.33985636 -8.70000000 0.58039216 0.63921569 0.72156863
v 14.27962351 -10.54446341 -8.70000000 0.58039216 0.63921569 0.72156863
v 14.02512627 -10.77512627 -8.70000000 0.58039216 0.63921569 0.72156863
v 13.79446341 -11.02962351 -8.70000000 0.58039216 0.63921569 0.72156863
v 13.58985636 -11.30550418 -8.70000000 0.58039216 0.63921569 0.72156863
v 13.41327557 -11.60011142 -8.70000000 0.58039216 0.63921569 0.72156863
v 13.26642164 -11.91060799 -8.70000000 0.58039216 0.63921569 0.72156863
v 13.15070882 -12.23400363 -8.70000000 0.58039216 0.63921569 0.72156863
v 13.06725152 -12.56718387 -8.70000000 0.58039216 0.63921569 0.72156863
v 13.01685346 -12.90694001 -8.70000000 0.58039216 0.63921569 0.72156863
v 13.00000000 -13.25000000 -8.70000000 0.58039216 0.63921569 0.72156863
v 13.00000000 -21.75000000 -8.70000000 0.58039216 0.63921569 0.72156863
v 13.01685346 -22.09305999 -8.70000000 0.58039216 0.63921569 0.72156863
v 13.06725152 -22.43281613 -8.70000000 0.58039216 0.63921569 0.72156863
v 13.15070882 -22.76599637 -8.70000000 0.58039216 0.63921569 0.72156863
v 13.26642164 -23.08939201 -8.70000000 0.58039216 0.63921569 0.72156863
v 13.41327557 -23.39988858 -8.70000000 0.58039216 0.63921569 0.72156863
v 13.58985636 -23.69449582 -8.70000000 0.58039216 0.63921569 0.72156863
v 13.79446341 -23.97037649 -8.70000000 0.58039216 0.63921569 0.72156863
v 14.02512627 -24.22487373 -8.70000000 0.58039216 0.63921569 0.72156863
v 14.27962351 -24.45553659 -8.70000000 0.58039216 0.63921569 0.72156863
v 14.55550418 -24.66014364 -8.70000000 0.58039216 0.63921569 0.72156863
v 14.85011142 -24.83672443 -8.70000000 0.58039216 0.63921569 0.72156863
v 15.16060799 -24.98357836 -8.70000000 0.58039216 0.63921569 0.72156863
v 15.48400363 -25.09929118 -8.70000000 0.58039216 0.63921569 0.72156863
v 15.81718387 -25.18274848 -8.70000000 0.58039216 0.63921569 0.72156863
v 16.15694001 -25.23314654 -8.70000000 0.58039216 0.63921569 0.72156863
v 16.50000000 -25.25000000 -8.70000000 0.58039216 0.63921569 0.72156863
v 16.75000000 -21.25000000 -24.70000000 0.11764706 0.16078431 0.23137255
v 16.75000000 -21.25000000 -8.70000000 0.11764706 0.16078431 0.23137255
v 16.75000000 -13.75000000 -24.70000000 0.11764706 0.16078431 0.23137255
v 16.75000000 -13.75000000 -8.70000000 0.11764706 0.16078431 0.23137255
v 23.25000000 -21.25000000 -24.70000000 0.11764706 0.16078431 0.23137255
v 23.25000000 -21.25000000 -8.70000000 0.11764706 0.16078431 0.23137255
v 23.25000000 -13.75000000 -24.70000000 0.11764706 0.16078431 0.23137255
v 23.25000000 -13.75000000 -8.70000000 0.11764706 0.16078431 0.23137255
v 28.75000000 -21.25000000 -24.70000000 0.11764706 0.16078431 0.23137255
v 28.75000000 -21.25000000 -8.70000000 0.11764706 0.16078431 0.23137255
v 28.75000000 -13.75000000 -24.70000000 0.11764706 0.16078431 0.23137255
v 28.75000000 -13.75000000 -8.70000000 0.11764706 0.16078431 0.23137255
v 35.25000000 -21.25000000 -24.70000000 0.11764706 0.16078431 0.23137255
v 35.25000000 -21.25000000 -8.70000000 0.11764706 0.16078431 0.23137255
v 35.25000000 -13.75000000 -24.70000000 0.11764706 0.16078431 0.23137255
v 35.25000000 -13.75000000 -8.70000000 0.11764706 0.16078431 0.23137255
v 18.40000000 -19.75000000 -20.70000000 0.98431373 0.74901961 0.14117647
v 18.40000000 -19.75000000 -10.70000000 0.98431373 0.74901961 0.14117647
v 18.40000000 -15.25000000 -20.70000000 0.98431373 0.74901961 0.14117647
v 18.40000000 -15.25000000 -10.70000000 0.98431373 0.74901961 0.14117647
v 19.20000000 -19.75000000 -20.70000000 0.98431373 0.74901961 0.14117647
v 19.20000000 -19.75000000 -10.70000000 0.98431373 0.74901961 0.14117647
v 19.20000000 -15.25000000 -20.70000000 0.98431373 0.74901961 0.14117647
v 19.20000000 -15.25000000 -10.70000000 0.98431373 0.74901961 0.14117647
v 20.80000000 -19.75000000 -20.70000000 0.98431373 0.74901961 0.14117647
v 20.80000000 -19.75000000 -10.70000000 0.98431373 0.74901961 0.14117647
v 20.80000000 -15.25000000 -20.70000000 0.98431373 0.74901961 0.14117647
v 20.80000000 -15.25000000 -10.70000000 0.98431373 0.74901961 0.14117647
v 21.60000000 -19.75000000 -20.70000000 0.98431373 0.74901961 0.14117647
v 21.60000000 -19.75000000 -10.70000000 0.98431373 0.74901961 0.14117647
v 21.60000000 -15.25000000 -20.70000000 0.98431373 0.74901961 0.14117647
v 21.60000000 -15.25000000 -10.70000000 0.98431373 0.74901961 0.14117647
v 30.40000000 -19.75000000 -20.70000000 0.98431373 0.74901961 0.14117647
v 30.40000000 -19.75000000 -10.70000000 0.98431373 0.74901961 0.14117647
v 30.40000000 -15.25000000 -20.70000000 0.98431373 0.74901961 0.14117647
v 30.40000000 -15.25000000 -10.70000000 0.98431373 0.74901961 0.14117647
v 31.20000000 -19.75000000 -20.70000000 0.98431373 0.74901961 0.14117647
v 31.20000000 -19.75000000 -10.70000000 0.98431373 0.74901961 0.14117647
v 31.20000000 -15.25000000 -20.70000000 0.98431373 0.74901961 0.14117647
v 31.20000000 -15.25000000 -10.70000000 0.98431373 0.74901961 0.14117647
v 32.80000000 -19.75000000 -20.70000000 0.98431373 0.74901961 0.14117647
v 32.80000000 -19.75000000 -10.70000000 0.98431373 0.74901961 0.14117647
v 32.80000000 -15.25000000 -20.70000000 0.98431373 0.74901961 0.14117647
v 32.80000000 -15.25000000 -10.70000000 0.98431373 0.74901961 0.14117647
v 33.60000000 -19.75000000 -20.70000000 0.98431373 0.74901961 0.14117647
v 33.60000000 -19.75000000 -10.70000000 0.98431373 0.74901961 0.14117647
v 33.60000000 -15.25000000 -20.70000000 0.98431373 0.74901961 0.14117647
v 33.60000000 -15.25000000 -10.70000000 0.98431373 0.74901961 0.14117647
v 34.50000000 -27.00000000 -59.30000000 0.91764706 0.34509804 0.04705882
v 34.89241878 -26.98715354 -59.30000000 0.91764706 0.34509804 0.04705882
v 35.28315715 -26.94866917 -59.30000000 0.91764706 0.34509804 0.04705882
v 35.67054193 -26.88471168 -59.30000000 0.91764706 0.34509804 0.04705882
v 36.05291427 -26.79555496 -59.30000000 0.91764706 0.34509804 0.04705882
v 36.42863679 -26.68158078 -59.30000000 0.91764706 0.34509804 0.04705882
v 36.79610059 -26.54327720 -59.30000000 0.91764706 0.34509804 0.04705882
v 37.15373214 -26.38123645 -59.30000000 0.91764706 0.34509804 0.04705882
v 37.50000000 -26.19615242 -59.30000000 0.91764706 0.34509804 0.04705882
v 37.83342140 -25.98881767 -59.30000000 0.91764706 0.34509804 0.04705882
v 38.15256857 -25.76012004 -59.30000000 0.91764706 0.34509804 0.04705882
v 38.45607489 -25.51103884 -59.30000000 0.91764706 0.34509804 0.04705882
v 38.74264069 -25.24264069 -59.30000000 0.91764706 0.34509804 0.04705882
v 39.01103884 -24.95607489 -59.30000000 0.91764706 0.34509804 0.04705882
v 39.26012004 -24.65256857 -59.30000000 0.91764706 0.34509804 0.04705882
v 39.48881767 -24.33342140 -59.30000000 0.91764706 0.34509804 0.04705882
v 39.69615242 -24.00000000 -59.30000000 0.91764706 0.34509804 0.04705882
v 39.88123645 -23.65373214 -59.30000000 0.91764706 0.34509804 0.04705882
v 40.04327720 -23.29610059 -59.30000000 0.91764706 0.34509804 0.04705882
v 40.18158078 -22.92863679 -59.30000000 0.91764706 0.34509804 0.04705882
v 40.29555496 -22.55291427 -59.30000000 0.91764706 0.34509804 0.04705882
v 40.38471168 -22.17054193 -59.30000000 0.91764706 0.34509804 0.04705882
v 40.44866917 -21.78315715 -59.30000000 0.91764706 0.34509804 0.04705882
v 40.48715354 -21.39241878 -59.30000000 0.91764706 0.34509804 0.04705882
v 40.50000000 -21.00000000 -59.30000000 0.91764706 0.34509804 0.04705882
v 40.50000000 -14.00000000 -59.30000000 0.91764706 0.34509804 0.04705882
v 40.48715354 -13.60758122 -59.30000000 0.91764706 0.34509804 0.04705882
v 40.44866917 -13.21684285 -59.30000000 0.91764706 0.34509804 0.04705882
v 40.38471168 -12.82945807 -59.30000000 0.91764706 0.34509804 0.04705882
v 40.29555496 -12.44708573 -59.30000000 0.91764706 0.34509804 0.04705882
v 40.18158078 -12.07136321 -59.30000000 0.91764706 0.34509804 0.04705882
v 40.04327720 -11.70389941 -59.30000000 0.91764706 0.34509804 0.04705882
v 39.88123645 -11.34626786 -59.30000000 0.91764706 0.34509804 0.04705882
v 39.69615242 -11.00000000 -59.30000000 0.91764706 0.34509804 0.04705882
v 39.48881767 -10.66657860 -59.30000000 0.91764706 0.34509804 0.04705882
v 39.26012004 -10.34743143 -59.30000000 0.91764706 0.34509804 0.04705882
v 39.01103884 -10.04392511 -59.30000000 0.91764706 0.34509804 0.04705882
v 38.74264069 -9.75735931 -59.30000000 0.91764706 0.34509804 0.04705882
v 38.45607489 -9.48896116 -59.30000000 0.91764706 0.34509804 0.04705882
v 38.15256857 -9.23987996 -59.30000000 0.91764706 0.34509804 0.04705882
v 37.83342140 -9.01118233 -59.30000000 0.91764706 0.34509804 0.04705882
v 37.50000000 -8.80384758 -59.30000000 0.91764706 0.34509804 0.04705882
v 37.15373214 -8.61876355 -59.30000000 0.91764706 0.34509804 0.04705882
v 36.79610059 -8.45672280 -59.30000000 0.91764706 0.34509804 0.04705882
v 36.42863679 -8.31841922 -59.30000000 0.91764706 0.34509804 0.04705882
v 36.05291427 -8.20444504 -59.30000000 0.91764706 0.34509804 0.04705882
v 35.67054193 -8.11528832 -59.30000000 0.91764706 0.34509804 0.04705882
v 35.28315715 -8.05133083 -59.30000000 0.91764706 0.34509804 0.04705882
v 34.89241878 -8.01284646 -59.30000000 0.91764706 0.34509804 0.04705882
v 34.50000000 -8.00000000 -59.30000000 0.91764706 0.34509804 0.04705882
v 17.50000000 -8.00000000 -59.30000000 0.91764706 0.34509804 0.04705882
v 17.10758122 -8.01284646 -59.30000000 0.91764706 0.34509804 0.04705882
v 16.71684285 -8.05133083 -59.30000000 0.91764706 0.34509804 0.04705882
v 16.32945807 -8.11528832 -59.30000000 0.91764706 0.34509804 0.04705882
v 15.94708573 -8.20444504 -59.30000000 0.91764706 0.34509804 0.04705882
v 15.57136321 -8.31841922 -59.30000000 0.91764706 0.34509804 0.04705882
v 15.20389941 -8.45672280 -59.30000000 0.91764706 0.34509804 0.04705882
v 14.84626786 -8.61876355 -59.30000000 0.91764706 0.34509804 0.04705882
v 14.50000000 -8.80384758 -59.30000000 0.91764706 0.34509804 0.04705882
v 14.16657860 -9.01118233 -59.30000000 0.91764706 0.34509804 0.04705882
v 13.84743143 -9.23987996 -59.30000000 0.91764706 0.34509804 0.04705882
v 13.54392511 -9.48896116 -59.30000000 0.91764706 0.34509804 0.04705882
v 13.25735931 -9.75735931 -59.30000000 0.91764706 0.34509804 0.04705882
v 12.98896116 -10.04392511 -59.30000000 0.91764706 0.34509804 0.04705882
v 12.73987996 -10.34743143 -59.30000000 0.91764706 0.34509804 0.04705882
v 12.51118233 -10.66657860 -59.30000000 0.91764706 0.34509804 0.04705882
v 12.30384758 -11.00000000 -59.30000000 0.91764706 0.34509804 0.04705882
v 12.11876355 -11.34626786 -59.30000000 0.91764706 0.34509804 0.04705882
v 11.95672280 -11.70389941 -59.30000000 0.91764706 0.34509804 0.04705882
v 11.81841922 -12.07136321 -59.30000000 0.91764706 0.34509804 0.04705882
v 11.70444504 -12.44708573 -59.30000000 0.91764706 0.34509804 0.04705882
v 11.61528832 -12.82945807 -59.30000000 0.91764706 0.34509804 0.04705882
v 11.55133083 -13.21684285 -59.30000000 0.91764706 0.34509804 0.04705882
v 11.51284646 -13.60758122 -59.30000000 0.91764706 0.34509804 0.04705882
v 11.50000000 -14.00000000 -59.30000000 0.91764706 0.34509804 0.04705882
v 11.50000000 -21.00000000 -59.30000000 0.91764706 0.34509804 0.04705882
v 11.51284646 -21.39241878 -59.30000000 0.91764706 0.34509804 0.04705882
v 11.55133083 -21.78315715 -59.30000000 0.91764706 0.34509804 0.04705882
v 11.61528832 -22.17054193 -59.30000000 0.91764706 0.34509804 0.04705882
v 11.70444504 -22.55291427 -59.30000000 0.91764706 0.34509804 0.04705882
v 11.81841922 -22.92863679 -59.30000000 0.91764706 0.34509804 0.04705882
v 11.95672280 -23.29610059 -59.30000000 0.91764706 0.34509804 0.04705882
v 12.11876355 -23.65373214 -59.30000000 0.91764706 0.34509804 0.04705882
v 12.30384758 -24.00000000 -59.30000000 0.91764706 0.34509804 0.04705882
v 12.51118233 -24.33342140 -59.30000000 0.91764706 0.34509804 0.04705882
v 12.73987996 -24.65256857 -59.30000000 0.91764706 0.34509804 0.04705882
v 12.98896116 -24.95607489 -59.30000000 0.91764706 0.34509804 0.04705882
v 13.25735931 -25.24264069 -59.30000000 0.91764706 0.34509804 0.04705882
v 13.54392511 -25.51103884 -59.30000000 0.91764706 0.34509804 0.04705882
v 13.84743143 -25.76012004 -59.30000000 0.91764706 0.34509804 0.04705882
v 14.16657860 -25.98881767 -59.30000000 0.91764706 0.34509804 0.04705882
v 14.50000000 -26.19615242 -59.30000000 0.91764706 0.34509804 0.04705882
v 14.84626786 -26.38123645 -59.30000000 0.91764706 0.34509804 0.04705882
v 15.20389941 -26.54327720 -59.30000000 0.91764706 0.34509804 0.04705882
v 15.57136321 -26.68158078 -59.30000000 0.91764706 0.34509804 0.04705882
v 15.94708573 -26.79555496 -59.30000000 0.91764706 0.34509804 0.04705882
v 16.32945807 -26.88471168 -59.30000000 0.91764706 0.34509804 0.04705882
v 16.71684285 -26.94866917 -59.30000000 0.91764706 0.34509804 0.04705882
v 17.10758122 -26.98715354 -59.30000000 0.91764706 0.34509804 0.04705882
v 17.50000000 -27.00000000 -59.30000000 0.91764706 0.34509804 0.04705882
v 34.50000000 -27.00000000 -26.70000000 0.91764706 0.34509804 0.04705882
v 34.89241878 -26.98715354 -26.70000000 0.91764706 0.34509804 0.04705882
v 35.28315715 -26.94866917 -26.70000000 0.91764706 0.34509804 0.04705882
v 35.67054193 -26.88471168 -26.70000000 0.91764706 0.34509804 0.04705882
v 36.05291427 -26.79555496 -26.70000000 0.91764706 0.34509804 0.04705882
v 36.42863679 -26.68158078 -26.70000000 0.91764706 0.34509804 0.04705882
v 36.79610059 -26.54327720 -26.70000000 0.91764706 0.34509804 0.04705882
v 37.15373214 -26.38123645 -26.70000000 0.91764706 0.34509804 0.04705882
v 37.50000000 -26.19615242 -26.70000000 0.91764706 0.34509804 0.04705882
v 37.83342140 -25.98881767 -26.70000000 0.91764706 0.34509804 0.04705882
v 38.15256857 -25.76012004 -26.70000000 0.91764706 0.34509804 0.04705882
v 38.45607489 -25.51103884 -26.70000000 0.91764706 0.34509804 0.04705882
v 38.74264069 -25.24264069 -26.70000000 0.91764706 0.34509804 0.04705882
v 39.01103884 -24.95607489 -26.70000000 0.91764706 0.34509804 0.04705882
v 39.26012004 -24.65256857 -26.70000000 0.91764706 0.34509804 0.04705882
v 39.48881767 -24.33342140 -26.70000000 0.91764706 0.34509804 0.04705882
v 39.69615242 -24.00000000 -26.70000000 0.91764706 0.34509804 0.04705882
v 39.88123645 -23.65373214 -26.70000000 0.91764706 0.34509804 0.04705882
v 40.04327720 -23.29610059 -26.70000000 0.91764706 0.34509804 0.04705882
v 40.18158078 -22.92863679 -26.70000000 0.91764706 0.34509804 0.04705882
v 40.29555496 -22.55291427 -26.70000000 0.91764706 0.34509804 0.04705882
v 40.38471168 -22.17054193 -26.70000000 0.91764706 0.34509804 0.04705882
v 40.44866917 -21.78315715 -26.70000000 0.91764706 0.34509804 0.04705882
v 40.48715354 -21.39241878 -26.70000000 0.91764706 0.34509804 0.04705882
v 40.50000000 -21.00000000 -26.70000000 0.91764706 0.34509804 0.04705882
v 40.50000000 -14.00000000 -26.70000000 0.91764706 0.34509804 0.04705882
v 40.48715354 -13.60758122 -26.70000000 0.91764706 0.34509804 0.04705882
v 40.44866917 -13.21684285 -26.70000000 0.91764706 0.34509804 0.04705882
v 40.38471168 -12.82945807 -26.70000000 0.91764706 0.34509804 0.04705882
v 40.29555496 -12.44708573 -26.70000000 0.91764706 0.34509804 0.04705882
v 40.18158078 -12.07136321 -26.70000000 0.91764706 0.34509804 0.04705882
v 40.04327720 -11.70389941 -26.70000000 0.91764706 0.34509804 0.04705882
v 39.88123645 -11.34626786 -26.70000000 0.91764706 0.34509804 0.04705882
v 39.69615242 -11.00000000 -26.70000000 0.91764706 0.34509804 0.04705882
v 39.48881767 -10.66657860 -26.70000000 0.91764706 0.34509804 0.04705882
v 39.26012004 -10.34743143 -26.70000000 0.91764706 0.34509804 0.04705882
v 39.01103884 -10.04392511 -26.70000000 0.91764706 0.34509804 0.04705882
v 38.74264069 -9.75735931 -26.70000000 0.91764706 0.34509804 0.04705882
v 38.45607489 -9.48896116 -26.70000000 0.91764706 0.34509804 0.04705882
v 38.15256857 -9.23987996 -26.70000000 0.91764706 0.34509804 0.04705882
v 37.83342140 -9.01118233 -26.70000000 0.91764706 0.34509804 0.04705882
v 37.50000000 -8.80384758 -26.70000000 0.91764706 0.34509804 0.04705882
v 37.15373214 -8.61876355 -26.70000000 0.91764706 0.34509804 0.04705882
v 36.79610059 -8.45672280 -26.70000000 0.91764706 0.34509804 0.04705882
v 36.42863679 -8.31841922 -26.70000000 0.91764706 0.34509804 0.04705882
v 36.05291427 -8.20444504 -26.70000000 0.91764706 0.34509804 0.04705882
v 35.67054193 -8.11528832 -26.70000000 0.91764706 0.34509804 0.04705882
v 35.28315715 -8.05133083 -26.70000000 0.91764706 0.34509804 0.04705882
v 34.89241878 -8.01284646 -26.70000000 0.91764706 0.34509804 0.04705882
v 34.50000000 -8.00000000 -26.70000000 0.91764706 0.34509804 0.04705882
v 17.50000000 -8.00000000 -26.70000000 0.91764706 0.34509804 0.04705882
v 17.10758122 -8.01284646 -26.70000000 0.91764706 0.34509804 0.04705882
v 16.71684285 -8.05133083 -26.70000000 0.91764706 0.34509804 0.04705882
v 16.32945807 -8.11528832 -26.70000000 0.91764706 0.34509804 0.04705882
v 15.94708573 -8.20444504 -26.70000000 0.91764706 0.34509804 0.04705882
v 15.57136321 -8.31841922 -26.70000000 0.91764706 0.34509804 0.04705882
v 15.20389941 -8.45672280 -26.70000000 0.91764706 0.34509804 0.04705882
v 14.84626786 -8.61876355 -26.70000000 0.91764706 0.34509804 0.04705882
v 14.50000000 -8.80384758 -26.70000000 0.91764706 0.34509804 0.04705882
v 14.16657860 -9.01118233 -26.70000000 0.91764706 0.34509804 0.04705882
v 13.84743143 -9.23987996 -26.70000000 0.91764706 0.34509804 0.04705882
v 13.54392511 -9.48896116 -26.70000000 0.91764706 0.34509804 0.04705882
v 13.25735931 -9.75735931 -26.70000000 0.91764706 0.34509804 0.04705882
v 12.98896116 -10.04392511 -26.70000000 0.91764706 0.34509804 0.04705882
v 12.73987996 -10.34743143 -26.70000000 0.91764706 0.34509804 0.04705882
v 12.51118233 -10.66657860 -26.70000000 0.91764706 0.34509804 0.04705882
v 12.30384758 -11.00000000 -26.70000000 0.91764706 0.34509804 0.04705882
v 12.11876355 -11.34626786 -26.70000000 0.91764706 0.34509804 0.04705882
v 11.95672280 -11.70389941 -26.70000000 0.91764706 0.34509804 0.04705882
v 11.81841922 -12.07136321 -26.70000000 0.91764706 0.34509804 0.04705882
v 11.70444504 -12.44708573 -26.70000000 0.91764706 0.34509804 0.04705882
v 11.61528832 -12.82945807 -26.70000000 0.91764706 0.34509804 0.04705882
v 11.55133083 -13.21684285 -26.70000000 0.91764706 0.34509804 0.04705882
v 11.51284646 -13.60758122 -26.70000000 0.91764706 0.34509804 0.04705882
v 11.50000000 -14.00000000 -26.70000000 0.91764706 0.34509804 0.04705882
v 11.50000000 -21.00000000 -26.70000000 0.91764706 0.34509804 0.04705882
v 11.51284646 -21.39241878 -26.70000000 0.91764706 0.34509804 0.04705882
v 11.55133083 -21.78315715 -26.70000000 0.91764706 0.34509804 0.04705882
v 11.61528832 -22.17054193 -26.70000000 0.91764706 0.34509804 0.04705882
v 11.70444504 -22.55291427 -26.70000000 0.91764706 0.34509804 0.04705882
v 11.81841922 -22.92863679 -26.70000000 0.91764706 0.34509804 0.04705882
v 11.95672280 -23.29610059 -26.70000000 0.91764706 0.34509804 0.04705882
v 12.11876355 -23.65373214 -26.70000000 0.91764706 0.34509804 0.04705882
v 12.30384758 -24.00000000 -26.70000000 0.91764706 0.34509804 0.04705882
v 12.51118233 -24.33342140 -26.70000000 0.91764706 0.34509804 0.04705882
v 12.73987996 -24.65256857 -26.70000000 0.91764706 0.34509804 0.04705882
v 12.98896116 -24.95607489 -26.70000000 0.91764706 0.34509804 0.04705882
v 13.25735931 -25.24264069 -26.70000000 0.91764706 0.34509804 0.04705882
v 13.54392511 -25.51103884 -26.70000000 0.91764706 0.34509804 0.04705882
v 13.84743143 -25.76012004 -26.70000000 0.91764706 0.34509804 0.04705882
v 14.16657860 -25.98881767 -26.70000000 0.91764706 0.34509804 0.04705882
v 14.50000000 -26.19615242 -26.70000000 0.91764706 0.34509804 0.04705882
v 14.84626786 -26.38123645 -26.70000000 0.91764706 0.34509804 0.04705882
v 15.20389941 -26.54327720 -26.70000000 0.91764706 0.34509804 0.04705882
v 15.57136321 -26.68158078 -26.70000000 0.91764706 0.34509804 0.04705882
v 15.94708573 -26.79555496 -26.70000000 0.91764706 0.34509804 0.04705882
v 16.32945807 -26.88471168 -26.70000000 0.91764706 0.34509804 0.04705882
v 16.71684285 -26.94866917 -26.70000000 0.91764706 0.34509804 0.04705882
v 17.10758122 -26.98715354 -26.70000000 0.91764706 0.34509804 0.04705882
v 17.50000000 -27.00000000 -26.70000000 0.91764706 0.34509804 0.04705882
v 12.00000000 -27.50000000 -71.29999847 0.11764706 0.16078431 0.23137255
v 12.00000000 -27.50000000 -67.79999847 0.11764706 0.16078431 0.23137255
v 15.00000000 -27.50000000 -67.79999847 0.11764706 0.16078431 0.23137255
v 12.00000000 -27.50000000 -62.79999847 0.11764706 0.16078431 0.23137255
v 15.00000000 -27.50000000 -62.79999847 0.11764706 0.16078431 0.23137255
v 12.00000000 -27.50000000 -59.29999847 0.11764706 0.16078431 0.23137255
v 12.00000000 -7.50000000 -71.29999847 0.11764706 0.16078431 0.23137255
v 12.00000000 -7.50000000 -67.79999847 0.11764706 0.16078431 0.23137255
v 15.00000000 -7.50000000 -67.79999847 0.11764706 0.16078431 0.23137255
v 12.00000000 -7.50000000 -62.79999847 0.11764706 0.16078431 0.23137255
v 15.00000000 -7.50000000 -62.79999847 0.11764706 0.16078431 0.23137255
v 12.00000000 -7.50000000 -59.29999847 0.11764706 0.16078431 0.23137255
v 40.00000000 -27.50000000 -71.29999847 0.11764706 0.16078431 0.23137255
v 37.00000000 -27.50000000 -67.79999847 0.11764706 0.16078431 0.23137255
v 40.00000000 -27.50000000 -67.79999847 0.11764706 0.16078431 0.23137255
v 37.00000000 -27.50000000 -62.79999847 0.11764706 0.16078431 0.23137255
v 40.00000000 -27.50000000 -62.79999847 0.11764706 0.16078431 0.23137255
v 40.00000000 -27.50000000 -59.29999847 0.11764706 0.16078431 0.23137255
v 40.00000000 -7.50000000 -71.29999847 0.11764706 0.16078431 0.23137255
v 37.00000000 -7.50000000 -67.79999847 0.11764706 0.16078431 0.23137255
v 40.00000000 -7.50000000 -67.79999847 0.11764706 0.16078431 0.23137255
v 37.00000000 -7.50000000 -62.79999847 0.11764706 0.16078431 0.23137255
v 40.00000000 -7.50000000 -62.79999847 0.11764706 0.16078431 0.23137255
v 40.00000000 -7.50000000 -59.29999847 0.11764706 0.16078431 0.23137255
v 26.00000000 -17.50000000 -129.70000000 0.91764706 0.70196078 0.03137255
v 33.50000000 -17.50000000 -129.70000000 0.91764706 0.70196078 0.03137255
v 33.50000000 -17.50000000 -71.30000000 0.91764706 0.70196078 0.03137255
v 26.00000000 -17.50000000 -71.30000000 0.91764706 0.70196078 0.03137255
v 33.35588960 -16.03682258 -129.70000000 0.91764706 0.70196078 0.03137255
v 33.35588960 -16.03682258 -71.30000000 0.91764706 0.70196078 0.03137255
v 32.92909649 -14.62987426 -129.70000000 0.91764706 0.70196078 0.03137255
v 32.92909649 -14.62987426 -71.30000000 0.91764706 0.70196078 0.03137255
v 32.23602209 -13.33322325 -129.70000000 0.91764706 0.70196078 0.03137255
v 32.23602209 -13.33322325 -71.30000000 0.91764706 0.70196078 0.03137255
v 31.30330086 -12.19669914 -129.70000000 0.91764706 0.70196078 0.03137255
v 31.30330086 -12.19669914 -71.30000000 0.91764706 0.70196078 0.03137255
v 30.16677675 -11.26397791 -129.70000000 0.91764706 0.70196078 0.03137255
v 30.16677675 -11.26397791 -71.30000000 0.91764706 0.70196078 0.03137255
v 28.87012574 -10.57090351 -129.70000000 0.91764706 0.70196078 0.03137255
v 28.87012574 -10.57090351 -71.30000000 0.91764706 0.70196078 0.03137255
v 27.46317742 -10.14411040 -129.70000000 0.91764706 0.70196078 0.03137255
v 27.46317742 -10.14411040 -71.30000000 0.91764706 0.70196078 0.03137255
v 26.00000000 -10.00000000 -129.70000000 0.91764706 0.70196078 0.03137255
v 26.00000000 -10.00000000 -71.30000000 0.91764706 0.70196078 0.03137255
v 24.53682258 -10.14411040 -129.70000000 0.91764706 0.70196078 0.03137255
v 24.53682258 -10.14411040 -71.30000000 0.91764706 0.70196078 0.03137255
v 23.12987426 -10.57090351 -129.70000000 0.91764706 0.70196078 0.03137255
v 23.12987426 -10.57090351 -71.30000000 0.91764706 0.70196078 0.03137255
v 21.83322325 -11.26397791 -129.70000000 0.91764706 0.70196078 0.03137255
v 21.83322325 -11.26397791 -71.30000000 0.91764706 0.70196078 0.03137255
v 20.69669914 -12.19669914 -129.70000000 0.91764706 0.70196078 0.03137255
v 20.69669914 -12.19669914 -71.30000000 0.91764706 0.70196078 0.03137255
v 19.76397791 -13.33322325 -129.70000000 0.91764706 0.70196078 0.03137255
v 19.76397791 -13.33322325 -71.30000000 0.91764706 0.70196078 0.03137255
v 19.07090351 -14.62987426 -129.70000000 0.91764706 0.70196078 0.03137255
v 19.07090351 -14.62987426 -71.30000000 0.91764706 0.70196078 0.03137255
v 18.64411040 -16.03682258 -129.70000000 0.91764706 0.70196078 0.03137255
v 18.64411040 -16.03682258 -71.30000000 0.91764706 0.70196078 0.03137255
v 18.50000000 -17.50000000 -129.70000000 0.91764706 0.70196078 0.03137255
v 18.50000000 -17.50000000 -71.30000000 0.91764706 0.70196078 0.03137255
v 18.64411040 -18.96317742 -129.70000000 0.91764706 0.70196078 0.03137255
v 18.64411040 -18.96317742 -71.30000000 0.91764706 0.70196078 0.03137255
v 19.07090351 -20.37012574 -129.70000000 0.91764706 0.70196078 0.03137255
v 19.07090351 -20.37012574 -71.30000000 0.91764706 0.70196078 0.03137255
v 19.76397791 -21.66677675 -129.70000000 0.91764706 0.70196078 0.03137255
v 19.76397791 -21.66677675 -71.30000000 0.91764706 0.70196078 0.03137255
v 20.69669914 -22.80330086 -129.70000000 0.91764706 0.70196078 0.03137255
v 20.69669914 -22.80330086 -71.30000000 0.91764706 0.70196078 0.03137255
v 21.83322325 -23.73602209 -129.70000000 0.91764706 0.70196078 0.03137255
v 21.83322325 -23.73602209 -71.30000000 0.91764706 0.70196078 0.03137255
v 23.12987426 -24.42909649 -129.70000000 0.91764706 0.70196078 0.03137255
v 23.12987426 -24.42909649 -71.30000000 0.91764706 0.70196078 0.03137255
v 24.53682258 -24.85588960 -129.70000000 0.91764706 0.70196078 0.03137255
v 24.53682258 -24.85588960 -71.30000000 0.91764706 0.70196078 0.03137255
v 26.00000000 -25.00000000 -129.70000000 0.91764706 0.70196078 0.03137255
v 26.00000000 -25.00000000 -71.30000000 0.91764706 0.70196078 0.03137255
v 27.46317742 -24.85588960 -129.70000000 0.91764706 0.70196078 0.03137255
v 27.46317742 -24.85588960 -71.30000000 0.91764706 0.70196078 0.03137255
v 28.87012574 -24.42909649 -129.70000000 0.91764706 0.70196078 0.03137255
v 28.87012574 -24.42909649 -71.30000000 0.91764706 0.70196078 0.03137255
v 30.16677675 -23.73602209 -129.70000000 0.91764706 0.70196078 0.03137255
v 30.16677675 -23.73602209 -71.30000000 0.91764706 0.70196078 0.03137255
v 31.30330086 -22.80330086 -129.70000000 0.91764706 0.70196078 0.03137255
v 31.30330086 -22.80330086 -71.30000000 0.91764706 0.70196078 0.03137255
v 32.23602209 -21.66677675 -129.70000000 0.91764706 0.70196078 0.03137255
v 32.23602209 -21.66677675 -71.30000000 0.91764706 0.70196078 0.03137255
v 32.92909649 -20.37012574 -129.70000000 0.91764706 0.70196078 0.03137255
v 32.92909649 -20.37012574 -71.30000000 0.91764706 0.70196078 0.03137255
v 33.35588960 -18.96317742 -129.70000000 0.91764706 0.70196078 0.03137255
v 33.35588960 -18.96317742 -71.30000000 0.91764706 0.70196078 0.03137255
f 1 2 4
f 2 3 4
f 1 8 2
f 2 10 3
f 3 10 5
f 1 4 6
f 3 5 4
f 1 6 15
f 1 15 17
f 6 7 15
f 4 5 11
f 4 11 6
f 6 14 7
f 7 14 16
f 1 37 8
f 1 21 37
f 2 8 9
f 2 9 10
f 8 11 9
f 9 12 10
f 5 10 12
f 5 12 11
f 6 11 13
f 6 13 14
f 9 11 12
f 8 13 11
f 8 30 13
f 8 32 30
f 13 31 14
f 1 17 19
f 7 16 15
f 1 19 21
f 17 18 19
f 15 16 30
f 15 30 17
f 17 33 18
f 18 33 20
f 18 20 19
f 21 23 22
f 21 25 23
f 19 20 34
f 19 34 21
f 21 36 25
f 21 22 37
f 37 22 26
f 14 31 16
f 16 31 30
f 17 30 32
f 17 32 33
f 13 30 31
f 8 34 32
f 8 36 34
f 32 35 33
f 20 33 35
f 20 35 34
f 21 34 36
f 32 34 35
f 8 40 36
f 40 29 25
f 36 40 25
f 37 39 38
f 8 37 38
f 8 38 40
f 39 26 27
f 39 27 29
f 37 26 39
f 39 29 40
f 38 39 40
f 24 22 23
f 24 26 22
f 24 23 25
f 24 25 28
f 27 26 29
f 24 28 26
f 28 29 26
f 28 25 29
f 42 44 41
f 45 42 41
f 41 44 43
f 43 45 41
f 42 48 44
f 46 42 45
f 46 48 42
f 44 48 43
f 47 45 43
f 43 48 47
f 47 46 45
f 48 46 47
f 50 52 49
f 53 50 49
f 49 52 51
f 51 53 49
f 50 56 52
f 54 50 53
f 54 56 50
f 52 56 51
f 55 53 51
f 51 56 55
f 55 54 53
f 56 54 55
f 58 60 57
f 61 58 57
f 57 60 59
f 59 61 57
f 58 64 60
f 62 58 61
f 62 64 58
f 60 64 59
f 63 61 59
f 59 64 63
f 63 62 61
f 64 62 63
f 241 91 90
f 242 241 90
f 243 242 90
f 243 90 89
f 244 243 89
f 244 89 88
f 245 244 88
f 245 88 87
f 246 245 87
f 246 87 86
f 247 246 86
f 247 86 85
f 91 241 240
f 92 91 240
f 92 240 239
f 93 92 239
f 93 239 238
f 94 93 238
f 94 238 237
f 95 94 237
f 95 237 236
f 96 95 236
f 96 236 235
f 97 96 235
f 97 235 234
f 98 97 234
f 248 247 85
f 248 85 84
f 249 248 84
f 249 84 83
f 250 249 83
f 250 83 82
f 251 250 82
f 251 82 81
f 252 251 81
f 252 81 80
f 253 252 80
f 253 80 79
f 254 253 79
f 254 79 78
f 255 254 78
f 255 78 77
f 256 255 77
f 256 77 76
f 257 256 76
f 257 76 75
f 258 257 75
f 258 75 74
f 259 258 74
f 259 74 73
f 260 259 73
f 260 73 72
f 261 260 72
f 261 72 71
f 262 261 71
f 262 71 70
f 263 262 70
f 263 70 69
f 264 263 69
f 264 69 68
f 165 264 68
f 165 68 67
f 166 165 67
f 166 67 66
f 167 166 66
f 167 66 65
f 168 167 65
f 168 65 164
f 169 168 164
f 169 164 163
f 170 169 163
f 170 163 162
f 171 170 162
f 171 162 161
f 172 171 161
f 172 161 160
f 173 172 160
f 173 160 159
f 174 173 159
f 174 159 158
f 175 174 158
f 175 158 157
f 176 175 157
f 176 157 156
f 177 176 156
f 177 156 155
f 178 177 155
f 178 155 154
f 179 178 154
f 179 154 153
f 180 179 153
f 180 153 152
f 181 180 152
f 181 152 151
f 182 181 151
f 182 151 150
f 98 234 233
f 99 98 233
f 99 233 232
f 100 99 232
f 100 232 231
f 101 100 231
f 101 231 230
f 102 101 230
f 102 230 229
f 103 102 229
f 103 229 228
f 104 103 228
f 104 228 227
f 105 104 227
f 105 227 226
f 106 105 226
f 106 226 225
f 107 106 225
f 107 225 224
f 108 107 224
f 108 224 223
f 109 108 223
f 109 223 222
f 110 109 222
f 110 222 221
f 111 110 221
f 111 221 220
f 112 111 220
f 112 220 219
f 113 112 219
f 113 219 218
f 114 113 218
f 114 218 217
f 115 114 217
f 115 217 216
f 116 115 216
f 116 216 215
f 117 116 215
f 117 215 214
f 118 117 214
f 118 214 213
f 119 118 213
f 119 213 212
f 120 119 212
f 120 212 211
f 121 120 211
f 121 211 210
f 122 121 210
f 122 210 209
f 123 122 209
f 123 209 208
f 124 123 208
f 124 208 207
f 125 124 207
f 125 207 206
f 126 125 206
f 126 206 205
f 127 126 205
f 127 205 204
f 128 127 204
f 128 204 203
f 129 128 203
f 129 203 202
f 130 129 202
f 130 202 201
f 131 130 201
f 131 201 200
f 132 131 200
f 132 200 199
f 133 132 199
f 133 199 198
f 134 133 198
f 134 198 197
f 135 134 197
f 135 197 196
f 136 135 196
f 136 196 195
f 137 136 195
f 137 195 194
f 138 137 194
f 138 194 193
f 139 138 193
f 139 193 192
f 140 139 192
f 141 140 192
f 141 192 191
f 141 191 190
f 142 141 190
f 142 190 189
f 143 142 189
f 143 189 188
f 144 143 188
f 144 188 187
f 145 144 187
f 145 187 186
f 146 145 186
f 146 186 185
f 147 146 185
f 147 185 184
f 148 147 184
f 148 184 183
f 149 148 183
f 149 183 182
f 149 182 150
f 290 291 441
f 290 441 442
f 290 442 443
f 289 290 443
f 289 443 444
f 288 289 444
f 288 444 445
f 287 288 445
f 287 445 446
f 286 287 446
f 286 446 447
f 285 286 447
f 440 441 291
f 440 291 292
f 439 440 292
f 439 292 293
f 438 439 293
f 438 293 294
f 437 438 294
f 437 294 295
f 436 437 295
f 436 295 296
f 435 436 296
f 435 296 297
f 434 435 297
f 434 297 298
f 285 447 448
f 284 285 448
f 284 448 449
f 283 284 449
f 283 449 450
f 282 283 450
f 282 450 451
f 281 282 451
f 281 451 452
f 280 281 452
f 280 452 453
f 279 280 453
f 279 453 454
f 278 279 454
f 278 454 455
f 277 278 455
f 277 455 456
f 276 277 456
f 276 456 457
f 275 276 457
f 275 457 458
f 274 275 458
f 274 458 459
f 273 274 459
f 273 459 460
f 272 273 460
f 272 460 461
f 271 272 461
f 271 461 462
f 270 271 462
f 270 462 463
f 269 270 463
f 269 463 464
f 268 269 464
f 268 464 365
f 267 268 365
f 267 365 366
f 266 267 366
f 266 366 367
f 265 266 367
f 265 367 368
f 364 265 368
f 364 368 369
f 363 364 369
f 363 369 370
f 362 363 370
f 362 370 371
f 361 362 371
f 361 371 372
f 360 361 372
f 360 372 373
f 359 360 373
f 359 373 374
f 358 359 374
f 358 374 375
f 357 358 375
f 357 375 376
f 356 357 376
f 356 376 377
f 355 356 377
f 355 377 378
f 354 355 378
f 354 378 379
f 353 354 379
f 353 379 380
f 352 353 380
f 352 380 381
f 351 352 381
f 351 381 382
f 350 351 382
f 433 434 298
f 433 298 299
f 432 433 299
f 432 299 300
f 431 432 300
f 431 300 301
f 430 431 301
f 430 301 302
f 429 430 302
f 429 302 303
f 428 429 303
f 428 303 304
f 427 428 304
f 427 304 305
f 426 427 305
f 426 305 306
f 425 426 306
f 425 306 307
f 424 425 307
f 424 307 308
f 423 424 308
f 423 308 309
f 422 423 309
f 422 309 310
f 421 422 310
f 421 310 311
f 420 421 311
f 420 311 312
f 419 420 312
f 419 312 313
f 418 419 313
f 418 313 314
f 417 418 314
f 417 314 315
f 416 417 315
f 416 315 316
f 415 416 316
f 415 316 317
f 414 415 317
f 414 317 318
f 413 414 318
f 413 318 319
f 412 413 319
f 412 319 320
f 411 412 320
f 411 320 321
f 410 411 321
f 410 321 322
f 409 410 322
f 409 322 323
f 408 409 323
f 408 323 324
f 407 408 324
f 407 324 325
f 406 407 325
f 406 325 326
f 405 406 326
f 405 326 327
f 404 405 327
f 404 327 328
f 403 404 328
f 403 328 329
f 402 403 329
f 402 329 330
f 401 402 330
f 401 330 331
f 400 401 331
f 400 331 332
f 399 400 332
f 399 332 333
f 398 399 333
f 398 333 334
f 397 398 334
f 397 334 335
f 396 397 335
f 396 335 336
f 395 396 336
f 395 336 337
f 394 395 337
f 394 337 338
f 393 394 338
f 393 338 339
f 392 393 339
f 392 339 340
f 392 340 341
f 391 392 341
f 390 391 341
f 390 341 342
f 389 390 342
f 389 342 343
f 388 389 343
f 388 343 344
f 387 388 344
f 387 344 345
f 386 387 345
f 386 345 346
f 385 386 346
f 385 346 347
f 384 385 347
f 384 347 348
f 383 384 348
f 383 348 349
f 382 383 349
f 350 382 349
f 266 265 66
f 66 265 65
f 267 266 67
f 67 266 66
f 268 267 68
f 68 267 67
f 269 268 69
f 69 268 68
f 270 269 70
f 70 269 69
f 271 270 71
f 71 270 70
f 272 271 72
f 72 271 71
f 273 272 73
f 73 272 72
f 274 273 74
f 74 273 73
f 275 274 75
f 75 274 74
f 276 275 76
f 76 275 75
f 277 276 77
f 77 276 76
f 278 277 78
f 78 277 77
f 279 278 79
f 79 278 78
f 280 279 80
f 80 279 79
f 281 280 81
f 81 280 80
f 282 281 82
f 82 281 81
f 283 282 83
f 83 282 82
f 284 283 84
f 84 283 83
f 285 284 85
f 85 284 84
f 286 285 86
f 86 285 85
f 287 286 87
f 87 286 86
f 288 287 88
f 88 287 87
f 289 288 89
f 89 288 88
f 290 289 90
f 90 289 89
f 291 290 91
f 91 290 90
f 292 291 92
f 92 291 91
f 293 292 93
f 93 292 92
f 294 293 94
f 94 293 93
f 295 294 95
f 95 294 94
f 296 295 96
f 96 295 95
f 297 296 97
f 97 296 96
f 298 297 98
f 98 297 97
f 299 298 99
f 99 298 98
f 300 299 100
f 100 299 99
f 301 300 101
f 101 300 100
f 302 301 102
f 102 301 101
f 303 302 103
f 103 302 102
f 304 303 104
f 104 303 103
f 305 304 105
f 105 304 104
f 306 305 106
f 106 305 105
f 307 306 107
f 107 306 106
f 308 307 108
f 108 307 107
f 309 308 109
f 109 308 108
f 310 309 110
f 110 309 109
f 311 310 111
f 111 310 110
f 312 311 112
f 112 311 111
f 313 312 113
f 113 312 112
f 314 313 114
f 114 313 113
f 315 314 115
f 115 314 114
f 316 315 116
f 116 315 115
f 317 316 117
f 117 316 116
f 318 317 118
f 118 317 117
f 319 318 119
f 119 318 118
f 320 319 120
f 120 319 119
f 321 320 121
f 121 320 120
f 322 321 122
f 122 321 121
f 323 322 123
f 123 322 122
f 324 323 124
f 124 323 123
f 325 324 125
f 125 324 124
f 326 325 126
f 126 325 125
f 327 326 127
f 127 326 126
f 328 327 128
f 128 327 127
f 329 328 129
f 129 328 128
f 330 329 130
f 130 329 129
f 331 330 131
f 131 330 130
f 332 331 132
f 132 331 131
f 333 332 133
f 133 332 132
f 334 333 134
f 134 333 133
f 335 334 135
f 135 334 134
f 336 335 136
f 136 335 135
f 337 336 137
f 137 336 136
f 338 337 138
f 138 337 137
f 339 338 139
f 139 338 138
f 340 339 140
f 140 339 139
f 341 340 141
f 141 340 140
f 342 341 142
f 142 341 141
f 343 342 143
f 143 342 142
f 344 343 144
f 144 343 143
f 345 344 145
f 145 344 144
f 346 345 146
f 146 345 145
f 347 346 147
f 147 346 146
f 348 347 148
f 148 347 147
f 349 348 149
f 149 348 148
f 350 349 150
f 150 349 149
f 351 350 151
f 151 350 150
f 352 351 152
f 152 351 151
f 353 352 153
f 153 352 152
f 354 353 154
f 154 353 153
f 355 354 155
f 155 354 154
f 356 355 156
f 156 355 155
f 357 356 157
f 157 356 156
f 358 357 158
f 158 357 157
f 359 358 159
f 159 358 158
f 360 359 160
f 160 359 159
f 361 360 161
f 161 360 160
f 362 361 162
f 162 361 161
f 363 362 163
f 163 362 162
f 265 364 65
f 65 364 164
f 364 363 164
f 164 363 163
f 366 365 166
f 166 365 165
f 367 366 167
f 167 366 166
f 368 367 168
f 168 367 167
f 369 368 169
f 169 368 168
f 370 369 170
f 170 369 169
f 371 370 171
f 171 370 170
f 372 371 172
f 172 371 171
f 373 372 173
f 173 372 172
f 374 373 174
f 174 373 173
f 375 374 175
f 175 374 174
f 376 375 176
f 176 375 175
f 377 376 177
f 177 376 176
f 378 377 178
f 178 377 177
f 379 378 179
f 179 378 178
f 380 379 180
f 180 379 179
f 381 380 181
f 181 380 180
f 382 381 182
f 182 381 181
f 383 382 183
f 183 382 182
f 384 383 184
f 184 383 183
f 385 384 185
f 185 384 184
f 386 385 186
f 186 385 185
f 387 386 187
f 187 386 186
f 388 387 188
f 188 387 187
f 389 388 189
f 189 388 188
f 390 389 190
f 190 389 189
f 391 390 191
f 191 390 190
f 392 391 192
f 192 391 191
f 393 392 193
f 193 392 192
f 394 393 194
f 194 393 193
f 395 394 195
f 195 394 194
f 396 395 196
f 196 395 195
f 397 396 197
f 197 396 196
f 398 397 198
f 198 397 197
f 399 398 199
f 199 398 198
f 400 399 200
f 200 399 199
f 401 400 201
f 201 400 200
f 402 401 202
f 202 401 201
f 403 402 203
f 203 402 202
f 404 403 204
f 204 403 203
f 405 404 205
f 205 404 204
f 406 405 206
f 206 405 205
f 407 406 207
f 207 406 206
f 408 407 208
f 208 407 207
f 409 408 209
f 209 408 208
f 410 409 210
f 210 409 209
f 411 410 211
f 211 410 210
f 412 411 212
f 212 411 211
f 413 412 213
f 213 412 212
f 414 413 214
f 214 413 213
f 415 414 215
f 215 414 214
f 416 415 216
f 216 415 215
f 417 416 217
f 217 416 216
f 418 417 218
f 218 417 217
f 419 418 219
f 219 418 218
f 420 419 220
f 220 419 219
f 421 420 221
f 221 420 220
f 422 421 222
f 222 421 221
f 423 422 223
f 223 422 222
f 424 423 224
f 224 423 223
f 425 424 225
f 225 424 224
f 426 425 226
f 226 425 225
f 427 426 227
f 227 426 226
f 428 427 228
f 228 427 227
f 429 428 229
f 229 428 228
f 430 429 230
f 230 429 229
f 431 430 231
f 231 430 230
f 432 431 232
f 232 431 231
f 433 432 233
f 233 432 232
f 434 433 234
f 234 433 233
f 435 434 235
f 235 434 234
f 436 435 236
f 236 435 235
f 437 436 237
f 237 436 236
f 438 437 238
f 238 437 237
f 439 438 239
f 239 438 238
f 440 439 240
f 240 439 239
f 441 440 241
f 241 440 240
f 442 441 242
f 242 441 241
f 443 442 243
f 243 442 242
f 444 443 244
f 244 443 243
f 445 444 245
f 245 444 244
f 446 445 246
f 246 445 245
f 447 446 247
f 247 446 246
f 448 447 248
f 248 447 247
f 449 448 249
f 249 448 248
f 450 449 250
f 250 449 249
f 451 450 251
f 251 450 250
f 452 451 252
f 252 451 251
f 453 452 253
f 253 452 252
f 454 453 254
f 254 453 253
f 455 454 255
f 255 454 254
f 456 455 256
f 256 455 255
f 457 456 257
f 257 456 256
f 458 457 258
f 258 457 257
f 459 458 259
f 259 458 258
f 460 459 260
f 260 459 259
f 461 460 261
f 261 460 260
f 462 461 262
f 262 461 261
f 463 462 263
f 263 462 262
f 365 464 165
f 165 464 264
f 464 463 264
f 264 463 263
f 466 468 465
f 469 466 465
f 465 468 467
f 467 469 465
f 466 472 468
f 470 466 469
f 470 472 466
f 468 472 467
f 471 469 467
f 467 472 471
f 471 470 469
f 472 470 471
f 474 476 473
f 477 474 473
f 473 476 475
f 475 477 473
f 474 480 476
f 478 474 477
f 478 480 474
f 476 480 475
f 479 477 475
f 475 480 479
f 479 478 477
f 480 478 479
f 482 484 481
f 485 482 481
f 481 484 483
f 483 485 481
f 482 488 484
f 486 482 485
f 486 488 482
f 484 488 483
f 487 485 483
f 483 488 487
f 487 486 485
f 488 486 487
f 490 492 489
f 493 490 489
f 489 492 491
f 491 493 489
f 490 496 492
f 494 490 493
f 494 496 490
f 492 496 491
f 495 493 491
f 491 496 495
f 495 494 493
f 496 494 495
f 498 500 497
f 501 498 497
f 497 500 499
f 499 501 497
f 498 504 500
f 502 498 501
f 502 504 498
f 500 504 499
f 503 501 499
f 499 504 503
f 503 502 501
f 504 502 503
f 506 508 505
f 509 506 505
f 505 508 507
f 507 509 505
f 506 512 508
f 510 506 509
f 510 512 506
f 508 512 507
f 511 509 507
f 507 512 511
f 511 510 509
f 512 510 511
f 514 516 513
f 517 514 513
f 513 516 515
f 515 517 513
f 514 520 516
f 518 514 517
f 518 520 514
f 516 520 515
f 519 517 515
f 515 520 519
f 519 518 517
f 520 518 519
f 521 530 527
f 521 527 528
f 521 529 530
f 521 522 529
f 521 528 531
f 521 531 532
f 521 532 533
f 521 533 538
f 521 558 522
f 521 538 559
f 562 547 548
f 569 552 551
f 560 548 549
f 567 549 552
f 521 597 558
f 521 559 597
f 558 524 523
f 558 523 522
f 558 525 524
f 558 526 525
f 558 534 526
f 558 535 534
f 558 536 535
f 558 537 536
f 558 553 537
f 558 554 553
f 558 555 554
f 558 556 555
f 558 557 556
f 558 546 557
f 558 596 546
f 559 538 539
f 559 539 540
f 559 540 541
f 559 541 542
f 559 542 543
f 559 543 544
f 559 544 545
f 559 545 547
f 560 549 566
f 566 549 567
f 560 562 548
f 561 547 562
f 559 547 561
f 559 564 565
f 559 561 564
f 559 565 563
f 559 563 572
f 559 572 573
f 559 573 574
f 559 574 575
f 559 575 576
f 559 576 577
f 559 577 589
f 567 552 568
f 568 552 569
f 569 551 570
f 570 551 571
f 571 551 578
f 596 551 550
f 596 550 546
f 578 551 596
f 589 590 596
f 590 591 596
f 591 592 596
f 592 593 596
f 588 596 595
f 594 595 596
f 593 594 596
f 559 589 596
f 578 596 579
f 579 596 580
f 580 596 581
f 581 596 582
f 582 596 583
f 584 596 585
f 583 596 584
f 585 596 586
f 587 596 588
f 586 596 587
f 560 636 562
f 561 637 564
f 561 562 638
f 563 639 572
f 564 640 565
f 563 565 641
f 566 567 643
f 560 566 642
f 567 568 644
f 568 569 645
f 569 570 646
f 570 571 647
f 572 648 573
f 573 649 574
f 574 650 575
f 575 651 576
f 576 652 577
f 577 653 589
f 588 595 671
f 571 578 654
f 578 579 655
f 579 580 656
f 580 581 657
f 581 582 658
f 582 583 659
f 583 584 660
f 584 585 661
f 586 587 663
f 585 586 662
f 587 588 664
f 558 672 596
f 589 665 590
f 590 666 591
f 591 667 592
f 592 668 593
f 593 669 594
f 594 670 595
f 559 596 672
f 597 603 606
f 597 604 603
f 597 606 605
f 597 605 598
f 597 607 604
f 597 608 607
f 597 609 608
f 597 614 609
f 597 615 614
f 597 616 615
f 597 617 616
f 597 598 634
f 597 635 617
f 634 622 635
f 558 597 634
f 558 634 672
f 634 599 600
f 634 598 599
f 634 600 601
f 634 601 602
f 634 602 610
f 634 610 611
f 634 611 612
f 634 612 613
f 634 613 629
f 634 629 630
f 634 630 631
f 634 631 632
f 634 632 633
f 634 633 622
f 634 642 643
f 634 636 642
f 634 643 644
f 634 644 645
f 634 645 646
f 634 646 647
f 634 647 654
f 634 654 655
f 634 655 656
f 634 656 657
f 634 657 658
f 634 658 659
f 634 659 660
f 634 660 661
f 559 635 597
f 559 672 635
f 635 618 617
f 635 619 618
f 635 620 619
f 635 621 620
f 635 623 621
f 635 624 623
f 635 622 626
f 635 626 627
f 635 627 628
f 635 625 624
f 635 628 625
f 635 637 638
f 635 638 636
f 635 641 640
f 635 640 637
f 635 639 641
f 635 648 639
f 635 649 648
f 635 650 649
f 635 651 650
f 635 652 651
f 635 653 652
f 635 665 653
f 635 666 665
f 635 667 666
f 635 668 667
f 560 642 636
f 561 638 637
f 562 636 638
f 563 641 639
f 564 637 640
f 565 640 641
f 566 643 642
f 567 644 643
f 568 645 644
f 569 646 645
f 570 647 646
f 571 654 647
f 572 639 648
f 573 648 649
f 574 649 650
f 575 650 651
f 576 651 652
f 577 652 653
f 589 653 665
f 578 655 654
f 579 656 655
f 580 657 656
f 581 658 657
f 582 659 658
f 583 660 659
f 584 661 660
f 586 663 662
f 585 662 661
f 587 664 663
f 588 671 664
f 590 665 666
f 591 666 667
f 592 667 668
f 594 669 670
f 593 668 669
f 595 670 671
f 634 635 636
f 634 661 672
f 668 672 669
f 664 671 672
f 670 672 671
f 669 672 670
f 635 672 668
f 661 662 672
f 663 664 672
f 662 663 672
f 529 522 598
f 522 523 599
f 523 524 600
f 524 525 601
f 525 526 602
f 527 530 606
f 528 527 603
f 531 528 604
f 530 529 605
f 532 531 607
f 533 532 608
f 526 534 610
f 534 535 611
f 535 536 612
f 536 537 613
f 538 533 609
f 539 538 614
f 540 539 615
f 541 540 616
f 542 541 617
f 543 542 618
f 544 543 619
f 545 544 620
f 547 545 621
f 548 547 623
f 549 548 624
f 546 550 626
f 550 551 627
f 551 552 628
f 552 549 625
f 537 553 629
f 553 554 630
f 554 555 631
f 555 556 632
f 556 557 633
f 557 546 622
f 522 599 598
f 523 600 599
f 524 601 600
f 525 602 601
f 526 610 602
f 527 606 603
f 528 603 604
f 530 605 606
f 529 598 605
f 532 607 608
f 531 604 607
f 533 608 609
f 534 611 610
f 535 612 611
f 536 613 612
f 538 609 614
f 539 614 615
f 540 615 616
f 541 616 617
f 542 617 618
f 543 618 619
f 544 619 620
f 545 620 621
f 547 621 623
f 548 623 624
f 549 624 625
f 546 626 622
f 550 627 626
f 551 628 627
f 552 625 628
f 537 629 613
f 553 630 629
f 554 631 630
f 555 632 631
f 556 633 632
f 557 622 633
f 674 676 673
f 677 674 673
f 673 676 675
f 675 677 673
f 674 680 676
f 678 674 677
f 678 680 674
f 676 680 675
f 679 677 675
f 675 680 679
f 679 678 677
f 680 678 679
f 682 684 681
f 685 682 681
f 681 684 683
f 683 685 681
f 682 688 684
f 686 682 685
f 686 688 682
f 684 688 683
f 687 685 683
f 683 688 687
f 687 686 685
f 688 686 687
f 690 692 689
f 693 690 689
f 689 692 691
f 691 693 689
f 690 696 692
f 694 690 693
f 694 696 690
f 692 696 691
f 695 693 691
f 691 696 695
f 695 694 693
f 696 694 695
f 698 700 697
f 701 698 697
f 697 700 699
f 699 701 697
f 698 704 700
f 702 698 701
f 702 704 698
f 700 704 699
f 703 701 699
f 699 704 703
f 703 702 701
f 704 702 703
f 706 708 705
f 709 706 705
f 705 708 707
f 707 709 705
f 706 712 708
f 710 706 709
f 710 712 706
f 708 712 707
f 711 709 707
f 707 712 711
f 711 710 709
f 712 710 711
f 714 716 713
f 717 714 713
f 713 716 715
f 715 717 713
f 714 720 716
f 718 714 717
f 718 720 714
f 716 720 715
f 719 717 715
f 715 720 719
f 719 718 717
f 720 718 719
f 722 724 721
f 725 722 721
f 721 724 723
f 723 725 721
f 722 728 724
f 726 722 725
f 726 728 722
f 724 728 723
f 727 725 723
f 723 728 727
f 727 726 725
f 728 726 727
f 730 732 729
f 733 730 729
f 729 732 731
f 731 733 729
f 730 736 732
f 734 730 733
f 734 736 730
f 732 736 731
f 735 733 731
f 731 736 735
f 735 734 733
f 736 734 735
f 738 740 737
f 741 738 737
f 737 740 739
f 739 741 737
f 738 744 740
f 742 738 741
f 742 744 738
f 740 744 739
f 743 741 739
f 739 744 743
f 743 742 741
f 744 742 743
f 746 748 745
f 749 746 745
f 745 748 747
f 747 749 745
f 746 752 748
f 750 746 749
f 750 752 746
f 748 752 747
f 751 749 747
f 747 752 751
f 751 750 749
f 752 750 751
f 754 756 753
f 757 754 753
f 753 756 755
f 755 757 753
f 754 760 756
f 758 754 757
f 758 760 754
f 756 760 755
f 759 757 755
f 755 760 759
f 759 758 757
f 760 758 759
f 762 764 761
f 765 762 761
f 761 764 763
f 763 765 761
f 762 768 764
f 766 762 765
f 766 768 762
f 764 768 763
f 767 765 763
f 763 768 767
f 767 766 765
f 768 766 767
f 770 772 769
f 773 770 769
f 769 772 771
f 771 773 769
f 770 776 772
f 774 770 773
f 774 776 770
f 772 776 771
f 775 773 771
f 771 776 775
f 775 774 773
f 776 774 775
f 816 815 1134
f 816 1134 1133
f 817 816 1133
f 815 814 813
f 1134 815 813
f 1135 1134 813
f 1135 813 812
f 778 777 945
f 779 778 945
f 1136 1135 812
f 1136 812 811
f 817 1133 1132
f 818 817 1132
f 1137 1136 811
f 1137 811 810
f 818 1132 1131
f 819 818 1131
f 1138 1137 810
f 1138 810 809
f 1139 1138 809
f 1139 809 808
f 1140 1139 808
f 1140 808 807
f 1141 1140 807
f 1141 807 806
f 1142 1141 806
f 1142 806 805
f 1143 1142 805
f 1143 805 804
f 1144 1143 804
f 1144 804 803
f 1145 1144 803
f 1145 803 802
f 1146 1145 802
f 1146 802 801
f 1147 1146 801
f 1147 801 800
f 1148 1147 800
f 1148 800 799
f 1149 1148 799
f 1149 799 798
f 1150 1149 798
f 1150 798 797
f 1151 1150 797
f 1151 797 796
f 1152 1151 796
f 1152 796 795
f 1153 1152 795
f 1153 795 794
f 1154 1153 794
f 1154 794 793
f 1155 1154 793
f 1155 793 792
f 1156 1155 792
f 1156 792 791
f 1157 1156 791
f 1157 791 790
f 1158 1157 790
f 1158 790 789
f 1159 1158 789
f 1159 789 788
f 1160 1159 788
f 1160 788 787
f 1161 1160 787
f 1161 787 786
f 1162 1161 786
f 1162 786 785
f 1163 1162 785
f 1163 785 784
f 1164 1163 784
f 1164 784 783
f 1165 1164 783
f 1165 783 782
f 1166 1165 782
f 1166 782 781
f 1166 781 780
f 946 1166 780
f 946 780 779
f 819 1131 1130
f 820 819 1130
f 820 1130 1129
f 821 820 1129
f 821 1129 1128
f 822 821 1128
f 822 1128 1127
f 823 822 1127
f 823 1127 1126
f 824 823 1126
f 824 1126 1125
f 825 824 1125
f 825 1125 1124
f 826 825 1124
f 826 1124 1123
f 827 826 1123
f 827 1123 1122
f 828 827 1122
f 828 1122 1121
f 829 828 1121
f 829 1121 1120
f 830 829 1120
f 830 1120 1119
f 831 830 1119
f 831 1119 1118
f 832 831 1118
f 832 1118 1117
f 833 832 1117
f 833 1117 1116
f 834 833 1116
f 834 1116 1115
f 835 834 1115
f 835 1115 1114
f 836 835 1114
f 836 1114 1113
f 837 836 1113
f 837 1113 1112
f 838 837 1112
f 838 1112 1111
f 839 838 1111
f 839 1111 1110
f 840 839 1110
f 840 1110 1109
f 841 840 1109
f 841 1109 1108
f 842 841 1108
f 842 1108 1107
f 843 842 1107
f 843 1107 1106
f 844 843 1106
f 844 1106 1105
f 845 844 1105
f 846 845 1105
f 846 1105 1104
f 846 1104 1103
f 846 1103 1102
f 846 1102 1101
f 846 1101 1100
f 846 1100 1099
f 846 1099 1098
f 846 1098 1097
f 846 1097 1096
f 846 1096 1095
f 846 1095 1094
f 846 1094 1093
f 846 1093 1092
f 846 1092 1091
f 846 1091 1090
f 846 1090 1089
f 846 1089 1088
f 846 1088 1087
f 846 1087 1086
f 846 1086 1085
f 846 1085 1084
f 846 1084 1083
f 846 1083 1082
f 846 1082 1081
f 846 1081 1080
f 846 1080 1079
f 846 1079 1078
f 846 1078 1077
f 846 1077 1076
f 846 1076 1075
f 846 1075 1074
f 847 846 1074
f 848 847 1074
f 848 1074 1073
f 849 848 1073
f 849 1073 1072
f 850 849 1072
f 850 1072 1071
f 851 850 1071
f 851 1071 1070
f 852 851 1070
f 852 1070 1069
f 853 852 1069
f 853 1069 1068
f 854 853 1068
f 854 1068 1067
f 855 854 1067
f 855 1067 1066
f 856 855 1066
f 856 1066 1065
f 857 856 1065
f 857 1065 1064
f 858 857 1064
f 858 1064 1063
f 859 858 1063
f 859 1063 1062
f 860 859 1062
f 860 1062 1061
f 861 860 1061
f 861 1061 1060
f 862 861 1060
f 862 1060 1059
f 863 862 1059
f 863 1059 1058
f 864 863 1058
f 864 1058 1057
f 865 864 1057
f 865 1057 1056
f 866 865 1056
f 866 1056 1055
f 867 866 1055
f 867 1055 1054
f 868 867 1054
f 868 1054 1053
f 869 868 1053
f 869 1053 1052
f 870 869 1052
f 870 1052 1051
f 871 870 1051
f 871 1051 1050
f 872 871 1050
f 872 1050 1049
f 873 872 1049
f 873 1049 1048
f 874 873 1048
f 874 1048 1047
f 875 874 1047
f 875 1047 1046
f 876 875 1046
f 876 1046 1045
f 877 876 1045
f 877 1045 1044
f 878 877 1044
f 878 1044 1043
f 879 878 1043
f 879 1043 1042
f 880 879 1042
f 880 1042 1041
f 881 880 1041
f 881 1041 1040
f 881 1040 1039
f 881 1039 1038
f 881 1038 1037
f 881 1037 1036
f 881 1036 1035
f 881 1035 1034
f 881 1034 1033
f 881 1033 1032
f 881 1032 1031
f 881 1031 1030
f 881 1030 1029
f 881 1029 1028
f 881 1028 1027
f 881 1027 1026
f 881 1026 1025
f 881 1025 1024
f 881 1024 1023
f 881 1023 1022
f 881 1022 1021
f 881 1021 1020
f 881 1020 1019
f 881 1019 1018
f 881 1018 1017
f 881 1017 1016
f 881 1016 1015
f 881 1015 1014
f 881 1014 1013
f 881 1013 1012
f 881 1012 1011
f 881 1011 1010
f 881 1010 1009
f 882 881 1009
f 882 1009 1008
f 883 882 1008
f 883 1008 1007
f 884 883 1007
f 884 1007 1006
f 885 884 1006
f 885 1006 1005
f 886 885 1005
f 886 1005 1004
f 887 886 1004
f 887 1004 1003
f 888 887 1003
f 888 1003 1002
f 889 888 1002
f 889 1002 1001
f 890 889 1001
f 890 1001 1000
f 891 890 1000
f 891 1000 999
f 892 891 999
f 892 999 998
f 893 892 998
f 893 998 997
f 894 893 997
f 894 997 996
f 895 894 996
f 895 996 995
f 896 895 995
f 896 995 994
f 897 896 994
f 897 994 993
f 898 897 993
f 898 993 992
f 899 898 992
f 899 992 991
f 900 899 991
f 900 991 990
f 901 900 990
f 901 990 989
f 902 901 989
f 902 989 988
f 903 902 988
f 903 988 987
f 904 903 987
f 904 987 986
f 905 904 986
f 905 986 985
f 906 905 985
f 906 985 984
f 907 906 984
f 907 984 983
f 908 907 983
f 908 983 982
f 909 908 982
f 909 982 981
f 910 909 981
f 911 910 981
f 911 981 980
f 912 911 980
f 912 980 979
f 912 979 978
f 913 912 978
f 913 978 977
f 914 913 977
f 914 977 976
f 915 914 976
f 915 976 975
f 916 915 975
f 916 975 974
f 917 916 974
f 917 974 973
f 918 917 973
f 918 973 972
f 919 918 972
f 919 972 971
f 920 919 971
f 920 971 970
f 921 920 970
f 921 970 969
f 922 921 969
f 922 969 968
f 923 922 968
f 923 968 967
f 924 923 967
f 924 967 966
f 925 924 966
f 925 966 965
f 926 925 965
f 926 965 964
f 927 926 964
f 927 964 963
f 928 927 963
f 928 963 962
f 929 928 962
f 929 962 961
f 930 929 961
f 930 961 960
f 931 930 960
f 931 960 959
f 932 931 959
f 932 959 958
f 933 932 958
f 933 958 957
f 934 933 957
f 934 957 956
f 935 934 956
f 935 956 955
f 936 935 955
f 936 955 954
f 937 936 954
f 937 954 953
f 938 937 953
f 938 953 952
f 939 938 952
f 939 952 951
f 940 939 951
f 940 951 950
f 941 940 950
f 941 950 949
f 942 941 949
f 942 949 948
f 943 942 948
f 944 943 948
f 944 948 947
f 945 944 947
f 947 946 779
f 947 779 945
f 1524 1205 1206
f 1523 1524 1206
f 1523 1206 1207
f 1203 1204 1205
f 1203 1205 1524
f 1203 1524 1525
f 1202 1203 1525
f 1335 1167 1168
f 1335 1168 1169
f 1202 1525 1526
f 1201 1202 1526
f 1522 1523 1207
f 1522 1207 1208
f 1201 1526 1527
f 1200 1201 1527
f 1521 1522 1208
f 1521 1208 1209
f 1200 1527 1528
f 1199 1200 1528
f 1199 1528 1529
f 1198 1199 1529
f 1198 1529 1530
f 1197 1198 1530
f 1197 1530 1531
f 1196 1197 1531
f 1196 1531 1532
f 1195 1196 1532
f 1195 1532 1533
f 1194 1195 1533
f 1194 1533 1534
f 1193 1194 1534
f 1193 1534 1535
f 1192 1193 1535
f 1192 1535 1536
f 1191 1192 1536
f 1191 1536 1537
f 1190 1191 1537
f 1190 1537 1538
f 1189 1190 1538
f 1189 1538 1539
f 1188 1189 1539
f 1188 1539 1540
f 1187 1188 1540
f 1187 1540 1541
f 1186 1187 1541
f 1186 1541 1542
f 1185 1186 1542
f 1185 1542 1543
f 1184 1185 1543
f 1184 1543 1544
f 1183 1184 1544
f 1183 1544 1545
f 1182 1183 1545
f 1182 1545 1546
f 1181 1182 1546
f 1181 1546 1547
f 1180 1181 1547
f 1180 1547 1548
f 1179 1180 1548
f 1179 1548 1549
f 1178 1179 1549
f 1178 1549 1550
f 1177 1178 1550
f 1177 1550 1551
f 1176 1177 1551
f 1176 1551 1552
f 1175 1176 1552
f 1175 1552 1553
f 1174 1175 1553
f 1174 1553 1554
f 1173 1174 1554
f 1173 1554 1555
f 1172 1173 1555
f 1172 1555 1556
f 1171 1172 1556
f 1170 1171 1556
f 1170 1556 1336
f 1169 1170 1336
f 1520 1521 1209
f 1520 1209 1210
f 1519 1520 1210
f 1519 1210 1211
f 1518 1519 1211
f 1518 1211 1212
f 1517 1518 1212
f 1517 1212 1213
f 1516 1517 1213
f 1516 1213 1214
f 1515 1516 1214
f 1515 1214 1215
f 1514 1515 1215
f 1514 1215 1216
f 1513 1514 1216
f 1513 1216 1217
f 1512 1513 1217
f 1512 1217 1218
f 1511 1512 1218
f 1511 1218 1219
f 1510 1511 1219
f 1510 1219 1220
f 1509 1510 1220
f 1509 1220 1221
f 1508 1509 1221
f 1508 1221 1222
f 1507 1508 1222
f 1507 1222 1223
f 1506 1507 1223
f 1506 1223 1224
f 1505 1506 1224
f 1505 1224 1225
f 1504 1505 1225
f 1504 1225 1226
f 1503 1504 1226
f 1503 1226 1227
f 1502 1503 1227
f 1502 1227 1228
f 1501 1502 1228
f 1501 1228 1229
f 1500 1501 1229
f 1500 1229 1230
f 1499 1500 1230
f 1499 1230 1231
f 1498 1499 1231
f 1498 1231 1232
f 1497 1498 1232
f 1497 1232 1233
f 1496 1497 1233
f 1496 1233 1234
f 1495 1496 1234
f 1495 1234 1235
f 1495 1235 1236
f 1494 1495 1236
f 1493 1494 1236
f 1492 1493 1236
f 1491 1492 1236
f 1490 1491 1236
f 1489 1490 1236
f 1488 1489 1236
f 1487 1488 1236
f 1486 1487 1236
f 1485 1486 1236
f 1484 1485 1236
f 1483 1484 1236
f 1482 1483 1236
f 1481 1482 1236
f 1480 1481 1236
f 1479 1480 1236
f 1478 1479 1236
f 1477 1478 1236
f 1476 1477 1236
f 1475 1476 1236
f 1474 1475 1236
f 1473 1474 1236
f 1472 1473 1236
f 1471 1472 1236
f 1470 1471 1236
f 1469 1470 1236
f 1468 1469 1236
f 1467 1468 1236
f 1466 1467 1236
f 1465 1466 1236
f 1464 1465 1236
f 1464 1236 1237
f 1464 1237 1238
f 1463 1464 1238
f 1463 1238 1239
f 1462 1463 1239
f 1462 1239 1240
f 1461 1462 1240
f 1461 1240 1241
f 1460 1461 1241
f 1460 1241 1242
f 1459 1460 1242
f 1459 1242 1243
f 1458 1459 1243
f 1458 1243 1244
f 1457 1458 1244
f 1457 1244 1245
f 1456 1457 1245
f 1456 1245 1246
f 1455 1456 1246
f 1455 1246 1247
f 1454 1455 1247
f 1454 1247 1248
f 1453 1454 1248
f 1453 1248 1249
f 1452 1453 1249
f 1452 1249 1250
f 1451 1452 1250
f 1451 1250 1251
f 1450 1451 1251
f 1450 1251 1252
f 1449 1450 1252
f 1449 1252 1253
f 1448 1449 1253
f 1448 1253 1254
f 1447 1448 1254
f 1447 1254 1255
f 1446 1447 1255
f 1446 1255 1256
f 1445 1446 1256
f 1445 1256 1257
f 1444 1445 1257
f 1444 1257 1258
f 1443 1444 1258
f 1443 1258 1259
f 1442 1443 1259
f 1442 1259 1260
f 1441 1442 1260
f 1441 1260 1261
f 1440 1441 1261
f 1440 1261 1262
f 1439 1440 1262
f 1439 1262 1263
f 1438 1439 1263
f 1438 1263 1264
f 1437 1438 1264
f 1437 1264 1265
f 1436 1437 1265
f 1436 1265 1266
f 1435 1436 1266
f 1435 1266 1267
f 1434 1435 1267
f 1434 1267 1268
f 1433 1434 1268
f 1433 1268 1269
f 1432 1433 1269
f 1432 1269 1270
f 1431 1432 1270
f 1431 1270 1271
f 1430 1431 1271
f 1429 1430 1271
f 1428 1429 1271
f 1427 1428 1271
f 1426 1427 1271
f 1425 1426 1271
f 1424 1425 1271
f 1423 1424 1271
f 1422 1423 1271
f 1421 1422 1271
f 1420 1421 1271
f 1419 1420 1271
f 1418 1419 1271
f 1417 1418 1271
f 1416 1417 1271
f 1415 1416 1271
f 1414 1415 1271
f 1413 1414 1271
f 1412 1413 1271
f 1411 1412 1271
f 1410 1411 1271
f 1409 1410 1271
f 1408 1409 1271
f 1407 1408 1271
f 1406 1407 1271
f 1405 1406 1271
f 1404 1405 1271
f 1403 1404 1271
f 1402 1403 1271
f 1401 1402 1271
f 1400 1401 1271
f 1399 1400 1271
f 1399 1271 1272
f 1398 1399 1272
f 1398 1272 1273
f 1397 1398 1273
f 1397 1273 1274
f 1396 1397 1274
f 1396 1274 1275
f 1395 1396 1275
f 1395 1275 1276
f 1394 1395 1276
f 1394 1276 1277
f 1393 1394 1277
f 1393 1277 1278
f 1392 1393 1278
f 1392 1278 1279
f 1391 1392 1279
f 1391 1279 1280
f 1390 1391 1280
f 1390 1280 1281
f 1389 1390 1281
f 1389 1281 1282
f 1388 1389 1282
f 1388 1282 1283
f 1387 1388 1283
f 1387 1283 1284
f 1386 1387 1284
f 1386 1284 1285
f 1385 1386 1285
f 1385 1285 1286
f 1384 1385 1286
f 1384 1286 1287
f 1383 1384 1287
f 1383 1287 1288
f 1382 1383 1288
f 1382 1288 1289
f 1381 1382 1289
f 1381 1289 1290
f 1380 1381 1290
f 1380 1290 1291
f 1379 1380 1291
f 1379 1291 1292
f 1378 1379 1292
f 1378 1292 1293
f 1377 1378 1293
f 1377 1293 1294
f 1376 1377 1294
f 1376 1294 1295
f 1375 1376 1295
f 1375 1295 1296
f 1374 1375 1296
f 1374 1296 1297
f 1373 1374 1297
f 1373 1297 1298
f 1372 1373 1298
f 1372 1298 1299
f 1371 1372 1299
f 1371 1299 1300
f 1371 1300 1301
f 1370 1371 1301
f 1370 1301 1302
f 1369 1370 1302
f 1368 1369 1302
f 1368 1302 1303
f 1367 1368 1303
f 1367 1303 1304
f 1366 1367 1304
f 1366 1304 1305
f 1365 1366 1305
f 1365 1305 1306
f 1364 1365 1306
f 1364 1306 1307
f 1363 1364 1307
f 1363 1307 1308
f 1362 1363 1308
f 1362 1308 1309
f 1361 1362 1309
f 1361 1309 1310
f 1360 1361 1310
f 1360 1310 1311
f 1359 1360 1311
f 1359 1311 1312
f 1358 1359 1312
f 1358 1312 1313
f 1357 1358 1313
f 1357 1313 1314
f 1356 1357 1314
f 1356 1314 1315
f 1355 1356 1315
f 1355 1315 1316
f 1354 1355 1316
f 1354 1316 1317
f 1353 1354 1317
f 1353 1317 1318
f 1352 1353 1318
f 1352 1318 1319
f 1351 1352 1319
f 1351 1319 1320
f 1350 1351 1320
f 1350 1320 1321
f 1349 1350 1321
f 1349 1321 1322
f 1348 1349 1322
f 1348 1322 1323
f 1347 1348 1323
f 1347 1323 1324
f 1346 1347 1324
f 1346 1324 1325
f 1345 1346 1325
f 1345 1325 1326
f 1344 1345 1326
f 1344 1326 1327
f 1343 1344 1327
f 1343 1327 1328
f 1342 1343 1328
f 1342 1328 1329
f 1341 1342 1329
f 1341 1329 1330
f 1340 1341 1330
f 1340 1330 1331
f 1339 1340 1331
f 1339 1331 1332
f 1338 1339 1332
f 1338 1332 1333
f 1338 1333 1334
f 1337 1338 1334
f 1337 1334 1335
f 1169 1336 1337
f 1335 1169 1337
f 1168 1167 778
f 778 1167 777
f 1169 1168 779
f 779 1168 778
f 1170 1169 780
f 780 1169 779
f 1171 1170 781
f 781 1170 780
f 1172 1171 782
f 782 1171 781
f 1173 1172 783
f 783 1172 782
f 1174 1173 784
f 784 1173 783
f 1175 1174 785
f 785 1174 784
f 1176 1175 786
f 786 1175 785
f 1177 1176 787
f 787 1176 786
f 1178 1177 788
f 788 1177 787
f 1179 1178 789
f 789 1178 788
f 1180 1179 790
f 790 1179 789
f 1181 1180 791
f 791 1180 790
f 1182 1181 792
f 792 1181 791
f 1183 1182 793
f 793 1182 792
f 1184 1183 794
f 794 1183 793
f 1185 1184 795
f 795 1184 794
f 1186 1185 796
f 796 1185 795
f 1187 1186 797
f 797 1186 796
f 1188 1187 798
f 798 1187 797
f 1189 1188 799
f 799 1188 798
f 1190 1189 800
f 800 1189 799
f 1191 1190 801
f 801 1190 800
f 1192 1191 802
f 802 1191 801
f 1193 1192 803
f 803 1192 802
f 1194 1193 804
f 804 1193 803
f 1195 1194 805
f 805 1194 804
f 1196 1195 806
f 806 1195 805
f 1197 1196 807
f 807 1196 806
f 1198 1197 808
f 808 1197 807
f 1199 1198 809
f 809 1198 808
f 1200 1199 810
f 810 1199 809
f 1201 1200 811
f 811 1200 810
f 1202 1201 812
f 812 1201 811
f 1203 1202 813
f 813 1202 812
f 1204 1203 814
f 814 1203 813
f 1205 1204 815
f 815 1204 814
f 1206 1205 816
f 816 1205 815
f 1207 1206 817
f 817 1206 816
f 1208 1207 818
f 818 1207 817
f 1209 1208 819
f 819 1208 818
f 1210 1209 820
f 820 1209 819
f 1211 1210 821
f 821 1210 820
f 1212 1211 822
f 822 1211 821
f 1213 1212 823
f 823 1212 822
f 1214 1213 824
f 824 1213 823
f 1215 1214 825
f 825 1214 824
f 1216 1215 826
f 826 1215 825
f 1217 1216 827
f 827 1216 826
f 1218 1217 828
f 828 1217 827
f 1219 1218 829
f 829 1218 828
f 1220 1219 830
f 830 1219 829
f 1221 1220 831
f 831 1220 830
f 1222 1221 832
f 832 1221 831
f 1223 1222 833
f 833 1222 832
f 1224 1223 834
f 834 1223 833
f 1225 1224 835
f 835 1224 834
f 1226 1225 836
f 836 1225 835
f 1227 1226 837
f 837 1226 836
f 1228 1227 838
f 838 1227 837
f 1229 1228 839
f 839 1228 838
f 1230 1229 840
f 840 1229 839
f 1231 1230 841
f 841 1230 840
f 1232 1231 842
f 842 1231 841
f 1233 1232 843
f 843 1232 842
f 1234 1233 844
f 844 1233 843
f 1235 1234 845
f 845 1234 844
f 1236 1235 846
f 846 1235 845
f 1237 1236 847
f 847 1236 846
f 1238 1237 848
f 848 1237 847
f 1239 1238 849
f 849 1238 848
f 1240 1239 850
f 850 1239 849
f 1241 1240 851
f 851 1240 850
f 1242 1241 852
f 852 1241 851
f 1243 1242 853
f 853 1242 852
f 1244 1243 854
f 854 1243 853
f 1245 1244 855
f 855 1244 854
f 1246 1245 856
f 856 1245 855
f 1247 1246 857
f 857 1246 856
f 1248 1247 858
f 858 1247 857
f 1249 1248 859
f 859 1248 858
f 1250 1249 860
f 860 1249 859
f 1251 1250 861
f 861 1250 860
f 1252 1251 862
f 862 1251 861
f 1253 1252 863
f 863 1252 862
f 1254 1253 864
f 864 1253 863
f 1255 1254 865
f 865 1254 864
f 1256 1255 866
f 866 1255 865
f 1257 1256 867
f 867 1256 866
f 1258 1257 868
f 868 1257 867
f 1259 1258 869
f 869 1258 868
f 1260 1259 870
f 870 1259 869
f 1261 1260 871
f 871 1260 870
f 1262 1261 872
f 872 1261 871
f 1263 1262 873
f 873 1262 872
f 1264 1263 874
f 874 1263 873
f 1265 1264 875
f 875 1264 874
f 1266 1265 876
f 876 1265 875
f 1267 1266 877
f 877 1266 876
f 1268 1267 878
f 878 1267 877
f 1269 1268 879
f 879 1268 878
f 1270 1269 880
f 880 1269 879
f 1271 1270 881
f 881 1270 880
f 1272 1271 882
f 882 1271 881
f 1273 1272 883
f 883 1272 882
f 1274 1273 884
f 884 1273 883
f 1275 1274 885
f 885 1274 884
f 1276 1275 886
f 886 1275 885
f 1277 1276 887
f 887 1276 886
f 1278 1277 888
f 888 1277 887
f 1279 1278 889
f 889 1278 888
f 1280 1279 890
f 890 1279 889
f 1281 1280 891
f 891 1280 890
f 1282 1281 892
f 892 1281 891
f 1283 1282 893
f 893 1282 892
f 1284 1283 894
f 894 1283 893
f 1285 1284 895
f 895 1284 894
f 1286 1285 896
f 896 1285 895
f 1287 1286 897
f 897 1286 896
f 1288 1287 898
f 898 1287 897
f 1289 1288 899
f 899 1288 898
f 1290 1289 900
f 900 1289 899
f 1291 1290 901
f 901 1290 900
f 1292 1291 902
f 902 1291 901
f 1293 1292 903
f 903 1292 902
f 1294 1293 904
f 904 1293 903
f 1295 1294 905
f 905 1294 904
f 1296 1295 906
f 906 1295 905
f 1297 1296 907
f 907 1296 906
f 1298 1297 908
f 908 1297 907
f 1299 1298 909
f 909 1298 908
f 1300 1299 910
f 910 1299 909
f 1301 1300 911
f 911 1300 910
f 1302 1301 912
f 912 1301 911
f 1303 1302 913
f 913 1302 912
f 1304 1303 914
f 914 1303 913
f 1305 1304 915
f 915 1304 914
f 1306 1305 916
f 916 1305 915
f 1307 1306 917
f 917 1306 916
f 1308 1307 918
f 918 1307 917
f 1309 1308 919
f 919 1308 918
f 1310 1309 920
f 920 1309 919
f 1311 1310 921
f 921 1310 920
f 1312 1311 922
f 922 1311 921
f 1313 1312 923
f 923 1312 922
f 1314 1313 924
f 924 1313 923
f 1315 1314 925
f 925 1314 924
f 1316 1315 926
f 926 1315 925
f 1317 1316 927
f 927 1316 926
f 1318 1317 928
f 928 1317 927
f 1319 1318 929
f 929 1318 928
f 1320 1319 930
f 930 1319 929
f 1321 1320 931
f 931 1320 930
f 1322 1321 932
f 932 1321 931
f 1323 1322 933
f 933 1322 932
f 1324 1323 934
f 934 1323 933
f 1325 1324 935
f 935 1324 934
f 1326 1325 936
f 936 1325 935
f 1327 1326 937
f 937 1326 936
f 1328 1327 938
f 938 1327 937
f 1329 1328 939
f 939 1328 938
f 1330 1329 940
f 940 1329 939
f 1331 1330 941
f 941 1330 940
f 1332 1331 942
f 942 1331 941
f 1333 1332 943
f 943 1332 942
f 1334 1333 944
f 944 1333 943
f 1167 1335 777
f 777 1335 945
f 1335 1334 945
f 945 1334 944
f 1337 1336 947
f 947 1336 946
f 1338 1337 948
f 948 1337 947
f 1339 1338 949
f 949 1338 948
f 1340 1339 950
f 950 1339 949
f 1341 1340 951
f 951 1340 950
f 1342 1341 952
f 952 1341 951
f 1343 1342 953
f 953 1342 952
f 1344 1343 954
f 954 1343 953
f 1345 1344 955
f 955 1344 954
f 1346 1345 956
f 956 1345 955
f 1347 1346 957
f 957 1346 956
f 1348 1347 958
f 958 1347 957
f 1349 1348 959
f 959 1348 958
f 1350 1349 960
f 960 1349 959
f 1351 1350 961
f 961 1350 960
f 1352 1351 962
f 962 1351 961
f 1353 1352 963
f 963 1352 962
f 1354 1353 964
f 964 1353 963
f 1355 1354 965
f 965 1354 964
f 1356 1355 966
f 966 1355 965
f 1357 1356 967
f 967 1356 966
f 1358 1357 968
f 968 1357 967
f 1359 1358 969
f 969 1358 968
f 1360 1359 970
f 970 1359 969
f 1361 1360 971
f 971 1360 970
f 1362 1361 972
f 972 1361 971
f 1363 1362 973
f 973 1362 972
f 1364 1363 974
f 974 1363 973
f 1365 1364 975
f 975 1364 974
f 1366 1365 976
f 976 1365 975
f 1367 1366 977
f 977 1366 976
f 1368 1367 978
f 978 1367 977
f 1369 1368 979
f 979 1368 978
f 1370 1369 980
f 980 1369 979
f 1371 1370 981
f 981 1370 980
f 1372 1371 982
f 982 1371 981
f 1373 1372 983
f 983 1372 982
f 1374 1373 984
f 984 1373 983
f 1375 1374 985
f 985 1374 984
f 1376 1375 986
f 986 1375 985
f 1377 1376 987
f 987 1376 986
f 1378 1377 988
f 988 1377 987
f 1379 1378 989
f 989 1378 988
f 1380 1379 990
f 990 1379 989
f 1381 1380 991
f 991 1380 990
f 1382 1381 992
f 992 1381 991
f 1383 1382 993
f 993 1382 992
f 1384 1383 994
f 994 1383 993
f 1385 1384 995
f 995 1384 994
f 1386 1385 996
f 996 1385 995
f 1387 1386 997
f 997 1386 996
f 1388 1387 998
f 998 1387 997
f 1389 1388 999
f 999 1388 998
f 1390 1389 1000
f 1000 1389 999
f 1391 1390 1001
f 1001 1390 1000
f 1392 1391 1002
f 1002 1391 1001
f 1393 1392 1003
f 1003 1392 1002
f 1394 1393 1004
f 1004 1393 1003
f 1395 1394 1005
f 1005 1394 1004
f 1396 1395 1006
f 1006 1395 1005
f 1397 1396 1007
f 1007 1396 1006
f 1398 1397 1008
f 1008 1397 1007
f 1399 1398 1009
f 1009 1398 1008
f 1400 1399 1010
f 1010 1399 1009
f 1401 1400 1011
f 1011 1400 1010
f 1402 1401 1012
f 1012 1401 1011
f 1403 1402 1013
f 1013 1402 1012
f 1404 1403 1014
f 1014 1403 1013
f 1405 1404 1015
f 1015 1404 1014
f 1406 1405 1016
f 1016 1405 1015
f 1407 1406 1017
f 1017 1406 1016
f 1408 1407 1018
f 1018 1407 1017
f 1409 1408 1019
f 1019 1408 1018
f 1410 1409 1020
f 1020 1409 1019
f 1411 1410 1021
f 1021 1410 1020
f 1412 1411 1022
f 1022 1411 1021
f 1413 1412 1023
f 1023 1412 1022
f 1414 1413 1024
f 1024 1413 1023
f 1415 1414 1025
f 1025 1414 1024
f 1416 1415 1026
f 1026 1415 1025
f 1417 1416 1027
f 1027 1416 1026
f 1418 1417 1028
f 1028 1417 1027
f 1419 1418 1029
f 1029 1418 1028
f 1420 1419 1030
f 1030 1419 1029
f 1421 1420 1031
f 1031 1420 1030
f 1422 1421 1032
f 1032 1421 1031
f 1423 1422 1033
f 1033 1422 1032
f 1424 1423 1034
f 1034 1423 1033
f 1425 1424 1035
f 1035 1424 1034
f 1426 1425 1036
f 1036 1425 1035
f 1427 1426 1037
f 1037 1426 1036
f 1428 1427 1038
f 1038 1427 1037
f 1429 1428 1039
f 1039 1428 1038
f 1430 1429 1040
f 1040 1429 1039
f 1431 1430 1041
f 1041 1430 1040
f 1432 1431 1042
f 1042 1431 1041
f 1433 1432 1043
f 1043 1432 1042
f 1434 1433 1044
f 1044 1433 1043
f 1435 1434 1045
f 1045 1434 1044
f 1436 1435 1046
f 1046 1435 1045
f 1437 1436 1047
f 1047 1436 1046
f 1438 1437 1048
f 1048 1437 1047
f 1439 1438 1049
f 1049 1438 1048
f 1440 1439 1050
f 1050 1439 1049
f 1441 1440 1051
f 1051 1440 1050
f 1442 1441 1052
f 1052 1441 1051
f 1443 1442 1053
f 1053 1442 1052
f 1444 1443 1054
f 1054 1443 1053
f 1445 1444 1055
f 1055 1444 1054
f 1446 1445 1056
f 1056 1445 1055
f 1447 1446 1057
f 1057 1446 1056
f 1448 1447 1058
f 1058 1447 1057
f 1449 1448 1059
f 1059 1448 1058
f 1450 1449 1060
f 1060 1449 1059
f 1451 1450 1061
f 1061 1450 1060
f 1452 1451 1062
f 1062 1451 1061
f 1453 1452 1063
f 1063 1452 1062
f 1454 1453 1064
f 1064 1453 1063
f 1455 1454 1065
f 1065 1454 1064
f 1456 1455 1066
f 1066 1455 1065
f 1457 1456 1067
f 1067 1456 1066
f 1458 1457 1068
f 1068 1457 1067
f 1459 1458 1069
f 1069 1458 1068
f 1460 1459 1070
f 1070 1459 1069
f 1461 1460 1071
f 1071 1460 1070
f 1462 1461 1072
f 1072 1461 1071
f 1463 1462 1073
f 1073 1462 1072
f 1464 1463 1074
f 1074 1463 1073
f 1465 1464 1075
f 1075 1464 1074
f 1466 1465 1076
f 1076 1465 1075
f 1467 1466 1077
f 1077 1466 1076
f 1468 1467 1078
f 1078 1467 1077
f 1469 1468 1079
f 1079 1468 1078
f 1470 1469 1080
f 1080 1469 1079
f 1471 1470 1081
f 1081 1470 1080
f 1472 1471 1082
f 1082 1471 1081
f 1473 1472 1083
f 1083 1472 1082
f 1474 1473 1084
f 1084 1473 1083
f 1475 1474 1085
f 1085 1474 1084
f 1476 1475 1086
f 1086 1475 1085
f 1477 1476 1087
f 1087 1476 1086
f 1478 1477 1088
f 1088 1477 1087
f 1479 1478 1089
f 1089 1478 1088
f 1480 1479 1090
f 1090 1479 1089
f 1481 1480 1091
f 1091 1480 1090
f 1482 1481 1092
f 1092 1481 1091
f 1483 1482 1093
f 1093 1482 1092
f 1484 1483 1094
f 1094 1483 1093
f 1485 1484 1095
f 1095 1484 1094
f 1486 1485 1096
f 1096 1485 1095
f 1487 1486 1097
f 1097 1486 1096
f 1488 1487 1098
f 1098 1487 1097
f 1489 1488 1099
f 1099 1488 1098
f 1490 1489 1100
f 1100 1489 1099
f 1491 1490 1101
f 1101 1490 1100
f 1492 1491 1102
f 1102 1491 1101
f 1493 1492 1103
f 1103 1492 1102
f 1494 1493 1104
f 1104 1493 1103
f 1495 1494 1105
f 1105 1494 1104
f 1496 1495 1106
f 1106 1495 1105
f 1497 1496 1107
f 1107 1496 1106
f 1498 1497 1108
f 1108 1497 1107
f 1499 1498 1109
f 1109 1498 1108
f 1500 1499 1110
f 1110 1499 1109
f 1501 1500 1111
f 1111 1500 1110
f 1502 1501 1112
f 1112 1501 1111
f 1503 1502 1113
f 1113 1502 1112
f 1504 1503 1114
f 1114 1503 1113
f 1505 1504 1115
f 1115 1504 1114
f 1506 1505 1116
f 1116 1505 1115
f 1507 1506 1117
f 1117 1506 1116
f 1508 1507 1118
f 1118 1507 1117
f 1509 1508 1119
f 1119 1508 1118
f 1510 1509 1120
f 1120 1509 1119
f 1511 1510 1121
f 1121 1510 1120
f 1512 1511 1122
f 1122 1511 1121
f 1513 1512 1123
f 1123 1512 1122
f 1514 1513 1124
f 1124 1513 1123
f 1515 1514 1125
f 1125 1514 1124
f 1516 1515 1126
f 1126 1515 1125
f 1517 1516 1127
f 1127 1516 1126
f 1518 1517 1128
f 1128 1517 1127
f 1519 1518 1129
f 1129 1518 1128
f 1520 1519 1130
f 1130 1519 1129
f 1521 1520 1131
f 1131 1520 1130
f 1522 1521 1132
f 1132 1521 1131
f 1523 1522 1133
f 1133 1522 1132
f 1524 1523 1134
f 1134 1523 1133
f 1525 1524 1135
f 1135 1524 1134
f 1526 1525 1136
f 1136 1525 1135
f 1527 1526 1137
f 1137 1526 1136
f 1528 1527 1138
f 1138 1527 1137
f 1529 1528 1139
f 1139 1528 1138
f 1530 1529 1140
f 1140 1529 1139
f 1531 1530 1141
f 1141 1530 1140
f 1532 1531 1142
f 1142 1531 1141
f 1533 1532 1143
f 1143 1532 1142
f 1534 1533 1144
f 1144 1533 1143
f 1535 1534 1145
f 1145 1534 1144
f 1536 1535 1146
f 1146 1535 1145
f 1537 1536 1147
f 1147 1536 1146
f 1538 1537 1148
f 1148 1537 1147
f 1539 1538 1149
f 1149 1538 1148
f 1540 1539 1150
f 1150 1539 1149
f 1541 1540 1151
f 1151 1540 1150
f 1542 1541 1152
f 1152 1541 1151
f 1543 1542 1153
f 1153 1542 1152
f 1544 1543 1154
f 1154 1543 1153
f 1545 1544 1155
f 1155 1544 1154
f 1546 1545 1156
f 1156 1545 1155
f 1547 1546 1157
f 1157 1546 1156
f 1548 1547 1158
f 1158 1547 1157
f 1549 1548 1159
f 1159 1548 1158
f 1550 1549 1160
f 1160 1549 1159
f 1551 1550 1161
f 1161 1550 1160
f 1552 1551 1162
f 1162 1551 1161
f 1553 1552 1163
f 1163 1552 1162
f 1554 1553 1164
f 1164 1553 1163
f 1555 1554 1165
f 1165 1554 1164
f 1336 1556 946
f 946 1556 1166
f 1556 1555 1166
f 1166 1555 1165
f 1624 1558 1557
f 1624 1623 1558
f 1623 1559 1558
f 1623 1622 1559
f 1622 1560 1559
f 1622 1621 1560
f 1621 1561 1560
f 1621 1620 1561
f 1620 1562 1561
f 1620 1619 1562
f 1619 1563 1562
f 1619 1618 1563
f 1618 1564 1563
f 1618 1617 1564
f 1617 1565 1564
f 1617 1616 1565
f 1616 1566 1565
f 1616 1615 1566
f 1615 1567 1566
f 1615 1614 1567
f 1614 1568 1567
f 1614 1613 1568
f 1613 1569 1568
f 1613 1612 1569
f 1612 1570 1569
f 1612 1611 1570
f 1611 1571 1570
f 1611 1610 1571
f 1610 1572 1571
f 1610 1609 1572
f 1609 1573 1572
f 1609 1608 1573
f 1608 1574 1573
f 1608 1607 1574
f 1607 1575 1574
f 1607 1606 1575
f 1606 1576 1575
f 1606 1605 1576
f 1605 1577 1576
f 1605 1604 1577
f 1604 1578 1577
f 1604 1603 1578
f 1603 1579 1578
f 1603 1602 1579
f 1602 1580 1579
f 1602 1601 1580
f 1601 1581 1580
f 1601 1600 1581
f 1600 1582 1581
f 1600 1599 1582
f 1599 1583 1582
f 1599 1598 1583
f 1598 1584 1583
f 1598 1597 1584
f 1597 1585 1584
f 1597 1596 1585
f 1596 1586 1585
f 1596 1595 1586
f 1595 1587 1586
f 1595 1594 1587
f 1594 1588 1587
f 1594 1593 1588
f 1593 1589 1588
f 1593 1592 1589
f 1592 1590 1589
f 1592 1591 1590
f 1625 1626 1692
f 1626 1691 1692
f 1626 1627 1691
f 1627 1690 1691
f 1627 1628 1690
f 1628 1689 1690
f 1628 1629 1689
f 1629 1688 1689
f 1629 1630 1688
f 1630 1687 1688
f 1630 1631 1687
f 1631 1686 1687
f 1631 1632 1686
f 1632 1685 1686
f 1632 1633 1685
f 1633 1684 1685
f 1633 1634 1684
f 1634 1683 1684
f 1634 1635 1683
f 1635 1682 1683
f 1635 1636 1682
f 1636 1681 1682
f 1636 1637 1681
f 1637 1680 1681
f 1637 1638 1680
f 1638 1679 1680
f 1638 1639 1679
f 1639 1678 1679
f 1639 1640 1678
f 1640 1677 1678
f 1640 1641 1677
f 1641 1676 1677
f 1641 1642 1676
f 1642 1675 1676
f 1642 1643 1675
f 1643 1674 1675
f 1643 1644 1674
f 1644 1673 1674
f 1644 1645 1673
f 1645 1672 1673
f 1645 1646 1672
f 1646 1671 1672
f 1646 1647 1671
f 1647 1670 1671
f 1647 1648 1670
f 1648 1669 1670
f 1648 1649 1669
f 1649 1668 1669
f 1649 1650 1668
f 1650 1667 1668
f 1650 1651 1667
f 1651 1666 1667
f 1651 1652 1666
f 1652 1665 1666
f 1652 1653 1665
f 1653 1664 1665
f 1653 1654 1664
f 1654 1663 1664
f 1654 1655 1663
f 1655 1662 1663
f 1655 1656 1662
f 1656 1661 1662
f 1656 1657 1661
f 1657 1660 1661
f 1657 1658 1660
f 1658 1659 1660
f 1626 1625 1558
f 1558 1625 1557
f 1627 1626 1559
f 1559 1626 1558
f 1628 1627 1560
f 1560 1627 1559
f 1629 1628 1561
f 1561 1628 1560
f 1630 1629 1562
f 1562 1629 1561
f 1631 1630 1563
f 1563 1630 1562
f 1632 1631 1564
f 1564 1631 1563
f 1633 1632 1565
f 1565 1632 1564
f 1634 1633 1566
f 1566 1633 1565
f 1635 1634 1567
f 1567 1634 1566
f 1636 1635 1568
f 1568 1635 1567
f 1637 1636 1569
f 1569 1636 1568
f 1638 1637 1570
f 1570 1637 1569
f 1639 1638 1571
f 1571 1638 1570
f 1640 1639 1572
f 1572 1639 1571
f 1641 1640 1573
f 1573 1640 1572
f 1642 1641 1574
f 1574 1641 1573
f 1643 1642 1575
f 1575 1642 1574
f 1644 1643 1576
f 1576 1643 1575
f 1645 1644 1577
f 1577 1644 1576
f 1646 1645 1578
f 1578 1645 1577
f 1647 1646 1579
f 1579 1646 1578
f 1648 1647 1580
f 1580 1647 1579
f 1649 1648 1581
f 1581 1648 1580
f 1650 1649 1582
f 1582 1649 1581
f 1651 1650 1583
f 1583 1650 1582
f 1652 1651 1584
f 1584 1651 1583
f 1653 1652 1585
f 1585 1652 1584
f 1654 1653 1586
f 1586 1653 1585
f 1655 1654 1587
f 1587 1654 1586
f 1656 1655 1588
f 1588 1655 1587
f 1657 1656 1589
f 1589 1656 1588
f 1658 1657 1590
f 1590 1657 1589
f 1659 1658 1591
f 1591 1658 1590
f 1660 1659 1592
f 1592 1659 1591
f 1661 1660 1593
f 1593 1660 1592
f 1662 1661 1594
f 1594 1661 1593
f 1663 1662 1595
f 1595 1662 1594
f 1664 1663 1596
f 1596 1663 1595
f 1665 1664 1597
f 1597 1664 1596
f 1666 1665 1598
f 1598 1665 1597
f 1667 1666 1599
f 1599 1666 1598
f 1668 1667 1600
f 1600 1667 1599
f 1669 1668 1601
f 1601 1668 1600
f 1670 1669 1602
f 1602 1669 1601
f 1671 1670 1603
f 1603 1670 1602
f 1672 1671 1604
f 1604 1671 1603
f 1673 1672 1605
f 1605 1672 1604
f 1674 1673 1606
f 1606 1673 1605
f 1675 1674 1607
f 1607 1674 1606
f 1676 1675 1608
f 1608 1675 1607
f 1677 1676 1609
f 1609 1676 1608
f 1678 1677 1610
f 1610 1677 1609
f 1679 1678 1611
f 1611 1678 1610
f 1680 1679 1612
f 1612 1679 1611
f 1681 1680 1613
f 1613 1680 1612
f 1682 1681 1614
f 1614 1681 1613
f 1683 1682 1615
f 1615 1682 1614
f 1684 1683 1616
f 1616 1683 1615
f 1685 1684 1617
f 1617 1684 1616
f 1686 1685 1618
f 1618 1685 1617
f 1687 1686 1619
f 1619 1686 1618
f 1688 1687 1620
f 1620 1687 1619
f 1689 1688 1621
f 1621 1688 1620
f 1690 1689 1622
f 1622 1689 1621
f 1691 1690 1623
f 1623 1690 1622
f 1625 1692 1557
f 1557 1692 1624
f 1692 1691 1624
f 1624 1691 1623
f 1694 1696 1693
f 1697 1694 1693
f 1693 1696 1695
f 1695 1697 1693
f 1694 1700 1696
f 1698 1694 1697
f 1698 1700 1694
f 1696 1700 1695
f 1699 1697 1695
f 1695 1700 1699
f 1699 1698 1697
f 1700 1698 1699
f 1706 1705 1704
f 1707 1706 1704
f 1703 1702 1701
f 1703 1701 1708
f 1708 1707 1704
f 1708 1704 1703
f 1712 1713 1714
f 1712 1714 1715
f 1709 1710 1711
f 1716 1709 1711
f 1712 1715 1716
f 1711 1712 1716
f 1710 1709 1702
f 1702 1709 1701
f 1711 1710 1703
f 1703 1710 1702
f 1712 1711 1704
f 1704 1711 1703
f 1713 1712 1705
f 1705 1712 1704
f 1714 1713 1706
f 1706 1713 1705
f 1715 1714 1707
f 1707 1714 1706
f 1709 1716 1701
f 1701 1716 1708
f 1716 1715 1708
f 1708 1715 1707
f 1717 1725 1719
f 1717 1721 1725
f 1717 1719 1723
f 1717 1723 1721
f 1721 1724 1722
f 1721 1722 1730
f 1721 1723 1724
f 1719 1732 1723
f 1723 1731 1724
f 1725 1730 1727
f 1719 1725 1727
f 1719 1727 1732
f 1721 1730 1725
f 1730 1722 1729
f 1730 1729 1732
f 1723 1732 1731
f 1727 1730 1732
f 1732 1729 1731
f 1718 1720 1726
f 1718 1722 1720
f 1718 1729 1722
f 1720 1722 1724
f 1720 1724 1728
f 1720 1728 1726
f 1718 1726 1729
f 1726 1731 1729
f 1728 1724 1731
f 1726 1728 1731
f 1734 1736 1733
f 1737 1734 1733
f 1733 1736 1735
f 1735 1737 1733
f 1734 1740 1736
f 1738 1734 1737
f 1738 1740 1734
f 1736 1740 1735
f 1739 1737 1735
f 1735 1740 1739
f 1739 1738 1737
f 1740 1738 1739
f 1742 1744 1741
f 1745 1742 1741
f 1741 1744 1743
f 1743 1745 1741
f 1742 1748 1744
f 1746 1742 1745
f 1746 1748 1742
f 1744 1748 1743
f 1747 1745 1743
f 1743 1748 1747
f 1747 1746 1745
f 1748 1746 1747
f 1750 1752 1749
f 1753 1750 1749
f 1749 1752 1751
f 1751 1753 1749
f 1750 1756 1752
f 1754 1750 1753
f 1754 1756 1750
f 1752 1756 1751
f 1755 1753 1751
f 1751 1756 1755
f 1755 1754 1753
f 1756 1754 1755
f 1758 1760 1757
f 1761 1758 1757
f 1757 1760 1759
f 1759 1761 1757
f 1758 1764 1760
f 1762 1758 1761
f 1762 1764 1758
f 1760 1764 1759
f 1763 1761 1759
f 1759 1764 1763
f 1763 1762 1761
f 1764 1762 1763
f 1766 1768 1765
f 1769 1766 1765
f 1765 1768 1767
f 1767 1769 1765
f 1766 1772 1768
f 1770 1766 1769
f 1770 1772 1766
f 1768 1772 1767
f 1771 1769 1767
f 1767 1772 1771
f 1771 1770 1769
f 1772 1770 1771
f 2151 2150 1808
f 2151 1808 1807
f 2152 2151 1807
f 2152 1807 1806
f 1808 2150 2149
f 1809 1808 2149
f 1810 1809 2149
f 1810 2149 2148
f 1811 1810 2148
f 1811 2148 2147
f 1812 1811 2147
f 1812 2147 2146
f 2152 1806 1805
f 2153 2152 1805
f 2153 1805 1804
f 2154 2153 1804
f 2154 1804 1803
f 2155 2154 1803
f 2155 1803 1802
f 2156 2155 1802
f 2156 1802 1801
f 2157 2156 1801
f 1813 1812 2146
f 1813 2146 2145
f 1814 1813 2145
f 1814 2145 2144
f 1815 1814 2144
f 1815 2144 2143
f 1816 1815 2143
f 1816 2143 2142
f 1817 1816 2142
f 1817 2142 2141
f 1818 1817 2141
f 1818 2141 2140
f 1819 1818 2140
f 1819 2140 2139
f 1820 1819 2139
f 1820 2139 2138
f 1821 1820 2138
f 1821 2138 2137
f 1822 1821 2137
f 1822 2137 2136
f 1823 1822 2136
f 1823 2136 2135
f 1824 1823 2135
f 1824 2135 2134
f 1825 1824 2134
f 1825 2134 2133
f 1826 1825 2133
f 1826 2133 2132
f 1827 1826 2132
f 1827 2132 2131
f 1828 1827 2131
f 1828 2131 2130
f 1829 1828 2130
f 1829 2130 2129
f 1830 1829 2129
f 1830 2129 2128
f 1831 1830 2128
f 1831 2128 2127
f 1832 1831 2127
f 1832 2127 2126
f 1833 1832 2126
f 1833 2126 2125
f 1834 1833 2125
f 1834 2125 2124
f 1835 1834 2124
f 1835 2124 2123
f 1836 1835 2123
f 1836 2123 2122
f 1837 1836 2122
f 1837 2122 2121
f 1838 1837 2121
f 1838 2121 2120
f 1838 2120 2119
f 1839 1838 2119
f 1839 2119 2118
f 1840 1839 2118
f 1840 2118 2117
f 1841 1840 2117
f 1841 2117 2116
f 1842 1841 2116
f 1842 2116 2115
f 1843 1842 2115
f 1843 2115 2114
f 1844 1843 2114
f 1844 2114 2113
f 1845 1844 2113
f 1845 2113 2112
f 1846 1845 2112
f 1846 2112 2111
f 1847 1846 2111
f 1847 2111 2110
f 1848 1847 2110
f 1848 2110 2109
f 1849 1848 2109
f 1849 2109 2108
f 1850 1849 2108
f 1850 2108 2107
f 1851 1850 2107
f 1851 2107 2106
f 1852 1851 2106
f 1852 2106 2105
f 1853 1852 2105
f 1853 2105 2104
f 1854 1853 2104
f 1854 2104 2103
f 1855 1854 2103
f 1855 2103 2102
f 1856 1855 2102
f 1856 2102 2101
f 1857 1856 2101
f 1857 2101 2100
f 1858 1857 2100
f 1858 2100 2099
f 1859 1858 2099
f 1859 2099 2098
f 1860 1859 2098
f 1860 2098 2097
f 1861 1860 2097
f 1861 2097 2096
f 1862 1861 2096
f 1862 2096 2095
f 1863 1862 2095
f 1863 2095 2094
f 1864 1863 2094
f 1864 2094 2093
f 1865 1864 2093
f 1865 2093 2092
f 1866 1865 2092
f 1866 2092 2091
f 1867 1866 2091
f 1867 2091 2090
f 1868 1867 2090
f 2157 1801 1800
f 2158 2157 1800
f 2158 1800 1799
f 2159 2158 1799
f 2159 1799 1798
f 2160 2159 1798
f 2160 1798 1797
f 2161 2160 1797
f 2161 1797 1796
f 2162 2161 1796
f 2162 1796 1795
f 2163 2162 1795
f 2163 1795 1794
f 2164 2163 1794
f 2164 1794 1793
f 2165 2164 1793
f 2165 1793 1792
f 2166 2165 1792
f 2166 1792 1791
f 2167 2166 1791
f 2167 1791 1790
f 2168 2167 1790
f 2168 1790 1789
f 2169 2168 1789
f 2169 1789 1788
f 2170 2169 1788
f 2170 1788 1787
f 2171 2170 1787
f 2171 1787 1786
f 2172 2171 1786
f 2172 1786 1785
f 2173 2172 1785
f 2173 1785 1784
f 2174 2173 1784
f 2174 1784 1783
f 2175 2174 1783
f 2175 1783 1782
f 2176 2175 1782
f 2176 1782 1781
f 2177 2176 1781
f 2177 1781 1780
f 2178 2177 1780
f 2178 1780 1779
f 2179 2178 1779
f 2179 1779 1778
f 2180 2179 1778
f 2180 1778 1777
f 2181 2180 1777
f 2181 1777 1776
f 2182 2181 1776
f 2182 1776 1775
f 1994 2182 1775
f 1994 1775 1774
f 1995 1994 1774
f 1996 1995 1774
f 1996 1774 1773
f 1996 1773 1993
f 1997 1996 1993
f 1997 1993 1992
f 1998 1997 1992
f 1998 1992 1991
f 1999 1998 1991
f 1999 1991 1990
f 2000 1999 1990
f 2000 1990 1989
f 2001 2000 1989
f 2001 1989 1988
f 2002 2001 1988
f 2002 1988 1987
f 2003 2002 1987
f 2003 1987 1986
f 2004 2003 1986
f 2004 1986 1985
f 2005 2004 1985
f 2005 1985 1984
f 2006 2005 1984
f 2006 1984 1983
f 2007 2006 1983
f 2007 1983 1982
f 2008 2007 1982
f 2008 1982 1981
f 2009 2008 1981
f 2009 1981 1980
f 2010 2009 1980
f 2010 1980 1979
f 2011 2010 1979
f 2011 1979 1978
f 2012 2011 1978
f 2012 1978 1977
f 2013 2012 1977
f 2013 1977 1976
f 2014 2013 1976
f 2014 1976 1975
f 2015 2014 1975
f 2015 1975 1974
f 2016 2015 1974
f 2016 1974 1973
f 2017 2016 1973
f 2017 1973 1972
f 2018 2017 1972
f 2018 1972 1971
f 2019 2018 1971
f 2019 1971 1970
f 2020 2019 1970
f 2020 1970 1969
f 2021 2020 1969
f 2021 1969 1968
f 2022 2021 1968
f 2022 1968 1967
f 2023 2022 1967
f 2023 1967 1966
f 2024 2023 1966
f 2024 1966 1965
f 2025 2024 1965
f 2025 1965 1964
f 2026 2025 1964
f 2026 1964 1963
f 2027 2026 1963
f 2028 2027 1963
f 2028 1963 1962
f 2029 2028 1962
f 2029 1962 1961
f 2029 1961 1960
f 2030 2029 1960
f 2030 1960 1959
f 2031 2030 1959
f 2031 1959 1958
f 2032 2031 1958
f 2032 1958 1957
f 2033 2032 1957
f 2033 1957 1956
f 2034 2033 1956
f 2034 1956 1955
f 2035 2034 1955
f 2035 1955 1954
f 2036 2035 1954
f 2036 1954 1953
f 2037 2036 1953
f 2037 1953 1952
f 2038 2037 1952
f 2038 1952 1951
f 2039 2038 1951
f 2039 1951 1950
f 2040 2039 1950
f 2040 1950 1949
f 2041 2040 1949
f 2041 1949 1948
f 2042 2041 1948
f 2042 1948 1947
f 2043 2042 1947
f 2043 1947 1946
f 2044 2043 1946
f 2044 1946 1945
f 2045 2044 1945
f 2045 1945 1944
f 2046 2045 1944
f 2046 1944 1943
f 2047 2046 1943
f 2047 1943 1942
f 2048 2047 1942
f 2048 1942 1941
f 2049 2048 1941
f 2049 1941 1940
f 2050 2049 1940
f 2050 1940 1939
f 2051 2050 1939
f 2051 1939 1938
f 2052 2051 1938
f 2052 1938 1937
f 2053 2052 1937
f 2053 1937 1936
f 2054 2053 1936
f 2054 1936 1935
f 2055 2054 1935
f 2055 1935 1934
f 2056 2055 1934
f 2056 1934 1933
f 2057 2056 1933
f 2057 1933 1932
f 2058 2057 1932
f 2059 2058 1932
f 2059 1932 1931
f 2060 2059 1931
f 2060 1931 1930
f 2061 2060 1930
f 2061 1930 1929
f 2062 2061 1929
f 2062 1929 1928
f 2063 2062 1928
f 2063 1928 1927
f 2064 2063 1927
f 2064 1927 1926
f 2065 2064 1926
f 2065 1926 1925
f 2066 2065 1925
f 2066 1925 1924
f 2067 2066 1924
f 2067 1924 1923
f 2068 2067 1923
f 2068 1923 1922
f 2069 2068 1922
f 2069 1922 1921
f 2070 2069 1921
f 2070 1921 1920
f 2071 2070 1920
f 2071 1920 1919
f 2072 2071 1919
f 2072 1919 1918
f 2073 2072 1918
f 2073 1918 1917
f 2074 2073 1917
f 2074 1917 1916
f 2075 2074 1916
f 2075 1916 1915
f 2076 2075 1915
f 2076 1915 1914
f 2077 2076 1914
f 2077 1914 1913
f 2078 2077 1913
f 2078 1913 1912
f 2079 2078 1912
f 2079 1912 1911
f 2080 2079 1911
f 2080 1911 1910
f 2081 2080 1910
f 2081 1910 1909
f 2082 2081 1909
f 2082 1909 1908
f 2083 2082 1908
f 2083 1908 1907
f 2084 2083 1907
f 2084 1907 1906
f 2085 2084 1906
f 2085 1906 1905
f 2086 2085 1905
f 2086 1905 1904
f 2087 2086 1904
f 2087 1904 1903
f 2088 2087 1903
f 2088 1903 1902
f 2089 2088 1902
f 2089 1902 1901
f 1869 1868 2090
f 1870 1869 2090
f 1871 1870 2090
f 1872 1871 2090
f 1873 1872 2090
f 1874 1873 2090
f 1875 1874 2090
f 1876 1875 2090
f 1877 1876 2090
f 1878 1877 2090
f 1879 1878 2090
f 1880 1879 2090
f 1881 1880 2090
f 1882 1881 2090
f 1883 1882 2090
f 1884 1883 2090
f 1885 1884 2090
f 1885 2090 2089
f 1886 1885 2089
f 1887 1886 2089
f 1888 1887 2089
f 1889 1888 2089
f 1890 1889 2089
f 1891 1890 2089
f 1892 1891 2089
f 1893 1892 2089
f 1894 1893 2089
f 1895 1894 2089
f 1896 1895 2089
f 1897 1896 2089
f 1898 1897 2089
f 1899 1898 2089
f 1900 1899 2089
f 1900 2089 1901
f 2218 2560 2561
f 2217 2218 2561
f 2217 2561 2562
f 2216 2217 2562
f 2559 2560 2218
f 2559 2218 2219
f 2559 2219 2220
f 2558 2559 2220
f 2558 2220 2221
f 2557 2558 2221
f 2557 2221 2222
f 2556 2557 2222
f 2215 2216 2562
f 2215 2562 2563
f 2214 2215 2563
f 2214 2563 2564
f 2213 2214 2564
f 2213 2564 2565
f 2212 2213 2565
f 2212 2565 2566
f 2211 2212 2566
f 2211 2566 2567
f 2556 2222 2223
f 2555 2556 2223
f 2555 2223 2224
f 2554 2555 2224
f 2554 2224 2225
f 2553 2554 2225
f 2553 2225 2226
f 2552 2553 2226
f 2552 2226 2227
f 2551 2552 2227
f 2551 2227 2228
f 2550 2551 2228
f 2550 2228 2229
f 2549 2550 2229
f 2549 2229 2230
f 2548 2549 2230
f 2548 2230 2231
f 2547 2548 2231
f 2547 2231 2232
f 2546 2547 2232
f 2546 2232 2233
f 2545 2546 2233
f 2545 2233 2234
f 2544 2545 2234
f 2544 2234 2235
f 2543 2544 2235
f 2543 2235 2236
f 2542 2543 2236
f 2542 2236 2237
f 2541 2542 2237
f 2541 2237 2238
f 2540 2541 2238
f 2540 2238 2239
f 2539 2540 2239
f 2539 2239 2240
f 2538 2539 2240
f 2538 2240 2241
f 2537 2538 2241
f 2537 2241 2242
f 2536 2537 2242
f 2536 2242 2243
f 2535 2536 2243
f 2535 2243 2244
f 2534 2535 2244
f 2534 2244 2245
f 2533 2534 2245
f 2533 2245 2246
f 2532 2533 2246
f 2532 2246 2247
f 2531 2532 2247
f 2531 2247 2248
f 2530 2531 2248
f 2529 2530 2248
f 2529 2248 2249
f 2528 2529 2249
f 2528 2249 2250
f 2527 2528 2250
f 2527 2250 2251
f 2526 2527 2251
f 2526 2251 2252
f 2525 2526 2252
f 2525 2252 2253
f 2524 2525 2253
f 2524 2253 2254
f 2523 2524 2254
f 2523 2254 2255
f 2522 2523 2255
f 2522 2255 2256
f 2521 2522 2256
f 2521 2256 2257
f 2520 2521 2257
f 2520 2257 2258
f 2519 2520 2258
f 2519 2258 2259
f 2518 2519 2259
f 2518 2259 2260
f 2517 2518 2260
f 2517 2260 2261
f 2516 2517 2261
f 2516 2261 2262
f 2515 2516 2262
f 2515 2262 2263
f 2514 2515 2263
f 2514 2263 2264
f 2513 2514 2264
f 2513 2264 2265
f 2512 2513 2265
f 2512 2265 2266
f 2511 2512 2266
f 2511 2266 2267
f 2510 2511 2267
f 2510 2267 2268
f 2509 2510 2268
f 2509 2268 2269
f 2508 2509 2269
f 2508 2269 2270
f 2507 2508 2270
f 2507 2270 2271
f 2506 2507 2271
f 2506 2271 2272
f 2505 2506 2272
f 2505 2272 2273
f 2504 2505 2273
f 2504 2273 2274
f 2503 2504 2274
f 2503 2274 2275
f 2502 2503 2275
f 2502 2275 2276
f 2501 2502 2276
f 2501 2276 2277
f 2500 2501 2277
f 2500 2277 2278
f 2210 2211 2567
f 2210 2567 2568
f 2209 2210 2568
f 2209 2568 2569
f 2208 2209 2569
f 2208 2569 2570
f 2207 2208 2570
f 2207 2570 2571
f 2206 2207 2571
f 2206 2571 2572
f 2205 2206 2572
f 2205 2572 2573
f 2204 2205 2573
f 2204 2573 2574
f 2203 2204 2574
f 2203 2574 2575
f 2202 2203 2575
f 2202 2575 2576
f 2201 2202 2576
f 2201 2576 2577
f 2200 2201 2577
f 2200 2577 2578
f 2199 2200 2578
f 2199 2578 2579
f 2198 2199 2579
f 2198 2579 2580
f 2197 2198 2580
f 2197 2580 2581
f 2196 2197 2581
f 2196 2581 2582
f 2195 2196 2582
f 2195 2582 2583
f 2194 2195 2583
f 2194 2583 2584
f 2193 2194 2584
f 2193 2584 2585
f 2192 2193 2585
f 2192 2585 2586
f 2191 2192 2586
f 2191 2586 2587
f 2190 2191 2587
f 2190 2587 2588
f 2189 2190 2588
f 2189 2588 2589
f 2188 2189 2589
f 2188 2589 2590
f 2187 2188 2590
f 2187 2590 2591
f 2186 2187 2591
f 2186 2591 2592
f 2185 2186 2592
f 2185 2592 2404
f 2184 2185 2404
f 2184 2404 2405
f 2184 2405 2406
f 2183 2184 2406
f 2403 2183 2406
f 2403 2406 2407
f 2402 2403 2407
f 2402 2407 2408
f 2401 2402 2408
f 2401 2408 2409
f 2400 2401 2409
f 2400 2409 2410
f 2399 2400 2410
f 2399 2410 2411
f 2398 2399 2411
f 2398 2411 2412
f 2397 2398 2412
f 2397 2412 2413
f 2396 2397 2413
f 2396 2413 2414
f 2395 2396 2414
f 2395 2414 2415
f 2394 2395 2415
f 2394 2415 2416
f 2393 2394 2416
f 2393 2416 2417
f 2392 2393 2417
f 2392 2417 2418
f 2391 2392 2418
f 2391 2418 2419
f 2390 2391 2419
f 2390 2419 2420
f 2389 2390 2420
f 2389 2420 2421
f 2388 2389 2421
f 2388 2421 2422
f 2387 2388 2422
f 2387 2422 2423
f 2386 2387 2423
f 2386 2423 2424
f 2385 2386 2424
f 2385 2424 2425
f 2384 2385 2425
f 2384 2425 2426
f 2383 2384 2426
f 2383 2426 2427
f 2382 2383 2427
f 2382 2427 2428
f 2381 2382 2428
f 2381 2428 2429
f 2380 2381 2429
f 2380 2429 2430
f 2379 2380 2430
f 2379 2430 2431
f 2378 2379 2431
f 2378 2431 2432
f 2377 2378 2432
f 2377 2432 2433
f 2376 2377 2433
f 2376 2433 2434
f 2375 2376 2434
f 2375 2434 2435
f 2374 2375 2435
f 2374 2435 2436
f 2373 2374 2436
f 2373 2436 2437
f 2373 2437 2438
f 2372 2373 2438
f 2372 2438 2439
f 2371 2372 2439
f 2370 2371 2439
f 2370 2439 2440
f 2369 2370 2440
f 2369 2440 2441
f 2368 2369 2441
f 2368 2441 2442
f 2367 2368 2442
f 2367 2442 2443
f 2366 2367 2443
f 2366 2443 2444
f 2365 2366 2444
f 2365 2444 2445
f 2364 2365 2445
f 2364 2445 2446
f 2363 2364 2446
f 2363 2446 2447
f 2362 2363 2447
f 2362 2447 2448
f 2361 2362 2448
f 2361 2448 2449
f 2360 2361 2449
f 2360 2449 2450
f 2359 2360 2450
f 2359 2450 2451
f 2358 2359 2451
f 2358 2451 2452
f 2357 2358 2452
f 2357 2452 2453
f 2356 2357 2453
f 2356 2453 2454
f 2355 2356 2454
f 2355 2454 2455
f 2354 2355 2455
f 2354 2455 2456
f 2353 2354 2456
f 2353 2456 2457
f 2352 2353 2457
f 2352 2457 2458
f 2351 2352 2458
f 2351 2458 2459
f 2350 2351 2459
f 2350 2459 2460
f 2349 2350 2460
f 2349 2460 2461
f 2348 2349 2461
f 2348 2461 2462
f 2347 2348 2462
f 2347 2462 2463
f 2346 2347 2463
f 2346 2463 2464
f 2345 2346 2464
f 2345 2464 2465
f 2344 2345 2465
f 2344 2465 2466
f 2343 2344 2466
f 2343 2466 2467
f 2342 2343 2467
f 2342 2467 2468
f 2342 2468 2469
f 2341 2342 2469
f 2341 2469 2470
f 2340 2341 2470
f 2340 2470 2471
f 2339 2340 2471
f 2339 2471 2472
f 2338 2339 2472
f 2338 2472 2473
f 2337 2338 2473
f 2337 2473 2474
f 2336 2337 2474
f 2336 2474 2475
f 2335 2336 2475
f 2335 2475 2476
f 2334 2335 2476
f 2334 2476 2477
f 2333 2334 2477
f 2333 2477 2478
f 2332 2333 2478
f 2332 2478 2479
f 2331 2332 2479
f 2331 2479 2480
f 2330 2331 2480
f 2330 2480 2481
f 2329 2330 2481
f 2329 2481 2482
f 2328 2329 2482
f 2328 2482 2483
f 2327 2328 2483
f 2327 2483 2484
f 2326 2327 2484
f 2326 2484 2485
f 2325 2326 2485
f 2325 2485 2486
f 2324 2325 2486
f 2324 2486 2487
f 2323 2324 2487
f 2323 2487 2488
f 2322 2323 2488
f 2322 2488 2489
f 2321 2322 2489
f 2321 2489 2490
f 2320 2321 2490
f 2320 2490 2491
f 2319 2320 2491
f 2319 2491 2492
f 2318 2319 2492
f 2318 2492 2493
f 2317 2318 2493
f 2317 2493 2494
f 2316 2317 2494
f 2316 2494 2495
f 2315 2316 2495
f 2315 2495 2496
f 2314 2315 2496
f 2314 2496 2497
f 2313 2314 2497
f 2313 2497 2498
f 2312 2313 2498
f 2312 2498 2499
f 2311 2312 2499
f 2500 2278 2279
f 2500 2279 2280
f 2500 2280 2281
f 2500 2281 2282
f 2500 2282 2283
f 2500 2283 2284
f 2500 2284 2285
f 2500 2285 2286
f 2500 2286 2287
f 2500 2287 2288
f 2500 2288 2289
f 2500 2289 2290
f 2500 2290 2291
f 2500 2291 2292
f 2500 2292 2293
f 2500 2293 2294
f 2500 2294 2295
f 2499 2500 2295
f 2499 2295 2296
f 2499 2296 2297
f 2499 2297 2298
f 2499 2298 2299
f 2499 2299 2300
f 2499 2300 2301
f 2499 2301 2302
f 2499 2302 2303
f 2499 2303 2304
f 2499 2304 2305
f 2499 2305 2306
f 2499 2306 2307
f 2499 2307 2308
f 2499 2308 2309
f 2499 2309 2310
f 2311 2499 2310
f 2184 2183 1774
f 1774 2183 1773
f 2185 2184 1775
f 1775 2184 1774
f 2186 2185 1776
f 1776 2185 1775
f 2187 2186 1777
f 1777 2186 1776
f 2188 2187 1778
f 1778 2187 1777
f 2189 2188 1779
f 1779 2188 1778
f 2190 2189 1780
f 1780 2189 1779
f 2191 2190 1781
f 1781 2190 1780
f 2192 2191 1782
f 1782 2191 1781
f 2193 2192 1783
f 1783 2192 1782
f 2194 2193 1784
f 1784 2193 1783
f 2195 2194 1785
f 1785 2194 1784
f 2196 2195 1786
f 1786 2195 1785
f 2197 2196 1787
f 1787 2196 1786
f 2198 2197 1788
f 1788 2197 1787
f 2199 2198 1789
f 1789 2198 1788
f 2200 2199 1790
f 1790 2199 1789
f 2201 2200 1791
f 1791 2200 1790
f 2202 2201 1792
f 1792 2201 1791
f 2203 2202 1793
f 1793 2202 1792
f 2204 2203 1794
f 1794 2203 1793
f 2205 2204 1795
f 1795 2204 1794
f 2206 2205 1796
f 1796 2205 1795
f 2207 2206 1797
f 1797 2206 1796
f 2208 2207 1798
f 1798 2207 1797
f 2209 2208 1799
f 1799 2208 1798
f 2210 2209 1800
f 1800 2209 1799
f 2211 2210 1801
f 1801 2210 1800
f 2212 2211 1802
f 1802 2211 1801
f 2213 2212 1803
f 1803 2212 1802
f 2214 2213 1804
f 1804 2213 1803
f 2215 2214 1805
f 1805 2214 1804
f 2216 2215 1806
f 1806 2215 1805
f 2217 2216 1807
f 1807 2216 1806
f 2218 2217 1808
f 1808 2217 1807
f 2219 2218 1809
f 1809 2218 1808
f 2220 2219 1810
f 1810 2219 1809
f 2221 2220 1811
f 1811 2220 1810
f 2222 2221 1812
f 1812 2221 1811
f 2223 2222 1813
f 1813 2222 1812
f 2224 2223 1814
f 1814 2223 1813
f 2225 2224 1815
f 1815 2224 1814
f 2226 2225 1816
f 1816 2225 1815
f 2227 2226 1817
f 1817 2226 1816
f 2228 2227 1818
f 1818 2227 1817
f 2229 2228 1819
f 1819 2228 1818
f 2230 2229 1820
f 1820 2229 1819
f 2231 2230 1821
f 1821 2230 1820
f 2232 2231 1822
f 1822 2231 1821
f 2233 2232 1823
f 1823 2232 1822
f 2234 2233 1824
f 1824 2233 1823
f 2235 2234 1825
f 1825 2234 1824
f 2236 2235 1826
f 1826 2235 1825
f 2237 2236 1827
f 1827 2236 1826
f 2238 2237 1828
f 1828 2237 1827
f 2239 2238 1829
f 1829 2238 1828
f 2240 2239 1830
f 1830 2239 1829
f 2241 2240 1831
f 1831 2240 1830
f 2242 2241 1832
f 1832 2241 1831
f 2243 2242 1833
f 1833 2242 1832
f 2244 2243 1834
f 1834 2243 1833
f 2245 2244 1835
f 1835 2244 1834
f 2246 2245 1836
f 1836 2245 1835
f 2247 2246 1837
f 1837 2246 1836
f 2248 2247 1838
f 1838 2247 1837
f 2249 2248 1839
f 1839 2248 1838
f 2250 2249 1840
f 1840 2249 1839
f 2251 2250 1841
f 1841 2250 1840
f 2252 2251 1842
f 1842 2251 1841
f 2253 2252 1843
f 1843 2252 1842
f 2254 2253 1844
f 1844 2253 1843
f 2255 2254 1845
f 1845 2254 1844
f 2256 2255 1846
f 1846 2255 1845
f 2257 2256 1847
f 1847 2256 1846
f 2258 2257 1848
f 1848 2257 1847
f 2259 2258 1849
f 1849 2258 1848
f 2260 2259 1850
f 1850 2259 1849
f 2261 2260 1851
f 1851 2260 1850
f 2262 2261 1852
f 1852 2261 1851
f 2263 2262 1853
f 1853 2262 1852
f 2264 2263 1854
f 1854 2263 1853
f 2265 2264 1855
f 1855 2264 1854
f 2266 2265 1856
f 1856 2265 1855
f 2267 2266 1857
f 1857 2266 1856
f 2268 2267 1858
f 1858 2267 1857
f 2269 2268 1859
f 1859 2268 1858
f 2270 2269 1860
f 1860 2269 1859
f 2271 2270 1861
f 1861 2270 1860
f 2272 2271 1862
f 1862 2271 1861
f 2273 2272 1863
f 1863 2272 1862
f 2274 2273 1864
f 1864 2273 1863
f 2275 2274 1865
f 1865 2274 1864
f 2276 2275 1866
f 1866 2275 1865
f 2277 2276 1867
f 1867 2276 1866
f 2278 2277 1868
f 1868 2277 1867
f 2279 2278 1869
f 1869 2278 1868
f 2280 2279 1870
f 1870 2279 1869
f 2281 2280 1871
f 1871 2280 1870
f 2282 2281 1872
f 1872 2281 1871
f 2283 2282 1873
f 1873 2282 1872
f 2284 2283 1874
f 1874 2283 1873
f 2285 2284 1875
f 1875 2284 1874
f 2286 2285 1876
f 1876 2285 1875
f 2287 2286 1877
f 1877 2286 1876
f 2288 2287 1878
f 1878 2287 1877
f 2289 2288 1879
f 1879 2288 1878
f 2290 2289 1880
f 1880 2289 1879
f 2291 2290 1881
f 1881 2290 1880
f 2292 2291 1882
f 1882 2291 1881
f 2293 2292 1883
f 1883 2292 1882
f 2294 2293 1884
f 1884 2293 1883
f 2295 2294 1885
f 1885 2294 1884
f 2296 2295 1886
f 1886 2295 1885
f 2297 2296 1887
f 1887 2296 1886
f 2298 2297 1888
f 1888 2297 1887
f 2299 2298 1889
f 1889 2298 1888
f 2300 2299 1890
f 1890 2299 1889
f 2301 2300 1891
f 1891 2300 1890
f 2302 2301 1892
f 1892 2301 1891
f 2303 2302 1893
f 1893 2302 1892
f 2304 2303 1894
f 1894 2303 1893
f 2305 2304 1895
f 1895 2304 1894
f 2306 2305 1896
f 1896 2305 1895
f 2307 2306 1897
f 1897 2306 1896
f 2308 2307 1898
f 1898 2307 1897
f 2309 2308 1899
f 1899 2308 1898
f 2310 2309 1900
f 1900 2309 1899
f 2311 2310 1901
f 1901 2310 1900
f 2312 2311 1902
f 1902 2311 1901
f 2313 2312 1903
f 1903 2312 1902
f 2314 2313 1904
f 1904 2313 1903
f 2315 2314 1905
f 1905 2314 1904
f 2316 2315 1906
f 1906 2315 1905
f 2317 2316 1907
f 1907 2316 1906
f 2318 2317 1908
f 1908 2317 1907
f 2319 2318 1909
f 1909 2318 1908
f 2320 2319 1910
f 1910 2319 1909
f 2321 2320 1911
f 1911 2320 1910
f 2322 2321 1912
f 1912 2321 1911
f 2323 2322 1913
f 1913 2322 1912
f 2324 2323 1914
f 1914 2323 1913
f 2325 2324 1915
f 1915 2324 1914
f 2326 2325 1916
f 1916 2325 1915
f 2327 2326 1917
f 1917 2326 1916
f 2328 2327 1918
f 1918 2327 1917
f 2329 2328 1919
f 1919 2328 1918
f 2330 2329 1920
f 1920 2329 1919
f 2331 2330 1921
f 1921 2330 1920
f 2332 2331 1922
f 1922 2331 1921
f 2333 2332 1923
f 1923 2332 1922
f 2334 2333 1924
f 1924 2333 1923
f 2335 2334 1925
f 1925 2334 1924
f 2336 2335 1926
f 1926 2335 1925
f 2337 2336 1927
f 1927 2336 1926
f 2338 2337 1928
f 1928 2337 1927
f 2339 2338 1929
f 1929 2338 1928
f 2340 2339 1930
f 1930 2339 1929
f 2341 2340 1931
f 1931 2340 1930
f 2342 2341 1932
f 1932 2341 1931
f 2343 2342 1933
f 1933 2342 1932
f 2344 2343 1934
f 1934 2343 1933
f 2345 2344 1935
f 1935 2344 1934
f 2346 2345 1936
f 1936 2345 1935
f 2347 2346 1937
f 1937 2346 1936
f 2348 2347 1938
f 1938 2347 1937
f 2349 2348 1939
f 1939 2348 1938
f 2350 2349 1940
f 1940 2349 1939
f 2351 2350 1941
f 1941 2350 1940
f 2352 2351 1942
f 1942 2351 1941
f 2353 2352 1943
f 1943 2352 1942
f 2354 2353 1944
f 1944 2353 1943
f 2355 2354 1945
f 1945 2354 1944
f 2356 2355 1946
f 1946 2355 1945
f 2357 2356 1947
f 1947 2356 1946
f 2358 2357 1948
f 1948 2357 1947
f 2359 2358 1949
f 1949 2358 1948
f 2360 2359 1950
f 1950 2359 1949
f 2361 2360 1951
f 1951 2360 1950
f 2362 2361 1952
f 1952 2361 1951
f 2363 2362 1953
f 1953 2362 1952
f 2364 2363 1954
f 1954 2363 1953
f 2365 2364 1955
f 1955 2364 1954
f 2366 2365 1956
f 1956 2365 1955
f 2367 2366 1957
f 1957 2366 1956
f 2368 2367 1958
f 1958 2367 1957
f 2369 2368 1959
f 1959 2368 1958
f 2370 2369 1960
f 1960 2369 1959
f 2371 2370 1961
f 1961 2370 1960
f 2372 2371 1962
f 1962 2371 1961
f 2373 2372 1963
f 1963 2372 1962
f 2374 2373 1964
f 1964 2373 1963
f 2375 2374 1965
f 1965 2374 1964
f 2376 2375 1966
f 1966 2375 1965
f 2377 2376 1967
f 1967 2376 1966
f 2378 2377 1968
f 1968 2377 1967
f 2379 2378 1969
f 1969 2378 1968
f 2380 2379 1970
f 1970 2379 1969
f 2381 2380 1971
f 1971 2380 1970
f 2382 2381 1972
f 1972 2381 1971
f 2383 2382 1973
f 1973 2382 1972
f 2384 2383 1974
f 1974 2383 1973
f 2385 2384 1975
f 1975 2384 1974
f 2386 2385 1976
f 1976 2385 1975
f 2387 2386 1977
f 1977 2386 1976
f 2388 2387 1978
f 1978 2387 1977
f 2389 2388 1979
f 1979 2388 1978
f 2390 2389 1980
f 1980 2389 1979
f 2391 2390 1981
f 1981 2390 1980
f 2392 2391 1982
f 1982 2391 1981
f 2393 2392 1983
f 1983 2392 1982
f 2394 2393 1984
f 1984 2393 1983
f 2395 2394 1985
f 1985 2394 1984
f 2396 2395 1986
f 1986 2395 1985
f 2397 2396 1987
f 1987 2396 1986
f 2398 2397 1988
f 1988 2397 1987
f 2399 2398 1989
f 1989 2398 1988
f 2400 2399 1990
f 1990 2399 1989
f 2401 2400 1991
f 1991 2400 1990
f 2402 2401 1992
f 1992 2401 1991
f 2183 2403 1773
f 1773 2403 1993
f 2403 2402 1993
f 1993 2402 1992
f 2405 2404 1995
f 1995 2404 1994
f 2406 2405 1996
f 1996 2405 1995
f 2407 2406 1997
f 1997 2406 1996
f 2408 2407 1998
f 1998 2407 1997
f 2409 2408 1999
f 1999 2408 1998
f 2410 2409 2000
f 2000 2409 1999
f 2411 2410 2001
f 2001 2410 2000
f 2412 2411 2002
f 2002 2411 2001
f 2413 2412 2003
f 2003 2412 2002
f 2414 2413 2004
f 2004 2413 2003
f 2415 2414 2005
f 2005 2414 2004
f 2416 2415 2006
f 2006 2415 2005
f 2417 2416 2007
f 2007 2416 2006
f 2418 2417 2008
f 2008 2417 2007
f 2419 2418 2009
f 2009 2418 2008
f 2420 2419 2010
f 2010 2419 2009
f 2421 2420 2011
f 2011 2420 2010
f 2422 2421 2012
f 2012 2421 2011
f 2423 2422 2013
f 2013 2422 2012
f 2424 2423 2014
f 2014 2423 2013
f 2425 2424 2015
f 2015 2424 2014
f 2426 2425 2016
f 2016 2425 2015
f 2427 2426 2017
f 2017 2426 2016
f 2428 2427 2018
f 2018 2427 2017
f 2429 2428 2019
f 2019 2428 2018
f 2430 2429 2020
f 2020 2429 2019
f 2431 2430 2021
f 2021 2430 2020
f 2432 2431 2022
f 2022 2431 2021
f 2433 2432 2023
f 2023 2432 2022
f 2434 2433 2024
f 2024 2433 2023
f 2435 2434 2025
f 2025 2434 2024
f 2436 2435 2026
f 2026 2435 2025
f 2437 2436 2027
f 2027 2436 2026
f 2438 2437 2028
f 2028 2437 2027
f 2439 2438 2029
f 2029 2438 2028
f 2440 2439 2030
f 2030 2439 2029
f 2441 2440 2031
f 2031 2440 2030
f 2442 2441 2032
f 2032 2441 2031
f 2443 2442 2033
f 2033 2442 2032
f 2444 2443 2034
f 2034 2443 2033
f 2445 2444 2035
f 2035 2444 2034
f 2446 2445 2036
f 2036 2445 2035
f 2447 2446 2037
f 2037 2446 2036
f 2448 2447 2038
f 2038 2447 2037
f 2449 2448 2039
f 2039 2448 2038
f 2450 2449 2040
f 2040 2449 2039
f 2451 2450 2041
f 2041 2450 2040
f 2452 2451 2042
f 2042 2451 2041
f 2453 2452 2043
f 2043 2452 2042
f 2454 2453 2044
f 2044 2453 2043
f 2455 2454 2045
f 2045 2454 2044
f 2456 2455 2046
f 2046 2455 2045
f 2457 2456 2047
f 2047 2456 2046
f 2458 2457 2048
f 2048 2457 2047
f 2459 2458 2049
f 2049 2458 2048
f 2460 2459 2050
f 2050 2459 2049
f 2461 2460 2051
f 2051 2460 2050
f 2462 2461 2052
f 2052 2461 2051
f 2463 2462 2053
f 2053 2462 2052
f 2464 2463 2054
f 2054 2463 2053
f 2465 2464 2055
f 2055 2464 2054
f 2466 2465 2056
f 2056 2465 2055
f 2467 2466 2057
f 2057 2466 2056
f 2468 2467 2058
f 2058 2467 2057
f 2469 2468 2059
f 2059 2468 2058
f 2470 2469 2060
f 2060 2469 2059
f 2471 2470 2061
f 2061 2470 2060
f 2472 2471 2062
f 2062 2471 2061
f 2473 2472 2063
f 2063 2472 2062
f 2474 2473 2064
f 2064 2473 2063
f 2475 2474 2065
f 2065 2474 2064
f 2476 2475 2066
f 2066 2475 2065
f 2477 2476 2067
f 2067 2476 2066
f 2478 2477 2068
f 2068 2477 2067
f 2479 2478 2069
f 2069 2478 2068
f 2480 2479 2070
f 2070 2479 2069
f 2481 2480 2071
f 2071 2480 2070
f 2482 2481 2072
f 2072 2481 2071
f 2483 2482 2073
f 2073 2482 2072
f 2484 2483 2074
f 2074 2483 2073
f 2485 2484 2075
f 2075 2484 2074
f 2486 2485 2076
f 2076 2485 2075
f 2487 2486 2077
f 2077 2486 2076
f 2488 2487 2078
f 2078 2487 2077
f 2489 2488 2079
f 2079 2488 2078
f 2490 2489 2080
f 2080 2489 2079
f 2491 2490 2081
f 2081 2490 2080
f 2492 2491 2082
f 2082 2491 2081
f 2493 2492 2083
f 2083 2492 2082
f 2494 2493 2084
f 2084 2493 2083
f 2495 2494 2085
f 2085 2494 2084
f 2496 2495 2086
f 2086 2495 2085
f 2497 2496 2087
f 2087 2496 2086
f 2498 2497 2088
f 2088 2497 2087
f 2499 2498 2089
f 2089 2498 2088
f 2500 2499 2090
f 2090 2499 2089
f 2501 2500 2091
f 2091 2500 2090
f 2502 2501 2092
f 2092 2501 2091
f 2503 2502 2093
f 2093 2502 2092
f 2504 2503 2094
f 2094 2503 2093
f 2505 2504 2095
f 2095 2504 2094
f 2506 2505 2096
f 2096 2505 2095
f 2507 2506 2097
f 2097 2506 2096
f 2508 2507 2098
f 2098 2507 2097
f 2509 2508 2099
f 2099 2508 2098
f 2510 2509 2100
f 2100 2509 2099
f 2511 2510 2101
f 2101 2510 2100
f 2512 2511 2102
f 2102 2511 2101
f 2513 2512 2103
f 2103 2512 2102
f 2514 2513 2104
f 2104 2513 2103
f 2515 2514 2105
f 2105 2514 2104
f 2516 2515 2106
f 2106 2515 2105
f 2517 2516 2107
f 2107 2516 2106
f 2518 2517 2108
f 2108 2517 2107
f 2519 2518 2109
f 2109 2518 2108
f 2520 2519 2110
f 2110 2519 2109
f 2521 2520 2111
f 2111 2520 2110
f 2522 2521 2112
f 2112 2521 2111
f 2523 2522 2113
f 2113 2522 2112
f 2524 2523 2114
f 2114 2523 2113
f 2525 2524 2115
f 2115 2524 2114
f 2526 2525 2116
f 2116 2525 2115
f 2527 2526 2117
f 2117 2526 2116
f 2528 2527 2118
f 2118 2527 2117
f 2529 2528 2119
f 2119 2528 2118
f 2530 2529 2120
f 2120 2529 2119
f 2531 2530 2121
f 2121 2530 2120
f 2532 2531 2122
f 2122 2531 2121
f 2533 2532 2123
f 2123 2532 2122
f 2534 2533 2124
f 2124 2533 2123
f 2535 2534 2125
f 2125 2534 2124
f 2536 2535 2126
f 2126 2535 2125
f 2537 2536 2127
f 2127 2536 2126
f 2538 2537 2128
f 2128 2537 2127
f 2539 2538 2129
f 2129 2538 2128
f 2540 2539 2130
f 2130 2539 2129
f 2541 2540 2131
f 2131 2540 2130
f 2542 2541 2132
f 2132 2541 2131
f 2543 2542 2133
f 2133 2542 2132
f 2544 2543 2134
f 2134 2543 2133
f 2545 2544 2135
f 2135 2544 2134
f 2546 2545 2136
f 2136 2545 2135
f 2547 2546 2137
f 2137 2546 2136
f 2548 2547 2138
f 2138 2547 2137
f 2549 2548 2139
f 2139 2548 2138
f 2550 2549 2140
f 2140 2549 2139
f 2551 2550 2141
f 2141 2550 2140
f 2552 2551 2142
f 2142 2551 2141
f 2553 2552 2143
f 2143 2552 2142
f 2554 2553 2144
f 2144 2553 2143
f 2555 2554 2145
f 2145 2554 2144
f 2556 2555 2146
f 2146 2555 2145
f 2557 2556 2147
f 2147 2556 2146
f 2558 2557 2148
f 2148 2557 2147
f 2559 2558 2149
f 2149 2558 2148
f 2560 2559 2150
f 2150 2559 2149
f 2561 2560 2151
f 2151 2560 2150
f 2562 2561 2152
f 2152 2561 2151
f 2563 2562 2153
f 2153 2562 2152
f 2564 2563 2154
f 2154 2563 2153
f 2565 2564 2155
f 2155 2564 2154
f 2566 2565 2156
f 2156 2565 2155
f 2567 2566 2157
f 2157 2566 2156
f 2568 2567 2158
f 2158 2567 2157
f 2569 2568 2159
f 2159 2568 2158
f 2570 2569 2160
f 2160 2569 2159
f 2571 2570 2161
f 2161 2570 2160
f 2572 2571 2162
f 2162 2571 2161
f 2573 2572 2163
f 2163 2572 2162
f 2574 2573 2164
f 2164 2573 2163
f 2575 2574 2165
f 2165 2574 2164
f 2576 2575 2166
f 2166 2575 2165
f 2577 2576 2167
f 2167 2576 2166
f 2578 2577 2168
f 2168 2577 2167
f 2579 2578 2169
f 2169 2578 2168
f 2580 2579 2170
f 2170 2579 2169
f 2581 2580 2171
f 2171 2580 2170
f 2582 2581 2172
f 2172 2581 2171
f 2583 2582 2173
f 2173 2582 2172
f 2584 2583 2174
f 2174 2583 2173
f 2585 2584 2175
f 2175 2584 2174
f 2586 2585 2176
f 2176 2585 2175
f 2587 2586 2177
f 2177 2586 2176
f 2588 2587 2178
f 2178 2587 2177
f 2589 2588 2179
f 2179 2588 2178
f 2590 2589 2180
f 2180 2589 2179
f 2591 2590 2181
f 2181 2590 2180
f 2404 2592 1994
f 1994 2592 2182
f 2592 2591 2182
f 2182 2591 2181
f 2660 2594 2593
f 2660 2659 2594
f 2659 2595 2594
f 2659 2658 2595
f 2658 2596 2595
f 2658 2657 2596
f 2657 2597 2596
f 2657 2656 2597
f 2656 2598 2597
f 2656 2655 2598
f 2655 2599 2598
f 2655 2654 2599
f 2654 2600 2599
f 2654 2653 2600
f 2653 2601 2600
f 2653 2652 2601
f 2652 2602 2601
f 2652 2651 2602
f 2651 2603 2602
f 2651 2650 2603
f 2650 2604 2603
f 2650 2649 2604
f 2649 2605 2604
f 2649 2648 2605
f 2648 2606 2605
f 2648 2647 2606
f 2647 2607 2606
f 2647 2646 2607
f 2646 2608 2607
f 2646 2645 2608
f 2645 2609 2608
f 2645 2644 2609
f 2644 2610 2609
f 2644 2643 2610
f 2643 2611 2610
f 2643 2642 2611
f 2642 2612 2611
f 2642 2641 2612
f 2641 2613 2612
f 2641 2640 2613
f 2640 2614 2613
f 2640 2639 2614
f 2639 2615 2614
f 2639 2638 2615
f 2638 2616 2615
f 2638 2637 2616
f 2637 2617 2616
f 2637 2636 2617
f 2636 2618 2617
f 2636 2635 2618
f 2635 2619 2618
f 2635 2634 2619
f 2634 2620 2619
f 2634 2633 2620
f 2633 2621 2620
f 2633 2632 2621
f 2632 2622 2621
f 2632 2631 2622
f 2631 2623 2622
f 2631 2630 2623
f 2630 2624 2623
f 2630 2629 2624
f 2629 2625 2624
f 2629 2628 2625
f 2628 2626 2625
f 2628 2627 2626
f 2661 2662 2728
f 2662 2727 2728
f 2662 2663 2727
f 2663 2726 2727
f 2663 2664 2726
f 2664 2725 2726
f 2664 2665 2725
f 2665 2724 2725
f 2665 2666 2724
f 2666 2723 2724
f 2666 2667 2723
f 2667 2722 2723
f 2667 2668 2722
f 2668 2721 2722
f 2668 2669 2721
f 2669 2720 2721
f 2669 2670 2720
f 2670 2719 2720
f 2670 2671 2719
f 2671 2718 2719
f 2671 2672 2718
f 2672 2717 2718
f 2672 2673 2717
f 2673 2716 2717
f 2673 2674 2716
f 2674 2715 2716
f 2674 2675 2715
f 2675 2714 2715
f 2675 2676 2714
f 2676 2713 2714
f 2676 2677 2713
f 2677 2712 2713
f 2677 2678 2712
f 2678 2711 2712
f 2678 2679 2711
f 2679 2710 2711
f 2679 2680 2710
f 2680 2709 2710
f 2680 2681 2709
f 2681 2708 2709
f 2681 2682 2708
f 2682 2707 2708
f 2682 2683 2707
f 2683 2706 2707
f 2683 2684 2706
f 2684 2705 2706
f 2684 2685 2705
f 2685 2704 2705
f 2685 2686 2704
f 2686 2703 2704
f 2686 2687 2703
f 2687 2702 2703
f 2687 2688 2702
f 2688 2701 2702
f 2688 2689 2701
f 2689 2700 2701
f 2689 2690 2700
f 2690 2699 2700
f 2690 2691 2699
f 2691 2698 2699
f 2691 2692 2698
f 2692 2697 2698
f 2692 2693 2697
f 2693 2696 2697
f 2693 2694 2696
f 2694 2695 2696
f 2662 2661 2594
f 2594 2661 2593
f 2663 2662 2595
f 2595 2662 2594
f 2664 2663 2596
f 2596 2663 2595
f 2665 2664 2597
f 2597 2664 2596
f 2666 2665 2598
f 2598 2665 2597
f 2667 2666 2599
f 2599 2666 2598
f 2668 2667 2600
f 2600 2667 2599
f 2669 2668 2601
f 2601 2668 2600
f 2670 2669 2602
f 2602 2669 2601
f 2671 2670 2603
f 2603 2670 2602
f 2672 2671 2604
f 2604 2671 2603
f 2673 2672 2605
f 2605 2672 2604
f 2674 2673 2606
f 2606 2673 2605
f 2675 2674 2607
f 2607 2674 2606
f 2676 2675 2608
f 2608 2675 2607
f 2677 2676 2609
f 2609 2676 2608
f 2678 2677 2610
f 2610 2677 2609
f 2679 2678 2611
f 2611 2678 2610
f 2680 2679 2612
f 2612 2679 2611
f 2681 2680 2613
f 2613 2680 2612
f 2682 2681 2614
f 2614 2681 2613
f 2683 2682 2615
f 2615 2682 2614
f 2684 2683 2616
f 2616 2683 2615
f 2685 2684 2617
f 2617 2684 2616
f 2686 2685 2618
f 2618 2685 2617
f 2687 2686 2619
f 2619 2686 2618
f 2688 2687 2620
f 2620 2687 2619
f 2689 2688 2621
f 2621 2688 2620
f 2690 2689 2622
f 2622 2689 2621
f 2691 2690 2623
f 2623 2690 2622
f 2692 2691 2624
f 2624 2691 2623
f 2693 2692 2625
f 2625 2692 2624
f 2694 2693 2626
f 2626 2693 2625
f 2695 2694 2627
f 2627 2694 2626
f 2696 2695 2628
f 2628 2695 2627
f 2697 2696 2629
f 2629 2696 2628
f 2698 2697 2630
f 2630 2697 2629
f 2699 2698 2631
f 2631 2698 2630
f 2700 2699 2632
f 2632 2699 2631
f 2701 2700 2633
f 2633 2700 2632
f 2702 2701 2634
f 2634 2701 2633
f 2703 2702 2635
f 2635 2702 2634
f 2704 2703 2636
f 2636 2703 2635
f 2705 2704 2637
f 2637 2704 2636
f 2706 2705 2638
f 2638 2705 2637
f 2707 2706 2639
f 2639 2706 2638
f 2708 2707 2640
f 2640 2707 2639
f 2709 2708 2641
f 2641 2708 2640
f 2710 2709 2642
f 2642 2709 2641
f 2711 2710 2643
f 2643 2710 2642
f 2712 2711 2644
f 2644 2711 2643
f 2713 2712 2645
f 2645 2712 2644
f 2714 2713 2646
f 2646 2713 2645
f 2715 2714 2647
f 2647 2714 2646
f 2716 2715 2648
f 2648 2715 2647
f 2717 2716 2649
f 2649 2716 2648
f 2718 2717 2650
f 2650 2717 2649
f 2719 2718 2651
f 2651 2718 2650
f 2720 2719 2652
f 2652 2719 2651
f 2721 2720 2653
f 2653 2720 2652
f 2722 2721 2654
f 2654 2721 2653
f 2723 2722 2655
f 2655 2722 2654
f 2724 2723 2656
f 2656 2723 2655
f 2725 2724 2657
f 2657 2724 2656
f 2726 2725 2658
f 2658 2725 2657
f 2727 2726 2659
f 2659 2726 2658
f 2661 2728 2593
f 2593 2728 2660
f 2728 2727 2660
f 2660 2727 2659
f 2730 2732 2729
f 2733 2730 2729
f 2729 2732 2731
f 2731 2733 2729
f 2730 2736 2732
f 2734 2730 2733
f 2734 2736 2730
f 2732 2736 2731
f 2735 2733 2731
f 2731 2736 2735
f 2735 2734 2733
f 2736 2734 2735
f 2738 2740 2737
f 2741 2738 2737
f 2737 2740 2739
f 2739 2741 2737
f 2738 2744 2740
f 2742 2738 2741
f 2742 2744 2738
f 2740 2744 2739
f 2743 2741 2739
f 2739 2744 2743
f 2743 2742 2741
f 2744 2742 2743
f 2746 2748 2745
f 2749 2746 2745
f 2745 2748 2747
f 2747 2749 2745
f 2746 2752 2748
f 2750 2746 2749
f 2750 2752 2746
f 2748 2752 2747
f 2751 2749 2747
f 2747 2752 2751
f 2751 2750 2749
f 2752 2750 2751
f 2754 2756 2753
f 2757 2754 2753
f 2753 2756 2755
f 2755 2757 2753
f 2754 2760 2756
f 2758 2754 2757
f 2758 2760 2754
f 2756 2760 2755
f 2759 2757 2755
f 2755 2760 2759
f 2759 2758 2757
f 2760 2758 2759
f 2762 2764 2761
f 2765 2762 2761
f 2761 2764 2763
f 2763 2765 2761
f 2762 2768 2764
f 2766 2762 2765
f 2766 2768 2762
f 2764 2768 2763
f 2767 2765 2763
f 2763 2768 2767
f 2767 2766 2765
f 2768 2766 2767
f 2770 2772 2769
f 2773 2770 2769
f 2769 2772 2771
f 2771 2773 2769
f 2770 2776 2772
f 2774 2770 2773
f 2774 2776 2770
f 2772 2776 2771
f 2775 2773 2771
f 2771 2776 2775
f 2775 2774 2773
f 2776 2774 2775
f 2876 2778 2777
f 2876 2875 2778
f 2875 2779 2778
f 2875 2874 2779
f 2874 2780 2779
f 2874 2873 2780
f 2873 2781 2780
f 2873 2872 2781
f 2872 2782 2781
f 2872 2871 2782
f 2871 2783 2782
f 2871 2870 2783
f 2870 2784 2783
f 2870 2869 2784
f 2869 2785 2784
f 2869 2868 2785
f 2868 2786 2785
f 2868 2867 2786
f 2867 2787 2786
f 2867 2866 2787
f 2866 2788 2787
f 2866 2865 2788
f 2865 2789 2788
f 2865 2864 2789
f 2864 2790 2789
f 2864 2863 2790
f 2863 2791 2790
f 2863 2862 2791
f 2862 2792 2791
f 2862 2861 2792
f 2861 2793 2792
f 2861 2860 2793
f 2860 2794 2793
f 2860 2859 2794
f 2859 2795 2794
f 2859 2858 2795
f 2858 2796 2795
f 2858 2857 2796
f 2857 2797 2796
f 2857 2856 2797
f 2856 2798 2797
f 2856 2855 2798
f 2855 2799 2798
f 2855 2854 2799
f 2854 2800 2799
f 2854 2853 2800
f 2853 2801 2800
f 2853 2852 2801
f 2852 2802 2801
f 2852 2851 2802
f 2851 2803 2802
f 2851 2850 2803
f 2850 2804 2803
f 2850 2849 2804
f 2849 2805 2804
f 2849 2848 2805
f 2848 2806 2805
f 2848 2847 2806
f 2847 2807 2806
f 2847 2846 2807
f 2846 2808 2807
f 2846 2845 2808
f 2845 2809 2808
f 2845 2844 2809
f 2844 2810 2809
f 2844 2843 2810
f 2843 2811 2810
f 2843 2842 2811
f 2842 2812 2811
f 2842 2841 2812
f 2841 2813 2812
f 2841 2840 2813
f 2840 2814 2813
f 2840 2839 2814
f 2839 2815 2814
f 2839 2838 2815
f 2838 2816 2815
f 2838 2837 2816
f 2837 2817 2816
f 2837 2836 2817
f 2836 2818 2817
f 2836 2835 2818
f 2835 2819 2818
f 2835 2834 2819
f 2834 2820 2819
f 2834 2833 2820
f 2833 2821 2820
f 2833 2832 2821
f 2832 2822 2821
f 2832 2831 2822
f 2831 2823 2822
f 2831 2830 2823
f 2830 2824 2823
f 2830 2829 2824
f 2829 2825 2824
f 2829 2828 2825
f 2828 2826 2825
f 2828 2827 2826
f 2877 2878 2976
f 2878 2975 2976
f 2878 2879 2975
f 2879 2974 2975
f 2879 2880 2974
f 2880 2973 2974
f 2880 2881 2973
f 2881 2972 2973
f 2881 2882 2972
f 2882 2971 2972
f 2882 2883 2971
f 2883 2970 2971
f 2883 2884 2970
f 2884 2969 2970
f 2884 2885 2969
f 2885 2968 2969
f 2885 2886 2968
f 2886 2967 2968
f 2886 2887 2967
f 2887 2966 2967
f 2887 2888 2966
f 2888 2965 2966
f 2888 2889 2965
f 2889 2964 2965
f 2889 2890 2964
f 2890 2963 2964
f 2890 2891 2963
f 2891 2962 2963
f 2891 2892 2962
f 2892 2961 2962
f 2892 2893 2961
f 2893 2960 2961
f 2893 2894 2960
f 2894 2959 2960
f 2894 2895 2959
f 2895 2958 2959
f 2895 2896 2958
f 2896 2957 2958
f 2896 2897 2957
f 2897 2956 2957
f 2897 2898 2956
f 2898 2955 2956
f 2898 2899 2955
f 2899 2954 2955
f 2899 2900 2954
f 2900 2953 2954
f 2900 2901 2953
f 2901 2952 2953
f 2901 2902 2952
f 2902 2951 2952
f 2902 2903 2951
f 2903 2950 2951
f 2903 2904 2950
f 2904 2949 2950
f 2904 2905 2949
f 2905 2948 2949
f 2905 2906 2948
f 2906 2947 2948
f 2906 2907 2947
f 2907 2946 2947
f 2907 2908 2946
f 2908 2945 2946
f 2908 2909 2945
f 2909 2944 2945
f 2909 2910 2944
f 2910 2943 2944
f 2910 2911 2943
f 2911 2942 2943
f 2911 2912 2942
f 2912 2941 2942
f 2912 2913 2941
f 2913 2940 2941
f 2913 2914 2940
f 2914 2939 2940
f 2914 2915 2939
f 2915 2938 2939
f 2915 2916 2938
f 2916 2937 2938
f 2916 2917 2937
f 2917 2936 2937
f 2917 2918 2936
f 2918 2935 2936
f 2918 2919 2935
f 2919 2934 2935
f 2919 2920 2934
f 2920 2933 2934
f 2920 2921 2933
f 2921 2932 2933
f 2921 2922 2932
f 2922 2931 2932
f 2922 2923 2931
f 2923 2930 2931
f 2923 2924 2930
f 2924 2929 2930
f 2924 2925 2929
f 2925 2928 2929
f 2925 2926 2928
f 2926 2927 2928
f 2878 2877 2778
f 2778 2877 2777
f 2879 2878 2779
f 2779 2878 2778
f 2880 2879 2780
f 2780 2879 2779
f 2881 2880 2781
f 2781 2880 2780
f 2882 2881 2782
f 2782 2881 2781
f 2883 2882 2783
f 2783 2882 2782
f 2884 2883 2784
f 2784 2883 2783
f 2885 2884 2785
f 2785 2884 2784
f 2886 2885 2786
f 2786 2885 2785
f 2887 2886 2787
f 2787 2886 2786
f 2888 2887 2788
f 2788 2887 2787
f 2889 2888 2789
f 2789 2888 2788
f 2890 2889 2790
f 2790 2889 2789
f 2891 2890 2791
f 2791 2890 2790
f 2892 2891 2792
f 2792 2891 2791
f 2893 2892 2793
f 2793 2892 2792
f 2894 2893 2794
f 2794 2893 2793
f 2895 2894 2795
f 2795 2894 2794
f 2896 2895 2796
f 2796 2895 2795
f 2897 2896 2797
f 2797 2896 2796
f 2898 2897 2798
f 2798 2897 2797
f 2899 2898 2799
f 2799 2898 2798
f 2900 2899 2800
f 2800 2899 2799
f 2901 2900 2801
f 2801 2900 2800
f 2902 2901 2802
f 2802 2901 2801
f 2903 2902 2803
f 2803 2902 2802
f 2904 2903 2804
f 2804 2903 2803
f 2905 2904 2805
f 2805 2904 2804
f 2906 2905 2806
f 2806 2905 2805
f 2907 2906 2807
f 2807 2906 2806
f 2908 2907 2808
f 2808 2907 2807
f 2909 2908 2809
f 2809 2908 2808
f 2910 2909 2810
f 2810 2909 2809
f 2911 2910 2811
f 2811 2910 2810
f 2912 2911 2812
f 2812 2911 2811
f 2913 2912 2813
f 2813 2912 2812
f 2914 2913 2814
f 2814 2913 2813
f 2915 2914 2815
f 2815 2914 2814
f 2916 2915 2816
f 2816 2915 2815
f 2917 2916 2817
f 2817 2916 2816
f 2918 2917 2818
f 2818 2917 2817
f 2919 2918 2819
f 2819 2918 2818
f 2920 2919 2820
f 2820 2919 2819
f 2921 2920 2821
f 2821 2920 2820
f 2922 2921 2822
f 2822 2921 2821
f 2923 2922 2823
f 2823 2922 2822
f 2924 2923 2824
f 2824 2923 2823
f 2925 2924 2825
f 2825 2924 2824
f 2926 2925 2826
f 2826 2925 2825
f 2927 2926 2827
f 2827 2926 2826
f 2928 2927 2828
f 2828 2927 2827
f 2929 2928 2829
f 2829 2928 2828
f 2930 2929 2830
f 2830 2929 2829
f 2931 2930 2831
f 2831 2930 2830
f 2932 2931 2832
f 2832 2931 2831
f 2933 2932 2833
f 2833 2932 2832
f 2934 2933 2834
f 2834 2933 2833
f 2935 2934 2835
f 2835 2934 2834
f 2936 2935 2836
f 2836 2935 2835
f 2937 2936 2837
f 2837 2936 2836
f 2938 2937 2838
f 2838 2937 2837
f 2939 2938 2839
f 2839 2938 2838
f 2940 2939 2840
f 2840 2939 2839
f 2941 2940 2841
f 2841 2940 2840
f 2942 2941 2842
f 2842 2941 2841
f 2943 2942 2843
f 2843 2942 2842
f 2944 2943 2844
f 2844 2943 2843
f 2945 2944 2845
f 2845 2944 2844
f 2946 2945 2846
f 2846 2945 2845
f 2947 2946 2847
f 2847 2946 2846
f 2948 2947 2848
f 2848 2947 2847
f 2949 2948 2849
f 2849 2948 2848
f 2950 2949 2850
f 2850 2949 2849
f 2951 2950 2851
f 2851 2950 2850
f 2952 2951 2852
f 2852 2951 2851
f 2953 2952 2853
f 2853 2952 2852
f 2954 2953 2854
f 2854 2953 2853
f 2955 2954 2855
f 2855 2954 2854
f 2956 2955 2856
f 2856 2955 2855
f 2957 2956 2857
f 2857 2956 2856
f 2958 2957 2858
f 2858 2957 2857
f 2959 2958 2859
f 2859 2958 2858
f 2960 2959 2860
f 2860 2959 2859
f 2961 2960 2861
f 2861 2960 2860
f 2962 2961 2862
f 2862 2961 2861
f 2963 2962 2863
f 2863 2962 2862
f 2964 2963 2864
f 2864 2963 2863
f 2965 2964 2865
f 2865 2964 2864
f 2966 2965 2866
f 2866 2965 2865
f 2967 2966 2867
f 2867 2966 2866
f 2968 2967 2868
f 2868 2967 2867
f 2969 2968 2869
f 2869 2968 2868
f 2970 2969 2870
f 2870 2969 2869
f 2971 2970 2871
f 2871 2970 2870
f 2972 2971 2872
f 2872 2971 2871
f 2973 2972 2873
f 2873 2972 2872
f 2974 2973 2874
f 2874 2973 2873
f 2975 2974 2875
f 2875 2974 2874
f 2877 2976 2777
f 2777 2976 2876
f 2976 2975 2876
f 2876 2975 2875
f 2977 2978 2984
f 2978 2979 2984
f 2977 2989 2978
f 2978 2989 2979
f 2979 2989 2981
f 2977 2983 2989
f 2980 2981 2982
f 2979 2981 2987
f 2980 2987 2981
f 2980 2982 2988
f 2981 2989 2982
f 2977 2984 2983
f 2979 2985 2984
f 2979 2987 2985
f 2983 2984 2985
f 2983 2985 3000
f 2980 2986 2987
f 2980 2988 2986
f 2982 3000 2988
f 2985 2987 3000
f 2986 3000 2987
f 2986 2988 3000
f 2982 2989 2990
f 2989 2991 2990
f 2989 2995 2991
f 2982 2990 2992
f 2982 2992 2993
f 2982 2993 2994
f 2982 2994 3000
f 2994 2993 2999
f 2983 2995 2989
f 2983 2997 2995
f 2983 2996 2997
f 2983 2998 2996
f 2995 2997 2991
f 2983 3000 2998
f 2994 2999 3000
f 3000 2999 2998
f 2991 2996 2990
f 2990 2996 2992
f 2992 2999 2993
f 2991 2997 2996
f 2992 2996 2998
f 2992 2998 2999
f 3002 3001 3005
f 3002 3005 3003
f 3003 3005 3006
f 3003 3006 3004
f 3005 3001 3007
f 3005 3007 3006
f 3006 3007 3008
f 3006 3008 3004
f 3007 3001 3009
f 3007 3009 3008
f 3008 3009 3010
f 3008 3010 3004
f 3009 3001 3011
f 3009 3011 3010
f 3010 3011 3012
f 3010 3012 3004
f 3011 3001 3013
f 3011 3013 3012
f 3012 3013 3014
f 3012 3014 3004
f 3013 3001 3015
f 3013 3015 3014
f 3014 3015 3016
f 3014 3016 3004
f 3015 3001 3017
f 3015 3017 3016
f 3016 3017 3018
f 3016 3018 3004
f 3017 3001 3019
f 3017 3019 3018
f 3018 3019 3020
f 3018 3020 3004
f 3019 3001 3021
f 3019 3021 3020
f 3020 3021 3022
f 3020 3022 3004
f 3021 3001 3023
f 3021 3023 3022
f 3022 3023 3024
f 3022 3024 3004
f 3023 3001 3025
f 3023 3025 3024
f 3024 3025 3026
f 3024 3026 3004
f 3025 3001 3027
f 3025 3027 3026
f 3026 3027 3028
f 3026 3028 3004
f 3027 3001 3029
f 3027 3029 3028
f 3028 3029 3030
f 3028 3030 3004
f 3029 3001 3031
f 3029 3031 3030
f 3030 3031 3032
f 3030 3032 3004
f 3031 3001 3033
f 3031 3033 3032
f 3032 3033 3034
f 3032 3034 3004
f 3033 3001 3035
f 3033 3035 3034
f 3034 3035 3036
f 3034 3036 3004
f 3035 3001 3037
f 3035 3037 3036
f 3036 3037 3038
f 3036 3038 3004
f 3037 3001 3039
f 3037 3039 3038
f 3038 3039 3040
f 3038 3040 3004
f 3039 3001 3041
f 3039 3041 3040
f 3040 3041 3042
f 3040 3042 3004
f 3041 3001 3043
f 3041 3043 3042
f 3042 3043 3044
f 3042 3044 3004
f 3043 3001 3045
f 3043 3045 3044
f 3044 3045 3046
f 3044 3046 3004
f 3045 3001 3047
f 3045 3047 3046
f 3046 3047 3048
f 3046 3048 3004
f 3047 3001 3049
f 3047 3049 3048
f 3048 3049 3050
f 3048 3050 3004
f 3049 3001 3051
f 3049 3051 3050
f 3050 3051 3052
f 3050 3052 3004
f 3051 3001 3053
f 3051 3053 3052
f 3052 3053 3054
f 3052 3054 3004
f 3053 3001 3055
f 3053 3055 3054
f 3054 3055 3056
f 3054 3056 3004
f 3055 3001 3057
f 3055 3057 3056
f 3056 3057 3058
f 3056 3058 3004
f 3057 3001 3059
f 3057 3059 3058
f 3058 3059 3060
f 3058 3060 3004
f 3059 3001 3061
f 3059 3061 3060
f 3060 3061 3062
f 3060 3062 3004
f 3061 3001 3063
f 3061 3063 3062
f 3062 3063 3064
f 3062 3064 3004
f 3063 3001 3065
f 3063 3065 3064
f 3064 3065 3066
f 3064 3066 3004
f 3065 3001 3002
f 3065 3002 3066
f 3066 3002 3003
f 3066 3003 3004

