# https://github.com/mikedh/trimesh
v 68.55000000 0.00000000 34.00000000 0.11764706 0.16078431 0.23137255
v 71.15000000 0.00000000 34.00000000 0.11764706 0.16078431 0.23137255
v 71.15000000 0.00000000 83.40000000 0.11764706 0.16078431 0.23137255
v 71.13554547 0.00000000 83.98881209 0.11764706 0.16078431 0.23137255
v 71.09221672 0.00000000 84.57620568 0.11764706 0.16078431 0.23137255
v 71.02011812 0.00000000 85.16076569 0.11764706 0.16078431 0.23137255
v 70.91942336 0.00000000 85.74108386 0.11764706 0.16078431 0.23137255
v 70.79037504 0.00000000 86.31576216 0.11764706 0.16078431 0.23137255
v 70.63328403 0.00000000 86.88341613 0.11764706 0.16078431 0.23137255
v 70.44852878 0.00000000 87.44267824 0.11764706 0.16078431 0.23137255
v 70.23655439 0.00000000 87.99220119 0.11764706 0.16078431 0.23137255
v 69.99787152 0.00000000 88.53066112 0.11764706 0.16078431 0.23137255
v 69.73305517 0.00000000 89.05676084 0.11764706 0.16078431 0.23137255
v 69.44274332 0.00000000 89.56923293 0.11764706 0.16078431 0.23137255
v 69.12763535 0.00000000 90.06684280 0.11764706 0.16078431 0.23137255
v 68.78849038 0.00000000 90.54839165 0.11764706 0.16078431 0.23137255
v 68.42612544 0.00000000 91.01271941 0.11764706 0.16078431 0.23137255
v 68.04141350 0.00000000 91.45870746 0.11764706 0.16078431 0.23137255
v 67.63528137 0.00000000 91.88528137 0.11764706 0.16078431 0.23137255
v 67.20870746 0.00000000 92.29141350 0.11764706 0.16078431 0.23137255
v 66.76271941 0.00000000 92.67612544 0.11764706 0.16078431 0.23137255
v 66.29839165 0.00000000 93.03849038 0.11764706 0.16078431 0.23137255
v 65.81684280 0.00000000 93.37763535 0.11764706 0.16078431 0.23137255
v 65.31923293 0.00000000 93.69274332 0.11764706 0.16078431 0.23137255
v 64.80676084 0.00000000 93.98305517 0.11764706 0.16078431 0.23137255
v 64.28066112 0.00000000 94.24787152 0.11764706 0.16078431 0.23137255
v 63.74220119 0.00000000 94.48655439 0.11764706 0.16078431 0.23137255
v 63.19267824 0.00000000 94.69852878 0.11764706 0.16078431 0.23137255
v 62.63341613 0.00000000 94.88328403 0.11764706 0.16078431 0.23137255
v 62.06576216 0.00000000 95.04037504 0.11764706 0.16078431 0.23137255
v 61.49108386 0.00000000 95.16942336 0.11764706 0.16078431 0.23137255
v 60.91076569 0.00000000 95.27011812 0.11764706 0.16078431 0.23137255
v 60.32620568 0.00000000 95.34221672 0.11764706 0.16078431 0.23137255
v 59.73881209 0.00000000 95.38554547 0.11764706 0.16078431 0.23137255
v 59.15000000 0.00000000 95.40000000 0.11764706 0.16078431 0.23137255
v -59.15000000 0.00000000 95.40000000 0.11764706 0.16078431 0.23137255
v -59.73881209 0.00000000 95.38554547 0.11764706 0.16078431 0.23137255
v -60.32620568 0.00000000 95.34221672 0.11764706 0.16078431 0.23137255
v -60.91076569 0.00000000 95.27011812 0.11764706 0.16078431 0.23137255
v -61.49108386 0.00000000 95.16942336 0.11764706 0.16078431 0.23137255
v -62.06576216 0.00000000 95.04037504 0.11764706 0.16078431 0.23137255
v -62.63341613 0.00000000 94.88328403 0.11764706 0.16078431 0.23137255
v -63.19267824 0.00000000 94.69852878 0.11764706 0.16078431 0.23137255
v -63.74220119 0.00000000 94.48655439 0.11764706 0.16078431 0.23137255
v -64.28066112 0.00000000 94.24787152 0.11764706 0.16078431 0.23137255
v -64.80676084 0.00000000 93.98305517 0.11764706 0.16078431 0.23137255
v -65.31923293 0.00000000 93.69274332 0.11764706 0.16078431 0.23137255
v -65.81684280 0.00000000 93.37763535 0.11764706 0.16078431 0.23137255
v -66.29839165 0.00000000 93.03849038 0.11764706 0.16078431 0.23137255
v -66.76271941 0.00000000 92.67612544 0.11764706 0.16078431 0.23137255
v -67.20870746 0.00000000 92.29141350 0.11764706 0.16078431 0.23137255
v -67.63528137 0.00000000 91.88528137 0.11764706 0.16078431 0.23137255
v -68.04141350 0.00000000 91.45870746 0.11764706 0.16078431 0.23137255
v -68.42612544 0.00000000 91.01271941 0.11764706 0.16078431 0.23137255
v -68.78849038 0.00000000 90.54839165 0.11764706 0.16078431 0.23137255
v -69.12763535 0.00000000 90.06684280 0.11764706 0.16078431 0.23137255
v -69.44274332 0.00000000 89.56923293 0.11764706 0.16078431 0.23137255
v -69.73305517 0.00000000 89.05676084 0.11764706 0.16078431 0.23137255
v -69.99787152 0.00000000 88.53066112 0.11764706 0.16078431 0.23137255
v -70.23655439 0.00000000 87.99220119 0.11764706 0.16078431 0.23137255
v -70.44852878 0.00000000 87.44267824 0.11764706 0.16078431 0.23137255
v -70.63328403 0.00000000 86.88341613 0.11764706 0.16078431 0.23137255
v -70.79037504 0.00000000 86.31576216 0.11764706 0.16078431 0.23137255
v -70.91942336 0.00000000 85.74108386 0.11764706 0.16078431 0.23137255
v -71.02011812 0.00000000 85.16076569 0.11764706 0.16078431 0.23137255
v -71.09221672 0.00000000 84.57620568 0.11764706 0.16078431 0.23137255
v -71.13554547 0.00000000 83.98881209 0.11764706 0.16078431 0.23137255
v -71.15000000 0.00000000 83.40000000 0.11764706 0.16078431 0.23137255
v -71.15000000 0.00000000 34.00000000 0.11764706 0.16078431 0.23137255
v -68.55000000 0.00000000 34.00000000 0.11764706 0.16078431 0.23137255
v -68.55000000 0.00000000 83.40000000 0.11764706 0.16078431 0.23137255
v -68.53867729 0.00000000 83.86123614 0.11764706 0.16078431 0.23137255
v -68.50473643 0.00000000 84.32136112 0.11764706 0.16078431 0.23137255
v -68.44825919 0.00000000 84.77926646 0.11764706 0.16078431 0.23137255
v -68.36938164 0.00000000 85.23384903 0.11764706 0.16078431 0.23137255
v -68.26829378 0.00000000 85.68401369 0.11764706 0.16078431 0.23137255
v -68.14523916 0.00000000 86.12867597 0.11764706 0.16078431 0.23137255
v -68.00051421 0.00000000 86.56676462 0.11764706 0.16078431 0.23137255
v -67.83446761 0.00000000 86.99722426 0.11764706 0.16078431 0.23137255
v -67.64749936 0.00000000 87.41901788 0.11764706 0.16078431 0.23137255
v -67.44005988 0.00000000 87.83112933 0.11764706 0.16078431 0.23137255
v -67.21264893 0.00000000 88.23256580 0.11764706 0.16078431 0.23137255
v -66.96581436 0.00000000 88.62236019 0.11764706 0.16078431 0.23137255
v -66.70015080 0.00000000 88.99957346 0.11764706 0.16078431 0.23137255
v -66.41629826 0.00000000 89.36329687 0.11764706 0.16078431 0.23137255
v -66.11494058 0.00000000 89.71265418 0.11764706 0.16078431 0.23137255
v -65.79680374 0.00000000 90.04680374 0.11764706 0.16078431 0.23137255
v -65.46265418 0.00000000 90.36494058 0.11764706 0.16078431 0.23137255
v -65.11329687 0.00000000 90.66629826 0.11764706 0.16078431 0.23137255
v -64.74957346 0.00000000 90.95015080 0.11764706 0.16078431 0.23137255
v -64.37236019 0.00000000 91.21581436 0.11764706 0.16078431 0.23137255
v -63.98256580 0.00000000 91.46264893 0.11764706 0.16078431 0.23137255
v -63.58112933 0.00000000 91.69005988 0.11764706 0.16078431 0.23137255
v -63.16901788 0.00000000 91.89749936 0.11764706 0.16078431 0.23137255
v -62.74722426 0.00000000 92.08446761 0.11764706 0.16078431 0.23137255
v -62.31676462 0.00000000 92.25051421 0.11764706 0.16078431 0.23137255
v -61.87867597 0.00000000 92.39523916 0.11764706 0.16078431 0.23137255
v -61.43401369 0.00000000 92.51829378 0.11764706 0.16078431 0.23137255
v -60.98384903 0.00000000 92.61938164 0.11764706 0.16078431 0.23137255
v -60.52926646 0.00000000 92.69825919 0.11764706 0.16078431 0.23137255
v -60.07136112 0.00000000 92.75473643 0.11764706 0.16078431 0.23137255
v -59.61123614 0.00000000 92.78867729 0.11764706 0.16078431 0.23137255
v -59.15000000 0.00000000 92.80000000 0.11764706 0.16078431 0.23137255
v 59.15000000 0.00000000 92.80000000 0.11764706 0.16078431 0.23137255
v 59.61123614 0.00000000 92.78867729 0.11764706 0.16078431 0.23137255
v 60.07136112 0.00000000 92.75473643 0.11764706 0.16078431 0.23137255
v 60.52926646 0.00000000 92.69825919 0.11764706 0.16078431 0.23137255
v 60.98384903 0.00000000 92.61938164 0.11764706 0.16078431 0.23137255
v 61.43401369 0.00000000 92.51829378 0.11764706 0.16078431 0.23137255
v 61.87867597 0.00000000 92.39523916 0.11764706 0.16078431 0.23137255
v 62.31676462 0.00000000 92.25051421 0.11764706 0.16078431 0.23137255
v 62.74722426 0.00000000 92.08446761 0.11764706 0.16078431 0.23137255
v 63.16901788 0.00000000 91.89749936 0.11764706 0.16078431 0.23137255
v 63.58112933 0.00000000 91.69005988 0.11764706 0.16078431 0.23137255
v 63.98256580 0.00000000 91.46264893 0.11764706 0.16078431 0.23137255
v 64.37236019 0.00000000 91.21581436 0.11764706 0.16078431 0.23137255
v 64.74957346 0.00000000 90.95015080 0.11764706 0.16078431 0.23137255
v 65.11329687 0.00000000 90.66629826 0.11764706 0.16078431 0.23137255
v 65.46265418 0.00000000 90.36494058 0.11764706 0.16078431 0.23137255
v 65.79680374 0.00000000 90.04680374 0.11764706 0.16078431 0.23137255
v 66.11494058 0.00000000 89.71265418 0.11764706 0.16078431 0.23137255
v 66.41629826 0.00000000 89.36329687 0.11764706 0.16078431 0.23137255
v 66.70015080 0.00000000 88.99957346 0.11764706 0.16078431 0.23137255
v 66.96581436 0.00000000 88.62236019 0.11764706 0.16078431 0.23137255
v 67.21264893 0.00000000 88.23256580 0.11764706 0.16078431 0.23137255
v 67.44005988 0.00000000 87.83112933 0.11764706 0.16078431 0.23137255
v 67.64749936 0.00000000 87.41901788 0.11764706 0.16078431 0.23137255
v 67.83446761 0.00000000 86.99722426 0.11764706 0.16078431 0.23137255
v 68.00051421 0.00000000 86.56676462 0.11764706 0.16078431 0.23137255
v 68.14523916 0.00000000 86.12867597 0.11764706 0.16078431 0.23137255
v 68.26829378 0.00000000 85.68401369 0.11764706 0.16078431 0.23137255
v 68.36938164 0.00000000 85.23384903 0.11764706 0.16078431 0.23137255
v 68.44825919 0.00000000 84.77926646 0.11764706 0.16078431 0.23137255
v 68.50473643 0.00000000 84.32136112 0.11764706 0.16078431 0.23137255
v 68.53867729 0.00000000 83.86123614 0.11764706 0.16078431 0.23137255
v 68.55000000 0.00000000 83.40000000 0.11764706 0.16078431 0.23137255
v 68.55000000 -34.00000000 34.00000000 0.11764706 0.16078431 0.23137255
v 71.15000000 -34.00000000 34.00000000 0.11764706 0.16078431 0.23137255
v 71.15000000 -34.00000000 83.40000000 0.11764706 0.16078431 0.23137255
v 71.13554547 -34.00000000 83.98881209 0.11764706 0.16078431 0.23137255
v 71.09221672 -34.00000000 84.57620568 0.11764706 0.16078431 0.23137255
v 71.02011812 -34.00000000 85.16076569 0.11764706 0.16078431 0.23137255
v 70.91942336 -34.00000000 85.74108386 0.11764706 0.16078431 0.23137255
v 70.79037504 -34.00000000 86.31576216 0.11764706 0.16078431 0.23137255
v 70.63328403 -34.00000000 86.88341613 0.11764706 0.16078431 0.23137255
v 70.44852878 -34.00000000 87.44267824 0.11764706 0.16078431 0.23137255
v 70.23655439 -34.00000000 87.99220119 0.11764706 0.16078431 0.23137255
v 69.99787152 -34.00000000 88.53066112 0.11764706 0.16078431 0.23137255
v 69.73305517 -34.00000000 89.05676084 0.11764706 0.16078431 0.23137255
v 69.44274332 -34.00000000 89.56923293 0.11764706 0.16078431 0.23137255
v 69.12763535 -34.00000000 90.06684280 0.11764706 0.16078431 0.23137255
v 68.78849038 -34.00000000 90.54839165 0.11764706 0.16078431 0.23137255
v 68.42612544 -34.00000000 91.01271941 0.11764706 0.16078431 0.23137255
v 68.04141350 -34.00000000 91.45870746 0.11764706 0.16078431 0.23137255
v 67.63528137 -34.00000000 91.88528137 0.11764706 0.16078431 0.23137255
v 67.20870746 -34.00000000 92.29141350 0.11764706 0.16078431 0.23137255
v 66.76271941 -34.00000000 92.67612544 0.11764706 0.16078431 0.23137255
v 66.29839165 -34.00000000 93.03849038 0.11764706 0.16078431 0.23137255
v 65.81684280 -34.00000000 93.37763535 0.11764706 0.16078431 0.23137255
v 65.31923293 -34.00000000 93.69274332 0.11764706 0.16078431 0.23137255
v 64.80676084 -34.00000000 93.98305517 0.11764706 0.16078431 0.23137255
v 64.28066112 -34.00000000 94.24787152 0.11764706 0.16078431 0.23137255
v 63.74220119 -34.00000000 94.48655439 0.11764706 0.16078431 0.23137255
v 63.19267824 -34.00000000 94.69852878 0.11764706 0.16078431 0.23137255
v 62.63341613 -34.00000000 94.88328403 0.11764706 0.16078431 0.23137255
v 62.06576216 -34.00000000 95.04037504 0.11764706 0.16078431 0.23137255
v 61.49108386 -34.00000000 95.16942336 0.11764706 0.16078431 0.23137255
v 60.91076569 -34.00000000 95.27011812 0.11764706 0.16078431 0.23137255
v 60.32620568 -34.00000000 95.34221672 0.11764706 0.16078431 0.23137255
v 59.73881209 -34.00000000 95.38554547 0.11764706 0.16078431 0.23137255
v 59.15000000 -34.00000000 95.40000000 0.11764706 0.16078431 0.23137255
v -59.15000000 -34.00000000 95.40000000 0.11764706 0.16078431 0.23137255
v -59.73881209 -34.00000000 95.38554547 0.11764706 0.16078431 0.23137255
v -60.32620568 -34.00000000 95.34221672 0.11764706 0.16078431 0.23137255
v -60.91076569 -34.00000000 95.27011812 0.11764706 0.16078431 0.23137255
v -61.49108386 -34.00000000 95.16942336 0.11764706 0.16078431 0.23137255
v -62.06576216 -34.00000000 95.04037504 0.11764706 0.16078431 0.23137255
v -62.63341613 -34.00000000 94.88328403 0.11764706 0.16078431 0.23137255
v -63.19267824 -34.00000000 94.69852878 0.11764706 0.16078431 0.23137255
v -63.74220119 -34.00000000 94.48655439 0.11764706 0.16078431 0.23137255
v -64.28066112 -34.00000000 94.24787152 0.11764706 0.16078431 0.23137255
v -64.80676084 -34.00000000 93.98305517 0.11764706 0.16078431 0.23137255
v -65.31923293 -34.00000000 93.69274332 0.11764706 0.16078431 0.23137255
v -65.81684280 -34.00000000 93.37763535 0.11764706 0.16078431 0.23137255
v -66.29839165 -34.00000000 93.03849038 0.11764706 0.16078431 0.23137255
v -66.76271941 -34.00000000 92.67612544 0.11764706 0.16078431 0.23137255
v -67.20870746 -34.00000000 92.29141350 0.11764706 0.16078431 0.23137255
v -67.63528137 -34.00000000 91.88528137 0.11764706 0.16078431 0.23137255
v -68.04141350 -34.00000000 91.45870746 0.11764706 0.16078431 0.23137255
v -68.42612544 -34.00000000 91.01271941 0.11764706 0.16078431 0.23137255
v -68.78849038 -34.00000000 90.54839165 0.11764706 0.16078431 0.23137255
v -69.12763535 -34.00000000 90.06684280 0.11764706 0.16078431 0.23137255
v -69.44274332 -34.00000000 89.56923293 0.11764706 0.16078431 0.23137255
v -69.73305517 -34.00000000 89.05676084 0.11764706 0.16078431 0.23137255
v -69.99787152 -34.00000000 88.53066112 0.11764706 0.16078431 0.23137255
v -70.23655439 -34.00000000 87.99220119 0.11764706 0.16078431 0.23137255
v -70.44852878 -34.00000000 87.44267824 0.11764706 0.16078431 0.23137255
v -70.63328403 -34.00000000 86.88341613 0.11764706 0.16078431 0.23137255
v -70.79037504 -34.00000000 86.31576216 0.11764706 0.16078431 0.23137255
v -70.91942336 -34.00000000 85.74108386 0.11764706 0.16078431 0.23137255
v -71.02011812 -34.00000000 85.16076569 0.11764706 0.16078431 0.23137255
v -71.09221672 -34.00000000 84.57620568 0.11764706 0.16078431 0.23137255
v -71.13554547 -34.00000000 83.98881209 0.11764706 0.16078431 0.23137255
v -71.15000000 -34.00000000 83.40000000 0.11764706 0.16078431 0.23137255
v -71.15000000 -34.00000000 34.00000000 0.11764706 0.16078431 0.23137255
v -68.55000000 -34.00000000 34.00000000 0.11764706 0.16078431 0.23137255
v -68.55000000 -34.00000000 83.40000000 0.11764706 0.16078431 0.23137255
v -68.53867729 -34.00000000 83.86123614 0.11764706 0.16078431 0.23137255
v -68.50473643 -34.00000000 84.32136112 0.11764706 0.16078431 0.23137255
v -68.44825919 -34.00000000 84.77926646 0.11764706 0.16078431 0.23137255
v -68.36938164 -34.00000000 85.23384903 0.11764706 0.16078431 0.23137255
v -68.26829378 -34.00000000 85.68401369 0.11764706 0.16078431 0.23137255
v -68.14523916 -34.00000000 86.12867597 0.11764706 0.16078431 0.23137255
v -68.00051421 -34.00000000 86.56676462 0.11764706 0.16078431 0.23137255
v -67.83446761 -34.00000000 86.99722426 0.11764706 0.16078431 0.23137255
v -67.64749936 -34.00000000 87.41901788 0.11764706 0.16078431 0.23137255
v -67.44005988 -34.00000000 87.83112933 0.11764706 0.16078431 0.23137255
v -67.21264893 -34.00000000 88.23256580 0.11764706 0.16078431 0.23137255
v -66.96581436 -34.00000000 88.62236019 0.11764706 0.16078431 0.23137255
v -66.70015080 -34.00000000 88.99957346 0.11764706 0.16078431 0.23137255
v -66.41629826 -34.00000000 89.36329687 0.11764706 0.16078431 0.23137255
v -66.11494058 -34.00000000 89.71265418 0.11764706 0.16078431 0.23137255
v -65.79680374 -34.00000000 90.04680374 0.11764706 0.16078431 0.23137255
v -65.46265418 -34.00000000 90.36494058 0.11764706 0.16078431 0.23137255
v -65.11329687 -34.00000000 90.66629826 0.11764706 0.16078431 0.23137255
v -64.74957346 -34.00000000 90.95015080 0.11764706 0.16078431 0.23137255
v -64.37236019 -34.00000000 91.21581436 0.11764706 0.16078431 0.23137255
v -63.98256580 -34.00000000 91.46264893 0.11764706 0.16078431 0.23137255
v -63.58112933 -34.00000000 91.69005988 0.11764706 0.16078431 0.23137255
v -63.16901788 -34.00000000 91.89749936 0.11764706 0.16078431 0.23137255
v -62.74722426 -34.00000000 92.08446761 0.11764706 0.16078431 0.23137255
v -62.31676462 -34.00000000 92.25051421 0.11764706 0.16078431 0.23137255
v -61.87867597 -34.00000000 92.39523916 0.11764706 0.16078431 0.23137255
v -61.43401369 -34.00000000 92.51829378 0.11764706 0.16078431 0.23137255
v -60.98384903 -34.00000000 92.61938164 0.11764706 0.16078431 0.23137255
v -60.52926646 -34.00000000 92.69825919 0.11764706 0.16078431 0.23137255
v -60.07136112 -34.00000000 92.75473643 0.11764706 0.16078431 0.23137255
v -59.61123614 -34.00000000 92.78867729 0.11764706 0.16078431 0.23137255
v -59.15000000 -34.00000000 92.80000000 0.11764706 0.16078431 0.23137255
v 59.15000000 -34.00000000 92.80000000 0.11764706 0.16078431 0.23137255
v 59.61123614 -34.00000000 92.78867729 0.11764706 0.16078431 0.23137255
v 60.07136112 -34.00000000 92.75473643 0.11764706 0.16078431 0.23137255
v 60.52926646 -34.00000000 92.69825919 0.11764706 0.16078431 0.23137255
v 60.98384903 -34.00000000 92.61938164 0.11764706 0.16078431 0.23137255
v 61.43401369 -34.00000000 92.51829378 0.11764706 0.16078431 0.23137255
v 61.87867597 -34.00000000 92.39523916 0.11764706 0.16078431 0.23137255
v 62.31676462 -34.00000000 92.25051421 0.11764706 0.16078431 0.23137255
v 62.74722426 -34.00000000 92.08446761 0.11764706 0.16078431 0.23137255
v 63.16901788 -34.00000000 91.89749936 0.11764706 0.16078431 0.23137255
v 63.58112933 -34.00000000 91.69005988 0.11764706 0.16078431 0.23137255
v 63.98256580 -34.00000000 91.46264893 0.11764706 0.16078431 0.23137255
v 64.37236019 -34.00000000 91.21581436 0.11764706 0.16078431 0.23137255
v 64.74957346 -34.00000000 90.95015080 0.11764706 0.16078431 0.23137255
v 65.11329687 -34.00000000 90.66629826 0.11764706 0.16078431 0.23137255
v 65.46265418 -34.00000000 90.36494058 0.11764706 0.16078431 0.23137255
v 65.79680374 -34.00000000 90.04680374 0.11764706 0.16078431 0.23137255
v 66.11494058 -34.00000000 89.71265418 0.11764706 0.16078431 0.23137255
v 66.41629826 -34.00000000 89.36329687 0.11764706 0.16078431 0.23137255
v 66.70015080 -34.00000000 88.99957346 0.11764706 0.16078431 0.23137255
v 66.96581436 -34.00000000 88.62236019 0.11764706 0.16078431 0.23137255
v 67.21264893 -34.00000000 88.23256580 0.11764706 0.16078431 0.23137255
v 67.44005988 -34.00000000 87.83112933 0.11764706 0.16078431 0.23137255
v 67.64749936 -34.00000000 87.41901788 0.11764706 0.16078431 0.23137255
v 67.83446761 -34.00000000 86.99722426 0.11764706 0.16078431 0.23137255
v 68.00051421 -34.00000000 86.56676462 0.11764706 0.16078431 0.23137255
v 68.14523916 -34.00000000 86.12867597 0.11764706 0.16078431 0.23137255
v 68.26829378 -34.00000000 85.68401369 0.11764706 0.16078431 0.23137255
v 68.36938164 -34.00000000 85.23384903 0.11764706 0.16078431 0.23137255
v 68.44825919 -34.00000000 84.77926646 0.11764706 0.16078431 0.23137255
v 68.50473643 -34.00000000 84.32136112 0.11764706 0.16078431 0.23137255
v 68.53867729 -34.00000000 83.86123614 0.11764706 0.16078431 0.23137255
v 68.55000000 -34.00000000 83.40000000 0.11764706 0.16078431 0.23137255
v -71.15000000 -34.00000000 34.00000000 0.11764706 0.16078431 0.23137255
v -71.15000000 -34.00000000 88.50000000 0.11764706 0.16078431 0.23137255
v -71.15000000 -35.30526316 88.23684211 0.11764706 0.16078431 0.23137255
v -71.15000000 -36.61052632 87.97368421 0.11764706 0.16078431 0.23137255
v -71.15000000 -37.91578947 87.71052632 0.11764706 0.16078431 0.23137255
v -71.15000000 -39.22105263 87.44736842 0.11764706 0.16078431 0.23137255
v -71.15000000 -40.52631579 87.18421053 0.11764706 0.16078431 0.23137255
v -71.15000000 -41.83157895 86.92105263 0.11764706 0.16078431 0.23137255
v -71.15000000 -43.13684211 86.65789474 0.11764706 0.16078431 0.23137255
v -71.15000000 -44.44210526 86.39473684 0.11764706 0.16078431 0.23137255
v -71.15000000 -45.74736842 86.13157895 0.11764706 0.16078431 0.23137255
v -71.15000000 -47.05263158 85.86842105 0.11764706 0.16078431 0.23137255
v -71.15000000 -48.35789474 85.60526316 0.11764706 0.16078431 0.23137255
v -71.15000000 -49.66315789 85.34210526 0.11764706 0.16078431 0.23137255
v -71.15000000 -50.96842105 85.07894737 0.11764706 0.16078431 0.23137255
v -71.15000000 -52.27368421 84.81578947 0.11764706 0.16078431 0.23137255
v -71.15000000 -53.57894737 84.55263158 0.11764706 0.16078431 0.23137255
v -71.15000000 -54.88421053 84.28947368 0.11764706 0.16078431 0.23137255
v -71.15000000 -56.18947368 84.02631579 0.11764706 0.16078431 0.23137255
v -71.15000000 -57.49473684 83.76315789 0.11764706 0.16078431 0.23137255
v -71.15000000 -58.80000000 83.50000000 0.11764706 0.16078431 0.23137255
v -71.15000000 -58.80000000 34.00000000 0.11764706 0.16078431 0.23137255
v -68.55000000 -34.00000000 34.00000000 0.11764706 0.16078431 0.23137255
v -68.55000000 -34.00000000 88.50000000 0.11764706 0.16078431 0.23137255
v -68.55000000 -35.30526316 88.23684211 0.11764706 0.16078431 0.23137255
v -68.55000000 -36.61052632 87.97368421 0.11764706 0.16078431 0.23137255
v -68.55000000 -37.91578947 87.71052632 0.11764706 0.16078431 0.23137255
v -68.55000000 -39.22105263 87.44736842 0.11764706 0.16078431 0.23137255
v -68.55000000 -40.52631579 87.18421053 0.11764706 0.16078431 0.23137255
v -68.55000000 -41.83157895 86.92105263 0.11764706 0.16078431 0.23137255
v -68.55000000 -43.13684211 86.65789474 0.11764706 0.16078431 0.23137255
v -68.55000000 -44.44210526 86.39473684 0.11764706 0.16078431 0.23137255
v -68.55000000 -45.74736842 86.13157895 0.11764706 0.16078431 0.23137255
v -68.55000000 -47.05263158 85.86842105 0.11764706 0.16078431 0.23137255
v -68.55000000 -48.35789474 85.60526316 0.11764706 0.16078431 0.23137255
v -68.55000000 -49.66315789 85.34210526 0.11764706 0.16078431 0.23137255
v -68.55000000 -50.96842105 85.07894737 0.11764706 0.16078431 0.23137255
v -68.55000000 -52.27368421 84.81578947 0.11764706 0.16078431 0.23137255
v -68.55000000 -53.57894737 84.55263158 0.11764706 0.16078431 0.23137255
v -68.55000000 -54.88421053 84.28947368 0.11764706 0.16078431 0.23137255
v -68.55000000 -56.18947368 84.02631579 0.11764706 0.16078431 0.23137255
v -68.55000000 -57.49473684 83.76315789 0.11764706 0.16078431 0.23137255
v -68.55000000 -58.80000000 83.50000000 0.11764706 0.16078431 0.23137255
v -68.55000000 -58.80000000 34.00000000 0.11764706 0.16078431 0.23137255
v 68.55000000 -34.00000000 34.00000000 0.11764706 0.16078431 0.23137255
v 68.55000000 -34.00000000 88.50000000 0.11764706 0.16078431 0.23137255
v 68.55000000 -35.30526316 88.23684211 0.11764706 0.16078431 0.23137255
v 68.55000000 -36.61052632 87.97368421 0.11764706 0.16078431 0.23137255
v 68.55000000 -37.91578947 87.71052632 0.11764706 0.16078431 0.23137255
v 68.55000000 -39.22105263 87.44736842 0.11764706 0.16078431 0.23137255
v 68.55000000 -40.52631579 87.18421053 0.11764706 0.16078431 0.23137255
v 68.55000000 -41.83157895 86.92105263 0.11764706 0.16078431 0.23137255
v 68.55000000 -43.13684211 86.65789474 0.11764706 0.16078431 0.23137255
v 68.55000000 -44.44210526 86.39473684 0.11764706 0.16078431 0.23137255
v 68.55000000 -45.74736842 86.13157895 0.11764706 0.16078431 0.23137255
v 68.55000000 -47.05263158 85.86842105 0.11764706 0.16078431 0.23137255
v 68.55000000 -48.35789474 85.60526316 0.11764706 0.16078431 0.23137255
v 68.55000000 -49.66315789 85.34210526 0.11764706 0.16078431 0.23137255
v 68.55000000 -50.96842105 85.07894737 0.11764706 0.16078431 0.23137255
v 68.55000000 -52.27368421 84.81578947 0.11764706 0.16078431 0.23137255
v 68.55000000 -53.57894737 84.55263158 0.11764706 0.16078431 0.23137255
v 68.55000000 -54.88421053 84.28947368 0.11764706 0.16078431 0.23137255
v 68.55000000 -56.18947368 84.02631579 0.11764706 0.16078431 0.23137255
v 68.55000000 -57.49473684 83.76315789 0.11764706 0.16078431 0.23137255
v 68.55000000 -58.80000000 83.50000000 0.11764706 0.16078431 0.23137255
v 68.55000000 -58.80000000 34.00000000 0.11764706 0.16078431 0.23137255
v 71.15000000 -34.00000000 34.00000000 0.11764706 0.16078431 0.23137255
v 71.15000000 -34.00000000 88.50000000 0.11764706 0.16078431 0.23137255
v 71.15000000 -35.30526316 88.23684211 0.11764706 0.16078431 0.23137255
v 71.15000000 -36.61052632 87.97368421 0.11764706 0.16078431 0.23137255
v 71.15000000 -37.91578947 87.71052632 0.11764706 0.16078431 0.23137255
v 71.15000000 -39.22105263 87.44736842 0.11764706 0.16078431 0.23137255
v 71.15000000 -40.52631579 87.18421053 0.11764706 0.16078431 0.23137255
v 71.15000000 -41.83157895 86.92105263 0.11764706 0.16078431 0.23137255
v 71.15000000 -43.13684211 86.65789474 0.11764706 0.16078431 0.23137255
v 71.15000000 -44.44210526 86.39473684 0.11764706 0.16078431 0.23137255
v 71.15000000 -45.74736842 86.13157895 0.11764706 0.16078431 0.23137255
v 71.15000000 -47.05263158 85.86842105 0.11764706 0.16078431 0.23137255
v 71.15000000 -48.35789474 85.60526316 0.11764706 0.16078431 0.23137255
v 71.15000000 -49.66315789 85.34210526 0.11764706 0.16078431 0.23137255
v 71.15000000 -50.96842105 85.07894737 0.11764706 0.16078431 0.23137255
v 71.15000000 -52.27368421 84.81578947 0.11764706 0.16078431 0.23137255
v 71.15000000 -53.57894737 84.55263158 0.11764706 0.16078431 0.23137255
v 71.15000000 -54.88421053 84.28947368 0.11764706 0.16078431 0.23137255
v 71.15000000 -56.18947368 84.02631579 0.11764706 0.16078431 0.23137255
v 71.15000000 -57.49473684 83.76315789 0.11764706 0.16078431 0.23137255
v 71.15000000 -58.80000000 83.50000000 0.11764706 0.16078431 0.23137255
v 71.15000000 -58.80000000 34.00000000 0.11764706 0.16078431 0.23137255
v -71.15000000 0.00000000 83.40000000 0.11764706 0.16078431 0.23137255
v -71.15000000 0.00000000 34.00000000 0.11764706 0.16078431 0.23137255
v -59.61652147 0.00000000 34.00000000 0.11764706 0.16078431 0.23137255
v -59.71217463 0.00000000 34.17895447 0.11764706 0.16078431 0.23137255
v -59.86611334 0.00000000 34.51870444 0.11764706 0.16078431 0.23137255
v -59.99750174 0.00000000 34.86779505 0.11764706 0.16078431 0.23137255
v -60.10577721 0.00000000 35.22473144 0.11764706 0.16078431 0.23137255
v -60.19047610 0.00000000 35.58798516 0.11764706 0.16078431 0.23137255
v -60.25123571 0.00000000 35.95600070 0.11764706 0.16078431 0.23137255
v -60.28779586 0.00000000 36.32720216 0.11764706 0.16078431 0.23137255
v -60.30000000 0.00000000 36.70000000 0.11764706 0.16078431 0.23137255
v -60.30000000 0.00000000 81.50000000 0.11764706 0.16078431 0.23137255
v -60.28779586 0.00000000 81.87279784 0.11764706 0.16078431 0.23137255
v -60.25123571 0.00000000 82.24399930 0.11764706 0.16078431 0.23137255
v -60.19047610 0.00000000 82.61201484 0.11764706 0.16078431 0.23137255
v -60.10577721 0.00000000 82.97526856 0.11764706 0.16078431 0.23137255
v -59.99750174 0.00000000 83.33220495 0.11764706 0.16078431 0.23137255
v -59.86611334 0.00000000 83.68129556 0.11764706 0.16078431 0.23137255
v -59.71217463 0.00000000 84.02104553 0.11764706 0.16078431 0.23137255
v -59.53634480 0.00000000 84.35000000 0.11764706 0.16078431 0.23137255
v -59.33937679 0.00000000 84.66675033 0.11764706 0.16078431 0.23137255
v -59.12211404 0.00000000 84.96994015 0.11764706 0.16078431 0.23137255
v -58.88548690 0.00000000 85.25827115 0.11764706 0.16078431 0.23137255
v -58.63050865 0.00000000 85.53050865 0.11764706 0.16078431 0.23137255
v -58.35827115 0.00000000 85.78548690 0.11764706 0.16078431 0.23137255
v -58.06994015 0.00000000 86.02211404 0.11764706 0.16078431 0.23137255
v -57.76675033 0.00000000 86.23937679 0.11764706 0.16078431 0.23137255
v -57.45000000 0.00000000 86.43634480 0.11764706 0.16078431 0.23137255
v -57.12104553 0.00000000 86.61217463 0.11764706 0.16078431 0.23137255
v -56.78129556 0.00000000 86.76611334 0.11764706 0.16078431 0.23137255
v -56.43220495 0.00000000 86.89750174 0.11764706 0.16078431 0.23137255
v -56.07526856 0.00000000 87.00577721 0.11764706 0.16078431 0.23137255
v -55.71201484 0.00000000 87.09047610 0.11764706 0.16078431 0.23137255
v -55.34399930 0.00000000 87.15123571 0.11764706 0.16078431 0.23137255
v -54.97279784 0.00000000 87.18779586 0.11764706 0.16078431 0.23137255
v -54.60000000 0.00000000 87.20000000 0.11764706 0.16078431 0.23137255
v 54.60000000 0.00000000 87.20000000 0.11764706 0.16078431 0.23137255
v 54.97279784 0.00000000 87.18779586 0.11764706 0.16078431 0.23137255
v 55.34399930 0.00000000 87.15123571 0.11764706 0.16078431 0.23137255
v 55.71201484 0.00000000 87.09047610 0.11764706 0.16078431 0.23137255
v 56.07526856 0.00000000 87.00577721 0.11764706 0.16078431 0.23137255
v 56.43220495 0.00000000 86.89750174 0.11764706 0.16078431 0.23137255
v 56.78129556 0.00000000 86.76611334 0.11764706 0.16078431 0.23137255
v 57.12104553 0.00000000 86.61217463 0.11764706 0.16078431 0.23137255
v 57.45000000 0.00000000 86.43634480 0.11764706 0.16078431 0.23137255
v 57.76675033 0.00000000 86.23937679 0.11764706 0.16078431 0.23137255
v 58.06994015 0.00000000 86.02211404 0.11764706 0.16078431 0.23137255
v 58.35827115 0.00000000 85.78548690 0.11764706 0.16078431 0.23137255
v 58.63050865 0.00000000 85.53050865 0.11764706 0.16078431 0.23137255
v 58.88548690 0.00000000 85.25827115 0.11764706 0.16078431 0.23137255
v 59.12211404 0.00000000 84.96994015 0.11764706 0.16078431 0.23137255
v 59.33937679 0.00000000 84.66675033 0.11764706 0.16078431 0.23137255
v 59.53634480 0.00000000 84.35000000 0.11764706 0.16078431 0.23137255
v 59.71217463 0.00000000 84.02104553 0.11764706 0.16078431 0.23137255
v 59.86611334 0.00000000 83.68129556 0.11764706 0.16078431 0.23137255
v 59.99750174 0.00000000 83.33220495 0.11764706 0.16078431 0.23137255
v 60.10577721 0.00000000 82.97526856 0.11764706 0.16078431 0.23137255
v 60.19047610 0.00000000 82.61201484 0.11764706 0.16078431 0.23137255
v 60.25123571 0.00000000 82.24399930 0.11764706 0.16078431 0.23137255
v 60.28779586 0.00000000 81.87279784 0.11764706 0.16078431 0.23137255
v 60.30000000 0.00000000 81.50000000 0.11764706 0.16078431 0.23137255
v 60.30000000 0.00000000 36.70000000 0.11764706 0.16078431 0.23137255
v 60.28779586 0.00000000 36.32720216 0.11764706 0.16078431 0.23137255
v 60.25123571 0.00000000 35.95600070 0.11764706 0.16078431 0.23137255
v 60.19047610 0.00000000 35.58798516 0.11764706 0.16078431 0.23137255
v 60.10577721 0.00000000 35.22473144 0.11764706 0.16078431 0.23137255
v 59.99750174 0.00000000 34.86779505 0.11764706 0.16078431 0.23137255
v 59.86611334 0.00000000 34.51870444 0.11764706 0.16078431 0.23137255
v 59.71217463 0.00000000 34.17895447 0.11764706 0.16078431 0.23137255
v 59.61652147 0.00000000 34.00000000 0.11764706 0.16078431 0.23137255
v 71.15000000 0.00000000 34.00000000 0.11764706 0.16078431 0.23137255
v 71.15000000 0.00000000 83.40000000 0.11764706 0.16078431 0.23137255
v 71.13554547 0.00000000 83.98881209 0.11764706 0.16078431 0.23137255
v 71.09221672 0.00000000 84.57620568 0.11764706 0.16078431 0.23137255
v 71.02011812 0.00000000 85.16076569 0.11764706 0.16078431 0.23137255
v 70.91942336 0.00000000 85.74108386 0.11764706 0.16078431 0.23137255
v 70.79037504 0.00000000 86.31576216 0.11764706 0.16078431 0.23137255
v 70.63328403 0.00000000 86.88341613 0.11764706 0.16078431 0.23137255
v 70.44852878 0.00000000 87.44267824 0.11764706 0.16078431 0.23137255
v 70.23655439 0.00000000 87.99220119 0.11764706 0.16078431 0.23137255
v 69.99787152 0.00000000 88.53066112 0.11764706 0.16078431 0.23137255
v 69.73305517 0.00000000 89.05676084 0.11764706 0.16078431 0.23137255
v 69.44274332 0.00000000 89.56923293 0.11764706 0.16078431 0.23137255
v 69.12763535 0.00000000 90.06684280 0.11764706 0.16078431 0.23137255
v 68.78849038 0.00000000 90.54839165 0.11764706 0.16078431 0.23137255
v 68.42612544 0.00000000 91.01271941 0.11764706 0.16078431 0.23137255
v 68.04141350 0.00000000 91.45870746 0.11764706 0.16078431 0.23137255
v 67.63528137 0.00000000 91.88528137 0.11764706 0.16078431 0.23137255
v 67.20870746 0.00000000 92.29141350 0.11764706 0.16078431 0.23137255
v 66.76271941 0.00000000 92.67612544 0.11764706 0.16078431 0.23137255
v 66.29839165 0.00000000 93.03849038 0.11764706 0.16078431 0.23137255
v 65.81684280 0.00000000 93.37763535 0.11764706 0.16078431 0.23137255
v 65.31923293 0.00000000 93.69274332 0.11764706 0.16078431 0.23137255
v 64.80676084 0.00000000 93.98305517 0.11764706 0.16078431 0.23137255
v 64.28066112 0.00000000 94.24787152 0.11764706 0.16078431 0.23137255
v 63.74220119 0.00000000 94.48655439 0.11764706 0.16078431 0.23137255
v 63.19267824 0.00000000 94.69852878 0.11764706 0.16078431 0.23137255
v 62.63341613 0.00000000 94.88328403 0.11764706 0.16078431 0.23137255
v 62.06576216 0.00000000 95.04037504 0.11764706 0.16078431 0.23137255
v 61.49108386 0.00000000 95.16942336 0.11764706 0.16078431 0.23137255
v 60.91076569 0.00000000 95.27011812 0.11764706 0.16078431 0.23137255
v 60.32620568 0.00000000 95.34221672 0.11764706 0.16078431 0.23137255
v 59.73881209 0.00000000 95.38554547 0.11764706 0.16078431 0.23137255
v 59.15000000 0.00000000 95.40000000 0.11764706 0.16078431 0.23137255
v -59.15000000 0.00000000 95.40000000 0.11764706 0.16078431 0.23137255
v -59.73881209 0.00000000 95.38554547 0.11764706 0.16078431 0.23137255
v -60.32620568 0.00000000 95.34221672 0.11764706 0.16078431 0.23137255
v -60.91076569 0.00000000 95.27011812 0.11764706 0.16078431 0.23137255
v -61.49108386 0.00000000 95.16942336 0.11764706 0.16078431 0.23137255
v -62.06576216 0.00000000 95.04037504 0.11764706 0.16078431 0.23137255
v -62.63341613 0.00000000 94.88328403 0.11764706 0.16078431 0.23137255
v -63.19267824 0.00000000 94.69852878 0.11764706 0.16078431 0.23137255
v -63.74220119 0.00000000 94.48655439 0.11764706 0.16078431 0.23137255
v -64.28066112 0.00000000 94.24787152 0.11764706 0.16078431 0.23137255
v -64.80676084 0.00000000 93.98305517 0.11764706 0.16078431 0.23137255
v -65.31923293 0.00000000 93.69274332 0.11764706 0.16078431 0.23137255
v -65.81684280 0.00000000 93.37763535 0.11764706 0.16078431 0.23137255
v -66.29839165 0.00000000 93.03849038 0.11764706 0.16078431 0.23137255
v -66.76271941 0.00000000 92.67612544 0.11764706 0.16078431 0.23137255
v -67.20870746 0.00000000 92.29141350 0.11764706 0.16078431 0.23137255
v -67.63528137 0.00000000 91.88528137 0.11764706 0.16078431 0.23137255
v -68.04141350 0.00000000 91.45870746 0.11764706 0.16078431 0.23137255
v -68.42612544 0.00000000 91.01271941 0.11764706 0.16078431 0.23137255
v -68.78849038 0.00000000 90.54839165 0.11764706 0.16078431 0.23137255
v -69.12763535 0.00000000 90.06684280 0.11764706 0.16078431 0.23137255
v -69.44274332 0.00000000 89.56923293 0.11764706 0.16078431 0.23137255
v -69.73305517 0.00000000 89.05676084 0.11764706 0.16078431 0.23137255
v -69.99787152 0.00000000 88.53066112 0.11764706 0.16078431 0.23137255
v -70.23655439 0.00000000 87.99220119 0.11764706 0.16078431 0.23137255
v -70.44852878 0.00000000 87.44267824 0.11764706 0.16078431 0.23137255
v -70.63328403 0.00000000 86.88341613 0.11764706 0.16078431 0.23137255
v -70.79037504 0.00000000 86.31576216 0.11764706 0.16078431 0.23137255
v -70.91942336 0.00000000 85.74108386 0.11764706 0.16078431 0.23137255
v -71.02011812 0.00000000 85.16076569 0.11764706 0.16078431 0.23137255
v -71.09221672 0.00000000 84.57620568 0.11764706 0.16078431 0.23137255
v -71.13554547 0.00000000 83.98881209 0.11764706 0.16078431 0.23137255
v -71.15000000 -3.00000000 83.40000000 0.11764706 0.16078431 0.23137255
v -71.15000000 -3.00000000 34.00000000 0.11764706 0.16078431 0.23137255
v -59.61652147 -3.00000000 34.00000000 0.11764706 0.16078431 0.23137255
v -59.71217463 -3.00000000 34.17895447 0.11764706 0.16078431 0.23137255
v -59.86611334 -3.00000000 34.51870444 0.11764706 0.16078431 0.23137255
v -59.99750174 -3.00000000 34.86779505 0.11764706 0.16078431 0.23137255
v -60.10577721 -3.00000000 35.22473144 0.11764706 0.16078431 0.23137255
v -60.19047610 -3.00000000 35.58798516 0.11764706 0.16078431 0.23137255
v -60.25123571 -3.00000000 35.95600070 0.11764706 0.16078431 0.23137255
v -60.28779586 -3.00000000 36.32720216 0.11764706 0.16078431 0.23137255
v -60.30000000 -3.00000000 36.70000000 0.11764706 0.16078431 0.23137255
v -60.30000000 -3.00000000 81.50000000 0.11764706 0.16078431 0.23137255
v -60.28779586 -3.00000000 81.87279784 0.11764706 0.16078431 0.23137255
v -60.25123571 -3.00000000 82.24399930 0.11764706 0.16078431 0.23137255
v -60.19047610 -3.00000000 82.61201484 0.11764706 0.16078431 0.23137255
v -60.10577721 -3.00000000 82.97526856 0.11764706 0.16078431 0.23137255
v -59.99750174 -3.00000000 83.33220495 0.11764706 0.16078431 0.23137255
v -59.86611334 -3.00000000 83.68129556 0.11764706 0.16078431 0.23137255
v -59.71217463 -3.00000000 84.02104553 0.11764706 0.16078431 0.23137255
v -59.53634480 -3.00000000 84.35000000 0.11764706 0.16078431 0.23137255
v -59.33937679 -3.00000000 84.66675033 0.11764706 0.16078431 0.23137255
v -59.12211404 -3.00000000 84.96994015 0.11764706 0.16078431 0.23137255
v -58.88548690 -3.00000000 85.25827115 0.11764706 0.16078431 0.23137255
v -58.63050865 -3.00000000 85.53050865 0.11764706 0.16078431 0.23137255
v -58.35827115 -3.00000000 85.78548690 0.11764706 0.16078431 0.23137255
v -58.06994015 -3.00000000 86.02211404 0.11764706 0.16078431 0.23137255
v -57.76675033 -3.00000000 86.23937679 0.11764706 0.16078431 0.23137255
v -57.45000000 -3.00000000 86.43634480 0.11764706 0.16078431 0.23137255
v -57.12104553 -3.00000000 86.61217463 0.11764706 0.16078431 0.23137255
v -56.78129556 -3.00000000 86.76611334 0.11764706 0.16078431 0.23137255
v -56.43220495 -3.00000000 86.89750174 0.11764706 0.16078431 0.23137255
v -56.07526856 -3.00000000 87.00577721 0.11764706 0.16078431 0.23137255
v -55.71201484 -3.00000000 87.09047610 0.11764706 0.16078431 0.23137255
v -55.34399930 -3.00000000 87.15123571 0.11764706 0.16078431 0.23137255
v -54.97279784 -3.00000000 87.18779586 0.11764706 0.16078431 0.23137255
v -54.60000000 -3.00000000 87.20000000 0.11764706 0.16078431 0.23137255
v 54.60000000 -3.00000000 87.20000000 0.11764706 0.16078431 0.23137255
v 54.97279784 -3.00000000 87.18779586 0.11764706 0.16078431 0.23137255
v 55.34399930 -3.00000000 87.15123571 0.11764706 0.16078431 0.23137255
v 55.71201484 -3.00000000 87.09047610 0.11764706 0.16078431 0.23137255
v 56.07526856 -3.00000000 87.00577721 0.11764706 0.16078431 0.23137255
v 56.43220495 -3.00000000 86.89750174 0.11764706 0.16078431 0.23137255
v 56.78129556 -3.00000000 86.76611334 0.11764706 0.16078431 0.23137255
v 57.12104553 -3.00000000 86.61217463 0.11764706 0.16078431 0.23137255
v 57.45000000 -3.00000000 86.43634480 0.11764706 0.16078431 0.23137255
v 57.76675033 -3.00000000 86.23937679 0.11764706 0.16078431 0.23137255
v 58.06994015 -3.00000000 86.02211404 0.11764706 0.16078431 0.23137255
v 58.35827115 -3.00000000 85.78548690 0.11764706 0.16078431 0.23137255
v 58.63050865 -3.00000000 85.53050865 0.11764706 0.16078431 0.23137255
v 58.88548690 -3.00000000 85.25827115 0.11764706 0.16078431 0.23137255
v 59.12211404 -3.00000000 84.96994015 0.11764706 0.16078431 0.23137255
v 59.33937679 -3.00000000 84.66675033 0.11764706 0.16078431 0.23137255
v 59.53634480 -3.00000000 84.35000000 0.11764706 0.16078431 0.23137255
v 59.71217463 -3.00000000 84.02104553 0.11764706 0.16078431 0.23137255
v 59.86611334 -3.00000000 83.68129556 0.11764706 0.16078431 0.23137255
v 59.99750174 -3.00000000 83.33220495 0.11764706 0.16078431 0.23137255
v 60.10577721 -3.00000000 82.97526856 0.11764706 0.16078431 0.23137255
v 60.19047610 -3.00000000 82.61201484 0.11764706 0.16078431 0.23137255
v 60.25123571 -3.00000000 82.24399930 0.11764706 0.16078431 0.23137255
v 60.28779586 -3.00000000 81.87279784 0.11764706 0.16078431 0.23137255
v 60.30000000 -3.00000000 81.50000000 0.11764706 0.16078431 0.23137255
v 60.30000000 -3.00000000 36.70000000 0.11764706 0.16078431 0.23137255
v 60.28779586 -3.00000000 36.32720216 0.11764706 0.16078431 0.23137255
v 60.25123571 -3.00000000 35.95600070 0.11764706 0.16078431 0.23137255
v 60.19047610 -3.00000000 35.58798516 0.11764706 0.16078431 0.23137255
v 60.10577721 -3.00000000 35.22473144 0.11764706 0.16078431 0.23137255
v 59.99750174 -3.00000000 34.86779505 0.11764706 0.16078431 0.23137255
v 59.86611334 -3.00000000 34.51870444 0.11764706 0.16078431 0.23137255
v 59.71217463 -3.00000000 34.17895447 0.11764706 0.16078431 0.23137255
v 59.61652147 -3.00000000 34.00000000 0.11764706 0.16078431 0.23137255
v 71.15000000 -3.00000000 34.00000000 0.11764706 0.16078431 0.23137255
v 71.15000000 -3.00000000 83.40000000 0.11764706 0.16078431 0.23137255
v 71.13554547 -3.00000000 83.98881209 0.11764706 0.16078431 0.23137255
v 71.09221672 -3.00000000 84.57620568 0.11764706 0.16078431 0.23137255
v 71.02011812 -3.00000000 85.16076569 0.11764706 0.16078431 0.23137255
v 70.91942336 -3.00000000 85.74108386 0.11764706 0.16078431 0.23137255
v 70.79037504 -3.00000000 86.31576216 0.11764706 0.16078431 0.23137255
v 70.63328403 -3.00000000 86.88341613 0.11764706 0.16078431 0.23137255
v 70.44852878 -3.00000000 87.44267824 0.11764706 0.16078431 0.23137255
v 70.23655439 -3.00000000 87.99220119 0.11764706 0.16078431 0.23137255
v 69.99787152 -3.00000000 88.53066112 0.11764706 0.16078431 0.23137255
v 69.73305517 -3.00000000 89.05676084 0.11764706 0.16078431 0.23137255
v 69.44274332 -3.00000000 89.56923293 0.11764706 0.16078431 0.23137255
v 69.12763535 -3.00000000 90.06684280 0.11764706 0.16078431 0.23137255
v 68.78849038 -3.00000000 90.54839165 0.11764706 0.16078431 0.23137255
v 68.42612544 -3.00000000 91.01271941 0.11764706 0.16078431 0.23137255
v 68.04141350 -3.00000000 91.45870746 0.11764706 0.16078431 0.23137255
v 67.63528137 -3.00000000 91.88528137 0.11764706 0.16078431 0.23137255
v 67.20870746 -3.00000000 92.29141350 0.11764706 0.16078431 0.23137255
v 66.76271941 -3.00000000 92.67612544 0.11764706 0.16078431 0.23137255
v 66.29839165 -3.00000000 93.03849038 0.11764706 0.16078431 0.23137255
v 65.81684280 -3.00000000 93.37763535 0.11764706 0.16078431 0.23137255
v 65.31923293 -3.00000000 93.69274332 0.11764706 0.16078431 0.23137255
v 64.80676084 -3.00000000 93.98305517 0.11764706 0.16078431 0.23137255
v 64.28066112 -3.00000000 94.24787152 0.11764706 0.16078431 0.23137255
v 63.74220119 -3.00000000 94.48655439 0.11764706 0.16078431 0.23137255
v 63.19267824 -3.00000000 94.69852878 0.11764706 0.16078431 0.23137255
v 62.63341613 -3.00000000 94.88328403 0.11764706 0.16078431 0.23137255
v 62.06576216 -3.00000000 95.04037504 0.11764706 0.16078431 0.23137255
v 61.49108386 -3.00000000 95.16942336 0.11764706 0.16078431 0.23137255
v 60.91076569 -3.00000000 95.27011812 0.11764706 0.16078431 0.23137255
v 60.32620568 -3.00000000 95.34221672 0.11764706 0.16078431 0.23137255
v 59.73881209 -3.00000000 95.38554547 0.11764706 0.16078431 0.23137255
v 59.15000000 -3.00000000 95.40000000 0.11764706 0.16078431 0.23137255
v -59.15000000 -3.00000000 95.40000000 0.11764706 0.16078431 0.23137255
v -59.73881209 -3.00000000 95.38554547 0.11764706 0.16078431 0.23137255
v -60.32620568 -3.00000000 95.34221672 0.11764706 0.16078431 0.23137255
v -60.91076569 -3.00000000 95.27011812 0.11764706 0.16078431 0.23137255
v -61.49108386 -3.00000000 95.16942336 0.11764706 0.16078431 0.23137255
v -62.06576216 -3.00000000 95.04037504 0.11764706 0.16078431 0.23137255
v -62.63341613 -3.00000000 94.88328403 0.11764706 0.16078431 0.23137255
v -63.19267824 -3.00000000 94.69852878 0.11764706 0.16078431 0.23137255
v -63.74220119 -3.00000000 94.48655439 0.11764706 0.16078431 0.23137255
v -64.28066112 -3.00000000 94.24787152 0.11764706 0.16078431 0.23137255
v -64.80676084 -3.00000000 93.98305517 0.11764706 0.16078431 0.23137255
v -65.31923293 -3.00000000 93.69274332 0.11764706 0.16078431 0.23137255
v -65.81684280 -3.00000000 93.37763535 0.11764706 0.16078431 0.23137255
v -66.29839165 -3.00000000 93.03849038 0.11764706 0.16078431 0.23137255
v -66.76271941 -3.00000000 92.67612544 0.11764706 0.16078431 0.23137255
v -67.20870746 -3.00000000 92.29141350 0.11764706 0.16078431 0.23137255
v -67.63528137 -3.00000000 91.88528137 0.11764706 0.16078431 0.23137255
v -68.04141350 -3.00000000 91.45870746 0.11764706 0.16078431 0.23137255
v -68.42612544 -3.00000000 91.01271941 0.11764706 0.16078431 0.23137255
v -68.78849038 -3.00000000 90.54839165 0.11764706 0.16078431 0.23137255
v -69.12763535 -3.00000000 90.06684280 0.11764706 0.16078431 0.23137255
v -69.44274332 -3.00000000 89.56923293 0.11764706 0.16078431 0.23137255
v -69.73305517 -3.00000000 89.05676084 0.11764706 0.16078431 0.23137255
v -69.99787152 -3.00000000 88.53066112 0.11764706 0.16078431 0.23137255
v -70.23655439 -3.00000000 87.99220119 0.11764706 0.16078431 0.23137255
v -70.44852878 -3.00000000 87.44267824 0.11764706 0.16078431 0.23137255
v -70.63328403 -3.00000000 86.88341613 0.11764706 0.16078431 0.23137255
v -70.79037504 -3.00000000 86.31576216 0.11764706 0.16078431 0.23137255
v -70.91942336 -3.00000000 85.74108386 0.11764706 0.16078431 0.23137255
v -71.02011812 -3.00000000 85.16076569 0.11764706 0.16078431 0.23137255
v -71.09221672 -3.00000000 84.57620568 0.11764706 0.16078431 0.23137255
v -71.13554547 -3.00000000 83.98881209 0.11764706 0.16078431 0.23137255
v -71.15000000 -3.00000000 83.40000000 0.20000000 0.25490196 0.33333333
v -71.15000000 -3.00000000 34.00000000 0.20000000 0.25490196 0.33333333
v -52.80000000 -3.00000000 34.00000000 0.20000000 0.25490196 0.33333333
v -53.09431408 -3.00000000 34.00963485 0.20000000 0.25490196 0.33333333
v -53.38736786 -3.00000000 34.03849812 0.20000000 0.25490196 0.33333333
v -53.67790645 -3.00000000 34.08646624 0.20000000 0.25490196 0.33333333
v -53.96468570 -3.00000000 34.15333378 0.20000000 0.25490196 0.33333333
v -54.24647759 -3.00000000 34.23881442 0.20000000 0.25490196 0.33333333
v -54.52207545 -3.00000000 34.34254210 0.20000000 0.25490196 0.33333333
v -54.79029911 -3.00000000 34.46407266 0.20000000 0.25490196 0.33333333
v -55.05000000 -3.00000000 34.60288568 0.20000000 0.25490196 0.33333333
v -55.30006605 -3.00000000 34.75838674 0.20000000 0.25490196 0.33333333
v -55.53942643 -3.00000000 34.92990997 0.20000000 0.25490196 0.33333333
v -55.76705617 -3.00000000 35.11672087 0.20000000 0.25490196 0.33333333
v -55.98198052 -3.00000000 35.31801948 0.20000000 0.25490196 0.33333333
v -56.18327913 -3.00000000 35.53294383 0.20000000 0.25490196 0.33333333
v -56.37009003 -3.00000000 35.76057357 0.20000000 0.25490196 0.33333333
v -56.54161326 -3.00000000 35.99993395 0.20000000 0.25490196 0.33333333
v -56.69711432 -3.00000000 36.25000000 0.20000000 0.25490196 0.33333333
v -56.83592734 -3.00000000 36.50970089 0.20000000 0.25490196 0.33333333
v -56.95745790 -3.00000000 36.77792455 0.20000000 0.25490196 0.33333333
v -57.06118558 -3.00000000 37.05352241 0.20000000 0.25490196 0.33333333
v -57.14666622 -3.00000000 37.33531430 0.20000000 0.25490196 0.33333333
v -57.21353376 -3.00000000 37.62209355 0.20000000 0.25490196 0.33333333
v -57.26150188 -3.00000000 37.91263214 0.20000000 0.25490196 0.33333333
v -57.29036515 -3.00000000 38.20568592 0.20000000 0.25490196 0.33333333
v -57.30000000 -3.00000000 38.50000000 0.20000000 0.25490196 0.33333333
v -57.30000000 -3.00000000 79.70000000 0.20000000 0.25490196 0.33333333
v -57.29036515 -3.00000000 79.99431408 0.20000000 0.25490196 0.33333333
v -57.26150188 -3.00000000 80.28736786 0.20000000 0.25490196 0.33333333
v -57.21353376 -3.00000000 80.57790645 0.20000000 0.25490196 0.33333333
v -57.14666622 -3.00000000 80.86468570 0.20000000 0.25490196 0.33333333
v -57.06118558 -3.00000000 81.14647759 0.20000000 0.25490196 0.33333333
v -56.95745790 -3.00000000 81.42207545 0.20000000 0.25490196 0.33333333
v -56.83592734 -3.00000000 81.69029911 0.20000000 0.25490196 0.33333333
v -56.69711432 -3.00000000 81.95000000 0.20000000 0.25490196 0.33333333
v -56.54161326 -3.00000000 82.20006605 0.20000000 0.25490196 0.33333333
v -56.37009003 -3.00000000 82.43942643 0.20000000 0.25490196 0.33333333
v -56.18327913 -3.00000000 82.66705617 0.20000000 0.25490196 0.33333333
v -55.98198052 -3.00000000 82.88198052 0.20000000 0.25490196 0.33333333
v -55.76705617 -3.00000000 83.08327913 0.20000000 0.25490196 0.33333333
v -55.53942643 -3.00000000 83.27009003 0.20000000 0.25490196 0.33333333
v -55.30006605 -3.00000000 83.44161326 0.20000000 0.25490196 0.33333333
v -55.05000000 -3.00000000 83.59711432 0.20000000 0.25490196 0.33333333
v -54.79029911 -3.00000000 83.73592734 0.20000000 0.25490196 0.33333333
v -54.52207545 -3.00000000 83.85745790 0.20000000 0.25490196 0.33333333
v -54.24647759 -3.00000000 83.96118558 0.20000000 0.25490196 0.33333333
v -53.96468570 -3.00000000 84.04666622 0.20000000 0.25490196 0.33333333
v -53.67790645 -3.00000000 84.11353376 0.20000000 0.25490196 0.33333333
v -53.38736786 -3.00000000 84.16150188 0.20000000 0.25490196 0.33333333
v -53.09431408 -3.00000000 84.19036515 0.20000000 0.25490196 0.33333333
v -52.80000000 -3.00000000 84.20000000 0.20000000 0.25490196 0.33333333
v 52.80000000 -3.00000000 84.20000000 0.20000000 0.25490196 0.33333333
v 53.09431408 -3.00000000 84.19036515 0.20000000 0.25490196 0.33333333
v 53.38736786 -3.00000000 84.16150188 0.20000000 0.25490196 0.33333333
v 53.67790645 -3.00000000 84.11353376 0.20000000 0.25490196 0.33333333
v 53.96468570 -3.00000000 84.04666622 0.20000000 0.25490196 0.33333333
v 54.24647759 -3.00000000 83.96118558 0.20000000 0.25490196 0.33333333
v 54.52207545 -3.00000000 83.85745790 0.20000000 0.25490196 0.33333333
v 54.79029911 -3.00000000 83.73592734 0.20000000 0.25490196 0.33333333
v 55.05000000 -3.00000000 83.59711432 0.20000000 0.25490196 0.33333333
v 55.30006605 -3.00000000 83.44161326 0.20000000 0.25490196 0.33333333
v 55.53942643 -3.00000000 83.27009003 0.20000000 0.25490196 0.33333333
v 55.76705617 -3.00000000 83.08327913 0.20000000 0.25490196 0.33333333
v 55.98198052 -3.00000000 82.88198052 0.20000000 0.25490196 0.33333333
v 56.18327913 -3.00000000 82.66705617 0.20000000 0.25490196 0.33333333
v 56.37009003 -3.00000000 82.43942643 0.20000000 0.25490196 0.33333333
v 56.54161326 -3.00000000 82.20006605 0.20000000 0.25490196 0.33333333
v 56.69711432 -3.00000000 81.95000000 0.20000000 0.25490196 0.33333333
v 56.83592734 -3.00000000 81.69029911 0.20000000 0.25490196 0.33333333
v 56.95745790 -3.00000000 81.42207545 0.20000000 0.25490196 0.33333333
v 57.06118558 -3.00000000 81.14647759 0.20000000 0.25490196 0.33333333
v 57.14666622 -3.00000000 80.86468570 0.20000000 0.25490196 0.33333333
v 57.21353376 -3.00000000 80.57790645 0.20000000 0.25490196 0.33333333
v 57.26150188 -3.00000000 80.28736786 0.20000000 0.25490196 0.33333333
v 57.29036515 -3.00000000 79.99431408 0.20000000 0.25490196 0.33333333
v 57.30000000 -3.00000000 79.70000000 0.20000000 0.25490196 0.33333333
v 57.30000000 -3.00000000 38.50000000 0.20000000 0.25490196 0.33333333
v 57.29036515 -3.00000000 38.20568592 0.20000000 0.25490196 0.33333333
v 57.26150188 -3.00000000 37.91263214 0.20000000 0.25490196 0.33333333
v 57.21353376 -3.00000000 37.62209355 0.20000000 0.25490196 0.33333333
v 57.14666622 -3.00000000 37.33531430 0.20000000 0.25490196 0.33333333
v 57.06118558 -3.00000000 37.05352241 0.20000000 0.25490196 0.33333333
v 56.95745790 -3.00000000 36.77792455 0.20000000 0.25490196 0.33333333
v 56.83592734 -3.00000000 36.50970089 0.20000000 0.25490196 0.33333333
v 56.69711432 -3.00000000 36.25000000 0.20000000 0.25490196 0.33333333
v 56.54161326 -3.00000000 35.99993395 0.20000000 0.25490196 0.33333333
v 56.37009003 -3.00000000 35.76057357 0.20000000 0.25490196 0.33333333
v 56.18327913 -3.00000000 35.53294383 0.20000000 0.25490196 0.33333333
v 55.98198052 -3.00000000 35.31801948 0.20000000 0.25490196 0.33333333
v 55.76705617 -3.00000000 35.11672087 0.20000000 0.25490196 0.33333333
v 55.53942643 -3.00000000 34.92990997 0.20000000 0.25490196 0.33333333
v 55.30006605 -3.00000000 34.75838674 0.20000000 0.25490196 0.33333333
v 55.05000000 -3.00000000 34.60288568 0.20000000 0.25490196 0.33333333
v 54.79029911 -3.00000000 34.46407266 0.20000000 0.25490196 0.33333333
v 54.52207545 -3.00000000 34.34254210 0.20000000 0.25490196 0.33333333
v 54.24647759 -3.00000000 34.23881442 0.20000000 0.25490196 0.33333333
v 53.96468570 -3.00000000 34.15333378 0.20000000 0.25490196 0.33333333
v 53.67790645 -3.00000000 34.08646624 0.20000000 0.25490196 0.33333333
v 53.38736786 -3.00000000 34.03849812 0.20000000 0.25490196 0.33333333
v 53.09431408 -3.00000000 34.00963485 0.20000000 0.25490196 0.33333333
v 52.80000000 -3.00000000 34.00000000 0.20000000 0.25490196 0.33333333
v 71.15000000 -3.00000000 34.00000000 0.20000000 0.25490196 0.33333333
v 71.15000000 -3.00000000 83.40000000 0.20000000 0.25490196 0.33333333
v 71.13554547 -3.00000000 83.98881209 0.20000000 0.25490196 0.33333333
v 71.09221672 -3.00000000 84.57620568 0.20000000 0.25490196 0.33333333
v 71.02011812 -3.00000000 85.16076569 0.20000000 0.25490196 0.33333333
v 70.91942336 -3.00000000 85.74108386 0.20000000 0.25490196 0.33333333
v 70.79037504 -3.00000000 86.31576216 0.20000000 0.25490196 0.33333333
v 70.63328403 -3.00000000 86.88341613 0.20000000 0.25490196 0.33333333
v 70.44852878 -3.00000000 87.44267824 0.20000000 0.25490196 0.33333333
v 70.23655439 -3.00000000 87.99220119 0.20000000 0.25490196 0.33333333
v 69.99787152 -3.00000000 88.53066112 0.20000000 0.25490196 0.33333333
v 69.73305517 -3.00000000 89.05676084 0.20000000 0.25490196 0.33333333
v 69.44274332 -3.00000000 89.56923293 0.20000000 0.25490196 0.33333333
v 69.12763535 -3.00000000 90.06684280 0.20000000 0.25490196 0.33333333
v 68.78849038 -3.00000000 90.54839165 0.20000000 0.25490196 0.33333333
v 68.42612544 -3.00000000 91.01271941 0.20000000 0.25490196 0.33333333
v 68.04141350 -3.00000000 91.45870746 0.20000000 0.25490196 0.33333333
v 67.63528137 -3.00000000 91.88528137 0.20000000 0.25490196 0.33333333
v 67.20870746 -3.00000000 92.29141350 0.20000000 0.25490196 0.33333333
v 66.76271941 -3.00000000 92.67612544 0.20000000 0.25490196 0.33333333
v 66.29839165 -3.00000000 93.03849038 0.20000000 0.25490196 0.33333333
v 65.81684280 -3.00000000 93.37763535 0.20000000 0.25490196 0.33333333
v 65.31923293 -3.00000000 93.69274332 0.20000000 0.25490196 0.33333333
v 64.80676084 -3.00000000 93.98305517 0.20000000 0.25490196 0.33333333
v 64.28066112 -3.00000000 94.24787152 0.20000000 0.25490196 0.33333333
v 63.74220119 -3.00000000 94.48655439 0.20000000 0.25490196 0.33333333
v 63.19267824 -3.00000000 94.69852878 0.20000000 0.25490196 0.33333333
v 62.63341613 -3.00000000 94.88328403 0.20000000 0.25490196 0.33333333
v 62.06576216 -3.00000000 95.04037504 0.20000000 0.25490196 0.33333333
v 61.49108386 -3.00000000 95.16942336 0.20000000 0.25490196 0.33333333
v 60.91076569 -3.00000000 95.27011812 0.20000000 0.25490196 0.33333333
v 60.32620568 -3.00000000 95.34221672 0.20000000 0.25490196 0.33333333
v 59.73881209 -3.00000000 95.38554547 0.20000000 0.25490196 0.33333333
v 59.15000000 -3.00000000 95.40000000 0.20000000 0.25490196 0.33333333
v -59.15000000 -3.00000000 95.40000000 0.20000000 0.25490196 0.33333333
v -59.73881209 -3.00000000 95.38554547 0.20000000 0.25490196 0.33333333
v -60.32620568 -3.00000000 95.34221672 0.20000000 0.25490196 0.33333333
v -60.91076569 -3.00000000 95.27011812 0.20000000 0.25490196 0.33333333
v -61.49108386 -3.00000000 95.16942336 0.20000000 0.25490196 0.33333333
v -62.06576216 -3.00000000 95.04037504 0.20000000 0.25490196 0.33333333
v -62.63341613 -3.00000000 94.88328403 0.20000000 0.25490196 0.33333333
v -63.19267824 -3.00000000 94.69852878 0.20000000 0.25490196 0.33333333
v -63.74220119 -3.00000000 94.48655439 0.20000000 0.25490196 0.33333333
v -64.28066112 -3.00000000 94.24787152 0.20000000 0.25490196 0.33333333
v -64.80676084 -3.00000000 93.98305517 0.20000000 0.25490196 0.33333333
v -65.31923293 -3.00000000 93.69274332 0.20000000 0.25490196 0.33333333
v -65.81684280 -3.00000000 93.37763535 0.20000000 0.25490196 0.33333333
v -66.29839165 -3.00000000 93.03849038 0.20000000 0.25490196 0.33333333
v -66.76271941 -3.00000000 92.67612544 0.20000000 0.25490196 0.33333333
v -67.20870746 -3.00000000 92.29141350 0.20000000 0.25490196 0.33333333
v -67.63528137 -3.00000000 91.88528137 0.20000000 0.25490196 0.33333333
v -68.04141350 -3.00000000 91.45870746 0.20000000 0.25490196 0.33333333
v -68.42612544 -3.00000000 91.01271941 0.20000000 0.25490196 0.33333333
v -68.78849038 -3.00000000 90.54839165 0.20000000 0.25490196 0.33333333
v -69.12763535 -3.00000000 90.06684280 0.20000000 0.25490196 0.33333333
v -69.44274332 -3.00000000 89.56923293 0.20000000 0.25490196 0.33333333
v -69.73305517 -3.00000000 89.05676084 0.20000000 0.25490196 0.33333333
v -69.99787152 -3.00000000 88.53066112 0.20000000 0.25490196 0.33333333
v -70.23655439 -3.00000000 87.99220119 0.20000000 0.25490196 0.33333333
v -70.44852878 -3.00000000 87.44267824 0.20000000 0.25490196 0.33333333
v -70.63328403 -3.00000000 86.88341613 0.20000000 0.25490196 0.33333333
v -70.79037504 -3.00000000 86.31576216 0.20000000 0.25490196 0.33333333
v -70.91942336 -3.00000000 85.74108386 0.20000000 0.25490196 0.33333333
v -71.02011812 -3.00000000 85.16076569 0.20000000 0.25490196 0.33333333
v -71.09221672 -3.00000000 84.57620568 0.20000000 0.25490196 0.33333333
v -71.13554547 -3.00000000 83.98881209 0.20000000 0.25490196 0.33333333
v -71.15000000 -5.60000000 83.40000000 0.20000000 0.25490196 0.33333333
v -71.15000000 -5.60000000 34.00000000 0.20000000 0.25490196 0.33333333
v -52.80000000 -5.60000000 34.00000000 0.20000000 0.25490196 0.33333333
v -53.09431408 -5.60000000 34.00963485 0.20000000 0.25490196 0.33333333
v -53.38736786 -5.60000000 34.03849812 0.20000000 0.25490196 0.33333333
v -53.67790645 -5.60000000 34.08646624 0.20000000 0.25490196 0.33333333
v -53.96468570 -5.60000000 34.15333378 0.20000000 0.25490196 0.33333333
v -54.24647759 -5.60000000 34.23881442 0.20000000 0.25490196 0.33333333
v -54.52207545 -5.60000000 34.34254210 0.20000000 0.25490196 0.33333333
v -54.79029911 -5.60000000 34.46407266 0.20000000 0.25490196 0.33333333
v -55.05000000 -5.60000000 34.60288568 0.20000000 0.25490196 0.33333333
v -55.30006605 -5.60000000 34.75838674 0.20000000 0.25490196 0.33333333
v -55.53942643 -5.60000000 34.92990997 0.20000000 0.25490196 0.33333333
v -55.76705617 -5.60000000 35.11672087 0.20000000 0.25490196 0.33333333
v -55.98198052 -5.60000000 35.31801948 0.20000000 0.25490196 0.33333333
v -56.18327913 -5.60000000 35.53294383 0.20000000 0.25490196 0.33333333
v -56.37009003 -5.60000000 35.76057357 0.20000000 0.25490196 0.33333333
v -56.54161326 -5.60000000 35.99993395 0.20000000 0.25490196 0.33333333
v -56.69711432 -5.60000000 36.25000000 0.20000000 0.25490196 0.33333333
v -56.83592734 -5.60000000 36.50970089 0.20000000 0.25490196 0.33333333
v -56.95745790 -5.60000000 36.77792455 0.20000000 0.25490196 0.33333333
v -57.06118558 -5.60000000 37.05352241 0.20000000 0.25490196 0.33333333
v -57.14666622 -5.60000000 37.33531430 0.20000000 0.25490196 0.33333333
v -57.21353376 -5.60000000 37.62209355 0.20000000 0.25490196 0.33333333
v -57.26150188 -5.60000000 37.91263214 0.20000000 0.25490196 0.33333333
v -57.29036515 -5.60000000 38.20568592 0.20000000 0.25490196 0.33333333
v -57.30000000 -5.60000000 38.50000000 0.20000000 0.25490196 0.33333333
v -57.30000000 -5.60000000 79.70000000 0.20000000 0.25490196 0.33333333
v -57.29036515 -5.60000000 79.99431408 0.20000000 0.25490196 0.33333333
v -57.26150188 -5.60000000 80.28736786 0.20000000 0.25490196 0.33333333
v -57.21353376 -5.60000000 80.57790645 0.20000000 0.25490196 0.33333333
v -57.14666622 -5.60000000 80.86468570 0.20000000 0.25490196 0.33333333
v -57.06118558 -5.60000000 81.14647759 0.20000000 0.25490196 0.33333333
v -56.95745790 -5.60000000 81.42207545 0.20000000 0.25490196 0.33333333
v -56.83592734 -5.60000000 81.69029911 0.20000000 0.25490196 0.33333333
v -56.69711432 -5.60000000 81.95000000 0.20000000 0.25490196 0.33333333
v -56.54161326 -5.60000000 82.20006605 0.20000000 0.25490196 0.33333333
v -56.37009003 -5.60000000 82.43942643 0.20000000 0.25490196 0.33333333
v -56.18327913 -5.60000000 82.66705617 0.20000000 0.25490196 0.33333333
v -55.98198052 -5.60000000 82.88198052 0.20000000 0.25490196 0.33333333
v -55.76705617 -5.60000000 83.08327913 0.20000000 0.25490196 0.33333333
v -55.53942643 -5.60000000 83.27009003 0.20000000 0.25490196 0.33333333
v -55.30006605 -5.60000000 83.44161326 0.20000000 0.25490196 0.33333333
v -55.05000000 -5.60000000 83.59711432 0.20000000 0.25490196 0.33333333
v -54.79029911 -5.60000000 83.73592734 0.20000000 0.25490196 0.33333333
v -54.52207545 -5.60000000 83.85745790 0.20000000 0.25490196 0.33333333
v -54.24647759 -5.60000000 83.96118558 0.20000000 0.25490196 0.33333333
v -53.96468570 -5.60000000 84.04666622 0.20000000 0.25490196 0.33333333
v -53.67790645 -5.60000000 84.11353376 0.20000000 0.25490196 0.33333333
v -53.38736786 -5.60000000 84.16150188 0.20000000 0.25490196 0.33333333
v -53.09431408 -5.60000000 84.19036515 0.20000000 0.25490196 0.33333333
v -52.80000000 -5.60000000 84.20000000 0.20000000 0.25490196 0.33333333
v 52.80000000 -5.60000000 84.20000000 0.20000000 0.25490196 0.33333333
v 53.09431408 -5.60000000 84.19036515 0.20000000 0.25490196 0.33333333
v 53.38736786 -5.60000000 84.16150188 0.20000000 0.25490196 0.33333333
v 53.67790645 -5.60000000 84.11353376 0.20000000 0.25490196 0.33333333
v 53.96468570 -5.60000000 84.04666622 0.20000000 0.25490196 0.33333333
v 54.24647759 -5.60000000 83.96118558 0.20000000 0.25490196 0.33333333
v 54.52207545 -5.60000000 83.85745790 0.20000000 0.25490196 0.33333333
v 54.79029911 -5.60000000 83.73592734 0.20000000 0.25490196 0.33333333
v 55.05000000 -5.60000000 83.59711432 0.20000000 0.25490196 0.33333333
v 55.30006605 -5.60000000 83.44161326 0.20000000 0.25490196 0.33333333
v 55.53942643 -5.60000000 83.27009003 0.20000000 0.25490196 0.33333333
v 55.76705617 -5.60000000 83.08327913 0.20000000 0.25490196 0.33333333
v 55.98198052 -5.60000000 82.88198052 0.20000000 0.25490196 0.33333333
v 56.18327913 -5.60000000 82.66705617 0.20000000 0.25490196 0.33333333
v 56.37009003 -5.60000000 82.43942643 0.20000000 0.25490196 0.33333333
v 56.54161326 -5.60000000 82.20006605 0.20000000 0.25490196 0.33333333
v 56.69711432 -5.60000000 81.95000000 0.20000000 0.25490196 0.33333333
v 56.83592734 -5.60000000 81.69029911 0.20000000 0.25490196 0.33333333
v 56.95745790 -5.60000000 81.42207545 0.20000000 0.25490196 0.33333333
v 57.06118558 -5.60000000 81.14647759 0.20000000 0.25490196 0.33333333
v 57.14666622 -5.60000000 80.86468570 0.20000000 0.25490196 0.33333333
v 57.21353376 -5.60000000 80.57790645 0.20000000 0.25490196 0.33333333
v 57.26150188 -5.60000000 80.28736786 0.20000000 0.25490196 0.33333333
v 57.29036515 -5.60000000 79.99431408 0.20000000 0.25490196 0.33333333
v 57.30000000 -5.60000000 79.70000000 0.20000000 0.25490196 0.33333333
v 57.30000000 -5.60000000 38.50000000 0.20000000 0.25490196 0.33333333
v 57.29036515 -5.60000000 38.20568592 0.20000000 0.25490196 0.33333333
v 57.26150188 -5.60000000 37.91263214 0.20000000 0.25490196 0.33333333
v 57.21353376 -5.60000000 37.62209355 0.20000000 0.25490196 0.33333333
v 57.14666622 -5.60000000 37.33531430 0.20000000 0.25490196 0.33333333
v 57.06118558 -5.60000000 37.05352241 0.20000000 0.25490196 0.33333333
v 56.95745790 -5.60000000 36.77792455 0.20000000 0.25490196 0.33333333
v 56.83592734 -5.60000000 36.50970089 0.20000000 0.25490196 0.33333333
v 56.69711432 -5.60000000 36.25000000 0.20000000 0.25490196 0.33333333
v 56.54161326 -5.60000000 35.99993395 0.20000000 0.25490196 0.33333333
v 56.37009003 -5.60000000 35.76057357 0.20000000 0.25490196 0.33333333
v 56.18327913 -5.60000000 35.53294383 0.20000000 0.25490196 0.33333333
v 55.98198052 -5.60000000 35.31801948 0.20000000 0.25490196 0.33333333
v 55.76705617 -5.60000000 35.11672087 0.20000000 0.25490196 0.33333333
v 55.53942643 -5.60000000 34.92990997 0.20000000 0.25490196 0.33333333
v 55.30006605 -5.60000000 34.75838674 0.20000000 0.25490196 0.33333333
v 55.05000000 -5.60000000 34.60288568 0.20000000 0.25490196 0.33333333
v 54.79029911 -5.60000000 34.46407266 0.20000000 0.25490196 0.33333333
v 54.52207545 -5.60000000 34.34254210 0.20000000 0.25490196 0.33333333
v 54.24647759 -5.60000000 34.23881442 0.20000000 0.25490196 0.33333333
v 53.96468570 -5.60000000 34.15333378 0.20000000 0.25490196 0.33333333
v 53.67790645 -5.60000000 34.08646624 0.20000000 0.25490196 0.33333333
v 53.38736786 -5.60000000 34.03849812 0.20000000 0.25490196 0.33333333
v 53.09431408 -5.60000000 34.00963485 0.20000000 0.25490196 0.33333333
v 52.80000000 -5.60000000 34.00000000 0.20000000 0.25490196 0.33333333
v 71.15000000 -5.60000000 34.00000000 0.20000000 0.25490196 0.33333333
v 71.15000000 -5.60000000 83.40000000 0.20000000 0.25490196 0.33333333
v 71.13554547 -5.60000000 83.98881209 0.20000000 0.25490196 0.33333333
v 71.09221672 -5.60000000 84.57620568 0.20000000 0.25490196 0.33333333
v 71.02011812 -5.60000000 85.16076569 0.20000000 0.25490196 0.33333333
v 70.91942336 -5.60000000 85.74108386 0.20000000 0.25490196 0.33333333
v 70.79037504 -5.60000000 86.31576216 0.20000000 0.25490196 0.33333333
v 70.63328403 -5.60000000 86.88341613 0.20000000 0.25490196 0.33333333
v 70.44852878 -5.60000000 87.44267824 0.20000000 0.25490196 0.33333333
v 70.23655439 -5.60000000 87.99220119 0.20000000 0.25490196 0.33333333
v 69.99787152 -5.60000000 88.53066112 0.20000000 0.25490196 0.33333333
v 69.73305517 -5.60000000 89.05676084 0.20000000 0.25490196 0.33333333
v 69.44274332 -5.60000000 89.56923293 0.20000000 0.25490196 0.33333333
v 69.12763535 -5.60000000 90.06684280 0.20000000 0.25490196 0.33333333
v 68.78849038 -5.60000000 90.54839165 0.20000000 0.25490196 0.33333333
v 68.42612544 -5.60000000 91.01271941 0.20000000 0.25490196 0.33333333
v 68.04141350 -5.60000000 91.45870746 0.20000000 0.25490196 0.33333333
v 67.63528137 -5.60000000 91.88528137 0.20000000 0.25490196 0.33333333
v 67.20870746 -5.60000000 92.29141350 0.20000000 0.25490196 0.33333333
v 66.76271941 -5.60000000 92.67612544 0.20000000 0.25490196 0.33333333
v 66.29839165 -5.60000000 93.03849038 0.20000000 0.25490196 0.33333333
v 65.81684280 -5.60000000 93.37763535 0.20000000 0.25490196 0.33333333
v 65.31923293 -5.60000000 93.69274332 0.20000000 0.25490196 0.33333333
v 64.80676084 -5.60000000 93.98305517 0.20000000 0.25490196 0.33333333
v 64.28066112 -5.60000000 94.24787152 0.20000000 0.25490196 0.33333333
v 63.74220119 -5.60000000 94.48655439 0.20000000 0.25490196 0.33333333
v 63.19267824 -5.60000000 94.69852878 0.20000000 0.25490196 0.33333333
v 62.63341613 -5.60000000 94.88328403 0.20000000 0.25490196 0.33333333
v 62.06576216 -5.60000000 95.04037504 0.20000000 0.25490196 0.33333333
v 61.49108386 -5.60000000 95.16942336 0.20000000 0.25490196 0.33333333
v 60.91076569 -5.60000000 95.27011812 0.20000000 0.25490196 0.33333333
v 60.32620568 -5.60000000 95.34221672 0.20000000 0.25490196 0.33333333
v 59.73881209 -5.60000000 95.38554547 0.20000000 0.25490196 0.33333333
v 59.15000000 -5.60000000 95.40000000 0.20000000 0.25490196 0.33333333
v -59.15000000 -5.60000000 95.40000000 0.20000000 0.25490196 0.33333333
v -59.73881209 -5.60000000 95.38554547 0.20000000 0.25490196 0.33333333
v -60.32620568 -5.60000000 95.34221672 0.20000000 0.25490196 0.33333333
v -60.91076569 -5.60000000 95.27011812 0.20000000 0.25490196 0.33333333
v -61.49108386 -5.60000000 95.16942336 0.20000000 0.25490196 0.33333333
v -62.06576216 -5.60000000 95.04037504 0.20000000 0.25490196 0.33333333
v -62.63341613 -5.60000000 94.88328403 0.20000000 0.25490196 0.33333333
v -63.19267824 -5.60000000 94.69852878 0.20000000 0.25490196 0.33333333
v -63.74220119 -5.60000000 94.48655439 0.20000000 0.25490196 0.33333333
v -64.28066112 -5.60000000 94.24787152 0.20000000 0.25490196 0.33333333
v -64.80676084 -5.60000000 93.98305517 0.20000000 0.25490196 0.33333333
v -65.31923293 -5.60000000 93.69274332 0.20000000 0.25490196 0.33333333
v -65.81684280 -5.60000000 93.37763535 0.20000000 0.25490196 0.33333333
v -66.29839165 -5.60000000 93.03849038 0.20000000 0.25490196 0.33333333
v -66.76271941 -5.60000000 92.67612544 0.20000000 0.25490196 0.33333333
v -67.20870746 -5.60000000 92.29141350 0.20000000 0.25490196 0.33333333
v -67.63528137 -5.60000000 91.88528137 0.20000000 0.25490196 0.33333333
v -68.04141350 -5.60000000 91.45870746 0.20000000 0.25490196 0.33333333
v -68.42612544 -5.60000000 91.01271941 0.20000000 0.25490196 0.33333333
v -68.78849038 -5.60000000 90.54839165 0.20000000 0.25490196 0.33333333
v -69.12763535 -5.60000000 90.06684280 0.20000000 0.25490196 0.33333333
v -69.44274332 -5.60000000 89.56923293 0.20000000 0.25490196 0.33333333
v -69.73305517 -5.60000000 89.05676084 0.20000000 0.25490196 0.33333333
v -69.99787152 -5.60000000 88.53066112 0.20000000 0.25490196 0.33333333
v -70.23655439 -5.60000000 87.99220119 0.20000000 0.25490196 0.33333333
v -70.44852878 -5.60000000 87.44267824 0.20000000 0.25490196 0.33333333
v -70.63328403 -5.60000000 86.88341613 0.20000000 0.25490196 0.33333333
v -70.79037504 -5.60000000 86.31576216 0.20000000 0.25490196 0.33333333
v -70.91942336 -5.60000000 85.74108386 0.20000000 0.25490196 0.33333333
v -71.02011812 -5.60000000 85.16076569 0.20000000 0.25490196 0.33333333
v -71.09221672 -5.60000000 84.57620568 0.20000000 0.25490196 0.33333333
v -71.13554547 -5.60000000 83.98881209 0.20000000 0.25490196 0.33333333
v 64.15000000 0.00000000 0.00000000 0.11764706 0.16078431 0.23137255
v 64.60782190 0.00000000 0.01498754 0.11764706 0.16078431 0.23137255
v 65.06368335 0.00000000 0.05988597 0.11764706 0.16078431 0.23137255
v 65.51563225 0.00000000 0.13450304 0.11764706 0.16078431 0.23137255
v 65.96173332 0.00000000 0.23851922 0.11764706 0.16078431 0.23137255
v 66.40007626 0.00000000 0.37148909 0.11764706 0.16078431 0.23137255
v 66.82878403 0.00000000 0.53284327 0.11764706 0.16078431 0.23137255
v 67.24602083 0.00000000 0.72189081 0.11764706 0.16078431 0.23137255
v 67.65000000 0.00000000 0.93782217 0.11764706 0.16078431 0.23137255
v 68.03899163 0.00000000 1.17971271 0.11764706 0.16078431 0.23137255
v 68.41133000 0.00000000 1.44652662 0.11764706 0.16078431 0.23137255
v 68.76542071 0.00000000 1.73712135 0.11764706 0.16078431 0.23137255
v 69.09974747 0.00000000 2.05025253 0.11764706 0.16078431 0.23137255
v 69.41287865 0.00000000 2.38457929 0.11764706 0.16078431 0.23137255
v 69.70347338 0.00000000 2.73867000 0.11764706 0.16078431 0.23137255
v 69.97028729 0.00000000 3.11100837 0.11764706 0.16078431 0.23137255
v 70.21217783 0.00000000 3.50000000 0.11764706 0.16078431 0.23137255
v 70.42810919 0.00000000 3.90397917 0.11764706 0.16078431 0.23137255
v 70.61715673 0.00000000 4.32121597 0.11764706 0.16078431 0.23137255
v 70.77851091 0.00000000 4.74992374 0.11764706 0.16078431 0.23137255
v 70.91148078 0.00000000 5.18826668 0.11764706 0.16078431 0.23137255
v 71.01549696 0.00000000 5.63436775 0.11764706 0.16078431 0.23137255
v 71.09011403 0.00000000 6.08631665 0.11764706 0.16078431 0.23137255
v 71.13501246 0.00000000 6.54217810 0.11764706 0.16078431 0.23137255
v 71.15000000 0.00000000 7.00000000 0.11764706 0.16078431 0.23137255
v 71.15000000 0.00000000 23.77000000 0.11764706 0.16078431 0.23137255
v 71.13501246 0.00000000 24.22782190 0.11764706 0.16078431 0.23137255
v 71.09011403 0.00000000 24.68368335 0.11764706 0.16078431 0.23137255
v 71.01549696 0.00000000 25.13563225 0.11764706 0.16078431 0.23137255
v 70.91148078 0.00000000 25.58173332 0.11764706 0.16078431 0.23137255
v 70.77851091 0.00000000 26.02007626 0.11764706 0.16078431 0.23137255
v 70.61715673 0.00000000 26.44878403 0.11764706 0.16078431 0.23137255
v 70.42810919 0.00000000 26.86602083 0.11764706 0.16078431 0.23137255
v 70.21217783 0.00000000 27.27000000 0.11764706 0.16078431 0.23137255
v 69.97028729 0.00000000 27.65899163 0.11764706 0.16078431 0.23137255
v 69.70347338 0.00000000 28.03133000 0.11764706 0.16078431 0.23137255
v 69.41287865 0.00000000 28.38542071 0.11764706 0.16078431 0.23137255
v 69.09974747 0.00000000 28.71974747 0.11764706 0.16078431 0.23137255
v 68.76542071 0.00000000 29.03287865 0.11764706 0.16078431 0.23137255
v 68.41133000 0.00000000 29.32347338 0.11764706 0.16078431 0.23137255
v 68.03899163 0.00000000 29.59028729 0.11764706 0.16078431 0.23137255
v 67.65000000 0.00000000 29.83217783 0.11764706 0.16078431 0.23137255
v 67.24602083 0.00000000 30.04810919 0.11764706 0.16078431 0.23137255
v 66.82878403 0.00000000 30.23715673 0.11764706 0.16078431 0.23137255
v 66.40007626 0.00000000 30.39851091 0.11764706 0.16078431 0.23137255
v 65.96173332 0.00000000 30.53148078 0.11764706 0.16078431 0.23137255
v 65.51563225 0.00000000 30.63549696 0.11764706 0.16078431 0.23137255
v 65.06368335 0.00000000 30.71011403 0.11764706 0.16078431 0.23137255
v 64.60782190 0.00000000 30.75501246 0.11764706 0.16078431 0.23137255
v 64.15000000 0.00000000 30.77000000 0.11764706 0.16078431 0.23137255
v -64.15000000 0.00000000 30.77000000 0.11764706 0.16078431 0.23137255
v -64.60782190 0.00000000 30.75501246 0.11764706 0.16078431 0.23137255
v -65.06368335 0.00000000 30.71011403 0.11764706 0.16078431 0.23137255
v -65.51563225 0.00000000 30.63549696 0.11764706 0.16078431 0.23137255
v -65.96173332 0.00000000 30.53148078 0.11764706 0.16078431 0.23137255
v -66.40007626 0.00000000 30.39851091 0.11764706 0.16078431 0.23137255
v -66.82878403 0.00000000 30.23715673 0.11764706 0.16078431 0.23137255
v -67.24602083 0.00000000 30.04810919 0.11764706 0.16078431 0.23137255
v -67.65000000 0.00000000 29.83217783 0.11764706 0.16078431 0.23137255
v -68.03899163 0.00000000 29.59028729 0.11764706 0.16078431 0.23137255
v -68.41133000 0.00000000 29.32347338 0.11764706 0.16078431 0.23137255
v -68.76542071 0.00000000 29.03287865 0.11764706 0.16078431 0.23137255
v -69.09974747 0.00000000 28.71974747 0.11764706 0.16078431 0.23137255
v -69.41287865 0.00000000 28.38542071 0.11764706 0.16078431 0.23137255
v -69.70347338 0.00000000 28.03133000 0.11764706 0.16078431 0.23137255
v -69.97028729 0.00000000 27.65899163 0.11764706 0.16078431 0.23137255
v -70.21217783 0.00000000 27.27000000 0.11764706 0.16078431 0.23137255
v -70.42810919 0.00000000 26.86602083 0.11764706 0.16078431 0.23137255
v -70.61715673 0.00000000 26.44878403 0.11764706 0.16078431 0.23137255
v -70.77851091 0.00000000 26.02007626 0.11764706 0.16078431 0.23137255
v -70.91148078 0.00000000 25.58173332 0.11764706 0.16078431 0.23137255
v -71.01549696 0.00000000 25.13563225 0.11764706 0.16078431 0.23137255
v -71.09011403 0.00000000 24.68368335 0.11764706 0.16078431 0.23137255
v -71.13501246 0.00000000 24.22782190 0.11764706 0.16078431 0.23137255
v -71.15000000 0.00000000 23.77000000 0.11764706 0.16078431 0.23137255
v -71.15000000 0.00000000 7.00000000 0.11764706 0.16078431 0.23137255
v -71.13501246 0.00000000 6.54217810 0.11764706 0.16078431 0.23137255
v -71.09011403 0.00000000 6.08631665 0.11764706 0.16078431 0.23137255
v -71.01549696 0.00000000 5.63436775 0.11764706 0.16078431 0.23137255
v -70.91148078 0.00000000 5.18826668 0.11764706 0.16078431 0.23137255
v -70.77851091 0.00000000 4.74992374 0.11764706 0.16078431 0.23137255
v -70.61715673 0.00000000 4.32121597 0.11764706 0.16078431 0.23137255
v -70.42810919 0.00000000 3.90397917 0.11764706 0.16078431 0.23137255
v -70.21217783 0.00000000 3.50000000 0.11764706 0.16078431 0.23137255
v -69.97028729 0.00000000 3.11100837 0.11764706 0.16078431 0.23137255
v -69.70347338 0.00000000 2.73867000 0.11764706 0.16078431 0.23137255
v -69.41287865 0.00000000 2.38457929 0.11764706 0.16078431 0.23137255
v -69.09974747 0.00000000 2.05025253 0.11764706 0.16078431 0.23137255
v -68.76542071 0.00000000 1.73712135 0.11764706 0.16078431 0.23137255
v -68.41133000 0.00000000 1.44652662 0.11764706 0.16078431 0.23137255
v -68.03899163 0.00000000 1.17971271 0.11764706 0.16078431 0.23137255
v -67.65000000 0.00000000 0.93782217 0.11764706 0.16078431 0.23137255
v -67.24602083 0.00000000 0.72189081 0.11764706 0.16078431 0.23137255
v -66.82878403 0.00000000 0.53284327 0.11764706 0.16078431 0.23137255
v -66.40007626 0.00000000 0.37148909 0.11764706 0.16078431 0.23137255
v -65.96173332 0.00000000 0.23851922 0.11764706 0.16078431 0.23137255
v -65.51563225 0.00000000 0.13450304 0.11764706 0.16078431 0.23137255
v -65.06368335 0.00000000 0.05988597 0.11764706 0.16078431 0.23137255
v -64.60782190 0.00000000 0.01498754 0.11764706 0.16078431 0.23137255
v -64.15000000 0.00000000 0.00000000 0.11764706 0.16078431 0.23137255
v 64.15000000 -2.20000000 0.00000000 0.11764706 0.16078431 0.23137255
v 64.60782190 -2.20000000 0.01498754 0.11764706 0.16078431 0.23137255
v 65.06368335 -2.20000000 0.05988597 0.11764706 0.16078431 0.23137255
v 65.51563225 -2.20000000 0.13450304 0.11764706 0.16078431 0.23137255
v 65.96173332 -2.20000000 0.23851922 0.11764706 0.16078431 0.23137255
v 66.40007626 -2.20000000 0.37148909 0.11764706 0.16078431 0.23137255
v 66.82878403 -2.20000000 0.53284327 0.11764706 0.16078431 0.23137255
v 67.24602083 -2.20000000 0.72189081 0.11764706 0.16078431 0.23137255
v 67.65000000 -2.20000000 0.93782217 0.11764706 0.16078431 0.23137255
v 68.03899163 -2.20000000 1.17971271 0.11764706 0.16078431 0.23137255
v 68.41133000 -2.20000000 1.44652662 0.11764706 0.16078431 0.23137255
v 68.76542071 -2.20000000 1.73712135 0.11764706 0.16078431 0.23137255
v 69.09974747 -2.20000000 2.05025253 0.11764706 0.16078431 0.23137255
v 69.41287865 -2.20000000 2.38457929 0.11764706 0.16078431 0.23137255
v 69.70347338 -2.20000000 2.73867000 0.11764706 0.16078431 0.23137255
v 69.97028729 -2.20000000 3.11100837 0.11764706 0.16078431 0.23137255
v 70.21217783 -2.20000000 3.50000000 0.11764706 0.16078431 0.23137255
v 70.42810919 -2.20000000 3.90397917 0.11764706 0.16078431 0.23137255
v 70.61715673 -2.20000000 4.32121597 0.11764706 0.16078431 0.23137255
v 70.77851091 -2.20000000 4.74992374 0.11764706 0.16078431 0.23137255
v 70.91148078 -2.20000000 5.18826668 0.11764706 0.16078431 0.23137255
v 71.01549696 -2.20000000 5.63436775 0.11764706 0.16078431 0.23137255
v 71.09011403 -2.20000000 6.08631665 0.11764706 0.16078431 0.23137255
v 71.13501246 -2.20000000 6.54217810 0.11764706 0.16078431 0.23137255
v 71.15000000 -2.20000000 7.00000000 0.11764706 0.16078431 0.23137255
v 71.15000000 -2.20000000 23.77000000 0.11764706 0.16078431 0.23137255
v 71.13501246 -2.20000000 24.22782190 0.11764706 0.16078431 0.23137255
v 71.09011403 -2.20000000 24.68368335 0.11764706 0.16078431 0.23137255
v 71.01549696 -2.20000000 25.13563225 0.11764706 0.16078431 0.23137255
v 70.91148078 -2.20000000 25.58173332 0.11764706 0.16078431 0.23137255
v 70.77851091 -2.20000000 26.02007626 0.11764706 0.16078431 0.23137255
v 70.61715673 -2.20000000 26.44878403 0.11764706 0.16078431 0.23137255
v 70.42810919 -2.20000000 26.86602083 0.11764706 0.16078431 0.23137255
v 70.21217783 -2.20000000 27.27000000 0.11764706 0.16078431 0.23137255
v 69.97028729 -2.20000000 27.65899163 0.11764706 0.16078431 0.23137255
v 69.70347338 -2.20000000 28.03133000 0.11764706 0.16078431 0.23137255
v 69.41287865 -2.20000000 28.38542071 0.11764706 0.16078431 0.23137255
v 69.09974747 -2.20000000 28.71974747 0.11764706 0.16078431 0.23137255
v 68.76542071 -2.20000000 29.03287865 0.11764706 0.16078431 0.23137255
v 68.41133000 -2.20000000 29.32347338 0.11764706 0.16078431 0.23137255
v 68.03899163 -2.20000000 29.59028729 0.11764706 0.16078431 0.23137255
v 67.65000000 -2.20000000 29.83217783 0.11764706 0.16078431 0.23137255
v 67.24602083 -2.20000000 30.04810919 0.11764706 0.16078431 0.23137255
v 66.82878403 -2.20000000 30.23715673 0.11764706 0.16078431 0.23137255
v 66.40007626 -2.20000000 30.39851091 0.11764706 0.16078431 0.23137255
v 65.96173332 -2.20000000 30.53148078 0.11764706 0.16078431 0.23137255
v 65.51563225 -2.20000000 30.63549696 0.11764706 0.16078431 0.23137255
v 65.06368335 -2.20000000 30.71011403 0.11764706 0.16078431 0.23137255
v 64.60782190 -2.20000000 30.75501246 0.11764706 0.16078431 0.23137255
v 64.15000000 -2.20000000 30.77000000 0.11764706 0.16078431 0.23137255
v -64.15000000 -2.20000000 30.77000000 0.11764706 0.16078431 0.23137255
v -64.60782190 -2.20000000 30.75501246 0.11764706 0.16078431 0.23137255
v -65.06368335 -2.20000000 30.71011403 0.11764706 0.16078431 0.23137255
v -65.51563225 -2.20000000 30.63549696 0.11764706 0.16078431 0.23137255
v -65.96173332 -2.20000000 30.53148078 0.11764706 0.16078431 0.23137255
v -66.40007626 -2.20000000 30.39851091 0.11764706 0.16078431 0.23137255
v -66.82878403 -2.20000000 30.23715673 0.11764706 0.16078431 0.23137255
v -67.24602083 -2.20000000 30.04810919 0.11764706 0.16078431 0.23137255
v -67.65000000 -2.20000000 29.83217783 0.11764706 0.16078431 0.23137255
v -68.03899163 -2.20000000 29.59028729 0.11764706 0.16078431 0.23137255
v -68.41133000 -2.20000000 29.32347338 0.11764706 0.16078431 0.23137255
v -68.76542071 -2.20000000 29.03287865 0.11764706 0.16078431 0.23137255
v -69.09974747 -2.20000000 28.71974747 0.11764706 0.16078431 0.23137255
v -69.41287865 -2.20000000 28.38542071 0.11764706 0.16078431 0.23137255
v -69.70347338 -2.20000000 28.03133000 0.11764706 0.16078431 0.23137255
v -69.97028729 -2.20000000 27.65899163 0.11764706 0.16078431 0.23137255
v -70.21217783 -2.20000000 27.27000000 0.11764706 0.16078431 0.23137255
v -70.42810919 -2.20000000 26.86602083 0.11764706 0.16078431 0.23137255
v -70.61715673 -2.20000000 26.44878403 0.11764706 0.16078431 0.23137255
v -70.77851091 -2.20000000 26.02007626 0.11764706 0.16078431 0.23137255
v -70.91148078 -2.20000000 25.58173332 0.11764706 0.16078431 0.23137255
v -71.01549696 -2.20000000 25.13563225 0.11764706 0.16078431 0.23137255
v -71.09011403 -2.20000000 24.68368335 0.11764706 0.16078431 0.23137255
v -71.13501246 -2.20000000 24.22782190 0.11764706 0.16078431 0.23137255
v -71.15000000 -2.20000000 23.77000000 0.11764706 0.16078431 0.23137255
v -71.15000000 -2.20000000 7.00000000 0.11764706 0.16078431 0.23137255
v -71.13501246 -2.20000000 6.54217810 0.11764706 0.16078431 0.23137255
v -71.09011403 -2.20000000 6.08631665 0.11764706 0.16078431 0.23137255
v -71.01549696 -2.20000000 5.63436775 0.11764706 0.16078431 0.23137255
v -70.91148078 -2.20000000 5.18826668 0.11764706 0.16078431 0.23137255
v -70.77851091 -2.20000000 4.74992374 0.11764706 0.16078431 0.23137255
v -70.61715673 -2.20000000 4.32121597 0.11764706 0.16078431 0.23137255
v -70.42810919 -2.20000000 3.90397917 0.11764706 0.16078431 0.23137255
v -70.21217783 -2.20000000 3.50000000 0.11764706 0.16078431 0.23137255
v -69.97028729 -2.20000000 3.11100837 0.11764706 0.16078431 0.23137255
v -69.70347338 -2.20000000 2.73867000 0.11764706 0.16078431 0.23137255
v -69.41287865 -2.20000000 2.38457929 0.11764706 0.16078431 0.23137255
v -69.09974747 -2.20000000 2.05025253 0.11764706 0.16078431 0.23137255
v -68.76542071 -2.20000000 1.73712135 0.11764706 0.16078431 0.23137255
v -68.41133000 -2.20000000 1.44652662 0.11764706 0.16078431 0.23137255
v -68.03899163 -2.20000000 1.17971271 0.11764706 0.16078431 0.23137255
v -67.65000000 -2.20000000 0.93782217 0.11764706 0.16078431 0.23137255
v -67.24602083 -2.20000000 0.72189081 0.11764706 0.16078431 0.23137255
v -66.82878403 -2.20000000 0.53284327 0.11764706 0.16078431 0.23137255
v -66.40007626 -2.20000000 0.37148909 0.11764706 0.16078431 0.23137255
v -65.96173332 -2.20000000 0.23851922 0.11764706 0.16078431 0.23137255
v -65.51563225 -2.20000000 0.13450304 0.11764706 0.16078431 0.23137255
v -65.06368335 -2.20000000 0.05988597 0.11764706 0.16078431 0.23137255
v -64.60782190 -2.20000000 0.01498754 0.11764706 0.16078431 0.23137255
v -64.15000000 -2.20000000 0.00000000 0.11764706 0.16078431 0.23137255
v -59.05000000 -7.10000000 3.00000000 0.20000000 0.25490196 0.33333333
v -59.05000000 -7.10000000 27.77000000 0.20000000 0.25490196 0.33333333
v -59.05000000 -2.20000000 3.00000000 0.20000000 0.25490196 0.33333333
v -59.05000000 -2.20000000 27.77000000 0.20000000 0.25490196 0.33333333
v -57.25000000 -7.10000000 3.00000000 0.20000000 0.25490196 0.33333333
v -57.25000000 -7.10000000 27.77000000 0.20000000 0.25490196 0.33333333
v -57.25000000 -2.20000000 3.00000000 0.20000000 0.25490196 0.33333333
v -57.25000000 -2.20000000 27.77000000 0.20000000 0.25490196 0.33333333
v -39.66666667 -7.10000000 3.00000000 0.20000000 0.25490196 0.33333333
v -39.66666667 -7.10000000 27.77000000 0.20000000 0.25490196 0.33333333
v -39.66666667 -2.20000000 3.00000000 0.20000000 0.25490196 0.33333333
v -39.66666667 -2.20000000 27.77000000 0.20000000 0.25490196 0.33333333
v -37.86666667 -7.10000000 3.00000000 0.20000000 0.25490196 0.33333333
v -37.86666667 -7.10000000 27.77000000 0.20000000 0.25490196 0.33333333
v -37.86666667 -2.20000000 3.00000000 0.20000000 0.25490196 0.33333333
v -37.86666667 -2.20000000 27.77000000 0.20000000 0.25490196 0.33333333
v -20.28333333 -7.10000000 3.00000000 0.20000000 0.25490196 0.33333333
v -20.28333333 -7.10000000 27.77000000 0.20000000 0.25490196 0.33333333
v -20.28333333 -2.20000000 3.00000000 0.20000000 0.25490196 0.33333333
v -20.28333333 -2.20000000 27.77000000 0.20000000 0.25490196 0.33333333
v -18.48333333 -7.10000000 3.00000000 0.20000000 0.25490196 0.33333333
v -18.48333333 -7.10000000 27.77000000 0.20000000 0.25490196 0.33333333
v -18.48333333 -2.20000000 3.00000000 0.20000000 0.25490196 0.33333333
v -18.48333333 -2.20000000 27.77000000 0.20000000 0.25490196 0.33333333
v -0.90000000 -7.10000000 3.00000000 0.20000000 0.25490196 0.33333333
v -0.90000000 -7.10000000 27.77000000 0.20000000 0.25490196 0.33333333
v -0.90000000 -2.20000000 3.00000000 0.20000000 0.25490196 0.33333333
v -0.90000000 -2.20000000 27.77000000 0.20000000 0.25490196 0.33333333
v 0.90000000 -7.10000000 3.00000000 0.20000000 0.25490196 0.33333333
v 0.90000000 -7.10000000 27.77000000 0.20000000 0.25490196 0.33333333
v 0.90000000 -2.20000000 3.00000000 0.20000000 0.25490196 0.33333333
v 0.90000000 -2.20000000 27.77000000 0.20000000 0.25490196 0.33333333
v 18.48333333 -7.10000000 3.00000000 0.20000000 0.25490196 0.33333333
v 18.48333333 -7.10000000 27.77000000 0.20000000 0.25490196 0.33333333
v 18.48333333 -2.20000000 3.00000000 0.20000000 0.25490196 0.33333333
v 18.48333333 -2.20000000 27.77000000 0.20000000 0.25490196 0.33333333
v 20.28333333 -7.10000000 3.00000000 0.20000000 0.25490196 0.33333333
v 20.28333333 -7.10000000 27.77000000 0.20000000 0.25490196 0.33333333
v 20.28333333 -2.20000000 3.00000000 0.20000000 0.25490196 0.33333333
v 20.28333333 -2.20000000 27.77000000 0.20000000 0.25490196 0.33333333
v 37.86666667 -7.10000000 3.00000000 0.20000000 0.25490196 0.33333333
v 37.86666667 -7.10000000 27.77000000 0.20000000 0.25490196 0.33333333
v 37.86666667 -2.20000000 3.00000000 0.20000000 0.25490196 0.33333333
v 37.86666667 -2.20000000 27.77000000 0.20000000 0.25490196 0.33333333
v 39.66666667 -7.10000000 3.00000000 0.20000000 0.25490196 0.33333333
v 39.66666667 -7.10000000 27.77000000 0.20000000 0.25490196 0.33333333
v 39.66666667 -2.20000000 3.00000000 0.20000000 0.25490196 0.33333333
v 39.66666667 -2.20000000 27.77000000 0.20000000 0.25490196 0.33333333
v 57.25000000 -7.10000000 3.00000000 0.20000000 0.25490196 0.33333333
v 57.25000000 -7.10000000 27.77000000 0.20000000 0.25490196 0.33333333
v 57.25000000 -2.20000000 3.00000000 0.20000000 0.25490196 0.33333333
v 57.25000000 -2.20000000 27.77000000 0.20000000 0.25490196 0.33333333
v 59.05000000 -7.10000000 3.00000000 0.20000000 0.25490196 0.33333333
v 59.05000000 -7.10000000 27.77000000 0.20000000 0.25490196 0.33333333
v 59.05000000 -2.20000000 3.00000000 0.20000000 0.25490196 0.33333333
v 59.05000000 -2.20000000 27.77000000 0.20000000 0.25490196 0.33333333
v -67.15000000 -7.10000000 3.10000000 0.20000000 0.25490196 0.33333333
v -67.15000000 -7.10000000 4.90000000 0.20000000 0.25490196 0.33333333
v -67.15000000 -2.20000000 3.10000000 0.20000000 0.25490196 0.33333333
v -67.15000000 -2.20000000 4.90000000 0.20000000 0.25490196 0.33333333
v 67.15000000 -7.10000000 3.10000000 0.20000000 0.25490196 0.33333333
v 67.15000000 -7.10000000 4.90000000 0.20000000 0.25490196 0.33333333
v 67.15000000 -2.20000000 3.10000000 0.20000000 0.25490196 0.33333333
v 67.15000000 -2.20000000 4.90000000 0.20000000 0.25490196 0.33333333
v -67.15000000 -7.10000000 26.87000000 0.20000000 0.25490196 0.33333333
v -67.15000000 -7.10000000 28.67000000 0.20000000 0.25490196 0.33333333
v -67.15000000 -2.20000000 26.87000000 0.20000000 0.25490196 0.33333333
v -67.15000000 -2.20000000 28.67000000 0.20000000 0.25490196 0.33333333
v 67.15000000 -7.10000000 26.87000000 0.20000000 0.25490196 0.33333333
v 67.15000000 -7.10000000 28.67000000 0.20000000 0.25490196 0.33333333
v 67.15000000 -2.20000000 26.87000000 0.20000000 0.25490196 0.33333333
v 67.15000000 -2.20000000 28.67000000 0.20000000 0.25490196 0.33333333
v -60.10000000 -5.60000000 88.20000000 0.88627451 0.90980392 0.94117647
v -60.10000000 -5.60000000 27.10000000 0.88627451 0.90980392 0.94117647
v 60.10000000 -5.60000000 27.10000000 0.88627451 0.90980392 0.94117647
v 60.10000000 -5.60000000 88.20000000 0.88627451 0.90980392 0.94117647
v 53.38736786 -5.60000000 34.03849812 0.88627451 0.90980392 0.94117647
v 53.09431408 -5.60000000 34.00963485 0.88627451 0.90980392 0.94117647
v 52.80000000 -5.60000000 34.00000000 0.88627451 0.90980392 0.94117647
v 33.65000000 -5.60000000 34.00000000 0.88627451 0.90980392 0.94117647
v 33.65000000 -5.60000000 29.00000000 0.88627451 0.90980392 0.94117647
v 23.65000000 -5.60000000 29.00000000 0.88627451 0.90980392 0.94117647
v 23.65000000 -5.60000000 34.00000000 0.88627451 0.90980392 0.94117647
v -23.65000000 -5.60000000 34.00000000 0.88627451 0.90980392 0.94117647
v -23.65000000 -5.60000000 29.00000000 0.88627451 0.90980392 0.94117647
v -33.65000000 -5.60000000 29.00000000 0.88627451 0.90980392 0.94117647
v -33.65000000 -5.60000000 34.00000000 0.88627451 0.90980392 0.94117647
v -52.80000000 -5.60000000 34.00000000 0.88627451 0.90980392 0.94117647
v -53.09431408 -5.60000000 34.00963485 0.88627451 0.90980392 0.94117647
v -53.38736786 -5.60000000 34.03849812 0.88627451 0.90980392 0.94117647
v -53.67790645 -5.60000000 34.08646624 0.88627451 0.90980392 0.94117647
v -53.96468570 -5.60000000 34.15333378 0.88627451 0.90980392 0.94117647
v -54.24647759 -5.60000000 34.23881442 0.88627451 0.90980392 0.94117647
v -54.52207545 -5.60000000 34.34254210 0.88627451 0.90980392 0.94117647
v -54.79029911 -5.60000000 34.46407266 0.88627451 0.90980392 0.94117647
v -55.05000000 -5.60000000 34.60288568 0.88627451 0.90980392 0.94117647
v -55.30006605 -5.60000000 34.75838674 0.88627451 0.90980392 0.94117647
v -55.53942643 -5.60000000 34.92990997 0.88627451 0.90980392 0.94117647
v -55.76705617 -5.60000000 35.11672087 0.88627451 0.90980392 0.94117647
v -55.98198052 -5.60000000 35.31801948 0.88627451 0.90980392 0.94117647
v -56.18327913 -5.60000000 35.53294383 0.88627451 0.90980392 0.94117647
v -56.37009003 -5.60000000 35.76057357 0.88627451 0.90980392 0.94117647
v -56.54161326 -5.60000000 35.99993395 0.88627451 0.90980392 0.94117647
v -56.69711432 -5.60000000 36.25000000 0.88627451 0.90980392 0.94117647
v -56.83592734 -5.60000000 36.50970089 0.88627451 0.90980392 0.94117647
v -56.95745790 -5.60000000 36.77792455 0.88627451 0.90980392 0.94117647
v -57.06118558 -5.60000000 37.05352241 0.88627451 0.90980392 0.94117647
v -57.14666622 -5.60000000 37.33531430 0.88627451 0.90980392 0.94117647
v -57.21353376 -5.60000000 37.62209355 0.88627451 0.90980392 0.94117647
v -57.26150188 -5.60000000 37.91263214 0.88627451 0.90980392 0.94117647
v -57.29036515 -5.60000000 38.20568592 0.88627451 0.90980392 0.94117647
v -57.30000000 -5.60000000 38.50000000 0.88627451 0.90980392 0.94117647
v -57.30000000 -5.60000000 79.70000000 0.88627451 0.90980392 0.94117647
v -57.29036515 -5.60000000 79.99431408 0.88627451 0.90980392 0.94117647
v -57.26150188 -5.60000000 80.28736786 0.88627451 0.90980392 0.94117647
v -57.21353376 -5.60000000 80.57790645 0.88627451 0.90980392 0.94117647
v -57.14666622 -5.60000000 80.86468570 0.88627451 0.90980392 0.94117647
v -57.06118558 -5.60000000 81.14647759 0.88627451 0.90980392 0.94117647
v -56.95745790 -5.60000000 81.42207545 0.88627451 0.90980392 0.94117647
v -56.83592734 -5.60000000 81.69029911 0.88627451 0.90980392 0.94117647
v -56.69711432 -5.60000000 81.95000000 0.88627451 0.90980392 0.94117647
v -56.54161326 -5.60000000 82.20006605 0.88627451 0.90980392 0.94117647
v -56.37009003 -5.60000000 82.43942643 0.88627451 0.90980392 0.94117647
v -56.18327913 -5.60000000 82.66705617 0.88627451 0.90980392 0.94117647
v -55.98198052 -5.60000000 82.88198052 0.88627451 0.90980392 0.94117647
v -55.76705617 -5.60000000 83.08327913 0.88627451 0.90980392 0.94117647
v -55.53942643 -5.60000000 83.27009003 0.88627451 0.90980392 0.94117647
v -55.30006605 -5.60000000 83.44161326 0.88627451 0.90980392 0.94117647
v -55.05000000 -5.60000000 83.59711432 0.88627451 0.90980392 0.94117647
v -54.79029911 -5.60000000 83.73592734 0.88627451 0.90980392 0.94117647
v -54.52207545 -5.60000000 83.85745790 0.88627451 0.90980392 0.94117647
v -54.24647759 -5.60000000 83.96118558 0.88627451 0.90980392 0.94117647
v -53.96468570 -5.60000000 84.04666622 0.88627451 0.90980392 0.94117647
v -53.67790645 -5.60000000 84.11353376 0.88627451 0.90980392 0.94117647
v -53.38736786 -5.60000000 84.16150188 0.88627451 0.90980392 0.94117647
v -53.09431408 -5.60000000 84.19036515 0.88627451 0.90980392 0.94117647
v -52.80000000 -5.60000000 84.20000000 0.88627451 0.90980392 0.94117647
v 52.80000000 -5.60000000 84.20000000 0.88627451 0.90980392 0.94117647
v 53.09431408 -5.60000000 84.19036515 0.88627451 0.90980392 0.94117647
v 53.38736786 -5.60000000 84.16150188 0.88627451 0.90980392 0.94117647
v 53.67790645 -5.60000000 84.11353376 0.88627451 0.90980392 0.94117647
v 53.96468570 -5.60000000 84.04666622 0.88627451 0.90980392 0.94117647
v 54.24647759 -5.60000000 83.96118558 0.88627451 0.90980392 0.94117647
v 54.52207545 -5.60000000 83.85745790 0.88627451 0.90980392 0.94117647
v 54.79029911 -5.60000000 83.73592734 0.88627451 0.90980392 0.94117647
v 55.05000000 -5.60000000 83.59711432 0.88627451 0.90980392 0.94117647
v 55.30006605 -5.60000000 83.44161326 0.88627451 0.90980392 0.94117647
v 55.53942643 -5.60000000 83.27009003 0.88627451 0.90980392 0.94117647
v 55.76705617 -5.60000000 83.08327913 0.88627451 0.90980392 0.94117647
v 55.98198052 -5.60000000 82.88198052 0.88627451 0.90980392 0.94117647
v 56.18327913 -5.60000000 82.66705617 0.88627451 0.90980392 0.94117647
v 56.37009003 -5.60000000 82.43942643 0.88627451 0.90980392 0.94117647
v 56.54161326 -5.60000000 82.20006605 0.88627451 0.90980392 0.94117647
v 56.69711432 -5.60000000 81.95000000 0.88627451 0.90980392 0.94117647
v 56.83592734 -5.60000000 81.69029911 0.88627451 0.90980392 0.94117647
v 56.95745790 -5.60000000 81.42207545 0.88627451 0.90980392 0.94117647
v 57.06118558 -5.60000000 81.14647759 0.88627451 0.90980392 0.94117647
v 57.14666622 -5.60000000 80.86468570 0.88627451 0.90980392 0.94117647
v 57.21353376 -5.60000000 80.57790645 0.88627451 0.90980392 0.94117647
v 57.26150188 -5.60000000 80.28736786 0.88627451 0.90980392 0.94117647
v 57.29036515 -5.60000000 79.99431408 0.88627451 0.90980392 0.94117647
v 57.30000000 -5.60000000 79.70000000 0.88627451 0.90980392 0.94117647
v 57.30000000 -5.60000000 38.50000000 0.88627451 0.90980392 0.94117647
v 57.29036515 -5.60000000 38.20568592 0.88627451 0.90980392 0.94117647
v 57.26150188 -5.60000000 37.91263214 0.88627451 0.90980392 0.94117647
v 57.21353376 -5.60000000 37.62209355 0.88627451 0.90980392 0.94117647
v 57.14666622 -5.60000000 37.33531430 0.88627451 0.90980392 0.94117647
v 57.06118558 -5.60000000 37.05352241 0.88627451 0.90980392 0.94117647
v 56.95745790 -5.60000000 36.77792455 0.88627451 0.90980392 0.94117647
v 56.83592734 -5.60000000 36.50970089 0.88627451 0.90980392 0.94117647
v 56.69711432 -5.60000000 36.25000000 0.88627451 0.90980392 0.94117647
v 56.54161326 -5.60000000 35.99993395 0.88627451 0.90980392 0.94117647
v 56.37009003 -5.60000000 35.76057357 0.88627451 0.90980392 0.94117647
v 56.18327913 -5.60000000 35.53294383 0.88627451 0.90980392 0.94117647
v 55.98198052 -5.60000000 35.31801948 0.88627451 0.90980392 0.94117647
v 55.76705617 -5.60000000 35.11672087 0.88627451 0.90980392 0.94117647
v 55.53942643 -5.60000000 34.92990997 0.88627451 0.90980392 0.94117647
v 55.30006605 -5.60000000 34.75838674 0.88627451 0.90980392 0.94117647
v 55.05000000 -5.60000000 34.60288568 0.88627451 0.90980392 0.94117647
v 54.79029911 -5.60000000 34.46407266 0.88627451 0.90980392 0.94117647
v 54.52207545 -5.60000000 34.34254210 0.88627451 0.90980392 0.94117647
v 54.24647759 -5.60000000 34.23881442 0.88627451 0.90980392 0.94117647
v 53.96468570 -5.60000000 34.15333378 0.88627451 0.90980392 0.94117647
v 53.67790645 -5.60000000 34.08646624 0.88627451 0.90980392 0.94117647
v -60.10000000 -6.80000000 88.20000000 0.88627451 0.90980392 0.94117647
v -60.10000000 -6.80000000 27.10000000 0.88627451 0.90980392 0.94117647
v 60.10000000 -6.80000000 27.10000000 0.88627451 0.90980392 0.94117647
v 60.10000000 -6.80000000 88.20000000 0.88627451 0.90980392 0.94117647
v 53.38736786 -6.80000000 34.03849812 0.88627451 0.90980392 0.94117647
v 53.09431408 -6.80000000 34.00963485 0.88627451 0.90980392 0.94117647
v 52.80000000 -6.80000000 34.00000000 0.88627451 0.90980392 0.94117647
v 33.65000000 -6.80000000 34.00000000 0.88627451 0.90980392 0.94117647
v 33.65000000 -6.80000000 29.00000000 0.88627451 0.90980392 0.94117647
v 23.65000000 -6.80000000 29.00000000 0.88627451 0.90980392 0.94117647
v 23.65000000 -6.80000000 34.00000000 0.88627451 0.90980392 0.94117647
v -23.65000000 -6.80000000 34.00000000 0.88627451 0.90980392 0.94117647
v -23.65000000 -6.80000000 29.00000000 0.88627451 0.90980392 0.94117647
v -33.65000000 -6.80000000 29.00000000 0.88627451 0.90980392 0.94117647
v -33.65000000 -6.80000000 34.00000000 0.88627451 0.90980392 0.94117647
v -52.80000000 -6.80000000 34.00000000 0.88627451 0.90980392 0.94117647
v -53.09431408 -6.80000000 34.00963485 0.88627451 0.90980392 0.94117647
v -53.38736786 -6.80000000 34.03849812 0.88627451 0.90980392 0.94117647
v -53.67790645 -6.80000000 34.08646624 0.88627451 0.90980392 0.94117647
v -53.96468570 -6.80000000 34.15333378 0.88627451 0.90980392 0.94117647
v -54.24647759 -6.80000000 34.23881442 0.88627451 0.90980392 0.94117647
v -54.52207545 -6.80000000 34.34254210 0.88627451 0.90980392 0.94117647
v -54.79029911 -6.80000000 34.46407266 0.88627451 0.90980392 0.94117647
v -55.05000000 -6.80000000 34.60288568 0.88627451 0.90980392 0.94117647
v -55.30006605 -6.80000000 34.75838674 0.88627451 0.90980392 0.94117647
v -55.53942643 -6.80000000 34.92990997 0.88627451 0.90980392 0.94117647
v -55.76705617 -6.80000000 35.11672087 0.88627451 0.90980392 0.94117647
v -55.98198052 -6.80000000 35.31801948 0.88627451 0.90980392 0.94117647
v -56.18327913 -6.80000000 35.53294383 0.88627451 0.90980392 0.94117647
v -56.37009003 -6.80000000 35.76057357 0.88627451 0.90980392 0.94117647
v -56.54161326 -6.80000000 35.99993395 0.88627451 0.90980392 0.94117647
v -56.69711432 -6.80000000 36.25000000 0.88627451 0.90980392 0.94117647
v -56.83592734 -6.80000000 36.50970089 0.88627451 0.90980392 0.94117647
v -56.95745790 -6.80000000 36.77792455 0.88627451 0.90980392 0.94117647
v -57.06118558 -6.80000000 37.05352241 0.88627451 0.90980392 0.94117647
v -57.14666622 -6.80000000 37.33531430 0.88627451 0.90980392 0.94117647
v -57.21353376 -6.80000000 37.62209355 0.88627451 0.90980392 0.94117647
v -57.26150188 -6.80000000 37.91263214 0.88627451 0.90980392 0.94117647
v -57.29036515 -6.80000000 38.20568592 0.88627451 0.90980392 0.94117647
v -57.30000000 -6.80000000 38.50000000 0.88627451 0.90980392 0.94117647
v -57.30000000 -6.80000000 79.70000000 0.88627451 0.90980392 0.94117647
v -57.29036515 -6.80000000 79.99431408 0.88627451 0.90980392 0.94117647
v -57.26150188 -6.80000000 80.28736786 0.88627451 0.90980392 0.94117647
v -57.21353376 -6.80000000 80.57790645 0.88627451 0.90980392 0.94117647
v -57.14666622 -6.80000000 80.86468570 0.88627451 0.90980392 0.94117647
v -57.06118558 -6.80000000 81.14647759 0.88627451 0.90980392 0.94117647
v -56.95745790 -6.80000000 81.42207545 0.88627451 0.90980392 0.94117647
v -56.83592734 -6.80000000 81.69029911 0.88627451 0.90980392 0.94117647
v -56.69711432 -6.80000000 81.95000000 0.88627451 0.90980392 0.94117647
v -56.54161326 -6.80000000 82.20006605 0.88627451 0.90980392 0.94117647
v -56.37009003 -6.80000000 82.43942643 0.88627451 0.90980392 0.94117647
v -56.18327913 -6.80000000 82.66705617 0.88627451 0.90980392 0.94117647
v -55.98198052 -6.80000000 82.88198052 0.88627451 0.90980392 0.94117647
v -55.76705617 -6.80000000 83.08327913 0.88627451 0.90980392 0.94117647
v -55.53942643 -6.80000000 83.27009003 0.88627451 0.90980392 0.94117647
v -55.30006605 -6.80000000 83.44161326 0.88627451 0.90980392 0.94117647
v -55.05000000 -6.80000000 83.59711432 0.88627451 0.90980392 0.94117647
v -54.79029911 -6.80000000 83.73592734 0.88627451 0.90980392 0.94117647
v -54.52207545 -6.80000000 83.85745790 0.88627451 0.90980392 0.94117647
v -54.24647759 -6.80000000 83.96118558 0.88627451 0.90980392 0.94117647
v -53.96468570 -6.80000000 84.04666622 0.88627451 0.90980392 0.94117647
v -53.67790645 -6.80000000 84.11353376 0.88627451 0.90980392 0.94117647
v -53.38736786 -6.80000000 84.16150188 0.88627451 0.90980392 0.94117647
v -53.09431408 -6.80000000 84.19036515 0.88627451 0.90980392 0.94117647
v -52.80000000 -6.80000000 84.20000000 0.88627451 0.90980392 0.94117647
v 52.80000000 -6.80000000 84.20000000 0.88627451 0.90980392 0.94117647
v 53.09431408 -6.80000000 84.19036515 0.88627451 0.90980392 0.94117647
v 53.38736786 -6.80000000 84.16150188 0.88627451 0.90980392 0.94117647
v 53.67790645 -6.80000000 84.11353376 0.88627451 0.90980392 0.94117647
v 53.96468570 -6.80000000 84.04666622 0.88627451 0.90980392 0.94117647
v 54.24647759 -6.80000000 83.96118558 0.88627451 0.90980392 0.94117647
v 54.52207545 -6.80000000 83.85745790 0.88627451 0.90980392 0.94117647
v 54.79029911 -6.80000000 83.73592734 0.88627451 0.90980392 0.94117647
v 55.05000000 -6.80000000 83.59711432 0.88627451 0.90980392 0.94117647
v 55.30006605 -6.80000000 83.44161326 0.88627451 0.90980392 0.94117647
v 55.53942643 -6.80000000 83.27009003 0.88627451 0.90980392 0.94117647
v 55.76705617 -6.80000000 83.08327913 0.88627451 0.90980392 0.94117647
v 55.98198052 -6.80000000 82.88198052 0.88627451 0.90980392 0.94117647
v 56.18327913 -6.80000000 82.66705617 0.88627451 0.90980392 0.94117647
v 56.37009003 -6.80000000 82.43942643 0.88627451 0.90980392 0.94117647
v 56.54161326 -6.80000000 82.20006605 0.88627451 0.90980392 0.94117647
v 56.69711432 -6.80000000 81.95000000 0.88627451 0.90980392 0.94117647
v 56.83592734 -6.80000000 81.69029911 0.88627451 0.90980392 0.94117647
v 56.95745790 -6.80000000 81.42207545 0.88627451 0.90980392 0.94117647
v 57.06118558 -6.80000000 81.14647759 0.88627451 0.90980392 0.94117647
v 57.14666622 -6.80000000 80.86468570 0.88627451 0.90980392 0.94117647
v 57.21353376 -6.80000000 80.57790645 0.88627451 0.90980392 0.94117647
v 57.26150188 -6.80000000 80.28736786 0.88627451 0.90980392 0.94117647
v 57.29036515 -6.80000000 79.99431408 0.88627451 0.90980392 0.94117647
v 57.30000000 -6.80000000 79.70000000 0.88627451 0.90980392 0.94117647
v 57.30000000 -6.80000000 38.50000000 0.88627451 0.90980392 0.94117647
v 57.29036515 -6.80000000 38.20568592 0.88627451 0.90980392 0.94117647
v 57.26150188 -6.80000000 37.91263214 0.88627451 0.90980392 0.94117647
v 57.21353376 -6.80000000 37.62209355 0.88627451 0.90980392 0.94117647
v 57.14666622 -6.80000000 37.33531430 0.88627451 0.90980392 0.94117647
v 57.06118558 -6.80000000 37.05352241 0.88627451 0.90980392 0.94117647
v 56.95745790 -6.80000000 36.77792455 0.88627451 0.90980392 0.94117647
v 56.83592734 -6.80000000 36.50970089 0.88627451 0.90980392 0.94117647
v 56.69711432 -6.80000000 36.25000000 0.88627451 0.90980392 0.94117647
v 56.54161326 -6.80000000 35.99993395 0.88627451 0.90980392 0.94117647
v 56.37009003 -6.80000000 35.76057357 0.88627451 0.90980392 0.94117647
v 56.18327913 -6.80000000 35.53294383 0.88627451 0.90980392 0.94117647
v 55.98198052 -6.80000000 35.31801948 0.88627451 0.90980392 0.94117647
v 55.76705617 -6.80000000 35.11672087 0.88627451 0.90980392 0.94117647
v 55.53942643 -6.80000000 34.92990997 0.88627451 0.90980392 0.94117647
v 55.30006605 -6.80000000 34.75838674 0.88627451 0.90980392 0.94117647
v 55.05000000 -6.80000000 34.60288568 0.88627451 0.90980392 0.94117647
v 54.79029911 -6.80000000 34.46407266 0.88627451 0.90980392 0.94117647
v 54.52207545 -6.80000000 34.34254210 0.88627451 0.90980392 0.94117647
v 54.24647759 -6.80000000 34.23881442 0.88627451 0.90980392 0.94117647
v 53.96468570 -6.80000000 34.15333378 0.88627451 0.90980392 0.94117647
v 53.67790645 -6.80000000 34.08646624 0.88627451 0.90980392 0.94117647
v -58.60000000 -8.35000000 29.10000000 0.11764706 0.16078431 0.23137255
v -58.60000000 -8.35000000 33.10000000 0.11764706 0.16078431 0.23137255
v -58.60000000 -4.85000000 29.10000000 0.11764706 0.16078431 0.23137255
v -58.60000000 -4.85000000 33.10000000 0.11764706 0.16078431 0.23137255
v -53.60000000 -8.35000000 29.10000000 0.11764706 0.16078431 0.23137255
v -53.60000000 -8.35000000 33.10000000 0.11764706 0.16078431 0.23137255
v -53.60000000 -4.85000000 29.10000000 0.11764706 0.16078431 0.23137255
v -53.60000000 -4.85000000 33.10000000 0.11764706 0.16078431 0.23137255
v 53.60000000 -8.35000000 29.10000000 0.11764706 0.16078431 0.23137255
v 53.60000000 -8.35000000 33.10000000 0.11764706 0.16078431 0.23137255
v 53.60000000 -4.85000000 29.10000000 0.11764706 0.16078431 0.23137255
v 53.60000000 -4.85000000 33.10000000 0.11764706 0.16078431 0.23137255
v 58.60000000 -8.35000000 29.10000000 0.11764706 0.16078431 0.23137255
v 58.60000000 -8.35000000 33.10000000 0.11764706 0.16078431 0.23137255
v 58.60000000 -4.85000000 29.10000000 0.11764706 0.16078431 0.23137255
v 58.60000000 -4.85000000 33.10000000 0.11764706 0.16078431 0.23137255
v -60.10000000 -5.60000000 27.10000000 0.88627451 0.90980392 0.94117647
v 60.10000000 -5.60000000 27.10000000 0.88627451 0.90980392 0.94117647
v 60.10000000 -53.00000000 31.96977879 0.88627451 0.90980392 0.94117647
v -60.10000000 -53.00000000 31.96977879 0.88627451 0.90980392 0.94117647
v 8.50000000 -42.23168109 30.86346379 0.88627451 0.90980392 0.94117647
v 8.49611535 -42.07426642 30.84729133 0.88627451 0.90980392 0.94117647
v 8.48447074 -41.91723098 30.83115783 0.88627451 0.90980392 0.94117647
v 8.46509424 -41.76095308 30.81510216 0.88627451 0.90980392 0.94117647
v 8.43803253 -41.60580920 30.79916299 0.88627451 0.90980392 0.94117647
v 8.40335079 -41.45217310 30.78337874 0.88627451 0.90980392 0.94117647
v 8.36113258 -41.30041490 30.76778741 0.88627451 0.90980392 0.94117647
v 8.31147961 -41.15090021 30.75242658 0.88627451 0.90980392 0.94117647
v 8.25451149 -41.00398921 30.73733324 0.88627451 0.90980392 0.94117647
v 8.19036547 -40.86003583 30.72254377 0.88627451 0.90980392 0.94117647
v 8.11919608 -40.71938686 30.70809378 0.88627451 0.90980392 0.94117647
v 8.04117477 -40.58238114 30.69401809 0.88627451 0.90980392 0.94117647
v 7.95648950 -40.44934873 30.68035062 0.88627451 0.90980392 0.94117647
v 7.86534429 -40.32061012 30.66712428 0.88627451 0.90980392 0.94117647
v 7.76795871 -40.19647544 30.65437093 0.88627451 0.90980392 0.94117647
v 7.66456738 -40.07724375 30.64212131 0.88627451 0.90980392 0.94117647
v 7.55541937 -39.96320229 30.63040493 0.88627451 0.90980392 0.94117647
v 7.44077763 -39.85462579 30.61925000 0.88627451 0.90980392 0.94117647
v 7.32091834 -39.75177583 30.60868341 0.88627451 0.90980392 0.94117647
v 7.19613026 -39.65490018 30.59873060 0.88627451 0.90980392 0.94117647
v 7.06671400 -39.56423222 30.58941556 0.88627451 0.90980392 0.94117647
v 6.93298135 -39.47999037 30.58076073 0.88627451 0.90980392 0.94117647
v 6.79525448 -39.40237759 30.57278695 0.88627451 0.90980392 0.94117647
v 6.65386518 -39.33158085 30.56551344 0.88627451 0.90980392 0.94117647
v 6.50915407 -39.26777070 30.55895771 0.88627451 0.90980392 0.94117647
v 6.36146978 -39.21110088 30.55313557 0.88627451 0.90980392 0.94117647
v 6.21116808 -39.16170790 30.54806104 0.88627451 0.90980392 0.94117647
v 6.05861108 -39.11971075 30.54374634 0.88627451 0.90980392 0.94117647
v 5.90416629 -39.08521061 30.54020186 0.88627451 0.90980392 0.94117647
v 5.74820578 -39.05829059 30.53743616 0.88627451 0.90980392 0.94117647
v 5.59110528 -39.03901555 30.53545588 0.88627451 0.90980392 0.94117647
v 5.43324325 -39.02743192 30.53426580 0.88627451 0.90980392 0.94117647
v 5.27500000 -39.02356761 30.53386879 0.88627451 0.90980392 0.94117647
v 5.11675675 -39.02743192 30.53426580 0.88627451 0.90980392 0.94117647
v 4.95889472 -39.03901555 30.53545588 0.88627451 0.90980392 0.94117647
v 4.80179422 -39.05829059 30.53743616 0.88627451 0.90980392 0.94117647
v 4.64583371 -39.08521061 30.54020186 0.88627451 0.90980392 0.94117647
v 4.49138892 -39.11971075 30.54374634 0.88627451 0.90980392 0.94117647
v 4.33883192 -39.16170790 30.54806104 0.88627451 0.90980392 0.94117647
v 4.18853022 -39.21110088 30.55313557 0.88627451 0.90980392 0.94117647
v 4.04084593 -39.26777070 30.55895771 0.88627451 0.90980392 0.94117647
v 3.89613482 -39.33158085 30.56551344 0.88627451 0.90980392 0.94117647
v 3.75474552 -39.40237759 30.57278695 0.88627451 0.90980392 0.94117647
v 3.61701865 -39.47999037 30.58076073 0.88627451 0.90980392 0.94117647
v 3.48328600 -39.56423222 30.58941556 0.88627451 0.90980392 0.94117647
v 3.35386974 -39.65490018 30.59873060 0.88627451 0.90980392 0.94117647
v 3.22908166 -39.75177583 30.60868341 0.88627451 0.90980392 0.94117647
v 3.10922237 -39.85462579 30.61925000 0.88627451 0.90980392 0.94117647
v 2.99458063 -39.96320229 30.63040493 0.88627451 0.90980392 0.94117647
v 2.88543262 -40.07724375 30.64212131 0.88627451 0.90980392 0.94117647
v 2.78204129 -40.19647544 30.65437093 0.88627451 0.90980392 0.94117647
v 2.68465571 -40.32061012 30.66712428 0.88627451 0.90980392 0.94117647
v 2.59351050 -40.44934873 30.68035062 0.88627451 0.90980392 0.94117647
v 2.50882523 -40.58238114 30.69401809 0.88627451 0.90980392 0.94117647
v 2.43080392 -40.71938686 30.70809378 0.88627451 0.90980392 0.94117647
v 2.35963453 -40.86003583 30.72254377 0.88627451 0.90980392 0.94117647
v 2.29548851 -41.00398921 30.73733324 0.88627451 0.90980392 0.94117647
v 2.23852039 -41.15090021 30.75242658 0.88627451 0.90980392 0.94117647
v 2.18886742 -41.30041490 30.76778741 0.88627451 0.90980392 0.94117647
v 2.14664921 -41.45217310 30.78337874 0.88627451 0.90980392 0.94117647
v 2.11196747 -41.60580920 30.79916299 0.88627451 0.90980392 0.94117647
v 2.08490576 -41.76095308 30.81510216 0.88627451 0.90980392 0.94117647
v 2.06552926 -41.91723098 30.83115783 0.88627451 0.90980392 0.94117647
v 2.05388465 -42.07426642 30.84729133 0.88627451 0.90980392 0.94117647
v 2.05000000 -42.23168109 30.86346379 0.88627451 0.90980392 0.94117647
v 2.05388465 -42.38909576 30.87963625 0.88627451 0.90980392 0.94117647
v 2.06552926 -42.54613120 30.89576975 0.88627451 0.90980392 0.94117647
v 2.08490576 -42.70240911 30.91182542 0.88627451 0.90980392 0.94117647
v 2.11196747 -42.85755298 30.92776458 0.88627451 0.90980392 0.94117647
v 2.14664921 -43.01118908 30.94354884 0.88627451 0.90980392 0.94117647
v 2.18886742 -43.16294728 30.95914017 0.88627451 0.90980392 0.94117647
v 2.23852039 -43.31246197 30.97450100 0.88627451 0.90980392 0.94117647
v 2.29548851 -43.45937297 30.98959433 0.88627451 0.90980392 0.94117647
v 2.35963453 -43.60332635 31.00438381 0.88627451 0.90980392 0.94117647
v 2.43080392 -43.74397532 31.01883380 0.88627451 0.90980392 0.94117647
v 2.50882523 -43.88098104 31.03290948 0.88627451 0.90980392 0.94117647
v 2.59351050 -44.01401345 31.04657696 0.88627451 0.90980392 0.94117647
v 2.68465571 -44.14275206 31.05980330 0.88627451 0.90980392 0.94117647
v 2.78204129 -44.26688674 31.07255664 0.88627451 0.90980392 0.94117647
v 2.88543262 -44.38611843 31.08480626 0.88627451 0.90980392 0.94117647
v 2.99458063 -44.50015989 31.09652265 0.88627451 0.90980392 0.94117647
v 3.10922237 -44.60873639 31.10767757 0.88627451 0.90980392 0.94117647
v 3.22908166 -44.71158635 31.11824417 0.88627451 0.90980392 0.94117647
v 3.35386974 -44.80846200 31.12819697 0.88627451 0.90980392 0.94117647
v 3.48328600 -44.89912997 31.13751201 0.88627451 0.90980392 0.94117647
v 3.61701865 -44.98337181 31.14616685 0.88627451 0.90980392 0.94117647
v 3.75474552 -45.06098459 31.15414063 0.88627451 0.90980392 0.94117647
v 3.89613482 -45.13178133 31.16141414 0.88627451 0.90980392 0.94117647
v 4.04084593 -45.19559148 31.16796986 0.88627451 0.90980392 0.94117647
v 4.18853022 -45.25226130 31.17379200 0.88627451 0.90980392 0.94117647
v 4.33883192 -45.30165429 31.17886654 0.88627451 0.90980392 0.94117647
v 4.49138892 -45.34365144 31.18318124 0.88627451 0.90980392 0.94117647
v 4.64583371 -45.37815158 31.18672571 0.88627451 0.90980392 0.94117647
v 4.80179422 -45.40507159 31.18949142 0.88627451 0.90980392 0.94117647
v 4.95889472 -45.42434663 31.19147170 0.88627451 0.90980392 0.94117647
v 5.11675675 -45.43593026 31.19266178 0.88627451 0.90980392 0.94117647
v 5.27500000 -45.43979458 31.19305879 0.88627451 0.90980392 0.94117647
v 5.43324325 -45.43593026 31.19266178 0.88627451 0.90980392 0.94117647
v 5.59110528 -45.42434663 31.19147170 0.88627451 0.90980392 0.94117647
v 5.74820578 -45.40507159 31.18949142 0.88627451 0.90980392 0.94117647
v 5.90416629 -45.37815158 31.18672571 0.88627451 0.90980392 0.94117647
v 6.05861108 -45.34365144 31.18318124 0.88627451 0.90980392 0.94117647
v 6.21116808 -45.30165429 31.17886654 0.88627451 0.90980392 0.94117647
v 6.36146978 -45.25226130 31.17379200 0.88627451 0.90980392 0.94117647
v 6.50915407 -45.19559148 31.16796986 0.88627451 0.90980392 0.94117647
v 6.65386518 -45.13178133 31.16141414 0.88627451 0.90980392 0.94117647
v 6.79525448 -45.06098459 31.15414063 0.88627451 0.90980392 0.94117647
v 6.93298135 -44.98337181 31.14616685 0.88627451 0.90980392 0.94117647
v 7.06671400 -44.89912997 31.13751201 0.88627451 0.90980392 0.94117647
v 7.19613026 -44.80846200 31.12819697 0.88627451 0.90980392 0.94117647
v 7.32091834 -44.71158635 31.11824417 0.88627451 0.90980392 0.94117647
v 7.44077763 -44.60873639 31.10767757 0.88627451 0.90980392 0.94117647
v 7.55541937 -44.50015989 31.09652265 0.88627451 0.90980392 0.94117647
v 7.66456738 -44.38611843 31.08480626 0.88627451 0.90980392 0.94117647
v 7.76795871 -44.26688674 31.07255664 0.88627451 0.90980392 0.94117647
v 7.86534429 -44.14275206 31.05980330 0.88627451 0.90980392 0.94117647
v 7.95648950 -44.01401345 31.04657696 0.88627451 0.90980392 0.94117647
v 8.04117477 -43.88098104 31.03290948 0.88627451 0.90980392 0.94117647
v 8.11919608 -43.74397532 31.01883380 0.88627451 0.90980392 0.94117647
v 8.19036547 -43.60332635 31.00438381 0.88627451 0.90980392 0.94117647
v 8.25451149 -43.45937297 30.98959433 0.88627451 0.90980392 0.94117647
v 8.31147961 -43.31246197 30.97450100 0.88627451 0.90980392 0.94117647
v 8.36113258 -43.16294728 30.95914017 0.88627451 0.90980392 0.94117647
v 8.40335079 -43.01118908 30.94354884 0.88627451 0.90980392 0.94117647
v 8.43803253 -42.85755298 30.92776458 0.88627451 0.90980392 0.94117647
v 8.46509424 -42.70240911 30.91182542 0.88627451 0.90980392 0.94117647
v 8.48447074 -42.54613120 30.89576975 0.88627451 0.90980392 0.94117647
v 8.49611535 -42.38909576 30.87963625 0.88627451 0.90980392 0.94117647
v -39.12500000 -45.73822374 31.22371879 0.88627451 0.90980392 0.94117647
v -38.96675675 -45.73435943 31.22332178 0.88627451 0.90980392 0.94117647
v -38.80889472 -45.72277579 31.22213170 0.88627451 0.90980392 0.94117647
v -38.65179422 -45.70350075 31.22015142 0.88627451 0.90980392 0.94117647
v -38.49583371 -45.67658074 31.21738571 0.88627451 0.90980392 0.94117647
v -38.34138892 -45.64208060 31.21384124 0.88627451 0.90980392 0.94117647
v -38.18883192 -45.60008345 31.20952654 0.88627451 0.90980392 0.94117647
v -38.03853022 -45.55069047 31.20445200 0.88627451 0.90980392 0.94117647
v -37.89084593 -45.49402064 31.19862986 0.88627451 0.90980392 0.94117647
v -37.74613482 -45.43021049 31.19207414 0.88627451 0.90980392 0.94117647
v -37.60474552 -45.35941375 31.18480063 0.88627451 0.90980392 0.94117647
v -37.46701865 -45.28180097 31.17682685 0.88627451 0.90980392 0.94117647
v -37.33328600 -45.19755913 31.16817201 0.88627451 0.90980392 0.94117647
v -37.20386974 -45.10689117 31.15885697 0.88627451 0.90980392 0.94117647
v -37.07908166 -45.01001551 31.14890417 0.88627451 0.90980392 0.94117647
v -36.95922237 -44.90716555 31.13833757 0.88627451 0.90980392 0.94117647
v -36.84458063 -44.79858905 31.12718265 0.88627451 0.90980392 0.94117647
v -36.73543262 -44.68454759 31.11546626 0.88627451 0.90980392 0.94117647
v -36.63204129 -44.56531590 31.10321664 0.88627451 0.90980392 0.94117647
v -36.53465571 -44.44118122 31.09046330 0.88627451 0.90980392 0.94117647
v -36.44351050 -44.31244261 31.07723696 0.88627451 0.90980392 0.94117647
v -36.35882523 -44.17941020 31.06356948 0.88627451 0.90980392 0.94117647
v -36.28080392 -44.04240448 31.04949380 0.88627451 0.90980392 0.94117647
v -36.20963453 -43.90175551 31.03504381 0.88627451 0.90980392 0.94117647
v -36.14548851 -43.75780213 31.02025433 0.88627451 0.90980392 0.94117647
v -36.08852039 -43.61089113 31.00516100 0.88627451 0.90980392 0.94117647
v -36.03886742 -43.46137644 30.98980017 0.88627451 0.90980392 0.94117647
v -35.99664921 -43.30961824 30.97420884 0.88627451 0.90980392 0.94117647
v -35.96196747 -43.15598215 30.95842458 0.88627451 0.90980392 0.94117647
v -35.93490576 -43.00083827 30.94248542 0.88627451 0.90980392 0.94117647
v -35.91552926 -42.84456036 30.92642975 0.88627451 0.90980392 0.94117647
v -35.90388465 -42.68752492 30.91029625 0.88627451 0.90980392 0.94117647
v -35.90000000 -42.53011025 30.89412379 0.88627451 0.90980392 0.94117647
v -35.90388465 -42.37269558 30.87795133 0.88627451 0.90980392 0.94117647
v -35.91552926 -42.21566014 30.86181783 0.88627451 0.90980392 0.94117647
v -35.93490576 -42.05938224 30.84576216 0.88627451 0.90980392 0.94117647
v -35.96196747 -41.90423836 30.82982299 0.88627451 0.90980392 0.94117647
v -35.99664921 -41.75060226 30.81403874 0.88627451 0.90980392 0.94117647
v -36.03886742 -41.59884406 30.79844741 0.88627451 0.90980392 0.94117647
v -36.08852039 -41.44932937 30.78308658 0.88627451 0.90980392 0.94117647
v -36.14548851 -41.30241837 30.76799324 0.88627451 0.90980392 0.94117647
v -36.20963453 -41.15846499 30.75320377 0.88627451 0.90980392 0.94117647
v -36.28080392 -41.01781602 30.73875378 0.88627451 0.90980392 0.94117647
v -36.35882523 -40.88081031 30.72467809 0.88627451 0.90980392 0.94117647
v -36.44351050 -40.74777790 30.71101062 0.88627451 0.90980392 0.94117647
v -36.53465571 -40.61903928 30.69778428 0.88627451 0.90980392 0.94117647
v -36.63204129 -40.49490460 30.68503093 0.88627451 0.90980392 0.94117647
v -36.73543262 -40.37567291 30.67278131 0.88627451 0.90980392 0.94117647
v -36.84458063 -40.26163145 30.66106493 0.88627451 0.90980392 0.94117647
v -36.95922237 -40.15305496 30.64991000 0.88627451 0.90980392 0.94117647
v -37.07908166 -40.05020499 30.63934341 0.88627451 0.90980392 0.94117647
v -37.20386974 -39.95332934 30.62939060 0.88627451 0.90980392 0.94117647
v -37.33328600 -39.86266138 30.62007556 0.88627451 0.90980392 0.94117647
v -37.46701865 -39.77841953 30.61142073 0.88627451 0.90980392 0.94117647
v -37.60474552 -39.70080675 30.60344695 0.88627451 0.90980392 0.94117647
v -37.74613482 -39.63001001 30.59617344 0.88627451 0.90980392 0.94117647
v -37.89084593 -39.56619987 30.58961771 0.88627451 0.90980392 0.94117647
v -38.03853022 -39.50953004 30.58379557 0.88627451 0.90980392 0.94117647
v -38.18883192 -39.46013706 30.57872104 0.88627451 0.90980392 0.94117647
v -38.34138892 -39.41813991 30.57440634 0.88627451 0.90980392 0.94117647
v -38.49583371 -39.38363977 30.57086186 0.88627451 0.90980392 0.94117647
v -38.65179422 -39.35671975 30.56809616 0.88627451 0.90980392 0.94117647
v -38.80889472 -39.33744471 30.56611588 0.88627451 0.90980392 0.94117647
v -38.96675675 -39.32586108 30.56492580 0.88627451 0.90980392 0.94117647
v -39.12500000 -39.32199677 30.56452879 0.88627451 0.90980392 0.94117647
v -40.12500000 -39.32199677 30.56452879 0.88627451 0.90980392 0.94117647
v -40.28324325 -39.32586108 30.56492580 0.88627451 0.90980392 0.94117647
v -40.44110528 -39.33744471 30.56611588 0.88627451 0.90980392 0.94117647
v -40.59820578 -39.35671975 30.56809616 0.88627451 0.90980392 0.94117647
v -40.75416629 -39.38363977 30.57086186 0.88627451 0.90980392 0.94117647
v -40.90861108 -39.41813991 30.57440634 0.88627451 0.90980392 0.94117647
v -41.06116808 -39.46013706 30.57872104 0.88627451 0.90980392 0.94117647
v -41.21146978 -39.50953004 30.58379557 0.88627451 0.90980392 0.94117647
v -41.35915407 -39.56619987 30.58961771 0.88627451 0.90980392 0.94117647
v -41.50386518 -39.63001001 30.59617344 0.88627451 0.90980392 0.94117647
v -41.64525448 -39.70080675 30.60344695 0.88627451 0.90980392 0.94117647
v -41.78298135 -39.77841953 30.61142073 0.88627451 0.90980392 0.94117647
v -41.91671400 -39.86266138 30.62007556 0.88627451 0.90980392 0.94117647
v -42.04613026 -39.95332934 30.62939060 0.88627451 0.90980392 0.94117647
v -42.17091834 -40.05020499 30.63934341 0.88627451 0.90980392 0.94117647
v -42.29077763 -40.15305496 30.64991000 0.88627451 0.90980392 0.94117647
v -42.40541937 -40.26163145 30.66106493 0.88627451 0.90980392 0.94117647
v -42.51456738 -40.37567291 30.67278131 0.88627451 0.90980392 0.94117647
v -42.61795871 -40.49490460 30.68503093 0.88627451 0.90980392 0.94117647
v -42.71534429 -40.61903928 30.69778428 0.88627451 0.90980392 0.94117647
v -42.80648950 -40.74777790 30.71101062 0.88627451 0.90980392 0.94117647
v -42.89117477 -40.88081031 30.72467809 0.88627451 0.90980392 0.94117647
v -42.96919608 -41.01781602 30.73875378 0.88627451 0.90980392 0.94117647
v -43.04036547 -41.15846499 30.75320377 0.88627451 0.90980392 0.94117647
v -43.10451149 -41.30241837 30.76799324 0.88627451 0.90980392 0.94117647
v -43.16147961 -41.44932937 30.78308658 0.88627451 0.90980392 0.94117647
v -43.21113258 -41.59884406 30.79844741 0.88627451 0.90980392 0.94117647
v -43.25335079 -41.75060226 30.81403874 0.88627451 0.90980392 0.94117647
v -43.28803253 -41.90423836 30.82982299 0.88627451 0.90980392 0.94117647
v -43.31509424 -42.05938224 30.84576216 0.88627451 0.90980392 0.94117647
v -43.33447074 -42.21566014 30.86181783 0.88627451 0.90980392 0.94117647
v -43.34611535 -42.37269558 30.87795133 0.88627451 0.90980392 0.94117647
v -43.35000000 -42.53011025 30.89412379 0.88627451 0.90980392 0.94117647
v -43.34611535 -42.68752492 30.91029625 0.88627451 0.90980392 0.94117647
v -43.33447074 -42.84456036 30.92642975 0.88627451 0.90980392 0.94117647
v -43.31509424 -43.00083827 30.94248542 0.88627451 0.90980392 0.94117647
v -43.28803253 -43.15598215 30.95842458 0.88627451 0.90980392 0.94117647
v -43.25335079 -43.30961824 30.97420884 0.88627451 0.90980392 0.94117647
v -43.21113258 -43.46137644 30.98980017 0.88627451 0.90980392 0.94117647
v -43.16147961 -43.61089113 31.00516100 0.88627451 0.90980392 0.94117647
v -43.10451149 -43.75780213 31.02025433 0.88627451 0.90980392 0.94117647
v -43.04036547 -43.90175551 31.03504381 0.88627451 0.90980392 0.94117647
v -42.96919608 -44.04240448 31.04949380 0.88627451 0.90980392 0.94117647
v -42.89117477 -44.17941020 31.06356948 0.88627451 0.90980392 0.94117647
v -42.80648950 -44.31244261 31.07723696 0.88627451 0.90980392 0.94117647
v -42.71534429 -44.44118122 31.09046330 0.88627451 0.90980392 0.94117647
v -42.61795871 -44.56531590 31.10321664 0.88627451 0.90980392 0.94117647
v -42.51456738 -44.68454759 31.11546626 0.88627451 0.90980392 0.94117647
v -42.40541937 -44.79858905 31.12718265 0.88627451 0.90980392 0.94117647
v -42.29077763 -44.90716555 31.13833757 0.88627451 0.90980392 0.94117647
v -42.17091834 -45.01001551 31.14890417 0.88627451 0.90980392 0.94117647
v -42.04613026 -45.10689117 31.15885697 0.88627451 0.90980392 0.94117647
v -41.91671400 -45.19755913 31.16817201 0.88627451 0.90980392 0.94117647
v -41.78298135 -45.28180097 31.17682685 0.88627451 0.90980392 0.94117647
v -41.64525448 -45.35941375 31.18480063 0.88627451 0.90980392 0.94117647
v -41.50386518 -45.43021049 31.19207414 0.88627451 0.90980392 0.94117647
v -41.35915407 -45.49402064 31.19862986 0.88627451 0.90980392 0.94117647
v -41.21146978 -45.55069047 31.20445200 0.88627451 0.90980392 0.94117647
v -41.06116808 -45.60008345 31.20952654 0.88627451 0.90980392 0.94117647
v -40.90861108 -45.64208060 31.21384124 0.88627451 0.90980392 0.94117647
v -40.75416629 -45.67658074 31.21738571 0.88627451 0.90980392 0.94117647
v -40.59820578 -45.70350075 31.22015142 0.88627451 0.90980392 0.94117647
v -40.44110528 -45.72277579 31.22213170 0.88627451 0.90980392 0.94117647
v -40.28324325 -45.73435943 31.22332178 0.88627451 0.90980392 0.94117647
v -40.12500000 -45.73822374 31.22371879 0.88627451 0.90980392 0.94117647
v -60.10000000 -5.72264000 25.90628335 0.88627451 0.90980392 0.94117647
v 60.10000000 -5.72264000 25.90628335 0.88627451 0.90980392 0.94117647
v 60.10000000 -53.12264000 30.77606214 0.88627451 0.90980392 0.94117647
v -60.10000000 -53.12264000 30.77606214 0.88627451 0.90980392 0.94117647
v 8.50000000 -42.35432109 29.66974714 0.88627451 0.90980392 0.94117647
v 8.49611535 -42.19690642 29.65357468 0.88627451 0.90980392 0.94117647
v 8.48447074 -42.03987098 29.63744118 0.88627451 0.90980392 0.94117647
v 8.46509424 -41.88359308 29.62138551 0.88627451 0.90980392 0.94117647
v 8.43803253 -41.72844920 29.60544635 0.88627451 0.90980392 0.94117647
v 8.40335079 -41.57481310 29.58966209 0.88627451 0.90980392 0.94117647
v 8.36113258 -41.42305490 29.57407076 0.88627451 0.90980392 0.94117647
v 8.31147961 -41.27354021 29.55870993 0.88627451 0.90980392 0.94117647
v 8.25451149 -41.12662921 29.54361660 0.88627451 0.90980392 0.94117647
v 8.19036547 -40.98267583 29.52882712 0.88627451 0.90980392 0.94117647
v 8.11919608 -40.84202686 29.51437713 0.88627451 0.90980392 0.94117647
v 8.04117477 -40.70502114 29.50030145 0.88627451 0.90980392 0.94117647
v 7.95648950 -40.57198873 29.48663397 0.88627451 0.90980392 0.94117647
v 7.86534429 -40.44325012 29.47340763 0.88627451 0.90980392 0.94117647
v 7.76795871 -40.31911544 29.46065429 0.88627451 0.90980392 0.94117647
v 7.66456738 -40.19988375 29.44840467 0.88627451 0.90980392 0.94117647
v 7.55541937 -40.08584229 29.43668828 0.88627451 0.90980392 0.94117647
v 7.44077763 -39.97726579 29.42553336 0.88627451 0.90980392 0.94117647
v 7.32091834 -39.87441583 29.41496676 0.88627451 0.90980392 0.94117647
v 7.19613026 -39.77754018 29.40501396 0.88627451 0.90980392 0.94117647
v 7.06671400 -39.68687222 29.39569891 0.88627451 0.90980392 0.94117647
v 6.93298135 -39.60263037 29.38704408 0.88627451 0.90980392 0.94117647
v 6.79525448 -39.52501759 29.37907030 0.88627451 0.90980392 0.94117647
v 6.65386518 -39.45422085 29.37179679 0.88627451 0.90980392 0.94117647
v 6.50915407 -39.39041070 29.36524107 0.88627451 0.90980392 0.94117647
v 6.36146978 -39.33374088 29.35941893 0.88627451 0.90980392 0.94117647
v 6.21116808 -39.28434790 29.35434439 0.88627451 0.90980392 0.94117647
v 6.05861108 -39.24235075 29.35002969 0.88627451 0.90980392 0.94117647
v 5.90416629 -39.20785061 29.34648522 0.88627451 0.90980392 0.94117647
v 5.74820578 -39.18093059 29.34371951 0.88627451 0.90980392 0.94117647
v 5.59110528 -39.16165555 29.34173923 0.88627451 0.90980392 0.94117647
v 5.43324325 -39.15007192 29.34054915 0.88627451 0.90980392 0.94117647
v 5.27500000 -39.14620761 29.34015214 0.88627451 0.90980392 0.94117647
v 5.11675675 -39.15007192 29.34054915 0.88627451 0.90980392 0.94117647
v 4.95889472 -39.16165555 29.34173923 0.88627451 0.90980392 0.94117647
v 4.80179422 -39.18093059 29.34371951 0.88627451 0.90980392 0.94117647
v 4.64583371 -39.20785061 29.34648522 0.88627451 0.90980392 0.94117647
v 4.49138892 -39.24235075 29.35002969 0.88627451 0.90980392 0.94117647
v 4.33883192 -39.28434790 29.35434439 0.88627451 0.90980392 0.94117647
v 4.18853022 -39.33374088 29.35941893 0.88627451 0.90980392 0.94117647
v 4.04084593 -39.39041070 29.36524107 0.88627451 0.90980392 0.94117647
v 3.89613482 -39.45422085 29.37179679 0.88627451 0.90980392 0.94117647
v 3.75474552 -39.52501759 29.37907030 0.88627451 0.90980392 0.94117647
v 3.61701865 -39.60263037 29.38704408 0.88627451 0.90980392 0.94117647
v 3.48328600 -39.68687222 29.39569891 0.88627451 0.90980392 0.94117647
v 3.35386974 -39.77754018 29.40501396 0.88627451 0.90980392 0.94117647
v 3.22908166 -39.87441583 29.41496676 0.88627451 0.90980392 0.94117647
v 3.10922237 -39.97726579 29.42553336 0.88627451 0.90980392 0.94117647
v 2.99458063 -40.08584229 29.43668828 0.88627451 0.90980392 0.94117647
v 2.88543262 -40.19988375 29.44840467 0.88627451 0.90980392 0.94117647
v 2.78204129 -40.31911544 29.46065429 0.88627451 0.90980392 0.94117647
v 2.68465571 -40.44325012 29.47340763 0.88627451 0.90980392 0.94117647
v 2.59351050 -40.57198873 29.48663397 0.88627451 0.90980392 0.94117647
v 2.50882523 -40.70502114 29.50030145 0.88627451 0.90980392 0.94117647
v 2.43080392 -40.84202686 29.51437713 0.88627451 0.90980392 0.94117647
v 2.35963453 -40.98267583 29.52882712 0.88627451 0.90980392 0.94117647
v 2.29548851 -41.12662921 29.54361660 0.88627451 0.90980392 0.94117647
v 2.23852039 -41.27354021 29.55870993 0.88627451 0.90980392 0.94117647
v 2.18886742 -41.42305490 29.57407076 0.88627451 0.90980392 0.94117647
v 2.14664921 -41.57481310 29.58966209 0.88627451 0.90980392 0.94117647
v 2.11196747 -41.72844920 29.60544635 0.88627451 0.90980392 0.94117647
v 2.08490576 -41.88359308 29.62138551 0.88627451 0.90980392 0.94117647
v 2.06552926 -42.03987098 29.63744118 0.88627451 0.90980392 0.94117647
v 2.05388465 -42.19690642 29.65357468 0.88627451 0.90980392 0.94117647
v 2.05000000 -42.35432109 29.66974714 0.88627451 0.90980392 0.94117647
v 2.05388465 -42.51173576 29.68591960 0.88627451 0.90980392 0.94117647
v 2.06552926 -42.66877120 29.70205310 0.88627451 0.90980392 0.94117647
v 2.08490576 -42.82504911 29.71810877 0.88627451 0.90980392 0.94117647
v 2.11196747 -42.98019298 29.73404794 0.88627451 0.90980392 0.94117647
v 2.14664921 -43.13382908 29.74983219 0.88627451 0.90980392 0.94117647
v 2.18886742 -43.28558728 29.76542352 0.88627451 0.90980392 0.94117647
v 2.23852039 -43.43510197 29.78078435 0.88627451 0.90980392 0.94117647
v 2.29548851 -43.58201297 29.79587769 0.88627451 0.90980392 0.94117647
v 2.35963453 -43.72596635 29.81066716 0.88627451 0.90980392 0.94117647
v 2.43080392 -43.86661532 29.82511715 0.88627451 0.90980392 0.94117647
v 2.50882523 -44.00362104 29.83919284 0.88627451 0.90980392 0.94117647
v 2.59351050 -44.13665345 29.85286031 0.88627451 0.90980392 0.94117647
v 2.68465571 -44.26539206 29.86608665 0.88627451 0.90980392 0.94117647
v 2.78204129 -44.38952674 29.87884000 0.88627451 0.90980392 0.94117647
v 2.88543262 -44.50875843 29.89108962 0.88627451 0.90980392 0.94117647
v 2.99458063 -44.62279989 29.90280600 0.88627451 0.90980392 0.94117647
v 3.10922237 -44.73137639 29.91396093 0.88627451 0.90980392 0.94117647
v 3.22908166 -44.83422635 29.92452752 0.88627451 0.90980392 0.94117647
v 3.35386974 -44.93110200 29.93448033 0.88627451 0.90980392 0.94117647
v 3.48328600 -45.02176997 29.94379537 0.88627451 0.90980392 0.94117647
v 3.61701865 -45.10601181 29.95245020 0.88627451 0.90980392 0.94117647
v 3.75474552 -45.18362459 29.96042398 0.88627451 0.90980392 0.94117647
v 3.89613482 -45.25442133 29.96769749 0.88627451 0.90980392 0.94117647
v 4.04084593 -45.31823148 29.97425322 0.88627451 0.90980392 0.94117647
v 4.18853022 -45.37490130 29.98007536 0.88627451 0.90980392 0.94117647
v 4.33883192 -45.42429429 29.98514989 0.88627451 0.90980392 0.94117647
v 4.49138892 -45.46629144 29.98946459 0.88627451 0.90980392 0.94117647
v 4.64583371 -45.50079158 29.99300907 0.88627451 0.90980392 0.94117647
v 4.80179422 -45.52771159 29.99577477 0.88627451 0.90980392 0.94117647
v 4.95889472 -45.54698663 29.99775505 0.88627451 0.90980392 0.94117647
v 5.11675675 -45.55857026 29.99894513 0.88627451 0.90980392 0.94117647
v 5.27500000 -45.56243458 29.99934214 0.88627451 0.90980392 0.94117647
v 5.43324325 -45.55857026 29.99894513 0.88627451 0.90980392 0.94117647
v 5.59110528 -45.54698663 29.99775505 0.88627451 0.90980392 0.94117647
v 5.74820578 -45.52771159 29.99577477 0.88627451 0.90980392 0.94117647
v 5.90416629 -45.50079158 29.99300907 0.88627451 0.90980392 0.94117647
v 6.05861108 -45.46629144 29.98946459 0.88627451 0.90980392 0.94117647
v 6.21116808 -45.42429429 29.98514989 0.88627451 0.90980392 0.94117647
v 6.36146978 -45.37490130 29.98007536 0.88627451 0.90980392 0.94117647
v 6.50915407 -45.31823148 29.97425322 0.88627451 0.90980392 0.94117647
v 6.65386518 -45.25442133 29.96769749 0.88627451 0.90980392 0.94117647
v 6.79525448 -45.18362459 29.96042398 0.88627451 0.90980392 0.94117647
v 6.93298135 -45.10601181 29.95245020 0.88627451 0.90980392 0.94117647
v 7.06671400 -45.02176997 29.94379537 0.88627451 0.90980392 0.94117647
v 7.19613026 -44.93110200 29.93448033 0.88627451 0.90980392 0.94117647
v 7.32091834 -44.83422635 29.92452752 0.88627451 0.90980392 0.94117647
v 7.44077763 -44.73137639 29.91396093 0.88627451 0.90980392 0.94117647
v 7.55541937 -44.62279989 29.90280600 0.88627451 0.90980392 0.94117647
v 7.66456738 -44.50875843 29.89108962 0.88627451 0.90980392 0.94117647
v 7.76795871 -44.38952674 29.87884000 0.88627451 0.90980392 0.94117647
v 7.86534429 -44.26539206 29.86608665 0.88627451 0.90980392 0.94117647
v 7.95648950 -44.13665345 29.85286031 0.88627451 0.90980392 0.94117647
v 8.04117477 -44.00362104 29.83919284 0.88627451 0.90980392 0.94117647
v 8.11919608 -43.86661532 29.82511715 0.88627451 0.90980392 0.94117647
v 8.19036547 -43.72596635 29.81066716 0.88627451 0.90980392 0.94117647
v 8.25451149 -43.58201297 29.79587769 0.88627451 0.90980392 0.94117647
v 8.31147961 -43.43510197 29.78078435 0.88627451 0.90980392 0.94117647
v 8.36113258 -43.28558728 29.76542352 0.88627451 0.90980392 0.94117647
v 8.40335079 -43.13382908 29.74983219 0.88627451 0.90980392 0.94117647
v 8.43803253 -42.98019298 29.73404794 0.88627451 0.90980392 0.94117647
v 8.46509424 -42.82504911 29.71810877 0.88627451 0.90980392 0.94117647
v 8.48447074 -42.66877120 29.70205310 0.88627451 0.90980392 0.94117647
v 8.49611535 -42.51173576 29.68591960 0.88627451 0.90980392 0.94117647
v -39.12500000 -45.86086374 30.03000214 0.88627451 0.90980392 0.94117647
v -38.96675675 -45.85699943 30.02960513 0.88627451 0.90980392 0.94117647
v -38.80889472 -45.84541579 30.02841505 0.88627451 0.90980392 0.94117647
v -38.65179422 -45.82614075 30.02643477 0.88627451 0.90980392 0.94117647
v -38.49583371 -45.79922074 30.02366907 0.88627451 0.90980392 0.94117647
v -38.34138892 -45.76472060 30.02012459 0.88627451 0.90980392 0.94117647
v -38.18883192 -45.72272345 30.01580989 0.88627451 0.90980392 0.94117647
v -38.03853022 -45.67333047 30.01073536 0.88627451 0.90980392 0.94117647
v -37.89084593 -45.61666064 30.00491322 0.88627451 0.90980392 0.94117647
v -37.74613482 -45.55285049 29.99835749 0.88627451 0.90980392 0.94117647
v -37.60474552 -45.48205375 29.99108398 0.88627451 0.90980392 0.94117647
v -37.46701865 -45.40444097 29.98311020 0.88627451 0.90980392 0.94117647
v -37.33328600 -45.32019913 29.97445537 0.88627451 0.90980392 0.94117647
v -37.20386974 -45.22953117 29.96514033 0.88627451 0.90980392 0.94117647
v -37.07908166 -45.13265551 29.95518752 0.88627451 0.90980392 0.94117647
v -36.95922237 -45.02980555 29.94462093 0.88627451 0.90980392 0.94117647
v -36.84458063 -44.92122905 29.93346600 0.88627451 0.90980392 0.94117647
v -36.73543262 -44.80718759 29.92174962 0.88627451 0.90980392 0.94117647
v -36.63204129 -44.68795590 29.90950000 0.88627451 0.90980392 0.94117647
v -36.53465571 -44.56382122 29.89674665 0.88627451 0.90980392 0.94117647
v -36.44351050 -44.43508261 29.88352031 0.88627451 0.90980392 0.94117647
v -36.35882523 -44.30205020 29.86985284 0.88627451 0.90980392 0.94117647
v -36.28080392 -44.16504448 29.85577715 0.88627451 0.90980392 0.94117647
v -36.20963453 -44.02439551 29.84132716 0.88627451 0.90980392 0.94117647
v -36.14548851 -43.88044213 29.82653769 0.88627451 0.90980392 0.94117647
v -36.08852039 -43.73353113 29.81144435 0.88627451 0.90980392 0.94117647
v -36.03886742 -43.58401644 29.79608352 0.88627451 0.90980392 0.94117647
v -35.99664921 -43.43225824 29.78049219 0.88627451 0.90980392 0.94117647
v -35.96196747 -43.27862215 29.76470794 0.88627451 0.90980392 0.94117647
v -35.93490576 -43.12347827 29.74876877 0.88627451 0.90980392 0.94117647
v -35.91552926 -42.96720036 29.73271310 0.88627451 0.90980392 0.94117647
v -35.90388465 -42.81016492 29.71657960 0.88627451 0.90980392 0.94117647
v -35.90000000 -42.65275025 29.70040714 0.88627451 0.90980392 0.94117647
v -35.90388465 -42.49533558 29.68423468 0.88627451 0.90980392 0.94117647
v -35.91552926 -42.33830014 29.66810118 0.88627451 0.90980392 0.94117647
v -35.93490576 -42.18202224 29.65204551 0.88627451 0.90980392 0.94117647
v -35.96196747 -42.02687836 29.63610635 0.88627451 0.90980392 0.94117647
v -35.99664921 -41.87324226 29.62032209 0.88627451 0.90980392 0.94117647
v -36.03886742 -41.72148406 29.60473076 0.88627451 0.90980392 0.94117647
v -36.08852039 -41.57196937 29.58936993 0.88627451 0.90980392 0.94117647
v -36.14548851 -41.42505837 29.57427660 0.88627451 0.90980392 0.94117647
v -36.20963453 -41.28110499 29.55948712 0.88627451 0.90980392 0.94117647
v -36.28080392 -41.14045602 29.54503713 0.88627451 0.90980392 0.94117647
v -36.35882523 -41.00345031 29.53096145 0.88627451 0.90980392 0.94117647
v -36.44351050 -40.87041790 29.51729397 0.88627451 0.90980392 0.94117647
v -36.53465571 -40.74167928 29.50406763 0.88627451 0.90980392 0.94117647
v -36.63204129 -40.61754460 29.49131429 0.88627451 0.90980392 0.94117647
v -36.73543262 -40.49831291 29.47906467 0.88627451 0.90980392 0.94117647
v -36.84458063 -40.38427145 29.46734828 0.88627451 0.90980392 0.94117647
v -36.95922237 -40.27569496 29.45619336 0.88627451 0.90980392 0.94117647
v -37.07908166 -40.17284499 29.44562676 0.88627451 0.90980392 0.94117647
v -37.20386974 -40.07596934 29.43567396 0.88627451 0.90980392 0.94117647
v -37.33328600 -39.98530138 29.42635891 0.88627451 0.90980392 0.94117647
v -37.46701865 -39.90105953 29.41770408 0.88627451 0.90980392 0.94117647
v -37.60474552 -39.82344675 29.40973030 0.88627451 0.90980392 0.94117647
v -37.74613482 -39.75265001 29.40245679 0.88627451 0.90980392 0.94117647
v -37.89084593 -39.68883987 29.39590107 0.88627451 0.90980392 0.94117647
v -38.03853022 -39.63217004 29.39007893 0.88627451 0.90980392 0.94117647
v -38.18883192 -39.58277706 29.38500439 0.88627451 0.90980392 0.94117647
v -38.34138892 -39.54077991 29.38068969 0.88627451 0.90980392 0.94117647
v -38.49583371 -39.50627977 29.37714522 0.88627451 0.90980392 0.94117647
v -38.65179422 -39.47935975 29.37437951 0.88627451 0.90980392 0.94117647
v -38.80889472 -39.46008471 29.37239923 0.88627451 0.90980392 0.94117647
v -38.96675675 -39.44850108 29.37120915 0.88627451 0.90980392 0.94117647
v -39.12500000 -39.44463677 29.37081214 0.88627451 0.90980392 0.94117647
v -40.12500000 -39.44463677 29.37081214 0.88627451 0.90980392 0.94117647
v -40.28324325 -39.44850108 29.37120915 0.88627451 0.90980392 0.94117647
v -40.44110528 -39.46008471 29.37239923 0.88627451 0.90980392 0.94117647
v -40.59820578 -39.47935975 29.37437951 0.88627451 0.90980392 0.94117647
v -40.75416629 -39.50627977 29.37714522 0.88627451 0.90980392 0.94117647
v -40.90861108 -39.54077991 29.38068969 0.88627451 0.90980392 0.94117647
v -41.06116808 -39.58277706 29.38500439 0.88627451 0.90980392 0.94117647
v -41.21146978 -39.63217004 29.39007893 0.88627451 0.90980392 0.94117647
v -41.35915407 -39.68883987 29.39590107 0.88627451 0.90980392 0.94117647
v -41.50386518 -39.75265001 29.40245679 0.88627451 0.90980392 0.94117647
v -41.64525448 -39.82344675 29.40973030 0.88627451 0.90980392 0.94117647
v -41.78298135 -39.90105953 29.41770408 0.88627451 0.90980392 0.94117647
v -41.91671400 -39.98530138 29.42635891 0.88627451 0.90980392 0.94117647
v -42.04613026 -40.07596934 29.43567396 0.88627451 0.90980392 0.94117647
v -42.17091834 -40.17284499 29.44562676 0.88627451 0.90980392 0.94117647
v -42.29077763 -40.27569496 29.45619336 0.88627451 0.90980392 0.94117647
v -42.40541937 -40.38427145 29.46734828 0.88627451 0.90980392 0.94117647
v -42.51456738 -40.49831291 29.47906467 0.88627451 0.90980392 0.94117647
v -42.61795871 -40.61754460 29.49131429 0.88627451 0.90980392 0.94117647
v -42.71534429 -40.74167928 29.50406763 0.88627451 0.90980392 0.94117647
v -42.80648950 -40.87041790 29.51729397 0.88627451 0.90980392 0.94117647
v -42.89117477 -41.00345031 29.53096145 0.88627451 0.90980392 0.94117647
v -42.96919608 -41.14045602 29.54503713 0.88627451 0.90980392 0.94117647
v -43.04036547 -41.28110499 29.55948712 0.88627451 0.90980392 0.94117647
v -43.10451149 -41.42505837 29.57427660 0.88627451 0.90980392 0.94117647
v -43.16147961 -41.57196937 29.58936993 0.88627451 0.90980392 0.94117647
v -43.21113258 -41.72148406 29.60473076 0.88627451 0.90980392 0.94117647
v -43.25335079 -41.87324226 29.62032209 0.88627451 0.90980392 0.94117647
v -43.28803253 -42.02687836 29.63610635 0.88627451 0.90980392 0.94117647
v -43.31509424 -42.18202224 29.65204551 0.88627451 0.90980392 0.94117647
v -43.33447074 -42.33830014 29.66810118 0.88627451 0.90980392 0.94117647
v -43.34611535 -42.49533558 29.68423468 0.88627451 0.90980392 0.94117647
v -43.35000000 -42.65275025 29.70040714 0.88627451 0.90980392 0.94117647
v -43.34611535 -42.81016492 29.71657960 0.88627451 0.90980392 0.94117647
v -43.33447074 -42.96720036 29.73271310 0.88627451 0.90980392 0.94117647
v -43.31509424 -43.12347827 29.74876877 0.88627451 0.90980392 0.94117647
v -43.28803253 -43.27862215 29.76470794 0.88627451 0.90980392 0.94117647
v -43.25335079 -43.43225824 29.78049219 0.88627451 0.90980392 0.94117647
v -43.21113258 -43.58401644 29.79608352 0.88627451 0.90980392 0.94117647
v -43.16147961 -43.73353113 29.81144435 0.88627451 0.90980392 0.94117647
v -43.10451149 -43.88044213 29.82653769 0.88627451 0.90980392 0.94117647
v -43.04036547 -44.02439551 29.84132716 0.88627451 0.90980392 0.94117647
v -42.96919608 -44.16504448 29.85577715 0.88627451 0.90980392 0.94117647
v -42.89117477 -44.30205020 29.86985284 0.88627451 0.90980392 0.94117647
v -42.80648950 -44.43508261 29.88352031 0.88627451 0.90980392 0.94117647
v -42.71534429 -44.56382122 29.89674665 0.88627451 0.90980392 0.94117647
v -42.61795871 -44.68795590 29.90950000 0.88627451 0.90980392 0.94117647
v -42.51456738 -44.80718759 29.92174962 0.88627451 0.90980392 0.94117647
v -42.40541937 -44.92122905 29.93346600 0.88627451 0.90980392 0.94117647
v -42.29077763 -45.02980555 29.94462093 0.88627451 0.90980392 0.94117647
v -42.17091834 -45.13265551 29.95518752 0.88627451 0.90980392 0.94117647
v -42.04613026 -45.22953117 29.96514033 0.88627451 0.90980392 0.94117647
v -41.91671400 -45.32019913 29.97445537 0.88627451 0.90980392 0.94117647
v -41.78298135 -45.40444097 29.98311020 0.88627451 0.90980392 0.94117647
v -41.64525448 -45.48205375 29.99108398 0.88627451 0.90980392 0.94117647
v -41.50386518 -45.55285049 29.99835749 0.88627451 0.90980392 0.94117647
v -41.35915407 -45.61666064 30.00491322 0.88627451 0.90980392 0.94117647
v -41.21146978 -45.67333047 30.01073536 0.88627451 0.90980392 0.94117647
v -41.06116808 -45.72272345 30.01580989 0.88627451 0.90980392 0.94117647
v -40.90861108 -45.76472060 30.02012459 0.88627451 0.90980392 0.94117647
v -40.75416629 -45.79922074 30.02366907 0.88627451 0.90980392 0.94117647
v -40.59820578 -45.82614075 30.02643477 0.88627451 0.90980392 0.94117647
v -40.44110528 -45.84541579 30.02841505 0.88627451 0.90980392 0.94117647
v -40.28324325 -45.85699943 30.02960513 0.88627451 0.90980392 0.94117647
v -40.12500000 -45.86086374 30.03000214 0.88627451 0.90980392 0.94117647
v 27.00000000 -10.69645936 26.41728335 0.79607843 0.83529412 0.88235294
v 27.00000000 -41.18547354 29.54966214 0.79607843 0.83529412 0.88235294
v 23.00000000 -41.18547354 29.54966214 0.79607843 0.83529412 0.88235294
v 23.00000000 -10.69645936 26.41728335 0.79607843 0.83529412 0.88235294
v 27.00000000 -10.84975936 24.92513755 0.79607843 0.83529412 0.88235294
v 27.00000000 -41.33877354 28.05751633 0.79607843 0.83529412 0.88235294
v 23.00000000 -41.33877354 28.05751633 0.79607843 0.83529412 0.88235294
v 23.00000000 -10.84975936 24.92513755 0.79607843 0.83529412 0.88235294
f 2 1 136
f 3 2 136
f 70 69 68
f 71 70 68
f 4 3 136
f 4 136 135
f 71 68 67
f 72 71 67
f 5 4 135
f 5 135 134
f 6 5 134
f 6 134 133
f 7 6 133
f 7 133 132
f 8 7 132
f 8 132 131
f 9 8 131
f 9 131 130
f 10 9 130
f 10 130 129
f 11 10 129
f 11 129 128
f 12 11 128
f 12 128 127
f 13 12 127
f 13 127 126
f 14 13 126
f 14 126 125
f 15 14 125
f 15 125 124
f 16 15 124
f 16 124 123
f 17 16 123
f 17 123 122
f 18 17 122
f 18 122 121
f 19 18 121
f 19 121 120
f 20 19 120
f 20 120 119
f 21 20 119
f 21 119 118
f 22 21 118
f 22 118 117
f 23 22 117
f 23 117 116
f 24 23 116
f 24 116 115
f 25 24 115
f 25 115 114
f 26 25 114
f 26 114 113
f 27 26 113
f 27 113 112
f 28 27 112
f 28 112 111
f 29 28 111
f 29 111 110
f 30 29 110
f 30 110 109
f 31 30 109
f 31 109 108
f 32 31 108
f 32 108 107
f 33 32 107
f 33 107 106
f 34 33 106
f 34 106 105
f 35 34 105
f 35 105 104
f 35 104 103
f 36 35 103
f 37 36 103
f 37 103 102
f 38 37 102
f 38 102 101
f 39 38 101
f 39 101 100
f 40 39 100
f 40 100 99
f 41 40 99
f 41 99 98
f 42 41 98
f 42 98 97
f 72 67 66
f 73 72 66
f 73 66 65
f 74 73 65
f 74 65 64
f 75 74 64
f 75 64 63
f 76 75 63
f 76 63 62
f 77 76 62
f 77 62 61
f 78 77 61
f 78 61 60
f 79 78 60
f 79 60 59
f 80 79 59
f 80 59 58
f 81 80 58
f 81 58 57
f 82 81 57
f 82 57 56
f 83 82 56
f 83 56 55
f 84 83 55
f 84 55 54
f 85 84 54
f 85 54 53
f 86 85 53
f 86 53 52
f 87 86 52
f 87 52 51
f 88 87 51
f 88 51 50
f 89 88 50
f 89 50 49
f 90 89 49
f 90 49 48
f 91 90 48
f 91 48 47
f 92 91 47
f 92 47 46
f 93 92 46
f 93 46 45
f 94 93 45
f 94 45 44
f 95 94 44
f 95 44 43
f 96 95 43
f 96 43 42
f 96 42 97
f 272 137 138
f 272 138 139
f 204 205 206
f 204 206 207
f 272 139 140
f 271 272 140
f 203 204 207
f 203 207 208
f 271 140 141
f 270 271 141
f 270 141 142
f 269 270 142
f 269 142 143
f 268 269 143
f 268 143 144
f 267 268 144
f 267 144 145
f 266 267 145
f 266 145 146
f 265 266 146
f 265 146 147
f 264 265 147
f 264 147 148
f 263 264 148
f 263 148 149
f 262 263 149
f 262 149 150
f 261 262 150
f 261 150 151
f 260 261 151
f 260 151 152
f 259 260 152
f 259 152 153
f 258 259 153
f 258 153 154
f 257 258 154
f 257 154 155
f 256 257 155
f 256 155 156
f 255 256 156
f 255 156 157
f 254 255 157
f 254 157 158
f 253 254 158
f 253 158 159
f 252 253 159
f 252 159 160
f 251 252 160
f 251 160 161
f 250 251 161
f 250 161 162
f 249 250 162
f 249 162 163
f 248 249 163
f 248 163 164
f 247 248 164
f 247 164 165
f 246 247 165
f 246 165 166
f 245 246 166
f 245 166 167
f 244 245 167
f 244 167 168
f 243 244 168
f 243 168 169
f 242 243 169
f 242 169 170
f 241 242 170
f 241 170 171
f 240 241 171
f 239 240 171
f 239 171 172
f 239 172 173
f 238 239 173
f 238 173 174
f 237 238 174
f 237 174 175
f 236 237 175
f 236 175 176
f 235 236 176
f 235 176 177
f 234 235 177
f 234 177 178
f 233 234 178
f 202 203 208
f 202 208 209
f 201 202 209
f 201 209 210
f 200 201 210
f 200 210 211
f 199 200 211
f 199 211 212
f 198 199 212
f 198 212 213
f 197 198 213
f 197 213 214
f 196 197 214
f 196 214 215
f 195 196 215
f 195 215 216
f 194 195 216
f 194 216 217
f 193 194 217
f 193 217 218
f 192 193 218
f 192 218 219
f 191 192 219
f 191 219 220
f 190 191 220
f 190 220 221
f 189 190 221
f 189 221 222
f 188 189 222
f 188 222 223
f 187 188 223
f 187 223 224
f 186 187 224
f 186 224 225
f 185 186 225
f 185 225 226
f 184 185 226
f 184 226 227
f 183 184 227
f 183 227 228
f 182 183 228
f 182 228 229
f 181 182 229
f 181 229 230
f 180 181 230
f 180 230 231
f 179 180 231
f 179 231 232
f 178 179 232
f 233 178 232
f 138 137 2
f 2 137 1
f 139 138 3
f 3 138 2
f 140 139 4
f 4 139 3
f 141 140 5
f 5 140 4
f 142 141 6
f 6 141 5
f 143 142 7
f 7 142 6
f 144 143 8
f 8 143 7
f 145 144 9
f 9 144 8
f 146 145 10
f 10 145 9
f 147 146 11
f 11 146 10
f 148 147 12
f 12 147 11
f 149 148 13
f 13 148 12
f 150 149 14
f 14 149 13
f 151 150 15
f 15 150 14
f 152 151 16
f 16 151 15
f 153 152 17
f 17 152 16
f 154 153 18
f 18 153 17
f 155 154 19
f 19 154 18
f 156 155 20
f 20 155 19
f 157 156 21
f 21 156 20
f 158 157 22
f 22 157 21
f 159 158 23
f 23 158 22
f 160 159 24
f 24 159 23
f 161 160 25
f 25 160 24
f 162 161 26
f 26 161 25
f 163 162 27
f 27 162 26
f 164 163 28
f 28 163 27
f 165 164 29
f 29 164 28
f 166 165 30
f 30 165 29
f 167 166 31
f 31 166 30
f 168 167 32
f 32 167 31
f 169 168 33
f 33 168 32
f 170 169 34
f 34 169 33
f 171 170 35
f 35 170 34
f 172 171 36
f 36 171 35
f 173 172 37
f 37 172 36
f 174 173 38
f 38 173 37
f 175 174 39
f 39 174 38
f 176 175 40
f 40 175 39
f 177 176 41
f 41 176 40
f 178 177 42
f 42 177 41
f 179 178 43
f 43 178 42
f 180 179 44
f 44 179 43
f 181 180 45
f 45 180 44
f 182 181 46
f 46 181 45
f 183 182 47
f 47 182 46
f 184 183 48
f 48 183 47
f 185 184 49
f 49 184 48
f 186 185 50
f 50 185 49
f 187 186 51
f 51 186 50
f 188 187 52
f 52 187 51
f 189 188 53
f 53 188 52
f 190 189 54
f 54 189 53
f 191 190 55
f 55 190 54
f 192 191 56
f 56 191 55
f 193 192 57
f 57 192 56
f 194 193 58
f 58 193 57
f 195 194 59
f 59 194 58
f 196 195 60
f 60 195 59
f 197 196 61
f 61 196 60
f 198 197 62
f 62 197 61
f 199 198 63
f 63 198 62
f 200 199 64
f 64 199 63
f 201 200 65
f 65 200 64
f 202 201 66
f 66 201 65
f 203 202 67
f 67 202 66
f 204 203 68
f 68 203 67
f 205 204 69
f 69 204 68
f 206 205 70
f 70 205 69
f 207 206 71
f 71 206 70
f 208 207 72
f 72 207 71
f 209 208 73
f 73 208 72
f 210 209 74
f 74 209 73
f 211 210 75
f 75 210 74
f 212 211 76
f 76 211 75
f 213 212 77
f 77 212 76
f 214 213 78
f 78 213 77
f 215 214 79
f 79 214 78
f 216 215 80
f 80 215 79
f 217 216 81
f 81 216 80
f 218 217 82
f 82 217 81
f 219 218 83
f 83 218 82
f 220 219 84
f 84 219 83
f 221 220 85
f 85 220 84
f 222 221 86
f 86 221 85
f 223 222 87
f 87 222 86
f 224 223 88
f 88 223 87
f 225 224 89
f 89 224 88
f 226 225 90
f 90 225 89
f 227 226 91
f 91 226 90
f 228 227 92
f 92 227 91
f 229 228 93
f 93 228 92
f 230 229 94
f 94 229 93
f 231 230 95
f 95 230 94
f 232 231 96
f 96 231 95
f 233 232 97
f 97 232 96
f 234 233 98
f 98 233 97
f 235 234 99
f 99 234 98
f 236 235 100
f 100 235 99
f 237 236 101
f 101 236 100
f 238 237 102
f 102 237 101
f 239 238 103
f 103 238 102
f 240 239 104
f 104 239 103
f 241 240 105
f 105 240 104
f 242 241 106
f 106 241 105
f 243 242 107
f 107 242 106
f 244 243 108
f 108 243 107
f 245 244 109
f 109 244 108
f 246 245 110
f 110 245 109
f 247 246 111
f 111 246 110
f 248 247 112
f 112 247 111
f 249 248 113
f 113 248 112
f 250 249 114
f 114 249 113
f 251 250 115
f 115 250 114
f 252 251 116
f 116 251 115
f 253 252 117
f 117 252 116
f 254 253 118
f 118 253 117
f 255 254 119
f 119 254 118
f 256 255 120
f 120 255 119
f 257 256 121
f 121 256 120
f 258 257 122
f 122 257 121
f 259 258 123
f 123 258 122
f 260 259 124
f 124 259 123
f 261 260 125
f 125 260 124
f 262 261 126
f 126 261 125
f 263 262 127
f 127 262 126
f 264 263 128
f 128 263 127
f 265 264 129
f 129 264 128
f 266 265 130
f 130 265 129
f 267 266 131
f 131 266 130
f 268 267 132
f 132 267 131
f 269 268 133
f 133 268 132
f 270 269 134
f 134 269 133
f 271 270 135
f 135 270 134
f 137 272 1
f 1 272 136
f 272 271 136
f 136 271 135
f 275 274 273
f 276 275 273
f 277 276 273
f 278 277 273
f 279 278 273
f 280 279 273
f 281 280 273
f 282 281 273
f 283 282 273
f 284 283 273
f 285 284 273
f 273 294 293
f 273 293 292
f 273 292 291
f 273 291 290
f 273 290 289
f 273 289 288
f 273 288 287
f 273 287 286
f 285 273 286
f 295 296 297
f 295 297 298
f 295 298 299
f 295 299 300
f 295 300 301
f 295 301 302
f 295 302 303
f 295 303 304
f 295 304 305
f 295 305 306
f 295 306 307
f 315 316 295
f 314 315 295
f 313 314 295
f 312 313 295
f 311 312 295
f 310 311 295
f 309 310 295
f 308 309 295
f 308 295 307
f 296 295 274
f 274 295 273
f 297 296 275
f 275 296 274
f 298 297 276
f 276 297 275
f 299 298 277
f 277 298 276
f 300 299 278
f 278 299 277
f 301 300 279
f 279 300 278
f 302 301 280
f 280 301 279
f 303 302 281
f 281 302 280
f 304 303 282
f 282 303 281
f 305 304 283
f 283 304 282
f 306 305 284
f 284 305 283
f 307 306 285
f 285 306 284
f 308 307 286
f 286 307 285
f 309 308 287
f 287 308 286
f 310 309 288
f 288 309 287
f 311 310 289
f 289 310 288
f 312 311 290
f 290 311 289
f 313 312 291
f 291 312 290
f 314 313 292
f 292 313 291
f 315 314 293
f 293 314 292
f 295 316 273
f 273 316 294
f 316 315 294
f 294 315 293
f 317 318 319
f 317 319 320
f 317 320 321
f 317 321 322
f 317 322 323
f 317 323 324
f 317 324 325
f 317 325 326
f 317 326 327
f 317 327 328
f 317 328 329
f 337 338 317
f 336 337 317
f 335 336 317
f 334 335 317
f 333 334 317
f 332 333 317
f 331 332 317
f 330 331 317
f 330 317 329
f 341 340 339
f 342 341 339
f 343 342 339
f 344 343 339
f 345 344 339
f 346 345 339
f 347 346 339
f 348 347 339
f 349 348 339
f 350 349 339
f 351 350 339
f 339 360 359
f 339 359 358
f 339 358 357
f 339 357 356
f 339 356 355
f 339 355 354
f 339 354 353
f 339 353 352
f 351 339 352
f 318 339 340
f 317 339 318
f 319 340 341
f 318 340 319
f 320 341 342
f 319 341 320
f 321 342 343
f 320 342 321
f 322 343 344
f 321 343 322
f 323 344 345
f 322 344 323
f 324 345 346
f 323 345 324
f 325 346 347
f 324 346 325
f 326 347 348
f 325 347 326
f 327 348 349
f 326 348 327
f 328 349 350
f 327 349 328
f 329 350 351
f 328 350 329
f 330 351 352
f 329 351 330
f 331 352 353
f 330 352 331
f 332 353 354
f 331 353 332
f 333 354 355
f 332 354 333
f 334 355 356
f 333 355 334
f 335 356 357
f 334 356 335
f 336 357 358
f 335 357 336
f 337 358 359
f 336 358 337
f 317 360 339
f 338 360 317
f 338 359 360
f 337 359 338
f 431 430 429
f 431 429 428
f 431 428 427
f 431 427 426
f 431 426 425
f 431 425 424
f 431 424 423
f 364 363 362
f 365 364 362
f 366 365 362
f 367 366 362
f 368 367 362
f 369 368 362
f 370 369 362
f 432 431 423
f 370 362 361
f 432 423 422
f 432 422 421
f 432 421 420
f 432 420 419
f 432 419 418
f 433 432 418
f 434 433 418
f 434 418 417
f 435 434 417
f 436 435 417
f 437 436 417
f 437 417 416
f 438 437 416
f 439 438 416
f 439 416 415
f 440 439 415
f 441 440 415
f 441 415 414
f 442 441 414
f 443 442 414
f 443 414 413
f 444 443 413
f 445 444 413
f 446 445 413
f 446 413 412
f 447 446 412
f 448 447 412
f 449 448 412
f 449 412 411
f 450 449 411
f 451 450 411
f 451 411 410
f 452 451 410
f 453 452 410
f 454 453 410
f 454 410 409
f 455 454 409
f 456 455 409
f 456 409 408
f 457 456 408
f 458 457 408
f 458 408 407
f 459 458 407
f 460 459 407
f 460 407 406
f 461 460 406
f 462 461 406
f 462 406 405
f 463 462 405
f 463 405 404
f 464 463 404
f 464 404 403
f 464 403 402
f 464 402 401
f 464 401 400
f 371 370 361
f 372 371 361
f 373 372 361
f 374 373 361
f 375 374 361
f 375 361 496
f 375 496 495
f 376 375 495
f 376 495 494
f 376 494 493
f 376 493 492
f 377 376 492
f 377 492 491
f 377 491 490
f 378 377 490
f 378 490 489
f 378 489 488
f 379 378 488
f 379 488 487
f 379 487 486
f 380 379 486
f 380 486 485
f 380 485 484
f 380 484 483
f 381 380 483
f 381 483 482
f 381 482 481
f 381 481 480
f 382 381 480
f 382 480 479
f 382 479 478
f 383 382 478
f 383 478 477
f 383 477 476
f 383 476 475
f 384 383 475
f 384 475 474
f 384 474 473
f 385 384 473
f 385 473 472
f 385 472 471
f 386 385 471
f 386 471 470
f 386 470 469
f 387 386 469
f 387 469 468
f 387 468 467
f 388 387 467
f 388 467 466
f 389 388 466
f 389 466 465
f 390 389 465
f 391 390 465
f 392 391 465
f 393 392 465
f 464 400 399
f 394 393 465
f 395 394 465
f 395 465 464
f 396 395 464
f 397 396 464
f 398 397 464
f 398 464 399
f 565 566 567
f 564 565 567
f 563 564 567
f 562 563 567
f 561 562 567
f 560 561 567
f 559 560 567
f 498 499 500
f 498 500 501
f 498 501 502
f 498 502 503
f 498 503 504
f 498 504 505
f 498 505 506
f 559 567 568
f 497 498 506
f 558 559 568
f 557 558 568
f 556 557 568
f 555 556 568
f 554 555 568
f 554 568 569
f 554 569 570
f 553 554 570
f 553 570 571
f 553 571 572
f 553 572 573
f 552 553 573
f 552 573 574
f 552 574 575
f 551 552 575
f 551 575 576
f 551 576 577
f 550 551 577
f 550 577 578
f 550 578 579
f 549 550 579
f 549 579 580
f 549 580 581
f 549 581 582
f 548 549 582
f 548 582 583
f 548 583 584
f 548 584 585
f 547 548 585
f 547 585 586
f 547 586 587
f 546 547 587
f 546 587 588
f 546 588 589
f 546 589 590
f 545 546 590
f 545 590 591
f 545 591 592
f 544 545 592
f 544 592 593
f 544 593 594
f 543 544 594
f 543 594 595
f 543 595 596
f 542 543 596
f 542 596 597
f 542 597 598
f 541 542 598
f 541 598 599
f 540 541 599
f 540 599 600
f 539 540 600
f 538 539 600
f 537 538 600
f 536 537 600
f 497 506 507
f 497 507 508
f 497 508 509
f 497 509 510
f 497 510 511
f 632 497 511
f 631 632 511
f 631 511 512
f 630 631 512
f 629 630 512
f 628 629 512
f 628 512 513
f 627 628 513
f 626 627 513
f 626 513 514
f 625 626 514
f 624 625 514
f 624 514 515
f 623 624 515
f 622 623 515
f 622 515 516
f 621 622 516
f 620 621 516
f 619 620 516
f 619 516 517
f 618 619 517
f 617 618 517
f 616 617 517
f 616 517 518
f 615 616 518
f 614 615 518
f 614 518 519
f 613 614 519
f 612 613 519
f 611 612 519
f 611 519 520
f 610 611 520
f 609 610 520
f 609 520 521
f 608 609 521
f 607 608 521
f 607 521 522
f 606 607 522
f 605 606 522
f 605 522 523
f 604 605 523
f 603 604 523
f 603 523 524
f 602 603 524
f 602 524 525
f 601 602 525
f 601 525 526
f 601 526 527
f 601 527 528
f 601 528 529
f 535 536 600
f 601 529 530
f 601 530 531
f 600 601 531
f 600 531 532
f 600 532 533
f 600 533 534
f 535 600 534
f 498 497 362
f 362 497 361
f 499 498 363
f 363 498 362
f 500 499 364
f 364 499 363
f 501 500 365
f 365 500 364
f 502 501 366
f 366 501 365
f 503 502 367
f 367 502 366
f 504 503 368
f 368 503 367
f 505 504 369
f 369 504 368
f 506 505 370
f 370 505 369
f 507 506 371
f 371 506 370
f 508 507 372
f 372 507 371
f 509 508 373
f 373 508 372
f 510 509 374
f 374 509 373
f 511 510 375
f 375 510 374
f 512 511 376
f 376 511 375
f 513 512 377
f 377 512 376
f 514 513 378
f 378 513 377
f 515 514 379
f 379 514 378
f 516 515 380
f 380 515 379
f 517 516 381
f 381 516 380
f 518 517 382
f 382 517 381
f 519 518 383
f 383 518 382
f 520 519 384
f 384 519 383
f 521 520 385
f 385 520 384
f 522 521 386
f 386 521 385
f 523 522 387
f 387 522 386
f 524 523 388
f 388 523 387
f 525 524 389
f 389 524 388
f 526 525 390
f 390 525 389
f 527 526 391
f 391 526 390
f 528 527 392
f 392 527 391
f 529 528 393
f 393 528 392
f 530 529 394
f 394 529 393
f 531 530 395
f 395 530 394
f 532 531 396
f 396 531 395
f 533 532 397
f 397 532 396
f 534 533 398
f 398 533 397
f 535 534 399
f 399 534 398
f 536 535 400
f 400 535 399
f 537 536 401
f 401 536 400
f 538 537 402
f 402 537 401
f 539 538 403
f 403 538 402
f 540 539 404
f 404 539 403
f 541 540 405
f 405 540 404
f 542 541 406
f 406 541 405
f 543 542 407
f 407 542 406
f 544 543 408
f 408 543 407
f 545 544 409
f 409 544 408
f 546 545 410
f 410 545 409
f 547 546 411
f 411 546 410
f 548 547 412
f 412 547 411
f 549 548 413
f 413 548 412
f 550 549 414
f 414 549 413
f 551 550 415
f 415 550 414
f 552 551 416
f 416 551 415
f 553 552 417
f 417 552 416
f 554 553 418
f 418 553 417
f 555 554 419
f 419 554 418
f 556 555 420
f 420 555 419
f 557 556 421
f 421 556 420
f 558 557 422
f 422 557 421
f 559 558 423
f 423 558 422
f 560 559 424
f 424 559 423
f 561 560 425
f 425 560 424
f 562 561 426
f 426 561 425
f 563 562 427
f 427 562 426
f 564 563 428
f 428 563 427
f 565 564 429
f 429 564 428
f 566 565 430
f 430 565 429
f 567 566 431
f 431 566 430
f 568 567 432
f 432 567 431
f 569 568 433
f 433 568 432
f 570 569 434
f 434 569 433
f 571 570 435
f 435 570 434
f 572 571 436
f 436 571 435
f 573 572 437
f 437 572 436
f 574 573 438
f 438 573 437
f 575 574 439
f 439 574 438
f 576 575 440
f 440 575 439
f 577 576 441
f 441 576 440
f 578 577 442
f 442 577 441
f 579 578 443
f 443 578 442
f 580 579 444
f 444 579 443
f 581 580 445
f 445 580 444
f 582 581 446
f 446 581 445
f 583 582 447
f 447 582 446
f 584 583 448
f 448 583 447
f 585 584 449
f 449 584 448
f 586 585 450
f 450 585 449
f 587 586 451
f 451 586 450
f 588 587 452
f 452 587 451
f 589 588 453
f 453 588 452
f 590 589 454
f 454 589 453
f 591 590 455
f 455 590 454
f 592 591 456
f 456 591 455
f 593 592 457
f 457 592 456
f 594 593 458
f 458 593 457
f 595 594 459
f 459 594 458
f 596 595 460
f 460 595 459
f 597 596 461
f 461 596 460
f 598 597 462
f 462 597 461
f 599 598 463
f 463 598 462
f 600 599 464
f 464 599 463
f 601 600 465
f 465 600 464
f 602 601 466
f 466 601 465
f 603 602 467
f 467 602 466
f 604 603 468
f 468 603 467
f 605 604 469
f 469 604 468
f 606 605 470
f 470 605 469
f 607 606 471
f 471 606 470
f 608 607 472
f 472 607 471
f 609 608 473
f 473 608 472
f 610 609 474
f 474 609 473
f 611 610 475
f 475 610 474
f 612 611 476
f 476 611 475
f 613 612 477
f 477 612 476
f 614 613 478
f 478 613 477
f 615 614 479
f 479 614 478
f 616 615 480
f 480 615 479
f 617 616 481
f 481 616 480
f 618 617 482
f 482 617 481
f 619 618 483
f 483 618 482
f 620 619 484
f 484 619 483
f 621 620 485
f 485 620 484
f 622 621 486
f 486 621 485
f 623 622 487
f 487 622 486
f 624 623 488
f 488 623 487
f 625 624 489
f 489 624 488
f 626 625 490
f 490 625 489
f 627 626 491
f 491 626 490
f 628 627 492
f 492 627 491
f 629 628 493
f 493 628 492
f 630 629 494
f 494 629 493
f 631 630 495
f 495 630 494
f 497 632 361
f 361 632 496
f 632 631 496
f 496 631 495
f 735 734 733
f 735 733 732
f 735 732 731
f 735 731 730
f 735 730 729
f 735 729 728
f 735 728 727
f 735 727 726
f 735 726 725
f 735 725 724
f 735 724 723
f 735 723 722
f 735 722 721
f 735 721 720
f 735 720 719
f 735 719 718
f 735 718 717
f 735 717 716
f 735 716 715
f 735 715 714
f 735 714 713
f 735 713 712
f 735 712 711
f 735 711 710
f 736 735 710
f 736 710 709
f 736 709 708
f 736 708 707
f 736 707 706
f 736 706 705
f 736 705 704
f 737 736 704
f 738 737 704
f 739 738 704
f 739 704 703
f 740 739 703
f 741 740 703
f 742 741 703
f 742 703 702
f 743 742 702
f 744 743 702
f 745 744 702
f 745 702 701
f 746 745 701
f 747 746 701
f 748 747 701
f 748 701 700
f 749 748 700
f 750 749 700
f 751 750 700
f 752 751 700
f 753 752 700
f 754 753 700
f 755 754 700
f 756 755 700
f 756 700 699
f 757 756 699
f 758 757 699
f 759 758 699
f 760 759 699
f 761 760 699
f 761 699 698
f 762 761 698
f 763 762 698
f 764 763 698
f 765 764 698
f 765 698 697
f 766 765 697
f 766 697 696
f 767 766 696
f 767 696 695
f 767 695 694
f 768 767 694
f 768 694 693
f 768 693 692
f 768 692 691
f 768 691 690
f 768 690 689
f 768 689 688
f 768 688 687
f 769 768 687
f 769 687 686
f 769 686 685
f 769 685 684
f 769 684 683
f 769 683 682
f 769 682 681
f 769 681 680
f 769 680 679
f 769 679 678
f 769 678 677
f 769 677 676
f 769 676 675
f 770 769 675
f 770 675 674
f 771 770 674
f 772 771 674
f 773 772 674
f 773 674 673
f 774 773 673
f 775 774 673
f 776 775 673
f 776 673 672
f 777 776 672
f 778 777 672
f 779 778 672
f 779 672 671
f 780 779 671
f 781 780 671
f 782 781 671
f 783 782 671
f 783 671 670
f 784 783 670
f 785 784 670
f 786 785 670
f 786 670 669
f 787 786 669
f 788 787 669
f 789 788 669
f 789 669 668
f 790 789 668
f 791 790 668
f 792 791 668
f 792 668 667
f 793 792 667
f 794 793 667
f 795 794 667
f 796 795 667
f 797 796 667
f 798 797 667
f 799 798 667
f 799 667 666
f 800 799 666
f 800 666 665
f 633 800 665
f 633 665 664
f 633 664 663
f 633 663 662
f 633 662 661
f 633 661 660
f 633 660 659
f 634 633 659
f 634 659 658
f 634 658 657
f 634 657 656
f 634 656 655
f 634 655 654
f 634 654 653
f 634 653 652
f 634 652 651
f 634 651 650
f 634 650 649
f 634 649 648
f 636 635 634
f 637 636 634
f 638 637 634
f 639 638 634
f 640 639 634
f 641 640 634
f 642 641 634
f 643 642 634
f 644 643 634
f 645 644 634
f 646 645 634
f 647 646 634
f 647 634 648
f 901 902 903
f 900 901 903
f 899 900 903
f 898 899 903
f 897 898 903
f 896 897 903
f 895 896 903
f 894 895 903
f 893 894 903
f 892 893 903
f 891 892 903
f 890 891 903
f 889 890 903
f 888 889 903
f 887 888 903
f 886 887 903
f 885 886 903
f 884 885 903
f 883 884 903
f 882 883 903
f 881 882 903
f 880 881 903
f 879 880 903
f 878 879 903
f 878 903 904
f 877 878 904
f 876 877 904
f 875 876 904
f 874 875 904
f 873 874 904
f 872 873 904
f 872 904 905
f 872 905 906
f 872 906 907
f 871 872 907
f 871 907 908
f 871 908 909
f 871 909 910
f 870 871 910
f 870 910 911
f 870 911 912
f 870 912 913
f 869 870 913
f 869 913 914
f 869 914 915
f 869 915 916
f 868 869 916
f 868 916 917
f 868 917 918
f 868 918 919
f 868 919 920
f 868 920 921
f 868 921 922
f 868 922 923
f 868 923 924
f 867 868 924
f 867 924 925
f 867 925 926
f 867 926 927
f 867 927 928
f 867 928 929
f 866 867 929
f 866 929 930
f 866 930 931
f 866 931 932
f 866 932 933
f 865 866 933
f 865 933 934
f 864 865 934
f 864 934 935
f 863 864 935
f 862 863 935
f 862 935 936
f 861 862 936
f 860 861 936
f 859 860 936
f 858 859 936
f 857 858 936
f 856 857 936
f 855 856 936
f 855 936 937
f 854 855 937
f 853 854 937
f 852 853 937
f 851 852 937
f 850 851 937
f 849 850 937
f 848 849 937
f 847 848 937
f 846 847 937
f 845 846 937
f 844 845 937
f 843 844 937
f 843 937 938
f 842 843 938
f 842 938 939
f 842 939 940
f 842 940 941
f 841 842 941
f 841 941 942
f 841 942 943
f 841 943 944
f 840 841 944
f 840 944 945
f 840 945 946
f 840 946 947
f 839 840 947
f 839 947 948
f 839 948 949
f 839 949 950
f 839 950 951
f 838 839 951
f 838 951 952
f 838 952 953
f 838 953 954
f 837 838 954
f 837 954 955
f 837 955 956
f 837 956 957
f 836 837 957
f 836 957 958
f 836 958 959
f 836 959 960
f 835 836 960
f 835 960 961
f 835 961 962
f 835 962 963
f 835 963 964
f 835 964 965
f 835 965 966
f 835 966 967
f 834 835 967
f 834 967 968
f 833 834 968
f 833 968 801
f 832 833 801
f 831 832 801
f 830 831 801
f 829 830 801
f 828 829 801
f 827 828 801
f 827 801 802
f 826 827 802
f 825 826 802
f 824 825 802
f 823 824 802
f 822 823 802
f 821 822 802
f 820 821 802
f 819 820 802
f 818 819 802
f 817 818 802
f 816 817 802
f 802 803 804
f 802 804 805
f 802 805 806
f 802 806 807
f 802 807 808
f 802 808 809
f 802 809 810
f 802 810 811
f 802 811 812
f 802 812 813
f 802 813 814
f 802 814 815
f 816 802 815
f 802 801 634
f 634 801 633
f 803 802 635
f 635 802 634
f 804 803 636
f 636 803 635
f 805 804 637
f 637 804 636
f 806 805 638
f 638 805 637
f 807 806 639
f 639 806 638
f 808 807 640
f 640 807 639
f 809 808 641
f 641 808 640
f 810 809 642
f 642 809 641
f 811 810 643
f 643 810 642
f 812 811 644
f 644 811 643
f 813 812 645
f 645 812 644
f 814 813 646
f 646 813 645
f 815 814 647
f 647 814 646
f 816 815 648
f 648 815 647
f 817 816 649
f 649 816 648
f 818 817 650
f 650 817 649
f 819 818 651
f 651 818 650
f 820 819 652
f 652 819 651
f 821 820 653
f 653 820 652
f 822 821 654
f 654 821 653
f 823 822 655
f 655 822 654
f 824 823 656
f 656 823 655
f 825 824 657
f 657 824 656
f 826 825 658
f 658 825 657
f 827 826 659
f 659 826 658
f 828 827 660
f 660 827 659
f 829 828 661
f 661 828 660
f 830 829 662
f 662 829 661
f 831 830 663
f 663 830 662
f 832 831 664
f 664 831 663
f 833 832 665
f 665 832 664
f 834 833 666
f 666 833 665
f 835 834 667
f 667 834 666
f 836 835 668
f 668 835 667
f 837 836 669
f 669 836 668
f 838 837 670
f 670 837 669
f 839 838 671
f 671 838 670
f 840 839 672
f 672 839 671
f 841 840 673
f 673 840 672
f 842 841 674
f 674 841 673
f 843 842 675
f 675 842 674
f 844 843 676
f 676 843 675
f 845 844 677
f 677 844 676
f 846 845 678
f 678 845 677
f 847 846 679
f 679 846 678
f 848 847 680
f 680 847 679
f 849 848 681
f 681 848 680
f 850 849 682
f 682 849 681
f 851 850 683
f 683 850 682
f 852 851 684
f 684 851 683
f 853 852 685
f 685 852 684
f 854 853 686
f 686 853 685
f 855 854 687
f 687 854 686
f 856 855 688
f 688 855 687
f 857 856 689
f 689 856 688
f 858 857 690
f 690 857 689
f 859 858 691
f 691 858 690
f 860 859 692
f 692 859 691
f 861 860 693
f 693 860 692
f 862 861 694
f 694 861 693
f 863 862 695
f 695 862 694
f 864 863 696
f 696 863 695
f 865 864 697
f 697 864 696
f 866 865 698
f 698 865 697
f 867 866 699
f 699 866 698
f 868 867 700
f 700 867 699
f 869 868 701
f 701 868 700
f 870 869 702
f 702 869 701
f 871 870 703
f 703 870 702
f 872 871 704
f 704 871 703
f 873 872 705
f 705 872 704
f 874 873 706
f 706 873 705
f 875 874 707
f 707 874 706
f 876 875 708
f 708 875 707
f 877 876 709
f 709 876 708
f 878 877 710
f 710 877 709
f 879 878 711
f 711 878 710
f 880 879 712
f 712 879 711
f 881 880 713
f 713 880 712
f 882 881 714
f 714 881 713
f 883 882 715
f 715 882 714
f 884 883 716
f 716 883 715
f 885 884 717
f 717 884 716
f 886 885 718
f 718 885 717
f 887 886 719
f 719 886 718
f 888 887 720
f 720 887 719
f 889 888 721
f 721 888 720
f 890 889 722
f 722 889 721
f 891 890 723
f 723 890 722
f 892 891 724
f 724 891 723
f 893 892 725
f 725 892 724
f 894 893 726
f 726 893 725
f 895 894 727
f 727 894 726
f 896 895 728
f 728 895 727
f 897 896 729
f 729 896 728
f 898 897 730
f 730 897 729
f 899 898 731
f 731 898 730
f 900 899 732
f 732 899 731
f 901 900 733
f 733 900 732
f 902 901 734
f 734 901 733
f 903 902 735
f 735 902 734
f 904 903 736
f 736 903 735
f 905 904 737
f 737 904 736
f 906 905 738
f 738 905 737
f 907 906 739
f 739 906 738
f 908 907 740
f 740 907 739
f 909 908 741
f 741 908 740
f 910 909 742
f 742 909 741
f 911 910 743
f 743 910 742
f 912 911 744
f 744 911 743
f 913 912 745
f 745 912 744
f 914 913 746
f 746 913 745
f 915 914 747
f 747 914 746
f 916 915 748
f 748 915 747
f 917 916 749
f 749 916 748
f 918 917 750
f 750 917 749
f 919 918 751
f 751 918 750
f 920 919 752
f 752 919 751
f 921 920 753
f 753 920 752
f 922 921 754
f 754 921 753
f 923 922 755
f 755 922 754
f 924 923 756
f 756 923 755
f 925 924 757
f 757 924 756
f 926 925 758
f 758 925 757
f 927 926 759
f 759 926 758
f 928 927 760
f 760 927 759
f 929 928 761
f 761 928 760
f 930 929 762
f 762 929 761
f 931 930 763
f 763 930 762
f 932 931 764
f 764 931 763
f 933 932 765
f 765 932 764
f 934 933 766
f 766 933 765
f 935 934 767
f 767 934 766
f 936 935 768
f 768 935 767
f 937 936 769
f 769 936 768
f 938 937 770
f 770 937 769
f 939 938 771
f 771 938 770
f 940 939 772
f 772 939 771
f 941 940 773
f 773 940 772
f 942 941 774
f 774 941 773
f 943 942 775
f 775 942 774
f 944 943 776
f 776 943 775
f 945 944 777
f 777 944 776
f 946 945 778
f 778 945 777
f 947 946 779
f 779 946 778
f 948 947 780
f 780 947 779
f 949 948 781
f 781 948 780
f 950 949 782
f 782 949 781
f 951 950 783
f 783 950 782
f 952 951 784
f 784 951 783
f 953 952 785
f 785 952 784
f 954 953 786
f 786 953 785
f 955 954 787
f 787 954 786
f 956 955 788
f 788 955 787
f 957 956 789
f 789 956 788
f 958 957 790
f 790 957 789
f 959 958 791
f 791 958 790
f 960 959 792
f 792 959 791
f 961 960 793
f 793 960 792
f 962 961 794
f 794 961 793
f 963 962 795
f 795 962 794
f 964 963 796
f 796 963 795
f 965 964 797
f 797 964 796
f 966 965 798
f 798 965 797
f 967 966 799
f 799 966 798
f 801 968 633
f 633 968 800
f 968 967 800
f 800 967 799
f 1068 970 969
f 1068 1067 970
f 1067 971 970
f 1067 1066 971
f 1066 972 971
f 1066 1065 972
f 1065 973 972
f 1065 1064 973
f 1064 974 973
f 1064 1063 974
f 1063 975 974
f 1063 1062 975
f 1062 976 975
f 1062 1061 976
f 1061 977 976
f 1061 1060 977
f 1060 978 977
f 1060 1059 978
f 1059 979 978
f 1059 1058 979
f 1058 980 979
f 1058 1057 980
f 1057 981 980
f 1057 1056 981
f 1056 982 981
f 1056 1055 982
f 1055 983 982
f 1055 1054 983
f 1054 984 983
f 1054 1053 984
f 1053 985 984
f 1053 1052 985
f 1052 986 985
f 1052 1051 986
f 1051 987 986
f 1051 1050 987
f 1050 988 987
f 1050 1049 988
f 1049 989 988
f 1049 1048 989
f 1048 990 989
f 1048 1047 990
f 1047 991 990
f 1047 1046 991
f 1046 992 991
f 1046 1045 992
f 1045 993 992
f 1045 1044 993
f 1044 994 993
f 1044 1043 994
f 1043 995 994
f 1043 1042 995
f 1042 996 995
f 1042 1041 996
f 1041 997 996
f 1041 1040 997
f 1040 998 997
f 1040 1039 998
f 1039 999 998
f 1039 1038 999
f 1038 1000 999
f 1038 1037 1000
f 1037 1001 1000
f 1037 1036 1001
f 1036 1002 1001
f 1036 1035 1002
f 1035 1003 1002
f 1035 1034 1003
f 1034 1004 1003
f 1034 1033 1004
f 1033 1005 1004
f 1033 1032 1005
f 1032 1006 1005
f 1032 1031 1006
f 1031 1007 1006
f 1031 1030 1007
f 1030 1008 1007
f 1030 1029 1008
f 1029 1009 1008
f 1029 1028 1009
f 1028 1010 1009
f 1028 1027 1010
f 1027 1011 1010
f 1027 1026 1011
f 1026 1012 1011
f 1026 1025 1012
f 1025 1013 1012
f 1025 1024 1013
f 1024 1014 1013
f 1024 1023 1014
f 1023 1015 1014
f 1023 1022 1015
f 1022 1016 1015
f 1022 1021 1016
f 1021 1017 1016
f 1021 1020 1017
f 1020 1018 1017
f 1020 1019 1018
f 1069 1070 1168
f 1070 1167 1168
f 1070 1071 1167
f 1071 1166 1167
f 1071 1072 1166
f 1072 1165 1166
f 1072 1073 1165
f 1073 1164 1165
f 1073 1074 1164
f 1074 1163 1164
f 1074 1075 1163
f 1075 1162 1163
f 1075 1076 1162
f 1076 1161 1162
f 1076 1077 1161
f 1077 1160 1161
f 1077 1078 1160
f 1078 1159 1160
f 1078 1079 1159
f 1079 1158 1159
f 1079 1080 1158
f 1080 1157 1158
f 1080 1081 1157
f 1081 1156 1157
f 1081 1082 1156
f 1082 1155 1156
f 1082 1083 1155
f 1083 1154 1155
f 1083 1084 1154
f 1084 1153 1154
f 1084 1085 1153
f 1085 1152 1153
f 1085 1086 1152
f 1086 1151 1152
f 1086 1087 1151
f 1087 1150 1151
f 1087 1088 1150
f 1088 1149 1150
f 1088 1089 1149
f 1089 1148 1149
f 1089 1090 1148
f 1090 1147 1148
f 1090 1091 1147
f 1091 1146 1147
f 1091 1092 1146
f 1092 1145 1146
f 1092 1093 1145
f 1093 1144 1145
f 1093 1094 1144
f 1094 1143 1144
f 1094 1095 1143
f 1095 1142 1143
f 1095 1096 1142
f 1096 1141 1142
f 1096 1097 1141
f 1097 1140 1141
f 1097 1098 1140
f 1098 1139 1140
f 1098 1099 1139
f 1099 1138 1139
f 1099 1100 1138
f 1100 1137 1138
f 1100 1101 1137
f 1101 1136 1137
f 1101 1102 1136
f 1102 1135 1136
f 1102 1103 1135
f 1103 1134 1135
f 1103 1104 1134
f 1104 1133 1134
f 1104 1105 1133
f 1105 1132 1133
f 1105 1106 1132
f 1106 1131 1132
f 1106 1107 1131
f 1107 1130 1131
f 1107 1108 1130
f 1108 1129 1130
f 1108 1109 1129
f 1109 1128 1129
f 1109 1110 1128
f 1110 1127 1128
f 1110 1111 1127
f 1111 1126 1127
f 1111 1112 1126
f 1112 1125 1126
f 1112 1113 1125
f 1113 1124 1125
f 1113 1114 1124
f 1114 1123 1124
f 1114 1115 1123
f 1115 1122 1123
f 1115 1116 1122
f 1116 1121 1122
f 1116 1117 1121
f 1117 1120 1121
f 1117 1118 1120
f 1118 1119 1120
f 1070 1069 970
f 970 1069 969
f 1071 1070 971
f 971 1070 970
f 1072 1071 972
f 972 1071 971
f 1073 1072 973
f 973 1072 972
f 1074 1073 974
f 974 1073 973
f 1075 1074 975
f 975 1074 974
f 1076 1075 976
f 976 1075 975
f 1077 1076 977
f 977 1076 976
f 1078 1077 978
f 978 1077 977
f 1079 1078 979
f 979 1078 978
f 1080 1079 980
f 980 1079 979
f 1081 1080 981
f 981 1080 980
f 1082 1081 982
f 982 1081 981
f 1083 1082 983
f 983 1082 982
f 1084 1083 984
f 984 1083 983
f 1085 1084 985
f 985 1084 984
f 1086 1085 986
f 986 1085 985
f 1087 1086 987
f 987 1086 986
f 1088 1087 988
f 988 1087 987
f 1089 1088 989
f 989 1088 988
f 1090 1089 990
f 990 1089 989
f 1091 1090 991
f 991 1090 990
f 1092 1091 992
f 992 1091 991
f 1093 1092 993
f 993 1092 992
f 1094 1093 994
f 994 1093 993
f 1095 1094 995
f 995 1094 994
f 1096 1095 996
f 996 1095 995
f 1097 1096 997
f 997 1096 996
f 1098 1097 998
f 998 1097 997
f 1099 1098 999
f 999 1098 998
f 1100 1099 1000
f 1000 1099 999
f 1101 1100 1001
f 1001 1100 1000
f 1102 1101 1002
f 1002 1101 1001
f 1103 1102 1003
f 1003 1102 1002
f 1104 1103 1004
f 1004 1103 1003
f 1105 1104 1005
f 1005 1104 1004
f 1106 1105 1006
f 1006 1105 1005
f 1107 1106 1007
f 1007 1106 1006
f 1108 1107 1008
f 1008 1107 1007
f 1109 1108 1009
f 1009 1108 1008
f 1110 1109 1010
f 1010 1109 1009
f 1111 1110 1011
f 1011 1110 1010
f 1112 1111 1012
f 1012 1111 1011
f 1113 1112 1013
f 1013 1112 1012
f 1114 1113 1014
f 1014 1113 1013
f 1115 1114 1015
f 1015 1114 1014
f 1116 1115 1016
f 1016 1115 1015
f 1117 1116 1017
f 1017 1116 1016
f 1118 1117 1018
f 1018 1117 1017
f 1119 1118 1019
f 1019 1118 1018
f 1120 1119 1020
f 1020 1119 1019
f 1121 1120 1021
f 1021 1120 1020
f 1122 1121 1022
f 1022 1121 1021
f 1123 1122 1023
f 1023 1122 1022
f 1124 1123 1024
f 1024 1123 1023
f 1125 1124 1025
f 1025 1124 1024
f 1126 1125 1026
f 1026 1125 1025
f 1127 1126 1027
f 1027 1126 1026
f 1128 1127 1028
f 1028 1127 1027
f 1129 1128 1029
f 1029 1128 1028
f 1130 1129 1030
f 1030 1129 1029
f 1131 1130 1031
f 1031 1130 1030
f 1132 1131 1032
f 1032 1131 1031
f 1133 1132 1033
f 1033 1132 1032
f 1134 1133 1034
f 1034 1133 1033
f 1135 1134 1035
f 1035 1134 1034
f 1136 1135 1036
f 1036 1135 1035
f 1137 1136 1037
f 1037 1136 1036
f 1138 1137 1038
f 1038 1137 1037
f 1139 1138 1039
f 1039 1138 1038
f 1140 1139 1040
f 1040 1139 1039
f 1141 1140 1041
f 1041 1140 1040
f 1142 1141 1042
f 1042 1141 1041
f 1143 1142 1043
f 1043 1142 1042
f 1144 1143 1044
f 1044 1143 1043
f 1145 1144 1045
f 1045 1144 1044
f 1146 1145 1046
f 1046 1145 1045
f 1147 1146 1047
f 1047 1146 1046
f 1148 1147 1048
f 1048 1147 1047
f 1149 1148 1049
f 1049 1148 1048
f 1150 1149 1050
f 1050 1149 1049
f 1151 1150 1051
f 1051 1150 1050
f 1152 1151 1052
f 1052 1151 1051
f 1153 1152 1053
f 1053 1152 1052
f 1154 1153 1054
f 1054 1153 1053
f 1155 1154 1055
f 1055 1154 1054
f 1156 1155 1056
f 1056 1155 1055
f 1157 1156 1057
f 1057 1156 1056
f 1158 1157 1058
f 1058 1157 1057
f 1159 1158 1059
f 1059 1158 1058
f 1160 1159 1060
f 1060 1159 1059
f 1161 1160 1061
f 1061 1160 1060
f 1162 1161 1062
f 1062 1161 1061
f 1163 1162 1063
f 1063 1162 1062
f 1164 1163 1064
f 1064 1163 1063
f 1165 1164 1065
f 1065 1164 1064
f 1166 1165 1066
f 1066 1165 1065
f 1167 1166 1067
f 1067 1166 1066
f 1069 1168 969
f 969 1168 1068
f 1168 1167 1068
f 1068 1167 1067
f 1170 1172 1169
f 1173 1170 1169
f 1169 1172 1171
f 1171 1173 1169
f 1170 1176 1172
f 1174 1170 1173
f 1174 1176 1170
f 1172 1176 1171
f 1175 1173 1171
f 1171 1176 1175
f 1175 1174 1173
f 1176 1174 1175
f 1178 1180 1177
f 1181 1178 1177
f 1177 1180 1179
f 1179 1181 1177
f 1178 1184 1180
f 1182 1178 1181
f 1182 1184 1178
f 1180 1184 1179
f 1183 1181 1179
f 1179 1184 1183
f 1183 1182 1181
f 1184 1182 1183
f 1186 1188 1185
f 1189 1186 1185
f 1185 1188 1187
f 1187 1189 1185
f 1186 1192 1188
f 1190 1186 1189
f 1190 1192 1186
f 1188 1192 1187
f 1191 1189 1187
f 1187 1192 1191
f 1191 1190 1189
f 1192 1190 1191
f 1194 1196 1193
f 1197 1194 1193
f 1193 1196 1195
f 1195 1197 1193
f 1194 1200 1196
f 1198 1194 1197
f 1198 1200 1194
f 1196 1200 1195
f 1199 1197 1195
f 1195 1200 1199
f 1199 1198 1197
f 1200 1198 1199
f 1202 1204 1201
f 1205 1202 1201
f 1201 1204 1203
f 1203 1205 1201
f 1202 1208 1204
f 1206 1202 1205
f 1206 1208 1202
f 1204 1208 1203
f 1207 1205 1203
f 1203 1208 1207
f 1207 1206 1205
f 1208 1206 1207
f 1210 1212 1209
f 1213 1210 1209
f 1209 1212 1211
f 1211 1213 1209
f 1210 1216 1212
f 1214 1210 1213
f 1214 1216 1210
f 1212 1216 1211
f 1215 1213 1211
f 1211 1216 1215
f 1215 1214 1213
f 1216 1214 1215
f 1218 1220 1217
f 1221 1218 1217
f 1217 1220 1219
f 1219 1221 1217
f 1218 1224 1220
f 1222 1218 1221
f 1222 1224 1218
f 1220 1224 1219
f 1223 1221 1219
f 1219 1224 1223
f 1223 1222 1221
f 1224 1222 1223
f 1226 1228 1225
f 1229 1226 1225
f 1225 1228 1227
f 1227 1229 1225
f 1226 1232 1228
f 1230 1226 1229
f 1230 1232 1226
f 1228 1232 1227
f 1231 1229 1227
f 1227 1232 1231
f 1231 1230 1229
f 1232 1230 1231
f 1234 1236 1233
f 1237 1234 1233
f 1233 1236 1235
f 1235 1237 1233
f 1234 1240 1236
f 1238 1234 1237
f 1238 1240 1234
f 1236 1240 1235
f 1239 1237 1235
f 1235 1240 1239
f 1239 1238 1237
f 1240 1238 1239
f 1249 1248 1247
f 1252 1251 1250
f 1253 1252 1250
f 1256 1255 1254
f 1244 1330 1329
f 1244 1329 1328
f 1244 1328 1327
f 1244 1327 1326
f 1244 1326 1325
f 1244 1325 1324
f 1244 1324 1323
f 1244 1323 1322
f 1244 1322 1321
f 1244 1321 1320
f 1244 1320 1319
f 1244 1319 1318
f 1244 1318 1317
f 1244 1317 1316
f 1244 1316 1315
f 1244 1315 1314
f 1244 1314 1313
f 1244 1313 1312
f 1244 1312 1311
f 1244 1311 1310
f 1330 1244 1243
f 1331 1330 1243
f 1332 1331 1243
f 1333 1332 1243
f 1334 1333 1243
f 1335 1334 1243
f 1336 1335 1243
f 1337 1336 1243
f 1338 1337 1243
f 1339 1338 1243
f 1340 1339 1243
f 1341 1340 1243
f 1342 1341 1243
f 1343 1342 1243
f 1344 1343 1243
f 1345 1344 1243
f 1346 1345 1243
f 1347 1346 1243
f 1348 1347 1243
f 1349 1348 1243
f 1350 1349 1243
f 1351 1350 1243
f 1352 1351 1243
f 1245 1352 1243
f 1246 1245 1243
f 1244 1310 1309
f 1247 1246 1243
f 1249 1247 1243
f 1244 1309 1308
f 1244 1308 1307
f 1241 1244 1307
f 1241 1307 1306
f 1241 1306 1305
f 1241 1305 1304
f 1241 1304 1303
f 1241 1303 1302
f 1241 1302 1301
f 1241 1301 1300
f 1241 1300 1299
f 1241 1299 1298
f 1241 1298 1297
f 1241 1297 1296
f 1241 1296 1295
f 1241 1295 1294
f 1241 1294 1293
f 1241 1293 1292
f 1241 1292 1291
f 1241 1291 1290
f 1241 1290 1289
f 1241 1289 1288
f 1241 1288 1287
f 1241 1287 1286
f 1241 1286 1285
f 1241 1285 1284
f 1241 1284 1283
f 1241 1283 1282
f 1242 1241 1282
f 1242 1282 1281
f 1242 1281 1280
f 1242 1280 1279
f 1242 1279 1278
f 1242 1278 1277
f 1242 1277 1276
f 1242 1276 1275
f 1242 1275 1274
f 1242 1274 1273
f 1242 1273 1272
f 1242 1272 1271
f 1242 1271 1270
f 1242 1270 1269
f 1242 1269 1268
f 1242 1268 1267
f 1242 1267 1266
f 1242 1266 1265
f 1242 1265 1264
f 1242 1264 1263
f 1242 1263 1262
f 1242 1262 1261
f 1242 1261 1260
f 1242 1260 1259
f 1242 1259 1258
f 1242 1258 1257
f 1242 1257 1256
f 1242 1256 1254
f 1249 1243 1242
f 1250 1249 1242
f 1253 1250 1242
f 1253 1242 1254
f 1359 1360 1361
f 1362 1363 1364
f 1362 1364 1365
f 1366 1367 1368
f 1441 1442 1356
f 1440 1441 1356
f 1439 1440 1356
f 1438 1439 1356
f 1437 1438 1356
f 1436 1437 1356
f 1435 1436 1356
f 1434 1435 1356
f 1433 1434 1356
f 1432 1433 1356
f 1431 1432 1356
f 1430 1431 1356
f 1429 1430 1356
f 1428 1429 1356
f 1427 1428 1356
f 1426 1427 1356
f 1425 1426 1356
f 1424 1425 1356
f 1423 1424 1356
f 1422 1423 1356
f 1355 1356 1442
f 1355 1442 1443
f 1355 1443 1444
f 1355 1444 1445
f 1355 1445 1446
f 1355 1446 1447
f 1355 1447 1448
f 1355 1448 1449
f 1355 1449 1450
f 1355 1450 1451
f 1355 1451 1452
f 1355 1452 1453
f 1355 1453 1454
f 1355 1454 1455
f 1355 1455 1456
f 1355 1456 1457
f 1355 1457 1458
f 1355 1458 1459
f 1355 1459 1460
f 1355 1460 1461
f 1355 1461 1462
f 1355 1462 1463
f 1355 1463 1464
f 1355 1464 1357
f 1355 1357 1358
f 1421 1422 1356
f 1355 1358 1359
f 1355 1359 1361
f 1420 1421 1356
f 1419 1420 1356
f 1419 1356 1353
f 1418 1419 1353
f 1417 1418 1353
f 1416 1417 1353
f 1415 1416 1353
f 1414 1415 1353
f 1413 1414 1353
f 1412 1413 1353
f 1411 1412 1353
f 1410 1411 1353
f 1409 1410 1353
f 1408 1409 1353
f 1407 1408 1353
f 1406 1407 1353
f 1405 1406 1353
f 1404 1405 1353
f 1403 1404 1353
f 1402 1403 1353
f 1401 1402 1353
f 1400 1401 1353
f 1399 1400 1353
f 1398 1399 1353
f 1397 1398 1353
f 1396 1397 1353
f 1395 1396 1353
f 1394 1395 1353
f 1394 1353 1354
f 1393 1394 1354
f 1392 1393 1354
f 1391 1392 1354
f 1390 1391 1354
f 1389 1390 1354
f 1388 1389 1354
f 1387 1388 1354
f 1386 1387 1354
f 1385 1386 1354
f 1384 1385 1354
f 1383 1384 1354
f 1382 1383 1354
f 1381 1382 1354
f 1380 1381 1354
f 1379 1380 1354
f 1378 1379 1354
f 1377 1378 1354
f 1376 1377 1354
f 1375 1376 1354
f 1374 1375 1354
f 1373 1374 1354
f 1372 1373 1354
f 1371 1372 1354
f 1370 1371 1354
f 1369 1370 1354
f 1368 1369 1354
f 1366 1368 1354
f 1354 1355 1361
f 1354 1361 1362
f 1354 1362 1365
f 1366 1354 1365
f 1354 1353 1242
f 1242 1353 1241
f 1355 1354 1243
f 1243 1354 1242
f 1353 1356 1241
f 1241 1356 1244
f 1356 1355 1244
f 1244 1355 1243
f 1358 1357 1246
f 1246 1357 1245
f 1359 1358 1247
f 1247 1358 1246
f 1360 1359 1248
f 1248 1359 1247
f 1361 1360 1249
f 1249 1360 1248
f 1362 1361 1250
f 1250 1361 1249
f 1363 1362 1251
f 1251 1362 1250
f 1364 1363 1252
f 1252 1363 1251
f 1365 1364 1253
f 1253 1364 1252
f 1366 1365 1254
f 1254 1365 1253
f 1367 1366 1255
f 1255 1366 1254
f 1368 1367 1256
f 1256 1367 1255
f 1369 1368 1257
f 1257 1368 1256
f 1370 1369 1258
f 1258 1369 1257
f 1371 1370 1259
f 1259 1370 1258
f 1372 1371 1260
f 1260 1371 1259
f 1373 1372 1261
f 1261 1372 1260
f 1374 1373 1262
f 1262 1373 1261
f 1375 1374 1263
f 1263 1374 1262
f 1376 1375 1264
f 1264 1375 1263
f 1377 1376 1265
f 1265 1376 1264
f 1378 1377 1266
f 1266 1377 1265
f 1379 1378 1267
f 1267 1378 1266
f 1380 1379 1268
f 1268 1379 1267
f 1381 1380 1269
f 1269 1380 1268
f 1382 1381 1270
f 1270 1381 1269
f 1383 1382 1271
f 1271 1382 1270
f 1384 1383 1272
f 1272 1383 1271
f 1385 1384 1273
f 1273 1384 1272
f 1386 1385 1274
f 1274 1385 1273
f 1387 1386 1275
f 1275 1386 1274
f 1388 1387 1276
f 1276 1387 1275
f 1389 1388 1277
f 1277 1388 1276
f 1390 1389 1278
f 1278 1389 1277
f 1391 1390 1279
f 1279 1390 1278
f 1392 1391 1280
f 1280 1391 1279
f 1393 1392 1281
f 1281 1392 1280
f 1394 1393 1282
f 1282 1393 1281
f 1395 1394 1283
f 1283 1394 1282
f 1396 1395 1284
f 1284 1395 1283
f 1397 1396 1285
f 1285 1396 1284
f 1398 1397 1286
f 1286 1397 1285
f 1399 1398 1287
f 1287 1398 1286
f 1400 1399 1288
f 1288 1399 1287
f 1401 1400 1289
f 1289 1400 1288
f 1402 1401 1290
f 1290 1401 1289
f 1403 1402 1291
f 1291 1402 1290
f 1404 1403 1292
f 1292 1403 1291
f 1405 1404 1293
f 1293 1404 1292
f 1406 1405 1294
f 1294 1405 1293
f 1407 1406 1295
f 1295 1406 1294
f 1408 1407 1296
f 1296 1407 1295
f 1409 1408 1297
f 1297 1408 1296
f 1410 1409 1298
f 1298 1409 1297
f 1411 1410 1299
f 1299 1410 1298
f 1412 1411 1300
f 1300 1411 1299
f 1413 1412 1301
f 1301 1412 1300
f 1414 1413 1302
f 1302 1413 1301
f 1415 1414 1303
f 1303 1414 1302
f 1416 1415 1304
f 1304 1415 1303
f 1417 1416 1305
f 1305 1416 1304
f 1418 1417 1306
f 1306 1417 1305
f 1419 1418 1307
f 1307 1418 1306
f 1420 1419 1308
f 1308 1419 1307
f 1421 1420 1309
f 1309 1420 1308
f 1422 1421 1310
f 1310 1421 1309
f 1423 1422 1311
f 1311 1422 1310
f 1424 1423 1312
f 1312 1423 1311
f 1425 1424 1313
f 1313 1424 1312
f 1426 1425 1314
f 1314 1425 1313
f 1427 1426 1315
f 1315 1426 1314
f 1428 1427 1316
f 1316 1427 1315
f 1429 1428 1317
f 1317 1428 1316
f 1430 1429 1318
f 1318 1429 1317
f 1431 1430 1319
f 1319 1430 1318
f 1432 1431 1320
f 1320 1431 1319
f 1433 1432 1321
f 1321 1432 1320
f 1434 1433 1322
f 1322 1433 1321
f 1435 1434 1323
f 1323 1434 1322
f 1436 1435 1324
f 1324 1435 1323
f 1437 1436 1325
f 1325 1436 1324
f 1438 1437 1326
f 1326 1437 1325
f 1439 1438 1327
f 1327 1438 1326
f 1440 1439 1328
f 1328 1439 1327
f 1441 1440 1329
f 1329 1440 1328
f 1442 1441 1330
f 1330 1441 1329
f 1443 1442 1331
f 1331 1442 1330
f 1444 1443 1332
f 1332 1443 1331
f 1445 1444 1333
f 1333 1444 1332
f 1446 1445 1334
f 1334 1445 1333
f 1447 1446 1335
f 1335 1446 1334
f 1448 1447 1336
f 1336 1447 1335
f 1449 1448 1337
f 1337 1448 1336
f 1450 1449 1338
f 1338 1449 1337
f 1451 1450 1339
f 1339 1450 1338
f 1452 1451 1340
f 1340 1451 1339
f 1453 1452 1341
f 1341 1452 1340
f 1454 1453 1342
f 1342 1453 1341
f 1455 1454 1343
f 1343 1454 1342
f 1456 1455 1344
f 1344 1455 1343
f 1457 1456 1345
f 1345 1456 1344
f 1458 1457 1346
f 1346 1457 1345
f 1459 1458 1347
f 1347 1458 1346
f 1460 1459 1348
f 1348 1459 1347
f 1461 1460 1349
f 1349 1460 1348
f 1462 1461 1350
f 1350 1461 1349
f 1463 1462 1351
f 1351 1462 1350
f 1357 1464 1245
f 1245 1464 1352
f 1464 1463 1352
f 1352 1463 1351
f 1466 1468 1465
f 1469 1466 1465
f 1465 1468 1467
f 1467 1469 1465
f 1466 1472 1468
f 1470 1466 1469
f 1470 1472 1466
f 1468 1472 1467
f 1471 1469 1467
f 1467 1472 1471
f 1471 1470 1469
f 1472 1470 1471
f 1474 1476 1473
f 1477 1474 1473
f 1473 1476 1475
f 1475 1477 1473
f 1474 1480 1476
f 1478 1474 1477
f 1478 1480 1474
f 1476 1480 1475
f 1479 1477 1475
f 1475 1480 1479
f 1479 1478 1477
f 1480 1478 1479
f 1645 1551 1550
f 1645 1550 1549
f 1483 1485 1612
f 1483 1612 1611
f 1483 1611 1610
f 1483 1610 1609
f 1646 1645 1549
f 1551 1645 1644
f 1483 1609 1608
f 1646 1549 1548
f 1485 1483 1482
f 1486 1485 1482
f 1487 1486 1482
f 1488 1487 1482
f 1489 1488 1482
f 1490 1489 1482
f 1491 1490 1482
f 1492 1491 1482
f 1493 1492 1482
f 1494 1493 1482
f 1495 1494 1482
f 1496 1495 1482
f 1497 1496 1482
f 1498 1497 1482
f 1647 1646 1548
f 1499 1498 1482
f 1647 1548 1547
f 1551 1644 1643
f 1483 1608 1607
f 1648 1647 1547
f 1552 1551 1643
f 1500 1499 1482
f 1552 1643 1642
f 1648 1547 1546
f 1483 1607 1606
f 1553 1552 1642
f 1649 1648 1546
f 1649 1546 1545
f 1553 1642 1641
f 1501 1500 1482
f 1483 1606 1605
f 1650 1649 1545
f 1554 1553 1641
f 1554 1641 1640
f 1650 1545 1544
f 1502 1501 1482
f 1483 1605 1604
f 1555 1554 1640
f 1651 1650 1544
f 1651 1544 1543
f 1555 1640 1639
f 1503 1502 1482
f 1483 1604 1603
f 1652 1651 1543
f 1556 1555 1639
f 1556 1639 1638
f 1652 1543 1542
f 1504 1503 1482
f 1483 1603 1602
f 1557 1556 1638
f 1653 1652 1542
f 1653 1542 1541
f 1557 1638 1637
f 1505 1504 1482
f 1483 1602 1601
f 1558 1557 1637
f 1654 1653 1541
f 1654 1541 1540
f 1558 1637 1636
f 1506 1505 1482
f 1483 1601 1600
f 1559 1558 1636
f 1655 1654 1540
f 1655 1540 1539
f 1559 1636 1635
f 1507 1506 1482
f 1483 1600 1599
f 1656 1655 1539
f 1560 1559 1635
f 1560 1635 1634
f 1656 1539 1538
f 1508 1507 1482
f 1483 1599 1598
f 1561 1560 1634
f 1657 1656 1538
f 1657 1538 1537
f 1561 1634 1633
f 1509 1508 1482
f 1483 1598 1597
f 1658 1657 1537
f 1562 1561 1633
f 1562 1633 1632
f 1658 1537 1536
f 1510 1509 1482
f 1483 1597 1596
f 1563 1562 1632
f 1659 1658 1536
f 1659 1536 1535
f 1563 1632 1631
f 1511 1510 1482
f 1483 1596 1595
f 1660 1659 1535
f 1564 1563 1631
f 1564 1631 1630
f 1660 1535 1534
f 1512 1511 1482
f 1483 1595 1594
f 1661 1660 1534
f 1565 1564 1630
f 1661 1534 1533
f 1565 1630 1629
f 1512 1482 1481
f 1513 1512 1481
f 1514 1513 1481
f 1515 1514 1481
f 1516 1515 1481
f 1517 1516 1481
f 1518 1517 1481
f 1519 1518 1481
f 1520 1519 1481
f 1521 1520 1481
f 1522 1521 1481
f 1523 1522 1481
f 1524 1523 1481
f 1525 1524 1481
f 1526 1525 1481
f 1527 1526 1481
f 1528 1527 1481
f 1529 1528 1481
f 1530 1529 1481
f 1531 1530 1481
f 1532 1531 1481
f 1533 1532 1481
f 1661 1533 1481
f 1662 1661 1481
f 1663 1662 1481
f 1664 1663 1481
f 1665 1664 1481
f 1666 1665 1481
f 1667 1666 1481
f 1668 1667 1481
f 1669 1668 1481
f 1670 1669 1481
f 1671 1670 1481
f 1672 1671 1481
f 1673 1672 1481
f 1674 1673 1481
f 1675 1674 1481
f 1676 1675 1481
f 1677 1676 1481
f 1678 1677 1481
f 1679 1678 1481
f 1680 1679 1481
f 1681 1680 1481
f 1682 1681 1481
f 1683 1682 1481
f 1684 1683 1481
f 1685 1684 1481
f 1686 1685 1481
f 1687 1686 1481
f 1688 1687 1481
f 1689 1688 1481
f 1690 1689 1481
f 1691 1690 1481
f 1692 1691 1481
f 1693 1692 1481
f 1694 1693 1481
f 1695 1694 1481
f 1695 1481 1484
f 1696 1695 1484
f 1697 1696 1484
f 1698 1697 1484
f 1699 1698 1484
f 1700 1699 1484
f 1701 1700 1484
f 1702 1701 1484
f 1703 1702 1484
f 1704 1703 1484
f 1705 1704 1484
f 1706 1705 1484
f 1707 1706 1484
f 1708 1707 1484
f 1709 1708 1484
f 1710 1709 1484
f 1711 1710 1484
f 1712 1711 1484
f 1713 1712 1484
f 1714 1713 1484
f 1715 1714 1484
f 1716 1715 1484
f 1717 1716 1484
f 1718 1717 1484
f 1719 1718 1484
f 1720 1719 1484
f 1721 1720 1484
f 1722 1721 1484
f 1723 1722 1484
f 1724 1723 1484
f 1725 1724 1484
f 1726 1725 1484
f 1727 1726 1484
f 1728 1727 1484
f 1729 1728 1484
f 1730 1729 1484
f 1731 1730 1484
f 1732 1731 1484
f 1733 1732 1484
f 1734 1733 1484
f 1566 1565 1629
f 1483 1594 1593
f 1566 1629 1628
f 1735 1734 1484
f 1567 1566 1628
f 1483 1593 1592
f 1567 1628 1627
f 1736 1735 1484
f 1568 1567 1627
f 1483 1592 1591
f 1568 1627 1626
f 1737 1736 1484
f 1569 1568 1626
f 1483 1591 1590
f 1569 1626 1625
f 1738 1737 1484
f 1570 1569 1625
f 1483 1590 1589
f 1570 1625 1624
f 1739 1738 1484
f 1571 1570 1624
f 1483 1589 1588
f 1571 1624 1623
f 1740 1739 1484
f 1572 1571 1623
f 1483 1588 1587
f 1572 1623 1622
f 1741 1740 1484
f 1573 1572 1622
f 1483 1587 1586
f 1573 1622 1621
f 1742 1741 1484
f 1574 1573 1621
f 1574 1621 1620
f 1483 1586 1585
f 1613 1742 1484
f 1575 1574 1620
f 1575 1620 1619
f 1483 1585 1584
f 1614 1613 1484
f 1576 1575 1619
f 1576 1619 1618
f 1483 1584 1583
f 1484 1483 1583
f 1484 1583 1582
f 1484 1582 1581
f 1614 1484 1581
f 1614 1581 1580
f 1615 1614 1580
f 1615 1580 1579
f 1616 1615 1579
f 1616 1579 1578
f 1617 1616 1578
f 1617 1578 1577
f 1618 1617 1577
f 1576 1618 1577
f 1812 1813 1907
f 1811 1812 1907
f 1874 1747 1745
f 1873 1874 1745
f 1872 1873 1745
f 1871 1872 1745
f 1811 1907 1908
f 1906 1907 1813
f 1870 1871 1745
f 1810 1811 1908
f 1744 1745 1747
f 1744 1747 1748
f 1744 1748 1749
f 1744 1749 1750
f 1744 1750 1751
f 1744 1751 1752
f 1744 1752 1753
f 1744 1753 1754
f 1744 1754 1755
f 1744 1755 1756
f 1744 1756 1757
f 1744 1757 1758
f 1744 1758 1759
f 1744 1759 1760
f 1810 1908 1909
f 1744 1760 1761
f 1809 1810 1909
f 1905 1906 1813
f 1869 1870 1745
f 1809 1909 1910
f 1905 1813 1814
f 1744 1761 1762
f 1904 1905 1814
f 1808 1809 1910
f 1868 1869 1745
f 1904 1814 1815
f 1808 1910 1911
f 1807 1808 1911
f 1903 1904 1815
f 1744 1762 1763
f 1867 1868 1745
f 1807 1911 1912
f 1903 1815 1816
f 1902 1903 1816
f 1806 1807 1912
f 1744 1763 1764
f 1866 1867 1745
f 1902 1816 1817
f 1806 1912 1913
f 1805 1806 1913
f 1901 1902 1817
f 1744 1764 1765
f 1865 1866 1745
f 1805 1913 1914
f 1901 1817 1818
f 1900 1901 1818
f 1804 1805 1914
f 1744 1765 1766
f 1864 1865 1745
f 1900 1818 1819
f 1804 1914 1915
f 1803 1804 1915
f 1899 1900 1819
f 1744 1766 1767
f 1863 1864 1745
f 1899 1819 1820
f 1803 1915 1916
f 1802 1803 1916
f 1898 1899 1820
f 1744 1767 1768
f 1862 1863 1745
f 1898 1820 1821
f 1802 1916 1917
f 1801 1802 1917
f 1897 1898 1821
f 1744 1768 1769
f 1861 1862 1745
f 1801 1917 1918
f 1897 1821 1822
f 1896 1897 1822
f 1800 1801 1918
f 1744 1769 1770
f 1860 1861 1745
f 1896 1822 1823
f 1800 1918 1919
f 1799 1800 1919
f 1895 1896 1823
f 1744 1770 1771
f 1859 1860 1745
f 1799 1919 1920
f 1895 1823 1824
f 1894 1895 1824
f 1798 1799 1920
f 1744 1771 1772
f 1858 1859 1745
f 1894 1824 1825
f 1798 1920 1921
f 1797 1798 1921
f 1893 1894 1825
f 1744 1772 1773
f 1857 1858 1745
f 1797 1921 1922
f 1893 1825 1826
f 1892 1893 1826
f 1796 1797 1922
f 1744 1773 1774
f 1856 1857 1745
f 1796 1922 1923
f 1892 1826 1827
f 1795 1796 1923
f 1891 1892 1827
f 1743 1744 1774
f 1743 1774 1775
f 1743 1775 1776
f 1743 1776 1777
f 1743 1777 1778
f 1743 1778 1779
f 1743 1779 1780
f 1743 1780 1781
f 1743 1781 1782
f 1743 1782 1783
f 1743 1783 1784
f 1743 1784 1785
f 1743 1785 1786
f 1743 1786 1787
f 1743 1787 1788
f 1743 1788 1789
f 1743 1789 1790
f 1743 1790 1791
f 1743 1791 1792
f 1743 1792 1793
f 1743 1793 1794
f 1743 1794 1795
f 1743 1795 1923
f 1743 1923 1924
f 1743 1924 1925
f 1743 1925 1926
f 1743 1926 1927
f 1743 1927 1928
f 1743 1928 1929
f 1743 1929 1930
f 1743 1930 1931
f 1743 1931 1932
f 1743 1932 1933
f 1743 1933 1934
f 1743 1934 1935
f 1743 1935 1936
f 1743 1936 1937
f 1743 1937 1938
f 1743 1938 1939
f 1743 1939 1940
f 1743 1940 1941
f 1743 1941 1942
f 1743 1942 1943
f 1743 1943 1944
f 1743 1944 1945
f 1743 1945 1946
f 1743 1946 1947
f 1743 1947 1948
f 1743 1948 1949
f 1743 1949 1950
f 1743 1950 1951
f 1743 1951 1952
f 1743 1952 1953
f 1743 1953 1954
f 1743 1954 1955
f 1743 1955 1956
f 1743 1956 1957
f 1746 1743 1957
f 1746 1957 1958
f 1746 1958 1959
f 1746 1959 1960
f 1746 1960 1961
f 1746 1961 1962
f 1746 1962 1963
f 1746 1963 1964
f 1746 1964 1965
f 1746 1965 1966
f 1746 1966 1967
f 1746 1967 1968
f 1746 1968 1969
f 1746 1969 1970
f 1746 1970 1971
f 1746 1971 1972
f 1746 1972 1973
f 1746 1973 1974
f 1746 1974 1975
f 1746 1975 1976
f 1746 1976 1977
f 1746 1977 1978
f 1746 1978 1979
f 1746 1979 1980
f 1746 1980 1981
f 1746 1981 1982
f 1746 1982 1983
f 1746 1983 1984
f 1746 1984 1985
f 1746 1985 1986
f 1746 1986 1987
f 1746 1987 1988
f 1746 1988 1989
f 1746 1989 1990
f 1746 1990 1991
f 1746 1991 1992
f 1746 1992 1993
f 1746 1993 1994
f 1746 1994 1995
f 1746 1995 1996
f 1891 1827 1828
f 1855 1856 1745
f 1890 1891 1828
f 1746 1996 1997
f 1890 1828 1829
f 1854 1855 1745
f 1889 1890 1829
f 1746 1997 1998
f 1889 1829 1830
f 1853 1854 1745
f 1888 1889 1830
f 1746 1998 1999
f 1888 1830 1831
f 1852 1853 1745
f 1887 1888 1831
f 1746 1999 2000
f 1887 1831 1832
f 1851 1852 1745
f 1886 1887 1832
f 1746 2000 2001
f 1886 1832 1833
f 1850 1851 1745
f 1885 1886 1833
f 1746 2001 2002
f 1885 1833 1834
f 1849 1850 1745
f 1884 1885 1834
f 1746 2002 2003
f 1884 1834 1835
f 1848 1849 1745
f 1883 1884 1835
f 1746 2003 2004
f 1883 1835 1836
f 1882 1883 1836
f 1847 1848 1745
f 1746 2004 1875
f 1882 1836 1837
f 1881 1882 1837
f 1846 1847 1745
f 1746 1875 1876
f 1881 1837 1838
f 1880 1881 1838
f 1845 1846 1745
f 1845 1745 1746
f 1844 1845 1746
f 1843 1844 1746
f 1843 1746 1876
f 1842 1843 1876
f 1842 1876 1877
f 1841 1842 1877
f 1841 1877 1878
f 1840 1841 1878
f 1840 1878 1879
f 1839 1840 1879
f 1839 1879 1880
f 1839 1880 1838
f 1744 1743 1482
f 1482 1743 1481
f 1745 1744 1483
f 1483 1744 1482
f 1743 1746 1481
f 1481 1746 1484
f 1746 1745 1484
f 1484 1745 1483
f 1748 1747 1486
f 1486 1747 1485
f 1749 1748 1487
f 1487 1748 1486
f 1750 1749 1488
f 1488 1749 1487
f 1751 1750 1489
f 1489 1750 1488
f 1752 1751 1490
f 1490 1751 1489
f 1753 1752 1491
f 1491 1752 1490
f 1754 1753 1492
f 1492 1753 1491
f 1755 1754 1493
f 1493 1754 1492
f 1756 1755 1494
f 1494 1755 1493
f 1757 1756 1495
f 1495 1756 1494
f 1758 1757 1496
f 1496 1757 1495
f 1759 1758 1497
f 1497 1758 1496
f 1760 1759 1498
f 1498 1759 1497
f 1761 1760 1499
f 1499 1760 1498
f 1762 1761 1500
f 1500 1761 1499
f 1763 1762 1501
f 1501 1762 1500
f 1764 1763 1502
f 1502 1763 1501
f 1765 1764 1503
f 1503 1764 1502
f 1766 1765 1504
f 1504 1765 1503
f 1767 1766 1505
f 1505 1766 1504
f 1768 1767 1506
f 1506 1767 1505
f 1769 1768 1507
f 1507 1768 1506
f 1770 1769 1508
f 1508 1769 1507
f 1771 1770 1509
f 1509 1770 1508
f 1772 1771 1510
f 1510 1771 1509
f 1773 1772 1511
f 1511 1772 1510
f 1774 1773 1512
f 1512 1773 1511
f 1775 1774 1513
f 1513 1774 1512
f 1776 1775 1514
f 1514 1775 1513
f 1777 1776 1515
f 1515 1776 1514
f 1778 1777 1516
f 1516 1777 1515
f 1779 1778 1517
f 1517 1778 1516
f 1780 1779 1518
f 1518 1779 1517
f 1781 1780 1519
f 1519 1780 1518
f 1782 1781 1520
f 1520 1781 1519
f 1783 1782 1521
f 1521 1782 1520
f 1784 1783 1522
f 1522 1783 1521
f 1785 1784 1523
f 1523 1784 1522
f 1786 1785 1524
f 1524 1785 1523
f 1787 1786 1525
f 1525 1786 1524
f 1788 1787 1526
f 1526 1787 1525
f 1789 1788 1527
f 1527 1788 1526
f 1790 1789 1528
f 1528 1789 1527
f 1791 1790 1529
f 1529 1790 1528
f 1792 1791 1530
f 1530 1791 1529
f 1793 1792 1531
f 1531 1792 1530
f 1794 1793 1532
f 1532 1793 1531
f 1795 1794 1533
f 1533 1794 1532
f 1796 1795 1534
f 1534 1795 1533
f 1797 1796 1535
f 1535 1796 1534
f 1798 1797 1536
f 1536 1797 1535
f 1799 1798 1537
f 1537 1798 1536
f 1800 1799 1538
f 1538 1799 1537
f 1801 1800 1539
f 1539 1800 1538
f 1802 1801 1540
f 1540 1801 1539
f 1803 1802 1541
f 1541 1802 1540
f 1804 1803 1542
f 1542 1803 1541
f 1805 1804 1543
f 1543 1804 1542
f 1806 1805 1544
f 1544 1805 1543
f 1807 1806 1545
f 1545 1806 1544
f 1808 1807 1546
f 1546 1807 1545
f 1809 1808 1547
f 1547 1808 1546
f 1810 1809 1548
f 1548 1809 1547
f 1811 1810 1549
f 1549 1810 1548
f 1812 1811 1550
f 1550 1811 1549
f 1813 1812 1551
f 1551 1812 1550
f 1814 1813 1552
f 1552 1813 1551
f 1815 1814 1553
f 1553 1814 1552
f 1816 1815 1554
f 1554 1815 1553
f 1817 1816 1555
f 1555 1816 1554
f 1818 1817 1556
f 1556 1817 1555
f 1819 1818 1557
f 1557 1818 1556
f 1820 1819 1558
f 1558 1819 1557
f 1821 1820 1559
f 1559 1820 1558
f 1822 1821 1560
f 1560 1821 1559
f 1823 1822 1561
f 1561 1822 1560
f 1824 1823 1562
f 1562 1823 1561
f 1825 1824 1563
f 1563 1824 1562
f 1826 1825 1564
f 1564 1825 1563
f 1827 1826 1565
f 1565 1826 1564
f 1828 1827 1566
f 1566 1827 1565
f 1829 1828 1567
f 1567 1828 1566
f 1830 1829 1568
f 1568 1829 1567
f 1831 1830 1569
f 1569 1830 1568
f 1832 1831 1570
f 1570 1831 1569
f 1833 1832 1571
f 1571 1832 1570
f 1834 1833 1572
f 1572 1833 1571
f 1835 1834 1573
f 1573 1834 1572
f 1836 1835 1574
f 1574 1835 1573
f 1837 1836 1575
f 1575 1836 1574
f 1838 1837 1576
f 1576 1837 1575
f 1839 1838 1577
f 1577 1838 1576
f 1840 1839 1578
f 1578 1839 1577
f 1841 1840 1579
f 1579 1840 1578
f 1842 1841 1580
f 1580 1841 1579
f 1843 1842 1581
f 1581 1842 1580
f 1844 1843 1582
f 1582 1843 1581
f 1845 1844 1583
f 1583 1844 1582
f 1846 1845 1584
f 1584 1845 1583
f 1847 1846 1585
f 1585 1846 1584
f 1848 1847 1586
f 1586 1847 1585
f 1849 1848 1587
f 1587 1848 1586
f 1850 1849 1588
f 1588 1849 1587
f 1851 1850 1589
f 1589 1850 1588
f 1852 1851 1590
f 1590 1851 1589
f 1853 1852 1591
f 1591 1852 1590
f 1854 1853 1592
f 1592 1853 1591
f 1855 1854 1593
f 1593 1854 1592
f 1856 1855 1594
f 1594 1855 1593
f 1857 1856 1595
f 1595 1856 1594
f 1858 1857 1596
f 1596 1857 1595
f 1859 1858 1597
f 1597 1858 1596
f 1860 1859 1598
f 1598 1859 1597
f 1861 1860 1599
f 1599 1860 1598
f 1862 1861 1600
f 1600 1861 1599
f 1863 1862 1601
f 1601 1862 1600
f 1864 1863 1602
f 1602 1863 1601
f 1865 1864 1603
f 1603 1864 1602
f 1866 1865 1604
f 1604 1865 1603
f 1867 1866 1605
f 1605 1866 1604
f 1868 1867 1606
f 1606 1867 1605
f 1869 1868 1607
f 1607 1868 1606
f 1870 1869 1608
f 1608 1869 1607
f 1871 1870 1609
f 1609 1870 1608
f 1872 1871 1610
f 1610 1871 1609
f 1873 1872 1611
f 1611 1872 1610
f 1747 1874 1485
f 1485 1874 1612
f 1874 1873 1612
f 1612 1873 1611
f 1876 1875 1614
f 1614 1875 1613
f 1877 1876 1615
f 1615 1876 1614
f 1878 1877 1616
f 1616 1877 1615
f 1879 1878 1617
f 1617 1878 1616
f 1880 1879 1618
f 1618 1879 1617
f 1881 1880 1619
f 1619 1880 1618
f 1882 1881 1620
f 1620 1881 1619
f 1883 1882 1621
f 1621 1882 1620
f 1884 1883 1622
f 1622 1883 1621
f 1885 1884 1623
f 1623 1884 1622
f 1886 1885 1624
f 1624 1885 1623
f 1887 1886 1625
f 1625 1886 1624
f 1888 1887 1626
f 1626 1887 1625
f 1889 1888 1627
f 1627 1888 1626
f 1890 1889 1628
f 1628 1889 1627
f 1891 1890 1629
f 1629 1890 1628
f 1892 1891 1630
f 1630 1891 1629
f 1893 1892 1631
f 1631 1892 1630
f 1894 1893 1632
f 1632 1893 1631
f 1895 1894 1633
f 1633 1894 1632
f 1896 1895 1634
f 1634 1895 1633
f 1897 1896 1635
f 1635 1896 1634
f 1898 1897 1636
f 1636 1897 1635
f 1899 1898 1637
f 1637 1898 1636
f 1900 1899 1638
f 1638 1899 1637
f 1901 1900 1639
f 1639 1900 1638
f 1902 1901 1640
f 1640 1901 1639
f 1903 1902 1641
f 1641 1902 1640
f 1904 1903 1642
f 1642 1903 1641
f 1905 1904 1643
f 1643 1904 1642
f 1906 1905 1644
f 1644 1905 1643
f 1907 1906 1645
f 1645 1906 1644
f 1908 1907 1646
f 1646 1907 1645
f 1909 1908 1647
f 1647 1908 1646
f 1910 1909 1648
f 1648 1909 1647
f 1911 1910 1649
f 1649 1910 1648
f 1912 1911 1650
f 1650 1911 1649
f 1913 1912 1651
f 1651 1912 1650
f 1914 1913 1652
f 1652 1913 1651
f 1915 1914 1653
f 1653 1914 1652
f 1916 1915 1654
f 1654 1915 1653
f 1917 1916 1655
f 1655 1916 1654
f 1918 1917 1656
f 1656 1917 1655
f 1919 1918 1657
f 1657 1918 1656
f 1920 1919 1658
f 1658 1919 1657
f 1921 1920 1659
f 1659 1920 1658
f 1922 1921 1660
f 1660 1921 1659
f 1923 1922 1661
f 1661 1922 1660
f 1924 1923 1662
f 1662 1923 1661
f 1925 1924 1663
f 1663 1924 1662
f 1926 1925 1664
f 1664 1925 1663
f 1927 1926 1665
f 1665 1926 1664
f 1928 1927 1666
f 1666 1927 1665
f 1929 1928 1667
f 1667 1928 1666
f 1930 1929 1668
f 1668 1929 1667
f 1931 1930 1669
f 1669 1930 1668
f 1932 1931 1670
f 1670 1931 1669
f 1933 1932 1671
f 1671 1932 1670
f 1934 1933 1672
f 1672 1933 1671
f 1935 1934 1673
f 1673 1934 1672
f 1936 1935 1674
f 1674 1935 1673
f 1937 1936 1675
f 1675 1936 1674
f 1938 1937 1676
f 1676 1937 1675
f 1939 1938 1677
f 1677 1938 1676
f 1940 1939 1678
f 1678 1939 1677
f 1941 1940 1679
f 1679 1940 1678
f 1942 1941 1680
f 1680 1941 1679
f 1943 1942 1681
f 1681 1942 1680
f 1944 1943 1682
f 1682 1943 1681
f 1945 1944 1683
f 1683 1944 1682
f 1946 1945 1684
f 1684 1945 1683
f 1947 1946 1685
f 1685 1946 1684
f 1948 1947 1686
f 1686 1947 1685
f 1949 1948 1687
f 1687 1948 1686
f 1950 1949 1688
f 1688 1949 1687
f 1951 1950 1689
f 1689 1950 1688
f 1952 1951 1690
f 1690 1951 1689
f 1953 1952 1691
f 1691 1952 1690
f 1954 1953 1692
f 1692 1953 1691
f 1955 1954 1693
f 1693 1954 1692
f 1956 1955 1694
f 1694 1955 1693
f 1957 1956 1695
f 1695 1956 1694
f 1958 1957 1696
f 1696 1957 1695
f 1959 1958 1697
f 1697 1958 1696
f 1960 1959 1698
f 1698 1959 1697
f 1961 1960 1699
f 1699 1960 1698
f 1962 1961 1700
f 1700 1961 1699
f 1963 1962 1701
f 1701 1962 1700
f 1964 1963 1702
f 1702 1963 1701
f 1965 1964 1703
f 1703 1964 1702
f 1966 1965 1704
f 1704 1965 1703
f 1967 1966 1705
f 1705 1966 1704
f 1968 1967 1706
f 1706 1967 1705
f 1969 1968 1707
f 1707 1968 1706
f 1970 1969 1708
f 1708 1969 1707
f 1971 1970 1709
f 1709 1970 1708
f 1972 1971 1710
f 1710 1971 1709
f 1973 1972 1711
f 1711 1972 1710
f 1974 1973 1712
f 1712 1973 1711
f 1975 1974 1713
f 1713 1974 1712
f 1976 1975 1714
f 1714 1975 1713
f 1977 1976 1715
f 1715 1976 1714
f 1978 1977 1716
f 1716 1977 1715
f 1979 1978 1717
f 1717 1978 1716
f 1980 1979 1718
f 1718 1979 1717
f 1981 1980 1719
f 1719 1980 1718
f 1982 1981 1720
f 1720 1981 1719
f 1983 1982 1721
f 1721 1982 1720
f 1984 1983 1722
f 1722 1983 1721
f 1985 1984 1723
f 1723 1984 1722
f 1986 1985 1724
f 1724 1985 1723
f 1987 1986 1725
f 1725 1986 1724
f 1988 1987 1726
f 1726 1987 1725
f 1989 1988 1727
f 1727 1988 1726
f 1990 1989 1728
f 1728 1989 1727
f 1991 1990 1729
f 1729 1990 1728
f 1992 1991 1730
f 1730 1991 1729
f 1993 1992 1731
f 1731 1992 1730
f 1994 1993 1732
f 1732 1993 1731
f 1995 1994 1733
f 1733 1994 1732
f 1996 1995 1734
f 1734 1995 1733
f 1997 1996 1735
f 1735 1996 1734
f 1998 1997 1736
f 1736 1997 1735
f 1999 1998 1737
f 1737 1998 1736
f 2000 1999 1738
f 1738 1999 1737
f 2001 2000 1739
f 1739 2000 1738
f 2002 2001 1740
f 1740 2001 1739
f 2003 2002 1741
f 1741 2002 1740
f 1875 2004 1613
f 1613 2004 1742
f 2004 2003 1742
f 1742 2003 1741
f 2008 2006 2005
f 2008 2007 2006
f 2009 2010 2012
f 2010 2011 2012
f 2010 2009 2006
f 2006 2009 2005
f 2011 2010 2007
f 2007 2010 2006
f 2009 2012 2005
f 2005 2012 2008
f 2012 2011 2008
f 2008 2011 2007

